300.161 299.839 300.161 299.839 300.16 299.84 300.159 299.842 300.157 299.844 300.155 299.846 300.152 299.849 300.149 299.853 300.145 299.857 300.141 299.861 300.136 299.866 300.131 299.872 300.125 299.878 300.119 299.885 300.112 299.892 300.104 299.9 300.096 299.908 300.087 299.917 300.078 299.927 300.068 299.937 300.057 299.948 300.046 299.96 300.034 299.972 300.021 299.986 300.007 300 299.993 300.015 299.977 300.031 299.961 300.048 299.943 300.066 299.924 300.086 299.904 300.107 299.882 300.13 299.858 300.155 299.832 300.182 299.803 300.212 299.772 300.245 299.737 300.283 299.697 300.325 299.652 300.373 299.6 300.429 299.539 300.495 299.466 300.576 299.376 300.678 299.261 300.809 299.109 300.988 298.896 301.248 298.572 301.663 298.02 302.429 296.89 304.219 293.969 300 
300.187 299.864 300.186 299.865 300.186 299.866 300.184 299.867 300.183 299.869 300.18 299.872 300.178 299.875 300.174 299.878 300.171 299.882 300.166 299.887 300.162 299.892 300.156 299.898 300.15 299.904 300.144 299.91 300.137 299.918 300.129 299.925 300.121 299.934 300.113 299.943 300.103 299.952 300.093 299.963 300.083 299.974 300.071 299.985 300.059 299.998 300.047 300.011 300.033 300.025 300.018 300.04 300.003 300.056 299.986 300.073 299.969 300.092 299.95 300.111 299.929 300.133 299.907 300.156 299.883 300.18 299.857 300.208 299.829 300.238 299.797 300.271 299.762 300.308 299.723 300.35 299.678 300.398 299.626 300.454 299.565 300.521 299.492 300.602 299.402 300.703 299.287 300.834 299.135 301.013 298.922 301.272 298.598 301.687 298.047 302.454 296.917 304.242 293.999 300 
300.212 299.89 300.212 299.89 300.211 299.891 300.21 299.893 300.208 299.895 300.206 299.897 300.203 299.9 300.2 299.904 300.196 299.908 300.192 299.912 300.187 299.918 300.182 299.923 300.176 299.929 300.169 299.936 300.162 299.943 300.155 299.951 300.147 299.959 300.138 299.968 300.129 299.978 300.119 299.988 300.108 299.999 300.097 300.011 300.085 300.023 300.072 300.037 300.058 300.051 300.044 300.066 300.028 300.082 300.012 300.099 299.994 300.117 299.975 300.137 299.955 300.158 299.933 300.181 299.909 300.206 299.883 300.233 299.854 300.263 299.823 300.296 299.788 300.333 299.748 300.375 299.704 300.423 299.652 300.479 299.591 300.546 299.518 300.627 299.428 300.728 299.313 300.859 299.161 301.038 298.948 301.297 298.624 301.712 298.073 302.478 296.944 304.265 294.029 300 
300.237 299.916 300.237 299.916 300.236 299.917 300.235 299.918 300.233 299.92 300.231 299.923 300.228 299.926 300.225 299.929 300.221 299.933 300.217 299.938 300.212 299.943 300.207 299.949 300.201 299.955 300.195 299.961 300.188 299.969 300.18 299.976 300.172 299.985 300.164 299.994 300.154 300.004 300.144 300.014 300.134 300.025 300.122 300.036 300.11 300.049 300.097 300.062 300.084 300.076 300.069 300.091 300.054 300.107 300.037 300.124 300.02 300.143 300.001 300.162 299.98 300.183 299.958 300.206 299.934 300.231 299.908 300.258 299.88 300.288 299.848 300.321 299.813 300.359 299.774 300.401 299.729 300.449 299.677 300.505 299.616 300.571 299.543 300.652 299.453 300.753 299.339 300.884 299.187 301.063 298.974 301.322 298.651 301.737 298.1 302.502 296.971 304.288 294.059 300 
300.263 299.941 300.263 299.942 300.262 299.943 300.261 299.944 300.259 299.946 300.257 299.949 300.254 299.952 300.251 299.955 300.247 299.959 300.243 299.964 300.238 299.969 300.232 299.974 300.227 299.98 300.22 299.987 300.213 299.994 300.206 300.002 300.198 300.01 300.189 300.019 300.18 300.029 300.17 300.039 300.159 300.05 300.148 300.062 300.136 300.074 300.123 300.088 300.109 300.102 300.095 300.117 300.079 300.133 300.063 300.15 300.045 300.168 300.026 300.188 300.006 300.209 299.984 300.232 299.96 300.257 299.934 300.284 299.905 300.314 299.874 300.347 299.839 300.384 299.8 300.426 299.755 300.474 299.703 300.53 299.642 300.596 299.569 300.677 299.479 300.778 299.365 300.909 299.213 301.088 299 301.347 298.677 301.761 298.126 302.526 296.998 304.311 294.089 300 
300.288 299.967 300.288 299.967 300.287 299.968 300.286 299.97 300.284 299.972 300.282 299.974 300.279 299.977 300.276 299.981 300.272 299.985 300.268 299.989 300.263 299.994 300.258 300 300.252 300.006 300.246 300.013 300.239 300.02 300.231 300.028 300.223 300.036 300.214 300.045 300.205 300.055 300.195 300.065 300.185 300.076 300.173 300.087 300.161 300.1 300.148 300.113 300.135 300.127 300.12 300.142 300.105 300.158 300.088 300.175 300.071 300.194 300.052 300.213 300.031 300.234 300.009 300.257 299.985 300.282 299.959 300.309 299.931 300.339 299.9 300.372 299.865 300.409 299.825 300.451 299.78 300.499 299.729 300.555 299.668 300.622 299.595 300.702 299.505 300.803 299.391 300.934 299.239 301.113 299.026 301.372 298.703 301.786 298.153 302.551 297.026 304.334 294.119 300 
300.314 299.992 300.313 299.993 300.313 299.994 300.311 299.995 300.31 299.997 300.307 300 300.305 300.003 300.301 300.006 300.298 300.01 300.293 300.015 300.289 300.02 300.283 300.025 300.277 300.031 300.271 300.038 300.264 300.045 300.257 300.053 300.249 300.061 300.24 300.07 300.231 300.08 300.221 300.09 300.21 300.101 300.199 300.113 300.187 300.125 300.174 300.139 300.16 300.153 300.146 300.168 300.13 300.184 300.114 300.201 300.096 300.219 300.077 300.239 300.057 300.26 300.035 300.283 300.011 300.307 299.985 300.335 299.957 300.364 299.925 300.398 299.89 300.435 299.851 300.476 299.806 300.525 299.754 300.58 299.694 300.647 299.621 300.728 299.531 300.829 299.416 300.959 299.265 301.138 299.052 301.397 298.729 301.81 298.179 302.575 297.053 304.357 294.149 300 
300.339 300.018 300.339 300.018 300.338 300.019 300.337 300.021 300.335 300.023 300.333 300.025 300.33 300.028 300.327 300.032 300.323 300.036 300.319 300.04 300.314 300.045 300.309 300.051 300.303 300.057 300.296 300.064 300.29 300.071 300.282 300.079 300.274 300.087 300.265 300.096 300.256 300.106 300.246 300.116 300.235 300.127 300.224 300.138 300.212 300.151 300.199 300.164 300.186 300.178 300.171 300.193 300.156 300.209 300.139 300.226 300.122 300.244 300.103 300.264 300.082 300.285 300.06 300.308 300.037 300.333 300.011 300.36 299.982 300.39 299.951 300.423 299.916 300.46 299.877 300.502 299.832 300.55 299.78 300.606 299.719 300.672 299.646 300.753 299.556 300.854 299.442 300.985 299.291 301.163 299.078 301.422 298.755 301.835 298.206 302.599 297.08 304.38 294.179 300 
300.364 300.043 300.364 300.044 300.363 300.045 300.362 300.046 300.36 300.048 300.358 300.051 300.355 300.054 300.352 300.057 300.348 300.061 300.344 300.066 300.339 300.071 300.334 300.076 300.328 300.082 300.322 300.089 300.315 300.096 300.307 300.104 300.299 300.113 300.291 300.121 300.281 300.131 300.272 300.141 300.261 300.152 300.25 300.164 300.238 300.176 300.225 300.19 300.211 300.204 300.197 300.219 300.181 300.235 300.165 300.252 300.147 300.27 300.128 300.289 300.108 300.311 300.086 300.333 300.062 300.358 300.036 300.385 300.008 300.415 299.976 300.448 299.941 300.485 299.902 300.527 299.857 300.575 299.806 300.631 299.745 300.697 299.672 300.778 299.582 300.879 299.468 301.01 299.316 301.188 299.104 301.446 298.781 301.86 298.232 302.623 297.107 304.403 294.209 300 
300.39 300.069 300.39 300.069 300.389 300.07 300.388 300.072 300.386 300.074 300.384 300.076 300.381 300.079 300.378 300.083 300.374 300.087 300.37 300.091 300.365 300.096 300.36 300.102 300.354 300.108 300.347 300.115 300.34 300.122 300.333 300.13 300.325 300.138 300.316 300.147 300.307 300.157 300.297 300.167 300.286 300.178 300.275 300.189 300.263 300.202 300.25 300.215 300.237 300.229 300.222 300.244 300.207 300.26 300.19 300.277 300.173 300.295 300.154 300.315 300.133 300.336 300.111 300.359 300.088 300.384 300.062 300.411 300.033 300.441 300.002 300.474 299.967 300.511 299.928 300.552 299.883 300.6 299.831 300.656 299.771 300.723 299.698 300.803 299.608 300.904 299.494 301.035 299.342 301.213 299.13 301.471 298.808 301.884 298.259 302.647 297.134 304.426 294.239 300 
300.415 300.094 300.415 300.095 300.414 300.096 300.413 300.097 300.411 300.099 300.409 300.102 300.406 300.105 300.403 300.108 300.399 300.112 300.395 300.117 300.39 300.122 300.385 300.127 300.379 300.134 300.373 300.14 300.366 300.147 300.358 300.155 300.35 300.164 300.342 300.173 300.332 300.182 300.322 300.192 300.312 300.203 300.301 300.215 300.289 300.227 300.276 300.24 300.262 300.255 300.248 300.269 300.232 300.285 300.216 300.303 300.198 300.321 300.179 300.34 300.159 300.361 300.137 300.384 300.113 300.409 300.087 300.436 300.059 300.466 300.028 300.499 299.993 300.536 299.953 300.578 299.909 300.626 299.857 300.682 299.796 300.748 299.724 300.828 299.634 300.929 299.52 301.06 299.368 301.238 299.156 301.496 298.834 301.909 298.285 302.672 297.161 304.449 294.269 300 
300.441 300.12 300.44 300.12 300.44 300.121 300.438 300.123 300.437 300.125 300.434 300.127 300.432 300.13 300.428 300.134 300.425 300.138 300.42 300.142 300.416 300.147 300.41 300.153 300.405 300.159 300.398 300.166 300.391 300.173 300.384 300.181 300.376 300.189 300.367 300.198 300.358 300.208 300.348 300.218 300.337 300.229 300.326 300.24 300.314 300.253 300.301 300.266 300.288 300.28 300.273 300.295 300.258 300.311 300.241 300.328 300.224 300.346 300.205 300.366 300.184 300.387 300.162 300.41 300.139 300.434 300.113 300.462 300.084 300.491 300.053 300.524 300.018 300.561 299.979 300.603 299.934 300.651 299.883 300.707 299.822 300.773 299.749 300.854 299.66 300.954 299.546 301.085 299.394 301.263 299.182 301.521 298.86 301.934 298.312 302.696 297.189 304.472 294.299 300 
300.466 300.146 300.466 300.146 300.465 300.147 300.464 300.148 300.462 300.15 300.46 300.153 300.457 300.156 300.454 300.159 300.45 300.163 300.446 300.168 300.441 300.173 300.436 300.179 300.43 300.185 300.424 300.191 300.417 300.198 300.409 300.206 300.401 300.215 300.392 300.224 300.383 300.233 300.373 300.243 300.363 300.254 300.351 300.266 300.339 300.278 300.327 300.291 300.313 300.305 300.299 300.32 300.283 300.336 300.267 300.353 300.249 300.372 300.23 300.391 300.21 300.412 300.188 300.435 300.164 300.46 300.138 300.487 300.11 300.517 300.079 300.55 300.044 300.587 300.005 300.628 299.96 300.676 299.908 300.732 299.848 300.798 299.775 300.879 299.685 300.979 299.571 301.11 299.42 301.288 299.208 301.546 298.886 301.958 298.338 302.72 297.216 304.495 294.329 300 
300.491 300.171 300.491 300.172 300.49 300.173 300.489 300.174 300.487 300.176 300.485 300.179 300.482 300.181 300.479 300.185 300.476 300.189 300.471 300.193 300.466 300.199 300.461 300.204 300.455 300.21 300.449 300.217 300.442 300.224 300.435 300.232 300.427 300.24 300.418 300.249 300.409 300.259 300.399 300.269 300.388 300.28 300.377 300.291 300.365 300.304 300.352 300.317 300.339 300.331 300.324 300.346 300.309 300.362 300.292 300.379 300.275 300.397 300.256 300.417 300.235 300.438 300.214 300.461 300.19 300.485 300.164 300.512 300.136 300.542 300.104 300.575 300.069 300.612 300.03 300.654 299.986 300.702 299.934 300.757 299.873 300.824 299.801 300.904 299.711 301.005 299.597 301.135 299.446 301.313 299.234 301.571 298.912 301.983 298.365 302.744 297.243 304.518 294.359 300 
300.517 300.197 300.517 300.197 300.516 300.198 300.515 300.2 300.513 300.202 300.511 300.204 300.508 300.207 300.505 300.211 300.501 300.215 300.497 300.219 300.492 300.224 300.487 300.23 300.481 300.236 300.474 300.242 300.467 300.25 300.46 300.257 300.452 300.266 300.443 300.275 300.434 300.284 300.424 300.294 300.414 300.305 300.402 300.317 300.39 300.329 300.378 300.342 300.364 300.356 300.35 300.371 300.334 300.387 300.318 300.404 300.3 300.423 300.281 300.442 300.261 300.463 300.239 300.486 300.215 300.511 300.19 300.538 300.161 300.567 300.13 300.6 300.095 300.637 300.056 300.679 300.011 300.727 299.96 300.783 299.899 300.849 299.827 300.929 299.737 301.03 299.623 301.16 299.472 301.338 299.26 301.596 298.939 302.008 298.391 302.768 297.27 304.541 294.389 300 
300.542 300.222 300.542 300.223 300.541 300.224 300.54 300.225 300.538 300.227 300.536 300.23 300.533 300.233 300.53 300.236 300.526 300.24 300.522 300.245 300.517 300.25 300.512 300.255 300.506 300.261 300.5 300.268 300.493 300.275 300.485 300.283 300.477 300.291 300.469 300.3 300.459 300.31 300.45 300.32 300.439 300.331 300.428 300.342 300.416 300.355 300.403 300.368 300.39 300.382 300.375 300.397 300.36 300.413 300.343 300.43 300.326 300.448 300.307 300.468 300.286 300.489 300.265 300.511 300.241 300.536 300.215 300.563 300.187 300.593 300.155 300.626 300.121 300.663 300.082 300.704 300.037 300.752 299.985 300.808 299.925 300.874 299.852 300.954 299.763 301.055 299.649 301.185 299.498 301.363 299.286 301.62 298.965 302.032 298.418 302.793 297.297 304.564 294.419 300 
300.568 300.248 300.567 300.248 300.567 300.249 300.565 300.251 300.564 300.253 300.561 300.255 300.559 300.258 300.555 300.262 300.552 300.266 300.547 300.27 300.543 300.275 300.537 300.281 300.532 300.287 300.525 300.293 300.518 300.301 300.511 300.308 300.503 300.317 300.494 300.326 300.485 300.335 300.475 300.345 300.465 300.356 300.453 300.368 300.441 300.38 300.429 300.393 300.415 300.407 300.401 300.422 300.385 300.438 300.369 300.455 300.351 300.473 300.332 300.493 300.312 300.514 300.29 300.537 300.266 300.561 300.241 300.588 300.212 300.618 300.181 300.651 300.146 300.688 300.107 300.73 300.063 300.777 300.011 300.833 299.951 300.899 299.878 300.98 299.789 301.08 299.675 301.21 299.524 301.388 299.312 301.645 298.991 302.057 298.444 302.817 297.324 304.587 294.449 300 
300.593 300.273 300.593 300.274 300.592 300.275 300.591 300.276 300.589 300.278 300.587 300.281 300.584 300.284 300.581 300.287 300.577 300.291 300.573 300.296 300.568 300.301 300.563 300.306 300.557 300.312 300.551 300.319 300.544 300.326 300.536 300.334 300.528 300.342 300.52 300.351 300.51 300.361 300.5 300.371 300.49 300.382 300.479 300.393 300.467 300.406 300.454 300.419 300.44 300.433 300.426 300.448 300.411 300.464 300.394 300.481 300.377 300.499 300.358 300.518 300.338 300.539 300.316 300.562 300.292 300.587 300.266 300.614 300.238 300.644 300.207 300.676 300.172 300.713 300.133 300.755 300.088 300.803 300.037 300.858 299.976 300.924 299.904 301.005 299.814 301.105 299.701 301.235 299.55 301.413 299.338 301.67 299.017 302.082 298.471 302.841 297.351 304.61 294.479 300 
300.618 300.299 300.618 300.299 300.617 300.3 300.616 300.302 300.614 300.304 300.612 300.306 300.609 300.309 300.606 300.313 300.603 300.317 300.598 300.321 300.594 300.326 300.588 300.332 300.582 300.338 300.576 300.344 300.569 300.352 300.562 300.359 300.554 300.368 300.545 300.377 300.536 300.386 300.526 300.396 300.515 300.407 300.504 300.419 300.492 300.431 300.479 300.444 300.466 300.458 300.451 300.473 300.436 300.489 300.42 300.506 300.402 300.524 300.383 300.544 300.363 300.565 300.341 300.588 300.318 300.612 300.292 300.639 300.263 300.669 300.232 300.702 300.198 300.739 300.158 300.78 300.114 300.828 300.062 300.884 300.002 300.95 299.929 301.03 299.84 301.13 299.726 301.26 299.576 301.438 299.364 301.695 299.043 302.106 298.497 302.865 297.379 304.633 294.509 300 
300.644 300.324 300.644 300.325 300.643 300.326 300.642 300.327 300.64 300.329 300.638 300.332 300.635 300.335 300.632 300.338 300.628 300.342 300.624 300.347 300.619 300.352 300.614 300.357 300.608 300.363 300.602 300.37 300.595 300.377 300.587 300.385 300.579 300.393 300.57 300.402 300.561 300.412 300.551 300.422 300.541 300.433 300.53 300.444 300.518 300.457 300.505 300.47 300.491 300.484 300.477 300.499 300.462 300.515 300.445 300.532 300.428 300.55 300.409 300.569 300.389 300.59 300.367 300.613 300.343 300.638 300.317 300.665 300.289 300.694 300.258 300.727 300.223 300.764 300.184 300.806 300.14 300.853 300.088 300.909 300.028 300.975 299.955 301.055 299.866 301.155 299.752 301.285 299.602 301.463 299.39 301.72 299.07 302.131 298.524 302.89 297.406 304.657 294.539 300 
300.669 300.35 300.669 300.35 300.668 300.351 300.667 300.353 300.665 300.355 300.663 300.357 300.66 300.36 300.657 300.364 300.653 300.368 300.649 300.372 300.644 300.377 300.639 300.383 300.633 300.389 300.627 300.396 300.62 300.403 300.613 300.41 300.605 300.419 300.596 300.428 300.587 300.437 300.577 300.447 300.566 300.458 300.555 300.47 300.543 300.482 300.53 300.495 300.517 300.509 300.502 300.524 300.487 300.54 300.471 300.557 300.453 300.575 300.434 300.595 300.414 300.616 300.392 300.638 300.369 300.663 300.343 300.69 300.315 300.72 300.283 300.753 300.249 300.789 300.21 300.831 300.165 300.879 300.114 300.934 300.053 301 299.981 301.08 299.892 301.181 299.778 301.311 299.627 301.488 299.416 301.745 299.096 302.155 298.55 302.914 297.433 304.68 294.569 300 
300.695 300.376 300.694 300.376 300.694 300.377 300.692 300.379 300.691 300.38 300.688 300.383 300.686 300.386 300.682 300.389 300.679 300.393 300.675 300.398 300.67 300.403 300.664 300.408 300.659 300.414 300.652 300.421 300.645 300.428 300.638 300.436 300.63 300.444 300.621 300.453 300.612 300.463 300.602 300.473 300.592 300.484 300.581 300.495 300.569 300.508 300.556 300.521 300.542 300.535 300.528 300.55 300.513 300.566 300.496 300.583 300.479 300.601 300.46 300.62 300.44 300.641 300.418 300.664 300.394 300.688 300.368 300.715 300.34 300.745 300.309 300.778 300.274 300.815 300.235 300.856 300.191 300.904 300.139 300.959 300.079 301.025 300.007 301.106 299.917 301.206 299.804 301.336 299.653 301.513 299.442 301.77 299.122 302.18 298.577 302.938 297.46 304.703 294.599 300 
300.72 300.401 300.72 300.402 300.719 300.403 300.718 300.404 300.716 300.406 300.714 300.409 300.711 300.411 300.708 300.415 300.704 300.419 300.7 300.423 300.695 300.428 300.69 300.434 300.684 300.44 300.678 300.447 300.671 300.454 300.663 300.462 300.655 300.47 300.647 300.479 300.638 300.488 300.628 300.498 300.617 300.509 300.606 300.521 300.594 300.533 300.581 300.546 300.568 300.56 300.553 300.575 300.538 300.591 300.522 300.608 300.504 300.626 300.485 300.646 300.465 300.667 300.443 300.689 300.42 300.714 300.394 300.741 300.366 300.77 300.335 300.803 300.3 300.84 300.261 300.882 300.216 300.929 300.165 300.985 300.105 301.051 300.032 301.131 299.943 301.231 299.83 301.361 299.679 301.538 299.468 301.794 299.148 302.205 298.603 302.962 297.487 304.726 294.629 300 
300.745 300.427 300.745 300.427 300.744 300.428 300.743 300.43 300.741 300.432 300.739 300.434 300.736 300.437 300.733 300.44 300.73 300.444 300.725 300.449 300.721 300.454 300.715 300.459 300.71 300.466 300.703 300.472 300.696 300.479 300.689 300.487 300.681 300.495 300.672 300.504 300.663 300.514 300.653 300.524 300.643 300.535 300.631 300.546 300.62 300.559 300.607 300.572 300.593 300.586 300.579 300.601 300.564 300.616 300.547 300.633 300.53 300.652 300.511 300.671 300.491 300.692 300.469 300.715 300.445 300.739 300.42 300.766 300.391 300.796 300.36 300.829 300.326 300.865 300.287 300.907 300.242 300.955 300.191 301.01 300.131 301.076 300.058 301.156 299.969 301.256 299.856 301.386 299.705 301.562 299.494 301.819 299.174 302.229 298.63 302.986 297.514 304.749 294.659 300 
300.771 300.452 300.771 300.453 300.77 300.454 300.769 300.455 300.767 300.457 300.765 300.46 300.762 300.463 300.759 300.466 300.755 300.47 300.751 300.475 300.746 300.48 300.741 300.485 300.735 300.491 300.729 300.498 300.722 300.505 300.714 300.513 300.706 300.521 300.698 300.53 300.688 300.539 300.679 300.55 300.668 300.56 300.657 300.572 300.645 300.584 300.632 300.597 300.619 300.611 300.604 300.626 300.589 300.642 300.573 300.659 300.555 300.677 300.536 300.696 300.516 300.717 300.494 300.74 300.471 300.765 300.445 300.792 300.417 300.821 300.386 300.854 300.351 300.891 300.312 300.932 300.268 300.98 300.216 301.035 300.156 301.101 300.084 301.181 299.995 301.281 299.881 301.411 299.731 301.587 299.52 301.844 299.201 302.254 298.656 303.011 297.541 304.772 294.689 300 
300.796 300.478 300.796 300.478 300.795 300.479 300.794 300.481 300.792 300.483 300.79 300.485 300.787 300.488 300.784 300.492 300.78 300.496 300.776 300.5 300.771 300.505 300.766 300.511 300.76 300.517 300.754 300.523 300.747 300.53 300.74 300.538 300.732 300.546 300.723 300.555 300.714 300.565 300.704 300.575 300.694 300.586 300.682 300.597 300.67 300.61 300.658 300.623 300.644 300.637 300.63 300.652 300.615 300.667 300.598 300.684 300.581 300.702 300.562 300.722 300.542 300.743 300.52 300.765 300.496 300.79 300.471 300.817 300.442 300.847 300.411 300.879 300.377 300.916 300.338 300.958 300.293 301.005 300.242 301.061 300.182 301.126 300.11 301.206 300.021 301.306 299.907 301.436 299.757 301.612 299.546 301.869 299.227 302.279 298.683 303.035 297.569 304.795 294.719 300 
300.822 300.503 300.821 300.504 300.821 300.505 300.819 300.506 300.818 300.508 300.815 300.511 300.813 300.514 300.809 300.517 300.806 300.521 300.802 300.526 300.797 300.531 300.792 300.536 300.786 300.542 300.779 300.549 300.773 300.556 300.765 300.564 300.757 300.572 300.749 300.581 300.739 300.59 300.729 300.601 300.719 300.611 300.708 300.623 300.696 300.635 300.683 300.648 300.67 300.662 300.655 300.677 300.64 300.693 300.624 300.71 300.606 300.728 300.587 300.747 300.567 300.768 300.545 300.791 300.522 300.815 300.496 300.842 300.468 300.872 300.437 300.905 300.402 300.941 300.363 300.983 300.319 301.03 300.268 301.086 300.208 301.152 300.135 301.231 300.046 301.331 299.933 301.461 299.783 301.637 299.572 301.894 299.253 302.303 298.709 303.059 297.596 304.818 294.749 300 
300.847 300.529 300.847 300.529 300.846 300.53 300.845 300.532 300.843 300.534 300.841 300.536 300.838 300.539 300.835 300.543 300.831 300.547 300.827 300.551 300.822 300.556 300.817 300.562 300.811 300.568 300.805 300.574 300.798 300.581 300.791 300.589 300.783 300.597 300.774 300.606 300.765 300.616 300.755 300.626 300.744 300.637 300.733 300.648 300.721 300.661 300.709 300.674 300.695 300.688 300.681 300.703 300.666 300.718 300.649 300.735 300.632 300.753 300.613 300.773 300.593 300.794 300.571 300.816 300.547 300.841 300.522 300.868 300.494 300.897 300.463 300.93 300.428 300.967 300.389 301.008 300.345 301.056 300.293 301.111 300.233 301.177 300.161 301.257 300.072 301.357 299.959 301.486 299.809 301.662 299.598 301.919 299.279 302.328 298.736 303.083 297.623 304.841 294.779 300 
300.872 300.554 300.872 300.555 300.871 300.556 300.87 300.557 300.868 300.559 300.866 300.562 300.864 300.565 300.86 300.568 300.857 300.572 300.852 300.577 300.848 300.582 300.842 300.587 300.837 300.593 300.83 300.6 300.823 300.607 300.816 300.615 300.808 300.623 300.799 300.632 300.79 300.641 300.78 300.652 300.77 300.662 300.759 300.674 300.747 300.686 300.734 300.699 300.721 300.713 300.706 300.728 300.691 300.744 300.675 300.761 300.657 300.779 300.638 300.798 300.618 300.819 300.597 300.842 300.573 300.866 300.547 300.893 300.519 300.923 300.488 300.955 300.454 300.992 300.415 301.033 300.37 301.081 300.319 301.136 300.259 301.202 300.187 301.282 300.098 301.382 299.985 301.511 299.835 301.687 299.624 301.944 299.305 302.353 298.762 303.108 297.65 304.864 294.809 300 
300.898 300.58 300.898 300.581 300.897 300.581 300.896 300.583 300.894 300.585 300.892 300.587 300.889 300.59 300.886 300.594 300.882 300.598 300.878 300.602 300.873 300.607 300.868 300.613 300.862 300.619 300.856 300.625 300.849 300.633 300.841 300.64 300.833 300.649 300.825 300.657 300.816 300.667 300.806 300.677 300.795 300.688 300.784 300.699 300.772 300.712 300.76 300.725 300.746 300.739 300.732 300.753 300.716 300.769 300.7 300.786 300.683 300.804 300.664 300.824 300.644 300.845 300.622 300.867 300.599 300.892 300.573 300.919 300.545 300.948 300.514 300.981 300.479 301.017 300.44 301.059 300.396 301.106 300.345 301.162 300.285 301.227 300.213 301.307 300.124 301.407 300.011 301.536 299.861 301.712 299.65 301.968 299.331 302.377 298.788 303.132 297.677 304.887 294.839 300 
300.923 300.606 300.923 300.606 300.922 300.607 300.921 300.609 300.919 300.61 300.917 300.613 300.914 300.616 300.911 300.619 300.907 300.623 300.903 300.628 300.898 300.633 300.893 300.638 300.887 300.644 300.881 300.651 300.874 300.658 300.867 300.666 300.859 300.674 300.85 300.683 300.841 300.692 300.831 300.703 300.821 300.713 300.81 300.725 300.798 300.737 300.785 300.75 300.772 300.764 300.757 300.779 300.742 300.795 300.726 300.812 300.708 300.83 300.689 300.849 300.669 300.87 300.648 300.893 300.624 300.917 300.598 300.944 300.57 300.973 300.539 301.006 300.505 301.043 300.466 301.084 300.422 301.132 300.371 301.187 300.31 301.253 300.238 301.332 300.15 301.432 300.037 301.561 299.887 301.737 299.676 301.993 299.358 302.402 298.815 303.156 297.704 304.91 294.869 300 
300.949 300.631 300.948 300.632 300.948 300.633 300.946 300.634 300.945 300.636 300.942 300.638 300.94 300.641 300.937 300.645 300.933 300.649 300.929 300.653 300.924 300.658 300.919 300.664 300.913 300.67 300.907 300.676 300.9 300.684 300.892 300.691 300.884 300.7 300.876 300.708 300.867 300.718 300.857 300.728 300.846 300.739 300.835 300.75 300.823 300.763 300.811 300.776 300.797 300.79 300.783 300.804 300.767 300.82 300.751 300.837 300.734 300.855 300.715 300.875 300.695 300.895 300.673 300.918 300.65 300.943 300.624 300.969 300.596 300.999 300.565 301.031 300.53 301.068 300.492 301.109 300.447 301.157 300.396 301.212 300.336 301.278 300.264 301.357 300.175 301.457 300.062 301.586 299.913 301.762 299.702 302.018 299.384 302.427 298.841 303.18 297.731 304.933 294.899 300 
300.974 300.657 300.974 300.657 300.973 300.658 300.972 300.66 300.97 300.662 300.968 300.664 300.965 300.667 300.962 300.67 300.958 300.674 300.954 300.679 300.949 300.684 300.944 300.689 300.938 300.695 300.932 300.702 300.925 300.709 300.918 300.717 300.91 300.725 300.901 300.734 300.892 300.743 300.882 300.754 300.872 300.764 300.861 300.776 300.849 300.788 300.836 300.801 300.823 300.815 300.808 300.83 300.793 300.846 300.777 300.863 300.759 300.881 300.74 300.9 300.72 300.921 300.699 300.943 300.675 300.968 300.65 300.995 300.621 301.024 300.59 301.057 300.556 301.093 300.517 301.135 300.473 301.182 300.422 301.237 300.362 301.303 300.29 301.383 300.201 301.482 300.088 301.612 299.938 301.787 299.728 302.043 299.41 302.451 298.868 303.205 297.758 304.956 294.929 300 
300.999 300.682 300.999 300.683 300.998 300.684 300.997 300.685 300.995 300.687 300.993 300.69 300.991 300.693 300.987 300.696 300.984 300.7 300.979 300.704 300.975 300.709 300.969 300.715 300.964 300.721 300.957 300.728 300.951 300.735 300.943 300.742 300.935 300.751 300.927 300.759 300.917 300.769 300.908 300.779 300.897 300.79 300.886 300.801 300.874 300.814 300.861 300.827 300.848 300.841 300.834 300.855 300.818 300.871 300.802 300.888 300.785 300.906 300.766 300.925 300.746 300.946 300.724 300.969 300.701 300.993 300.675 301.02 300.647 301.05 300.616 301.082 300.582 301.119 300.543 301.16 300.499 301.208 300.448 301.263 300.388 301.328 300.316 301.408 300.227 301.507 300.114 301.637 299.964 301.812 299.754 302.068 299.436 302.476 298.894 303.229 297.786 304.979 294.959 300 
301.025 300.708 301.024 300.708 301.024 300.709 301.023 300.711 301.021 300.713 301.019 300.715 301.016 300.718 301.013 300.722 301.009 300.726 301.005 300.73 301 300.735 300.995 300.74 300.989 300.746 300.983 300.753 300.976 300.76 300.969 300.768 300.961 300.776 300.952 300.785 300.943 300.794 300.933 300.805 300.923 300.815 300.911 300.827 300.9 300.839 300.887 300.852 300.873 300.866 300.859 300.881 300.844 300.897 300.828 300.913 300.81 300.931 300.792 300.951 300.771 300.972 300.75 300.994 300.726 301.019 300.701 301.045 300.673 301.075 300.642 301.108 300.607 301.144 300.568 301.185 300.524 301.233 300.473 301.288 300.413 301.353 300.341 301.433 300.253 301.533 300.14 301.662 299.99 301.837 299.78 302.093 299.462 302.501 298.921 303.253 297.813 305.002 294.989 300 
301.05 300.733 301.05 300.734 301.049 300.735 301.048 300.736 301.046 300.738 301.044 300.741 301.041 300.744 301.038 300.747 301.034 300.751 301.03 300.756 301.025 300.76 301.02 300.766 301.014 300.772 301.008 300.779 301.001 300.786 300.994 300.793 300.986 300.802 300.977 300.811 300.968 300.82 300.958 300.83 300.948 300.841 300.937 300.852 300.925 300.865 300.912 300.878 300.899 300.892 300.885 300.906 300.869 300.922 300.853 300.939 300.836 300.957 300.817 300.976 300.797 300.997 300.775 301.02 300.752 301.044 300.726 301.071 300.698 301.1 300.667 301.133 300.633 301.169 300.594 301.211 300.55 301.258 300.499 301.313 300.439 301.379 300.367 301.458 300.278 301.558 300.166 301.687 300.016 301.862 299.806 302.118 299.489 302.525 298.947 303.277 297.84 305.025 295.019 300 
301.076 300.759 301.075 300.759 301.075 300.76 301.073 300.762 301.072 300.764 301.069 300.766 301.067 300.769 301.064 300.773 301.06 300.777 301.056 300.781 301.051 300.786 301.046 300.792 301.04 300.798 301.034 300.804 301.027 300.811 301.019 300.819 301.011 300.827 301.003 300.836 300.994 300.846 300.984 300.856 300.973 300.866 300.962 300.878 300.95 300.89 300.938 300.903 300.924 300.917 300.91 300.932 300.895 300.948 300.879 300.964 300.861 300.982 300.843 301.002 300.822 301.023 300.801 301.045 300.777 301.07 300.752 301.096 300.724 301.126 300.693 301.158 300.658 301.195 300.62 301.236 300.576 301.283 300.525 301.339 300.465 301.404 300.393 301.483 300.304 301.583 300.192 301.712 300.042 301.887 299.833 302.143 299.515 302.55 298.974 303.301 297.867 305.048 295.049 300 
301.101 300.784 301.101 300.785 301.1 300.786 301.099 300.787 301.097 300.789 301.095 300.792 301.092 300.795 301.089 300.798 301.085 300.802 301.081 300.807 301.076 300.812 301.071 300.817 301.065 300.823 301.059 300.83 301.052 300.837 301.045 300.844 301.037 300.853 301.028 300.862 301.019 300.871 301.009 300.881 300.999 300.892 300.988 300.903 300.976 300.916 300.963 300.929 300.95 300.942 300.936 300.957 300.92 300.973 300.904 300.99 300.887 301.008 300.868 301.027 300.848 301.048 300.826 301.07 300.803 301.095 300.777 301.122 300.749 301.151 300.718 301.184 300.684 301.22 300.645 301.261 300.601 301.309 300.55 301.364 300.49 301.429 300.418 301.509 300.33 301.608 300.217 301.737 300.068 301.912 299.859 302.167 299.541 302.574 299 303.326 297.894 305.071 295.079 300 
301.126 300.81 301.126 300.811 301.125 300.811 301.124 300.813 301.122 300.815 301.12 300.817 301.118 300.82 301.114 300.824 301.111 300.828 301.106 300.832 301.102 300.837 301.097 300.843 301.091 300.849 301.084 300.855 301.078 300.862 301.07 300.87 301.062 300.878 301.054 300.887 301.045 300.897 301.035 300.907 301.024 300.917 301.013 300.929 301.001 300.941 300.989 300.954 300.975 300.968 300.961 300.983 300.946 300.998 300.93 301.015 300.912 301.033 300.894 301.053 300.874 301.073 300.852 301.096 300.828 301.12 300.803 301.147 300.775 301.176 300.744 301.209 300.71 301.245 300.671 301.287 300.627 301.334 300.576 301.389 300.516 301.454 300.444 301.534 300.356 301.633 300.243 301.762 300.094 301.937 299.885 302.192 299.567 302.599 299.027 303.35 297.921 305.094 295.108 300 
301.152 300.836 301.151 300.836 301.151 300.837 301.15 300.839 301.148 300.84 301.146 300.843 301.143 300.846 301.14 300.849 301.136 300.853 301.132 300.858 301.127 300.863 301.122 300.868 301.116 300.874 301.11 300.881 301.103 300.888 301.096 300.896 301.088 300.904 301.079 300.913 301.07 300.922 301.06 300.932 301.05 300.943 301.039 300.954 301.027 300.967 301.014 300.98 301.001 300.993 300.987 301.008 300.971 301.024 300.955 301.041 300.938 301.059 300.919 301.078 300.899 301.099 300.877 301.121 300.854 301.146 300.828 301.172 300.801 301.202 300.77 301.234 300.735 301.271 300.697 301.312 300.652 301.359 300.602 301.414 300.542 301.48 300.47 301.559 300.382 301.658 300.269 301.787 300.12 301.962 299.911 302.217 299.593 302.624 299.053 303.374 297.948 305.117 295.138 300 
301.177 300.861 301.177 300.862 301.176 300.863 301.175 300.864 301.173 300.866 301.171 300.868 301.168 300.871 301.165 300.875 301.161 300.879 301.157 300.883 301.153 300.888 301.147 300.894 301.142 300.9 301.135 300.906 301.128 300.913 301.121 300.921 301.113 300.929 301.105 300.938 301.095 300.948 301.086 300.958 301.075 300.968 301.064 300.98 301.052 300.992 301.04 301.005 301.026 301.019 301.012 301.034 300.997 301.049 300.981 301.066 300.963 301.084 300.945 301.103 300.925 301.124 300.903 301.147 300.88 301.171 300.854 301.198 300.826 301.227 300.795 301.26 300.761 301.296 300.722 301.337 300.678 301.385 300.627 301.44 300.567 301.505 300.496 301.584 300.407 301.683 300.295 301.812 300.146 301.987 299.937 302.242 299.619 302.648 299.08 303.398 297.975 305.14 295.168 300 
301.203 300.887 301.202 300.887 301.202 300.888 301.2 300.89 301.199 300.892 301.196 300.894 301.194 300.897 301.191 300.9 301.187 300.904 301.183 300.909 301.178 300.914 301.173 300.919 301.167 300.925 301.161 300.932 301.154 300.939 301.147 300.947 301.139 300.955 301.13 300.964 301.121 300.973 301.111 300.983 301.101 300.994 301.09 301.005 301.078 301.018 301.065 301.031 301.052 301.044 301.038 301.059 301.022 301.075 301.006 301.092 300.989 301.11 300.97 301.129 300.95 301.15 300.928 301.172 300.905 301.197 300.88 301.223 300.852 301.253 300.821 301.285 300.786 301.321 300.748 301.363 300.704 301.41 300.653 301.465 300.593 301.53 300.521 301.609 300.433 301.709 300.321 301.837 300.172 302.012 299.963 302.267 299.646 302.673 299.106 303.423 298.003 305.163 295.198 300 
301.228 300.912 301.228 300.913 301.227 300.914 301.226 300.915 301.224 300.917 301.222 300.92 301.219 300.923 301.216 300.926 301.212 300.93 301.208 300.934 301.203 300.939 301.198 300.945 301.192 300.951 301.186 300.957 301.179 300.964 301.172 300.972 301.164 300.98 301.155 300.989 301.146 300.999 301.137 301.009 301.126 301.019 301.115 301.031 301.103 301.043 301.091 301.056 301.077 301.07 301.063 301.085 301.048 301.1 301.032 301.117 301.014 301.135 300.996 301.154 300.976 301.175 300.954 301.198 300.931 301.222 300.905 301.249 300.877 301.278 300.846 301.31 300.812 301.347 300.773 301.388 300.729 301.435 300.679 301.49 300.619 301.555 300.547 301.635 300.459 301.734 300.347 301.862 300.198 302.037 299.989 302.292 299.672 302.698 299.133 303.447 298.03 305.187 295.228 300 
301.253 300.938 301.253 300.938 301.252 300.939 301.251 300.941 301.249 300.943 301.247 300.945 301.245 300.948 301.241 300.952 301.238 300.955 301.233 300.96 301.229 300.965 301.224 300.97 301.218 300.976 301.212 300.983 301.205 300.99 301.197 300.998 301.189 301.006 301.181 301.015 301.172 301.024 301.162 301.034 301.152 301.045 301.141 301.056 301.129 301.069 301.116 301.082 301.103 301.095 301.088 301.11 301.073 301.126 301.057 301.143 301.04 301.16 301.021 301.18 301.001 301.201 300.98 301.223 300.956 301.247 300.931 301.274 300.903 301.303 300.872 301.336 300.838 301.372 300.799 301.413 300.755 301.46 300.704 301.515 300.645 301.581 300.573 301.66 300.485 301.759 300.372 301.887 300.223 302.062 300.015 302.317 299.698 302.722 299.159 303.471 298.057 305.21 295.258 300 
301.279 300.963 301.278 300.964 301.278 300.965 301.277 300.966 301.275 300.968 301.273 300.971 301.27 300.974 301.267 300.977 301.263 300.981 301.259 300.985 301.254 300.99 301.249 300.996 301.243 301.002 301.237 301.008 301.23 301.015 301.223 301.023 301.215 301.031 301.206 301.04 301.197 301.05 301.187 301.06 301.177 301.07 301.166 301.082 301.154 301.094 301.142 301.107 301.128 301.121 301.114 301.136 301.099 301.151 301.083 301.168 301.065 301.186 301.047 301.205 301.027 301.226 301.005 301.248 300.982 301.273 300.956 301.299 300.928 301.329 300.898 301.361 300.863 301.398 300.825 301.439 300.781 301.486 300.73 301.541 300.67 301.606 300.599 301.685 300.51 301.784 300.398 301.913 300.249 302.087 300.041 302.341 299.724 302.747 299.186 303.495 298.084 305.233 295.288 300 
301.304 300.989 301.304 300.989 301.303 300.99 301.302 300.992 301.3 300.994 301.298 300.996 301.295 300.999 301.292 301.003 301.288 301.007 301.284 301.011 301.28 301.016 301.274 301.021 301.269 301.027 301.262 301.034 301.256 301.041 301.248 301.049 301.24 301.057 301.232 301.066 301.223 301.075 301.213 301.085 301.203 301.096 301.191 301.107 301.18 301.12 301.167 301.133 301.154 301.146 301.139 301.161 301.124 301.177 301.108 301.193 301.091 301.211 301.072 301.231 301.052 301.251 301.031 301.274 301.007 301.298 300.982 301.325 300.954 301.354 300.923 301.387 300.889 301.423 300.85 301.464 300.806 301.511 300.756 301.566 300.696 301.631 300.624 301.71 300.536 301.809 300.424 301.938 300.275 302.112 300.067 302.366 299.75 302.772 299.212 303.52 298.111 305.256 295.318 300 
301.33 301.014 301.329 301.015 301.329 301.016 301.327 301.017 301.326 301.019 301.323 301.022 301.321 301.025 301.318 301.028 301.314 301.032 301.31 301.037 301.305 301.041 301.3 301.047 301.294 301.053 301.288 301.059 301.281 301.067 301.274 301.074 301.266 301.082 301.257 301.091 301.248 301.101 301.238 301.111 301.228 301.121 301.217 301.133 301.205 301.145 301.193 301.158 301.179 301.172 301.165 301.186 301.15 301.202 301.134 301.219 301.116 301.237 301.098 301.256 301.078 301.277 301.056 301.299 301.033 301.324 301.007 301.35 300.98 301.379 300.949 301.412 300.914 301.448 300.876 301.489 300.832 301.536 300.781 301.591 300.722 301.656 300.65 301.735 300.562 301.834 300.45 301.963 300.301 302.137 300.093 302.391 299.777 302.796 299.239 303.544 298.138 305.279 295.348 300 
301.355 301.04 301.355 301.041 301.354 301.042 301.353 301.043 301.351 301.045 301.349 301.047 301.346 301.05 301.343 301.054 301.339 301.058 301.335 301.062 301.33 301.067 301.325 301.072 301.319 301.078 301.313 301.085 301.306 301.092 301.299 301.1 301.291 301.108 301.283 301.117 301.274 301.126 301.264 301.136 301.253 301.147 301.242 301.158 301.231 301.171 301.218 301.183 301.205 301.197 301.19 301.212 301.175 301.228 301.159 301.244 301.142 301.262 301.123 301.282 301.103 301.302 301.082 301.325 301.058 301.349 301.033 301.376 301.005 301.405 300.974 301.437 300.94 301.474 300.902 301.515 300.858 301.562 300.807 301.616 300.747 301.682 300.676 301.761 300.588 301.86 300.476 301.988 300.327 302.162 300.119 302.416 299.803 302.821 299.265 303.568 298.165 305.302 295.378 300 
301.38 301.066 301.38 301.066 301.379 301.067 301.378 301.069 301.376 301.07 301.374 301.073 301.372 301.076 301.368 301.079 301.365 301.083 301.361 301.088 301.356 301.093 301.351 301.098 301.345 301.104 301.339 301.111 301.332 301.118 301.325 301.125 301.317 301.133 301.308 301.142 301.299 301.152 301.289 301.162 301.279 301.172 301.268 301.184 301.256 301.196 301.243 301.209 301.23 301.223 301.216 301.237 301.201 301.253 301.185 301.27 301.167 301.288 301.149 301.307 301.129 301.328 301.107 301.35 301.084 301.374 301.059 301.401 301.031 301.43 301 301.463 300.966 301.499 300.927 301.54 300.883 301.587 300.833 301.642 300.773 301.707 300.702 301.786 300.614 301.885 300.502 302.013 300.353 302.187 300.145 302.441 299.829 302.846 299.291 303.592 298.192 305.325 295.408 300 
301.406 301.091 301.405 301.092 301.405 301.093 301.404 301.094 301.402 301.096 301.4 301.098 301.397 301.101 301.394 301.105 301.39 301.109 301.386 301.113 301.381 301.118 301.376 301.124 301.37 301.13 301.364 301.136 301.357 301.143 301.35 301.151 301.342 301.159 301.334 301.168 301.324 301.177 301.315 301.187 301.304 301.198 301.293 301.209 301.281 301.222 301.269 301.234 301.256 301.248 301.241 301.263 301.226 301.279 301.21 301.295 301.193 301.313 301.174 301.332 301.154 301.353 301.133 301.375 301.109 301.4 301.084 301.426 301.056 301.456 301.025 301.488 300.991 301.524 300.953 301.565 300.909 301.612 300.858 301.667 300.799 301.732 300.727 301.811 300.639 301.91 300.527 302.038 300.379 302.212 300.171 302.466 299.855 302.87 299.318 303.617 298.22 305.348 295.438 300 
301.431 301.117 301.431 301.117 301.43 301.118 301.429 301.12 301.427 301.122 301.425 301.124 301.422 301.127 301.419 301.13 301.416 301.134 301.411 301.139 301.407 301.144 301.401 301.149 301.396 301.155 301.389 301.162 301.383 301.169 301.375 301.176 301.367 301.185 301.359 301.193 301.35 301.203 301.34 301.213 301.33 301.223 301.319 301.235 301.307 301.247 301.294 301.26 301.281 301.274 301.267 301.288 301.252 301.304 301.236 301.321 301.218 301.339 301.2 301.358 301.18 301.379 301.158 301.401 301.135 301.425 301.11 301.452 301.082 301.481 301.051 301.513 301.017 301.55 300.978 301.591 300.935 301.638 300.884 301.692 300.824 301.757 300.753 301.836 300.665 301.935 300.553 302.063 300.405 302.237 300.197 302.491 299.881 302.895 299.344 303.641 298.247 305.371 295.468 300 
301.457 301.142 301.456 301.143 301.456 301.144 301.454 301.145 301.453 301.147 301.45 301.15 301.448 301.152 301.445 301.156 301.441 301.16 301.437 301.164 301.432 301.169 301.427 301.175 301.421 301.181 301.415 301.187 301.408 301.194 301.401 301.202 301.393 301.21 301.384 301.219 301.375 301.228 301.366 301.238 301.355 301.249 301.344 301.26 301.332 301.272 301.32 301.285 301.307 301.299 301.292 301.314 301.277 301.329 301.261 301.346 301.244 301.364 301.225 301.383 301.205 301.404 301.184 301.426 301.161 301.451 301.135 301.477 301.107 301.506 301.077 301.539 301.042 301.575 301.004 301.616 300.96 301.663 300.91 301.718 300.85 301.783 300.779 301.861 300.691 301.96 300.579 302.088 300.431 302.262 300.223 302.516 299.907 302.92 299.371 303.665 298.274 305.394 295.497 300 
301.482 301.168 301.482 301.168 301.481 301.169 301.48 301.171 301.478 301.173 301.476 301.175 301.473 301.178 301.47 301.181 301.466 301.185 301.462 301.19 301.457 301.195 301.452 301.2 301.447 301.206 301.44 301.213 301.434 301.22 301.426 301.227 301.418 301.236 301.41 301.244 301.401 301.254 301.391 301.264 301.381 301.274 301.37 301.286 301.358 301.298 301.345 301.311 301.332 301.325 301.318 301.339 301.303 301.355 301.287 301.372 301.269 301.39 301.251 301.409 301.231 301.429 301.209 301.452 301.186 301.476 301.161 301.503 301.133 301.532 301.102 301.564 301.068 301.6 301.03 301.641 300.986 301.688 300.935 301.743 300.876 301.808 300.805 301.887 300.717 301.985 300.605 302.113 300.457 302.287 300.249 302.54 299.934 302.944 299.397 303.689 298.301 305.417 295.527 300 
301.507 301.193 301.507 301.194 301.506 301.195 301.505 301.196 301.503 301.198 301.501 301.201 301.499 301.204 301.495 301.207 301.492 301.211 301.488 301.215 301.483 301.22 301.478 301.226 301.472 301.232 301.466 301.238 301.459 301.245 301.452 301.253 301.444 301.261 301.435 301.27 301.426 301.279 301.416 301.289 301.406 301.3 301.395 301.311 301.383 301.323 301.371 301.336 301.357 301.35 301.343 301.365 301.328 301.38 301.312 301.397 301.295 301.415 301.276 301.434 301.256 301.455 301.235 301.477 301.212 301.501 301.186 301.528 301.159 301.557 301.128 301.589 301.094 301.626 301.055 301.667 301.011 301.713 300.961 301.768 300.902 301.833 300.83 301.912 300.742 302.01 300.631 302.138 300.483 302.312 300.275 302.565 299.96 302.969 299.424 303.714 298.328 305.44 295.557 300 
301.533 301.219 301.532 301.219 301.532 301.22 301.531 301.222 301.529 301.224 301.527 301.226 301.524 301.229 301.521 301.233 301.517 301.236 301.513 301.241 301.508 301.246 301.503 301.251 301.497 301.257 301.491 301.264 301.484 301.271 301.477 301.278 301.469 301.287 301.461 301.295 301.452 301.305 301.442 301.315 301.432 301.325 301.421 301.337 301.409 301.349 301.396 301.362 301.383 301.376 301.369 301.39 301.354 301.406 301.338 301.423 301.32 301.44 301.302 301.46 301.282 301.48 301.26 301.503 301.237 301.527 301.212 301.553 301.184 301.582 301.153 301.615 301.119 301.651 301.081 301.692 301.037 301.739 300.987 301.793 300.927 301.858 300.856 301.937 300.768 302.036 300.657 302.163 300.509 302.337 300.301 302.59 299.986 302.994 299.45 303.738 298.355 305.463 295.587 300 
301.558 301.244 301.558 301.245 301.557 301.246 301.556 301.247 301.554 301.249 301.552 301.252 301.549 301.255 301.546 301.258 301.543 301.262 301.538 301.266 301.534 301.271 301.529 301.277 301.523 301.283 301.517 301.289 301.51 301.296 301.502 301.304 301.495 301.312 301.486 301.321 301.477 301.33 301.467 301.34 301.457 301.351 301.446 301.362 301.434 301.374 301.422 301.387 301.408 301.401 301.394 301.416 301.379 301.431 301.363 301.448 301.346 301.466 301.327 301.485 301.307 301.506 301.286 301.528 301.263 301.552 301.237 301.579 301.21 301.608 301.179 301.64 301.145 301.676 301.106 301.717 301.063 301.764 301.012 301.819 300.953 301.883 300.882 301.962 300.794 302.061 300.682 302.188 300.534 302.362 300.327 302.615 300.012 303.018 299.477 303.762 298.382 305.486 295.617 300 
301.584 301.27 301.583 301.271 301.583 301.272 301.581 301.273 301.58 301.275 301.577 301.277 301.575 301.28 301.572 301.284 301.568 301.288 301.564 301.292 301.559 301.297 301.554 301.302 301.548 301.308 301.542 301.315 301.535 301.322 301.528 301.329 301.52 301.338 301.512 301.346 301.502 301.356 301.493 301.366 301.482 301.376 301.471 301.388 301.46 301.4 301.447 301.413 301.434 301.427 301.42 301.441 301.405 301.457 301.389 301.473 301.371 301.491 301.353 301.51 301.333 301.531 301.312 301.553 301.288 301.578 301.263 301.604 301.235 301.633 301.205 301.665 301.17 301.702 301.132 301.742 301.088 301.789 301.038 301.844 300.979 301.909 300.907 301.987 300.82 302.086 300.708 302.214 300.56 302.387 300.353 302.64 300.038 303.043 299.503 303.786 298.409 305.51 295.647 300 
301.609 301.296 301.609 301.296 301.608 301.297 301.607 301.299 301.605 301.3 301.603 301.303 301.6 301.306 301.597 301.309 301.593 301.313 301.589 301.318 301.585 301.322 301.579 301.328 301.574 301.334 301.567 301.34 301.561 301.347 301.553 301.355 301.545 301.363 301.537 301.372 301.528 301.381 301.518 301.391 301.508 301.402 301.497 301.413 301.485 301.425 301.473 301.438 301.459 301.452 301.445 301.467 301.43 301.482 301.414 301.499 301.397 301.517 301.378 301.536 301.358 301.556 301.337 301.579 301.314 301.603 301.289 301.629 301.261 301.659 301.23 301.691 301.196 301.727 301.158 301.768 301.114 301.815 301.064 301.869 301.004 301.934 300.933 302.013 300.846 302.111 300.734 302.239 300.586 302.412 300.379 302.665 300.064 303.068 299.53 303.811 298.436 305.533 295.677 300 
301.634 301.321 301.634 301.322 301.633 301.323 301.632 301.324 301.63 301.326 301.628 301.328 301.626 301.331 301.622 301.335 301.619 301.339 301.615 301.343 301.61 301.348 301.605 301.353 301.599 301.359 301.593 301.366 301.586 301.373 301.579 301.381 301.571 301.389 301.562 301.397 301.553 301.407 301.544 301.417 301.533 301.427 301.522 301.439 301.511 301.451 301.498 301.464 301.485 301.478 301.471 301.492 301.456 301.508 301.44 301.524 301.422 301.542 301.404 301.561 301.384 301.582 301.363 301.604 301.339 301.628 301.314 301.655 301.286 301.684 301.256 301.716 301.222 301.752 301.183 301.793 301.14 301.84 301.089 301.894 301.03 301.959 300.959 302.038 300.871 302.136 300.76 302.264 300.612 302.437 300.405 302.69 300.091 303.092 299.556 303.835 298.464 305.556 295.707 300 
301.66 301.347 301.659 301.347 301.659 301.348 301.658 301.35 301.656 301.352 301.654 301.354 301.651 301.357 301.648 301.36 301.644 301.364 301.64 301.369 301.635 301.374 301.63 301.379 301.624 301.385 301.618 301.391 301.612 301.398 301.604 301.406 301.596 301.414 301.588 301.423 301.579 301.432 301.569 301.442 301.559 301.453 301.548 301.464 301.536 301.476 301.524 301.489 301.51 301.503 301.496 301.518 301.481 301.533 301.465 301.55 301.448 301.568 301.429 301.587 301.41 301.607 301.388 301.63 301.365 301.654 301.34 301.68 301.312 301.709 301.281 301.742 301.247 301.778 301.209 301.818 301.165 301.865 301.115 301.92 301.056 301.984 300.985 302.063 300.897 302.161 300.786 302.289 300.638 302.462 300.431 302.714 300.117 303.117 299.583 303.859 298.491 305.579 295.737 300 
301.685 301.372 301.685 301.373 301.684 301.374 301.683 301.375 301.681 301.377 301.679 301.38 301.676 301.382 301.673 301.386 301.67 301.39 301.665 301.394 301.661 301.399 301.656 301.405 301.65 301.41 301.644 301.417 301.637 301.424 301.63 301.432 301.622 301.44 301.613 301.448 301.604 301.458 301.595 301.468 301.584 301.478 301.573 301.49 301.562 301.502 301.549 301.515 301.536 301.528 301.522 301.543 301.507 301.559 301.491 301.575 301.473 301.593 301.455 301.612 301.435 301.633 301.414 301.655 301.39 301.679 301.365 301.706 301.338 301.735 301.307 301.767 301.273 301.803 301.235 301.844 301.191 301.891 301.141 301.945 301.081 302.01 301.01 302.088 300.923 302.186 300.812 302.314 300.664 302.487 300.457 302.739 300.143 303.142 299.609 303.883 298.518 305.602 295.767 300 
301.711 301.398 301.71 301.398 301.71 301.399 301.708 301.401 301.707 301.403 301.704 301.405 301.702 301.408 301.699 301.411 301.695 301.415 301.691 301.42 301.686 301.425 301.681 301.43 301.675 301.436 301.669 301.442 301.662 301.45 301.655 301.457 301.647 301.465 301.639 301.474 301.63 301.483 301.62 301.493 301.61 301.504 301.599 301.515 301.587 301.527 301.575 301.54 301.561 301.554 301.547 301.569 301.532 301.584 301.516 301.601 301.499 301.619 301.48 301.638 301.461 301.658 301.439 301.68 301.416 301.705 301.391 301.731 301.363 301.76 301.333 301.792 301.299 301.828 301.26 301.869 301.217 301.916 301.166 301.97 301.107 302.035 301.036 302.113 300.949 302.212 300.837 302.339 300.69 302.512 300.483 302.764 300.169 303.166 299.635 303.908 298.545 305.625 295.796 300 
301.736 301.423 301.736 301.424 301.735 301.425 301.734 301.426 301.732 301.428 301.73 301.431 301.727 301.434 301.724 301.437 301.72 301.441 301.716 301.445 301.712 301.45 301.706 301.456 301.701 301.462 301.695 301.468 301.688 301.475 301.68 301.483 301.673 301.491 301.664 301.5 301.655 301.509 301.645 301.519 301.635 301.529 301.624 301.541 301.612 301.553 301.6 301.566 301.587 301.579 301.573 301.594 301.558 301.61 301.541 301.626 301.524 301.644 301.506 301.663 301.486 301.684 301.465 301.706 301.442 301.73 301.416 301.756 301.389 301.785 301.358 301.818 301.324 301.854 301.286 301.894 301.242 301.941 301.192 301.996 301.133 302.06 301.062 302.139 300.974 302.237 300.863 302.364 300.716 302.537 300.509 302.789 300.195 303.191 299.662 303.932 298.572 305.648 295.826 300 
301.761 301.449 301.761 301.449 301.76 301.45 301.759 301.452 301.757 301.454 301.755 301.456 301.753 301.459 301.749 301.463 301.746 301.466 301.742 301.471 301.737 301.476 301.732 301.481 301.726 301.487 301.72 301.494 301.713 301.501 301.706 301.508 301.698 301.516 301.69 301.525 301.681 301.534 301.671 301.544 301.661 301.555 301.65 301.566 301.638 301.578 301.625 301.591 301.612 301.605 301.598 301.619 301.583 301.635 301.567 301.652 301.55 301.669 301.531 301.689 301.512 301.709 301.49 301.731 301.467 301.755 301.442 301.782 301.414 301.811 301.384 301.843 301.35 301.879 301.311 301.92 301.268 301.966 301.218 302.021 301.159 302.085 301.088 302.164 301 302.262 300.889 302.389 300.742 302.562 300.535 302.814 300.222 303.216 299.688 303.956 298.599 305.671 295.856 300 
301.787 301.475 301.786 301.475 301.786 301.476 301.785 301.477 301.783 301.479 301.781 301.482 301.778 301.485 301.775 301.488 301.771 301.492 301.767 301.496 301.762 301.501 301.757 301.507 301.752 301.513 301.745 301.519 301.739 301.526 301.731 301.534 301.723 301.542 301.715 301.551 301.706 301.56 301.696 301.57 301.686 301.581 301.675 301.592 301.663 301.604 301.651 301.617 301.638 301.63 301.624 301.645 301.609 301.66 301.592 301.677 301.575 301.695 301.557 301.714 301.537 301.734 301.516 301.757 301.493 301.781 301.467 301.807 301.44 301.836 301.409 301.868 301.375 301.904 301.337 301.945 301.294 301.992 301.243 302.046 301.184 302.111 301.113 302.189 301.026 302.287 300.915 302.414 300.768 302.587 300.561 302.839 300.248 303.24 299.715 303.98 298.626 305.694 295.886 300 
301.812 301.5 301.812 301.501 301.811 301.502 301.81 301.503 301.808 301.505 301.806 301.507 301.803 301.51 301.8 301.514 301.797 301.517 301.792 301.522 301.788 301.527 301.783 301.532 301.777 301.538 301.771 301.545 301.764 301.552 301.757 301.559 301.749 301.567 301.74 301.576 301.731 301.585 301.722 301.595 301.711 301.606 301.701 301.617 301.689 301.629 301.676 301.642 301.663 301.656 301.649 301.67 301.634 301.686 301.618 301.703 301.601 301.72 301.582 301.739 301.563 301.76 301.541 301.782 301.518 301.806 301.493 301.833 301.465 301.862 301.435 301.894 301.401 301.93 301.363 301.97 301.319 302.017 301.269 302.071 301.21 302.136 301.139 302.214 301.052 302.312 300.941 302.439 300.793 302.612 300.587 302.864 300.274 303.265 299.741 304.005 298.653 305.717 295.916 300 
301.837 301.526 301.837 301.526 301.837 301.527 301.835 301.529 301.834 301.53 301.831 301.533 301.829 301.536 301.826 301.539 301.822 301.543 301.818 301.547 301.813 301.552 301.808 301.558 301.802 301.564 301.796 301.57 301.789 301.577 301.782 301.585 301.774 301.593 301.766 301.602 301.757 301.611 301.747 301.621 301.737 301.632 301.726 301.643 301.714 301.655 301.702 301.668 301.689 301.681 301.675 301.696 301.66 301.711 301.643 301.728 301.626 301.746 301.608 301.765 301.588 301.785 301.567 301.808 301.544 301.832 301.519 301.858 301.491 301.887 301.46 301.919 301.427 301.955 301.388 301.996 301.345 302.042 301.295 302.097 301.236 302.161 301.165 302.239 301.078 302.337 300.967 302.464 300.819 302.637 300.613 302.889 300.3 303.29 299.768 304.029 298.68 305.74 295.946 300 
301.863 301.551 301.863 301.552 301.862 301.553 301.861 301.554 301.859 301.556 301.857 301.558 301.854 301.561 301.851 301.565 301.847 301.569 301.843 301.573 301.839 301.578 301.833 301.583 301.828 301.589 301.822 301.596 301.815 301.603 301.808 301.61 301.8 301.618 301.791 301.627 301.782 301.636 301.773 301.646 301.762 301.657 301.751 301.668 301.74 301.68 301.727 301.693 301.714 301.707 301.7 301.721 301.685 301.737 301.669 301.753 301.652 301.771 301.633 301.79 301.614 301.811 301.592 301.833 301.569 301.857 301.544 301.883 301.517 301.912 301.486 301.944 301.452 301.98 301.414 302.021 301.371 302.068 301.32 302.122 301.261 302.186 301.191 302.265 301.103 302.363 300.992 302.49 300.845 302.662 300.639 302.913 300.326 303.314 299.794 304.053 298.708 305.763 295.976 300 
301.888 301.577 301.888 301.577 301.887 301.578 301.886 301.58 301.884 301.582 301.882 301.584 301.88 301.587 301.876 301.59 301.873 301.594 301.869 301.599 301.864 301.603 301.859 301.609 301.853 301.615 301.847 301.621 301.84 301.628 301.833 301.636 301.825 301.644 301.817 301.653 301.808 301.662 301.798 301.672 301.788 301.683 301.777 301.694 301.765 301.706 301.753 301.719 301.74 301.732 301.726 301.747 301.71 301.762 301.694 301.779 301.677 301.797 301.659 301.816 301.639 301.836 301.618 301.858 301.595 301.882 301.57 301.909 301.542 301.938 301.512 301.97 301.478 302.006 301.44 302.046 301.396 302.093 301.346 302.147 301.287 302.212 301.216 302.29 301.129 302.388 301.018 302.515 300.871 302.687 300.665 302.938 300.352 303.339 299.821 304.077 298.735 305.787 296.006 300 
301.914 301.602 301.913 301.603 301.913 301.604 301.912 301.605 301.91 301.607 301.908 301.61 301.905 301.612 301.902 301.616 301.898 301.62 301.894 301.624 301.889 301.629 301.884 301.634 301.879 301.64 301.872 301.647 301.866 301.654 301.858 301.661 301.851 301.669 301.842 301.678 301.833 301.687 301.824 301.697 301.813 301.708 301.802 301.719 301.791 301.731 301.778 301.744 301.765 301.758 301.751 301.772 301.736 301.788 301.72 301.804 301.703 301.822 301.684 301.841 301.665 301.862 301.643 301.884 301.62 301.908 301.595 301.934 301.568 301.963 301.537 301.995 301.503 302.031 301.465 302.072 301.422 302.118 301.372 302.172 301.313 302.237 301.242 302.315 301.155 302.413 301.044 302.54 300.897 302.712 300.691 302.963 300.379 303.364 299.847 304.102 298.762 305.81 296.035 300 
301.939 301.628 301.939 301.628 301.938 301.629 301.937 301.631 301.935 301.633 301.933 301.635 301.93 301.638 301.927 301.641 301.924 301.645 301.92 301.65 301.915 301.655 301.91 301.66 301.904 301.666 301.898 301.672 301.891 301.679 301.884 301.687 301.876 301.695 301.868 301.704 301.859 301.713 301.849 301.723 301.839 301.734 301.828 301.745 301.816 301.757 301.804 301.77 301.791 301.783 301.776 301.798 301.761 301.813 301.745 301.83 301.728 301.848 301.71 301.867 301.69 301.887 301.669 301.909 301.646 301.933 301.621 301.96 301.593 301.988 301.563 302.021 301.529 302.056 301.491 302.097 301.447 302.144 301.397 302.198 301.338 302.262 301.268 302.34 301.181 302.438 301.07 302.565 300.923 302.737 300.717 302.988 300.405 303.388 299.874 304.126 298.789 305.833 296.065 300 
301.964 301.653 301.964 301.654 301.964 301.655 301.962 301.656 301.961 301.658 301.958 301.661 301.956 301.664 301.953 301.667 301.949 301.671 301.945 301.675 301.94 301.68 301.935 301.685 301.929 301.691 301.923 301.698 301.917 301.705 301.909 301.712 301.901 301.72 301.893 301.729 301.884 301.738 301.874 301.748 301.864 301.759 301.853 301.77 301.842 301.782 301.829 301.795 301.816 301.809 301.802 301.823 301.787 301.839 301.771 301.855 301.754 301.873 301.736 301.892 301.716 301.912 301.695 301.935 301.671 301.959 301.646 301.985 301.619 302.014 301.588 302.046 301.555 302.082 301.516 302.122 301.473 302.169 301.423 302.223 301.364 302.287 301.293 302.365 301.206 302.463 301.096 302.59 300.949 302.762 300.743 303.013 300.431 303.413 299.9 304.15 298.816 305.856 296.095 300 
301.99 301.679 301.99 301.679 301.989 301.68 301.988 301.682 301.986 301.684 301.984 301.686 301.981 301.689 301.978 301.692 301.974 301.696 301.97 301.701 301.966 301.706 301.961 301.711 301.955 301.717 301.949 301.723 301.942 301.73 301.935 301.738 301.927 301.746 301.919 301.755 301.91 301.764 301.9 301.774 301.89 301.785 301.879 301.796 301.867 301.808 301.855 301.821 301.841 301.834 301.827 301.849 301.812 301.864 301.796 301.881 301.779 301.898 301.761 301.917 301.741 301.938 301.72 301.96 301.697 301.984 301.672 302.01 301.644 302.039 301.614 302.071 301.58 302.107 301.542 302.148 301.499 302.194 301.449 302.248 301.39 302.313 301.319 302.391 301.232 302.488 301.122 302.615 300.975 302.787 300.769 303.038 300.457 303.438 299.926 304.174 298.843 305.879 296.125 300 
302.015 301.705 302.015 301.705 302.014 301.706 302.013 301.707 302.011 301.709 302.009 301.712 302.007 301.715 302.004 301.718 302 301.722 301.996 301.726 301.991 301.731 301.986 301.737 301.98 301.742 301.974 301.749 301.967 301.756 301.96 301.763 301.952 301.772 301.944 301.78 301.935 301.79 301.925 301.799 301.915 301.81 301.904 301.821 301.893 301.833 301.88 301.846 301.867 301.86 301.853 301.874 301.838 301.89 301.822 301.906 301.805 301.924 301.787 301.943 301.767 301.963 301.746 301.985 301.723 302.009 301.697 302.036 301.67 302.065 301.64 302.097 301.606 302.132 301.568 302.173 301.524 302.219 301.474 302.274 301.416 302.338 301.345 302.416 301.258 302.513 301.147 302.64 301.001 302.812 300.795 303.063 300.483 303.462 299.953 304.199 298.87 305.902 296.155 300 
302.041 301.73 302.04 301.731 302.04 301.732 302.039 301.733 302.037 301.735 302.035 301.737 302.032 301.74 302.029 301.744 302.025 301.747 302.021 301.752 302.017 301.757 302.011 301.762 302.006 301.768 302 301.774 301.993 301.781 301.986 301.789 301.978 301.797 301.969 301.806 301.96 301.815 301.951 301.825 301.941 301.836 301.93 301.847 301.918 301.859 301.906 301.872 301.892 301.885 301.878 301.9 301.863 301.915 301.847 301.932 301.83 301.949 301.812 301.968 301.792 301.989 301.771 302.011 301.748 302.035 301.723 302.061 301.696 302.09 301.665 302.122 301.631 302.158 301.593 302.198 301.55 302.245 301.5 302.299 301.441 302.363 301.371 302.441 301.284 302.539 301.173 302.665 301.027 302.837 300.821 303.088 300.509 303.487 299.979 304.223 298.897 305.925 296.185 300 
302.066 301.756 302.066 301.756 302.065 301.757 302.064 301.758 302.062 301.76 302.06 301.763 302.057 301.766 302.054 301.769 302.051 301.773 302.047 301.777 302.042 301.782 302.037 301.788 302.031 301.794 302.025 301.8 302.018 301.807 302.011 301.814 302.003 301.823 301.995 301.831 301.986 301.841 301.976 301.85 301.966 301.861 301.955 301.872 301.943 301.884 301.931 301.897 301.918 301.911 301.904 301.925 301.889 301.941 301.873 301.957 301.856 301.975 301.838 301.994 301.818 302.014 301.797 302.036 301.774 302.06 301.749 302.087 301.721 302.115 301.691 302.147 301.657 302.183 301.619 302.224 301.576 302.27 301.526 302.324 301.467 302.388 301.396 302.466 301.31 302.564 301.199 302.69 301.053 302.862 300.847 303.112 300.536 303.512 300.006 304.247 298.924 305.948 296.215 300 
302.091 301.781 302.091 301.782 302.091 301.783 302.089 301.784 302.088 301.786 302.085 301.788 302.083 301.791 302.08 301.795 302.076 301.799 302.072 301.803 302.067 301.808 302.062 301.813 302.057 301.819 302.05 301.825 302.044 301.832 302.036 301.84 302.029 301.848 302.02 301.857 302.011 301.866 302.002 301.876 301.991 301.887 301.981 301.898 301.969 301.91 301.957 301.923 301.943 301.936 301.929 301.951 301.914 301.966 301.898 301.983 301.881 302 301.863 302.019 301.843 302.04 301.822 302.062 301.799 302.086 301.774 302.112 301.747 302.141 301.716 302.173 301.683 302.208 301.645 302.249 301.601 302.295 301.551 302.349 301.493 302.414 301.422 302.491 301.335 302.589 301.225 302.715 301.078 302.887 300.873 303.137 300.562 303.536 300.032 304.271 298.951 305.971 296.244 300 
302.117 301.807 302.117 301.807 302.116 301.808 302.115 301.81 302.113 301.812 302.111 301.814 302.108 301.817 302.105 301.82 302.101 301.824 302.097 301.828 302.093 301.833 302.088 301.839 302.082 301.845 302.076 301.851 302.069 301.858 302.062 301.866 302.054 301.874 302.046 301.882 302.037 301.892 302.027 301.901 302.017 301.912 302.006 301.923 301.994 301.935 301.982 301.948 301.969 301.962 301.955 301.976 301.94 301.992 301.924 302.008 301.907 302.026 301.889 302.045 301.869 302.065 301.848 302.087 301.825 302.111 301.8 302.137 301.772 302.166 301.742 302.198 301.708 302.234 301.67 302.274 301.627 302.321 301.577 302.375 301.518 302.439 301.448 302.517 301.361 302.614 301.251 302.74 301.104 302.912 300.899 303.162 300.588 303.561 300.059 304.296 298.978 305.994 296.274 300 
302.142 301.832 302.142 301.833 302.141 301.834 302.14 301.835 302.138 301.837 302.136 301.839 302.134 301.842 302.131 301.846 302.127 301.85 302.123 301.854 302.118 301.859 302.113 301.864 302.107 301.87 302.101 301.877 302.095 301.884 302.087 301.891 302.079 301.899 302.071 301.908 302.062 301.917 302.053 301.927 302.042 301.938 302.031 301.949 302.02 301.961 302.007 301.974 301.994 301.987 301.98 302.002 301.965 302.017 301.949 302.033 301.932 302.051 301.914 302.07 301.894 302.09 301.873 302.113 301.85 302.137 301.825 302.163 301.798 302.191 301.767 302.223 301.734 302.259 301.696 302.3 301.653 302.346 301.603 302.4 301.544 302.464 301.474 302.542 301.387 302.639 301.277 302.766 301.13 302.937 300.925 303.187 300.614 303.586 300.085 304.32 299.006 306.017 296.304 300 
302.168 301.858 302.167 301.858 302.167 301.859 302.166 301.861 302.164 301.863 302.162 301.865 302.159 301.868 302.156 301.871 302.152 301.875 302.148 301.88 302.144 301.884 302.138 301.89 302.133 301.896 302.127 301.902 302.12 301.909 302.113 301.917 302.105 301.925 302.097 301.933 302.088 301.943 302.078 301.953 302.068 301.963 302.057 301.974 302.045 301.986 302.033 301.999 302.02 302.013 302.006 302.027 301.991 302.042 301.975 302.059 301.958 302.077 301.94 302.096 301.92 302.116 301.899 302.138 301.876 302.162 301.851 302.188 301.823 302.217 301.793 302.249 301.759 302.285 301.721 302.325 301.678 302.371 301.628 302.425 301.57 302.489 301.499 302.567 301.413 302.664 301.302 302.791 301.156 302.962 300.951 303.212 300.64 303.61 300.112 304.344 299.033 306.041 296.334 300 
302.193 301.883 302.193 301.884 302.192 301.885 302.191 301.886 302.189 301.888 302.187 301.891 302.184 301.893 302.181 301.897 302.178 301.901 302.174 301.905 302.169 301.91 302.164 301.915 302.158 301.921 302.152 301.928 302.145 301.935 302.138 301.942 302.13 301.95 302.122 301.959 302.113 301.968 302.103 301.978 302.093 301.989 302.082 302 302.071 302.012 302.058 302.025 302.045 302.038 302.031 302.053 302.016 302.068 302 302.084 301.983 302.102 301.965 302.121 301.945 302.141 301.924 302.163 301.901 302.187 301.876 302.213 301.849 302.242 301.819 302.274 301.785 302.31 301.747 302.35 301.704 302.397 301.654 302.45 301.595 302.515 301.525 302.592 301.438 302.69 301.328 302.816 301.182 302.987 300.977 303.237 300.666 303.635 300.138 304.368 299.06 306.064 296.364 300 
302.218 301.909 302.218 301.909 302.218 301.91 302.216 301.912 302.215 301.914 302.213 301.916 302.21 301.919 302.207 301.922 302.203 301.926 302.199 301.931 302.194 301.935 302.189 301.941 302.184 301.947 302.177 301.953 302.171 301.96 302.164 301.968 302.156 301.976 302.147 301.984 302.138 301.994 302.129 302.004 302.119 302.014 302.108 302.025 302.096 302.037 302.084 302.05 302.071 302.064 302.057 302.078 302.042 302.093 302.026 302.11 302.009 302.127 301.991 302.146 301.971 302.167 301.95 302.189 301.927 302.213 301.902 302.239 301.874 302.268 301.844 302.3 301.811 302.335 301.773 302.376 301.73 302.422 301.68 302.476 301.621 302.54 301.551 302.618 301.464 302.715 301.354 302.841 301.208 303.012 301.003 303.262 300.693 303.66 300.165 304.393 299.087 306.087 296.394 300 
302.244 301.935 302.244 301.935 302.243 301.936 302.242 301.937 302.24 301.939 302.238 301.942 302.235 301.945 302.232 301.948 302.229 301.952 302.224 301.956 302.22 301.961 302.215 301.966 302.209 301.972 302.203 301.979 302.196 301.986 302.189 301.993 302.181 302.001 302.173 302.01 302.164 302.019 302.154 302.029 302.144 302.04 302.133 302.051 302.122 302.063 302.109 302.075 302.096 302.089 302.082 302.103 302.067 302.119 302.051 302.135 302.034 302.153 302.016 302.172 301.997 302.192 301.975 302.214 301.952 302.238 301.927 302.264 301.9 302.293 301.87 302.325 301.836 302.361 301.798 302.401 301.755 302.447 301.705 302.501 301.647 302.565 301.577 302.643 301.49 302.74 301.38 302.866 301.234 303.037 301.029 303.287 300.719 303.684 300.191 304.417 299.114 306.11 296.423 300 
302.269 301.96 302.269 301.961 302.268 301.961 302.267 301.963 302.265 301.965 302.263 301.967 302.261 301.97 302.258 301.973 302.254 301.977 302.25 301.982 302.245 301.987 302.24 301.992 302.234 301.998 302.228 302.004 302.222 302.011 302.214 302.019 302.207 302.027 302.198 302.035 302.189 302.045 302.18 302.055 302.17 302.065 302.159 302.076 302.147 302.088 302.135 302.101 302.122 302.114 302.108 302.129 302.093 302.144 302.077 302.161 302.06 302.178 302.042 302.197 302.022 302.218 302.001 302.24 301.978 302.264 301.953 302.29 301.926 302.318 301.895 302.35 301.862 302.386 301.824 302.426 301.781 302.472 301.731 302.526 301.672 302.59 301.602 302.668 301.516 302.765 301.406 302.891 301.26 303.062 301.055 303.311 300.745 303.709 300.217 304.441 299.141 306.133 296.453 300 
302.295 301.986 302.294 301.986 302.294 301.987 302.293 301.988 302.291 301.99 302.289 301.993 302.286 301.996 302.283 301.999 302.279 302.003 302.275 302.007 302.271 302.012 302.266 302.017 302.26 302.023 302.254 302.03 302.247 302.037 302.24 302.044 302.232 302.052 302.224 302.061 302.215 302.07 302.205 302.08 302.195 302.091 302.184 302.102 302.173 302.114 302.16 302.126 302.147 302.14 302.133 302.154 302.118 302.17 302.102 302.186 302.085 302.204 302.067 302.223 302.048 302.243 302.026 302.265 302.004 302.289 301.979 302.315 301.951 302.344 301.921 302.376 301.887 302.411 301.85 302.452 301.806 302.498 301.757 302.552 301.698 302.615 301.628 302.693 301.542 302.79 301.432 302.916 301.286 303.087 301.081 303.336 300.771 303.734 300.244 304.465 299.168 306.156 296.483 300 
302.32 302.011 302.32 302.012 302.319 302.013 302.318 302.014 302.316 302.016 302.314 302.018 302.311 302.021 302.308 302.025 302.305 302.028 302.301 302.033 302.296 302.038 302.291 302.043 302.285 302.049 302.279 302.055 302.273 302.062 302.265 302.07 302.258 302.078 302.249 302.086 302.24 302.096 302.231 302.106 302.22 302.116 302.21 302.127 302.198 302.139 302.186 302.152 302.173 302.165 302.159 302.18 302.144 302.195 302.128 302.212 302.111 302.229 302.093 302.248 302.073 302.268 302.052 302.29 302.029 302.314 302.004 302.34 301.977 302.369 301.947 302.401 301.913 302.437 301.875 302.477 301.832 302.523 301.782 302.577 301.724 302.641 301.654 302.718 301.567 302.815 301.457 302.941 301.312 303.112 301.107 303.361 300.797 303.758 300.27 304.49 299.195 306.179 296.513 300 
302.345 302.037 302.345 302.037 302.345 302.038 302.343 302.04 302.342 302.042 302.34 302.044 302.337 302.047 302.334 302.05 302.33 302.054 302.326 302.058 302.321 302.063 302.316 302.069 302.311 302.074 302.305 302.081 302.298 302.088 302.291 302.095 302.283 302.103 302.275 302.112 302.266 302.121 302.256 302.131 302.246 302.142 302.235 302.153 302.224 302.165 302.211 302.177 302.198 302.191 302.184 302.205 302.169 302.221 302.153 302.237 302.136 302.255 302.118 302.274 302.099 302.294 302.078 302.316 302.055 302.34 302.03 302.366 302.002 302.395 301.972 302.426 301.939 302.462 301.901 302.502 301.858 302.548 301.808 302.602 301.75 302.666 301.679 302.744 301.593 302.84 301.483 302.966 301.337 303.137 301.133 303.386 300.823 303.783 300.297 304.514 299.222 306.202 296.543 300 
302.371 302.062 302.371 302.063 302.37 302.064 302.369 302.065 302.367 302.067 302.365 302.069 302.362 302.072 302.359 302.076 302.356 302.08 302.351 302.084 302.347 302.089 302.342 302.094 302.336 302.1 302.33 302.106 302.323 302.113 302.316 302.121 302.308 302.129 302.3 302.137 302.291 302.147 302.282 302.157 302.271 302.167 302.261 302.178 302.249 302.19 302.237 302.203 302.224 302.216 302.21 302.231 302.195 302.246 302.179 302.263 302.162 302.28 302.144 302.299 302.124 302.319 302.103 302.341 302.08 302.365 302.055 302.391 302.028 302.42 301.998 302.452 301.964 302.487 301.926 302.528 301.883 302.574 301.834 302.627 301.775 302.691 301.705 302.769 301.619 302.866 301.509 302.991 301.363 303.162 301.159 303.411 300.85 303.808 300.323 304.538 299.249 306.225 296.572 300 
302.396 302.088 302.396 302.088 302.395 302.089 302.394 302.091 302.392 302.093 302.39 302.095 302.388 302.098 302.385 302.101 302.381 302.105 302.377 302.109 302.372 302.114 302.367 302.12 302.362 302.126 302.355 302.132 302.349 302.139 302.342 302.146 302.334 302.154 302.325 302.163 302.317 302.172 302.307 302.182 302.297 302.193 302.286 302.204 302.274 302.216 302.262 302.228 302.249 302.242 302.235 302.256 302.22 302.272 302.204 302.288 302.187 302.306 302.169 302.324 302.15 302.345 302.129 302.367 302.106 302.391 302.081 302.417 302.053 302.445 302.023 302.477 301.99 302.513 301.952 302.553 301.909 302.599 301.859 302.653 301.801 302.716 301.731 302.794 301.645 302.891 301.535 303.016 301.389 303.187 301.185 303.436 300.876 303.832 300.35 304.562 299.276 306.249 296.602 300 
302.422 302.113 302.421 302.114 302.421 302.115 302.42 302.116 302.418 302.118 302.416 302.121 302.413 302.123 302.41 302.127 302.406 302.131 302.402 302.135 302.398 302.14 302.393 302.145 302.387 302.151 302.381 302.157 302.374 302.164 302.367 302.172 302.359 302.18 302.351 302.189 302.342 302.198 302.332 302.208 302.322 302.218 302.311 302.229 302.3 302.241 302.288 302.254 302.275 302.267 302.261 302.282 302.246 302.297 302.23 302.313 302.213 302.331 302.195 302.35 302.175 302.37 302.154 302.392 302.131 302.416 302.106 302.442 302.079 302.471 302.049 302.502 302.015 302.538 301.978 302.578 301.935 302.624 301.885 302.678 301.827 302.742 301.757 302.819 301.67 302.916 301.561 303.042 301.415 303.212 301.211 303.461 300.902 303.857 300.376 304.587 299.304 306.272 296.632 300 
302.447 302.139 302.447 302.139 302.446 302.14 302.445 302.142 302.443 302.144 302.441 302.146 302.439 302.149 302.435 302.152 302.432 302.156 302.428 302.161 302.423 302.165 302.418 302.171 302.412 302.177 302.406 302.183 302.4 302.19 302.392 302.197 302.385 302.205 302.376 302.214 302.367 302.223 302.358 302.233 302.348 302.244 302.337 302.255 302.325 302.267 302.313 302.279 302.3 302.293 302.286 302.307 302.271 302.323 302.255 302.339 302.238 302.356 302.22 302.375 302.201 302.396 302.18 302.418 302.157 302.441 302.132 302.467 302.105 302.496 302.075 302.528 302.041 302.563 302.003 302.603 301.96 302.65 301.911 302.703 301.852 302.767 301.782 302.844 301.696 302.941 301.587 303.067 301.441 303.237 301.237 303.486 300.928 303.882 300.403 304.611 299.331 306.295 296.662 300 
302.472 302.165 302.472 302.165 302.472 302.166 302.47 302.167 302.469 302.169 302.467 302.172 302.464 302.175 302.461 302.178 302.457 302.182 302.453 302.186 302.449 302.191 302.443 302.196 302.438 302.202 302.432 302.208 302.425 302.215 302.418 302.223 302.41 302.231 302.402 302.24 302.393 302.249 302.383 302.259 302.373 302.269 302.362 302.28 302.351 302.292 302.339 302.305 302.325 302.318 302.312 302.333 302.297 302.348 302.281 302.364 302.264 302.382 302.246 302.401 302.226 302.421 302.205 302.443 302.182 302.467 302.157 302.493 302.13 302.521 302.1 302.553 302.067 302.589 302.029 302.629 301.986 302.675 301.936 302.729 301.878 302.792 301.808 302.87 301.722 302.966 301.612 303.092 301.467 303.262 301.263 303.51 300.954 303.906 300.429 304.635 299.358 306.318 296.692 300 
302.498 302.19 302.498 302.191 302.497 302.191 302.496 302.193 302.494 302.195 302.492 302.197 302.489 302.2 302.486 302.203 302.483 302.207 302.479 302.212 302.474 302.216 302.469 302.222 302.463 302.228 302.457 302.234 302.45 302.241 302.443 302.248 302.436 302.256 302.427 302.265 302.418 302.274 302.409 302.284 302.399 302.295 302.388 302.306 302.376 302.318 302.364 302.33 302.351 302.344 302.337 302.358 302.322 302.373 302.306 302.39 302.289 302.407 302.271 302.426 302.252 302.446 302.231 302.468 302.208 302.492 302.183 302.518 302.156 302.547 302.126 302.578 302.092 302.614 302.054 302.654 302.012 302.7 301.962 302.754 301.904 302.817 301.834 302.895 301.748 302.991 301.638 303.117 301.493 303.287 301.289 303.535 300.98 303.931 300.455 304.66 299.385 306.341 296.722 300 
302.523 302.216 302.523 302.216 302.522 302.217 302.521 302.218 302.519 302.22 302.517 302.223 302.515 302.226 302.512 302.229 302.508 302.233 302.504 302.237 302.499 302.242 302.494 302.247 302.489 302.253 302.483 302.26 302.476 302.266 302.469 302.274 302.461 302.282 302.453 302.291 302.444 302.3 302.434 302.31 302.424 302.32 302.413 302.331 302.402 302.343 302.389 302.356 302.376 302.369 302.363 302.384 302.348 302.399 302.332 302.415 302.315 302.433 302.297 302.452 302.277 302.472 302.256 302.494 302.233 302.518 302.209 302.544 302.181 302.572 302.151 302.604 302.118 302.639 302.08 302.679 302.037 302.725 301.988 302.779 301.929 302.843 301.86 302.92 301.773 303.017 301.664 303.142 301.519 303.312 301.315 303.56 301.007 303.956 300.482 304.684 299.412 306.364 296.751 300 
302.549 302.241 302.548 302.242 302.548 302.243 302.547 302.244 302.545 302.246 302.543 302.248 302.54 302.251 302.537 302.255 302.533 302.258 302.529 302.263 302.525 302.268 302.52 302.273 302.514 302.279 302.508 302.285 302.501 302.292 302.494 302.299 302.486 302.307 302.478 302.316 302.469 302.325 302.46 302.335 302.45 302.346 302.439 302.357 302.427 302.369 302.415 302.381 302.402 302.395 302.388 302.409 302.373 302.424 302.357 302.441 302.34 302.458 302.322 302.477 302.303 302.497 302.282 302.519 302.259 302.543 302.234 302.569 302.207 302.598 302.177 302.629 302.143 302.665 302.106 302.705 302.063 302.751 302.013 302.804 301.955 302.868 301.885 302.945 301.799 303.042 301.69 303.167 301.545 303.337 301.341 303.585 301.033 303.98 300.508 304.708 299.439 306.387 296.781 300 
302.574 302.267 302.574 302.267 302.573 302.268 302.572 302.27 302.57 302.271 302.568 302.274 302.566 302.277 302.562 302.28 302.559 302.284 302.555 302.288 302.55 302.293 302.545 302.298 302.539 302.304 302.533 302.311 302.527 302.318 302.52 302.325 302.512 302.333 302.504 302.342 302.495 302.351 302.485 302.361 302.475 302.371 302.464 302.382 302.453 302.394 302.44 302.407 302.427 302.42 302.413 302.435 302.399 302.45 302.383 302.466 302.366 302.484 302.348 302.503 302.328 302.523 302.307 302.545 302.285 302.568 302.26 302.594 302.232 302.623 302.202 302.655 302.169 302.69 302.131 302.73 302.088 302.776 302.039 302.83 301.981 302.893 301.911 302.97 301.825 303.067 301.716 303.192 301.571 303.363 301.367 303.61 301.059 304.005 300.535 304.732 299.466 306.41 296.811 300 
302.599 302.292 302.599 302.293 302.599 302.294 302.597 302.295 302.596 302.297 302.594 302.299 302.591 302.302 302.588 302.306 302.584 302.309 302.58 302.314 302.576 302.319 302.571 302.324 302.565 302.33 302.559 302.336 302.552 302.343 302.545 302.351 302.537 302.359 302.529 302.367 302.52 302.376 302.511 302.386 302.5 302.397 302.49 302.408 302.478 302.42 302.466 302.432 302.453 302.446 302.439 302.46 302.424 302.475 302.408 302.492 302.391 302.509 302.373 302.528 302.354 302.548 302.333 302.57 302.31 302.594 302.285 302.62 302.258 302.648 302.228 302.68 302.195 302.715 302.157 302.755 302.114 302.801 302.065 302.855 302.007 302.918 301.937 302.996 301.851 303.092 301.741 303.217 301.596 303.388 301.393 303.635 301.085 304.03 300.561 304.757 299.493 306.434 296.841 300 
302.625 302.318 302.625 302.318 302.624 302.319 302.623 302.321 302.621 302.323 302.619 302.325 302.616 302.328 302.613 302.331 302.61 302.335 302.606 302.339 302.601 302.344 302.596 302.349 302.59 302.355 302.584 302.362 302.578 302.369 302.57 302.376 302.563 302.384 302.554 302.393 302.546 302.402 302.536 302.412 302.526 302.422 302.515 302.433 302.504 302.445 302.491 302.458 302.478 302.471 302.464 302.486 302.45 302.501 302.434 302.517 302.417 302.535 302.399 302.553 302.379 302.574 302.358 302.595 302.336 302.619 302.311 302.645 302.284 302.674 302.254 302.705 302.22 302.741 302.183 302.781 302.14 302.827 302.09 302.88 302.032 302.944 301.962 303.021 301.877 303.117 301.767 303.242 301.622 303.413 301.419 303.66 301.111 304.054 300.588 304.781 299.52 306.457 296.871 300 
302.65 302.343 302.65 302.344 302.649 302.345 302.648 302.346 302.647 302.348 302.644 302.351 302.642 302.353 302.639 302.357 302.635 302.361 302.631 302.365 302.626 302.37 302.621 302.375 302.616 302.381 302.61 302.387 302.603 302.394 302.596 302.402 302.588 302.41 302.58 302.418 302.571 302.427 302.561 302.437 302.551 302.448 302.541 302.459 302.529 302.471 302.517 302.483 302.504 302.497 302.49 302.511 302.475 302.526 302.459 302.543 302.442 302.56 302.424 302.579 302.405 302.599 302.384 302.621 302.361 302.645 302.336 302.671 302.309 302.699 302.279 302.731 302.246 302.766 302.208 302.806 302.165 302.852 302.116 302.905 302.058 302.969 301.988 303.046 301.902 303.142 301.793 303.267 301.648 303.438 301.445 303.685 301.137 304.079 300.614 304.805 299.547 306.48 296.9 300 
302.676 302.369 302.675 302.369 302.675 302.37 302.674 302.372 302.672 302.374 302.67 302.376 302.667 302.379 302.664 302.382 302.66 302.386 302.656 302.39 302.652 302.395 302.647 302.401 302.641 302.406 302.635 302.413 302.628 302.42 302.621 302.427 302.614 302.435 302.605 302.444 302.596 302.453 302.587 302.463 302.577 302.473 302.566 302.484 302.554 302.496 302.542 302.509 302.529 302.522 302.515 302.536 302.501 302.552 302.485 302.568 302.468 302.586 302.45 302.604 302.43 302.624 302.409 302.646 302.387 302.67 302.362 302.696 302.335 302.724 302.305 302.756 302.271 302.791 302.234 302.831 302.191 302.877 302.142 302.931 302.084 302.994 302.014 303.071 301.928 303.168 301.819 303.292 301.674 303.463 301.471 303.71 301.164 304.104 300.641 304.829 299.574 306.503 296.93 300 
302.701 302.395 302.701 302.395 302.7 302.396 302.699 302.397 302.697 302.399 302.695 302.402 302.693 302.404 302.689 302.408 302.686 302.412 302.682 302.416 302.677 302.421 302.672 302.426 302.667 302.432 302.66 302.438 302.654 302.445 302.647 302.453 302.639 302.461 302.631 302.469 302.622 302.478 302.612 302.488 302.602 302.499 302.591 302.51 302.58 302.522 302.568 302.534 302.555 302.548 302.541 302.562 302.526 302.577 302.51 302.594 302.493 302.611 302.475 302.63 302.456 302.65 302.435 302.672 302.412 302.695 302.387 302.721 302.36 302.75 302.33 302.781 302.297 302.817 302.259 302.857 302.217 302.903 302.167 302.956 302.109 303.019 302.04 303.096 301.954 303.193 301.845 303.318 301.7 303.488 301.497 303.734 301.19 304.128 300.667 304.854 299.601 306.526 296.96 300 
302.726 302.42 302.726 302.421 302.726 302.421 302.724 302.423 302.723 302.425 302.721 302.427 302.718 302.43 302.715 302.433 302.711 302.437 302.707 302.442 302.703 302.446 302.698 302.452 302.692 302.457 302.686 302.464 302.679 302.471 302.672 302.478 302.664 302.486 302.656 302.495 302.647 302.504 302.638 302.514 302.628 302.524 302.617 302.535 302.605 302.547 302.593 302.56 302.58 302.573 302.566 302.587 302.552 302.603 302.536 302.619 302.519 302.636 302.501 302.655 302.481 302.675 302.46 302.697 302.438 302.721 302.413 302.747 302.386 302.775 302.356 302.807 302.323 302.842 302.285 302.882 302.242 302.928 302.193 302.981 302.135 303.045 302.065 303.122 301.98 303.218 301.871 303.343 301.726 303.513 301.523 303.759 301.216 304.153 300.693 304.878 299.628 306.549 296.99 300 
302.752 302.446 302.752 302.446 302.751 302.447 302.75 302.448 302.748 302.45 302.746 302.453 302.743 302.456 302.74 302.459 302.737 302.463 302.733 302.467 302.728 302.472 302.723 302.477 302.717 302.483 302.711 302.489 302.705 302.496 302.698 302.504 302.69 302.512 302.682 302.52 302.673 302.529 302.663 302.539 302.653 302.55 302.642 302.561 302.631 302.573 302.619 302.585 302.606 302.599 302.592 302.613 302.577 302.628 302.561 302.644 302.544 302.662 302.526 302.681 302.507 302.701 302.486 302.723 302.463 302.746 302.439 302.772 302.411 302.801 302.382 302.832 302.348 302.867 302.311 302.907 302.268 302.953 302.219 303.007 302.161 303.07 302.091 303.147 302.005 303.243 301.896 303.368 301.752 303.538 301.549 303.784 301.242 304.178 300.72 304.902 299.656 306.572 297.019 300 
302.777 302.471 302.777 302.472 302.776 302.473 302.775 302.474 302.774 302.476 302.771 302.478 302.769 302.481 302.766 302.484 302.762 302.488 302.758 302.493 302.753 302.497 302.748 302.503 302.743 302.509 302.737 302.515 302.73 302.522 302.723 302.529 302.715 302.537 302.707 302.546 302.698 302.555 302.689 302.565 302.679 302.575 302.668 302.586 302.656 302.598 302.644 302.611 302.631 302.624 302.617 302.638 302.603 302.654 302.587 302.67 302.57 302.687 302.552 302.706 302.533 302.726 302.512 302.748 302.489 302.772 302.464 302.797 302.437 302.826 302.407 302.857 302.374 302.893 302.336 302.933 302.294 302.979 302.244 303.032 302.186 303.095 302.117 303.172 302.031 303.268 301.922 303.393 301.778 303.563 301.575 303.809 301.268 304.202 300.746 304.927 299.683 306.595 297.049 300 
302.803 302.497 302.802 302.497 302.802 302.498 302.801 302.5 302.799 302.501 302.797 302.504 302.794 302.507 302.791 302.51 302.788 302.514 302.783 302.518 302.779 302.523 302.774 302.528 302.768 302.534 302.762 302.54 302.756 302.547 302.748 302.555 302.741 302.563 302.732 302.571 302.724 302.58 302.714 302.59 302.704 302.601 302.693 302.612 302.682 302.624 302.67 302.636 302.657 302.65 302.643 302.664 302.628 302.679 302.612 302.695 302.595 302.713 302.577 302.731 302.558 302.752 302.537 302.773 302.514 302.797 302.49 302.823 302.463 302.851 302.433 302.883 302.399 302.918 302.362 302.958 302.319 303.004 302.27 303.057 302.212 303.12 302.143 303.197 302.057 303.293 301.948 303.418 301.804 303.588 301.601 303.834 301.294 304.227 300.773 304.951 299.71 306.619 297.079 300 
302.828 302.522 302.828 302.523 302.827 302.524 302.826 302.525 302.824 302.527 302.822 302.529 302.82 302.532 302.816 302.536 302.813 302.539 302.809 302.544 302.804 302.548 302.799 302.554 302.794 302.56 302.788 302.566 302.781 302.573 302.774 302.58 302.766 302.588 302.758 302.597 302.749 302.606 302.74 302.616 302.729 302.626 302.719 302.637 302.707 302.649 302.695 302.662 302.682 302.675 302.668 302.689 302.654 302.705 302.638 302.721 302.621 302.738 302.603 302.757 302.584 302.777 302.563 302.799 302.54 302.822 302.515 302.848 302.488 302.877 302.458 302.908 302.425 302.943 302.388 302.983 302.345 303.029 302.296 303.082 302.238 303.146 302.168 303.222 302.083 303.318 301.974 303.443 301.83 303.613 301.627 303.859 301.321 304.252 300.799 304.975 299.737 306.642 297.109 300 
302.853 302.548 302.853 302.548 302.853 302.549 302.851 302.551 302.85 302.553 302.848 302.555 302.845 302.558 302.842 302.561 302.838 302.565 302.834 302.569 302.83 302.574 302.825 302.579 302.819 302.585 302.813 302.591 302.806 302.598 302.799 302.606 302.792 302.614 302.783 302.622 302.774 302.631 302.765 302.641 302.755 302.652 302.744 302.663 302.733 302.675 302.721 302.687 302.708 302.701 302.694 302.715 302.679 302.73 302.663 302.746 302.646 302.764 302.628 302.782 302.609 302.802 302.588 302.824 302.565 302.848 302.541 302.874 302.514 302.902 302.484 302.934 302.451 302.969 302.413 303.009 302.371 303.054 302.321 303.108 302.263 303.171 302.194 303.248 302.109 303.344 302 303.468 301.855 303.638 301.653 303.884 301.347 304.276 300.826 304.999 299.764 306.665 297.139 300 
302.879 302.573 302.879 302.574 302.878 302.575 302.877 302.576 302.875 302.578 302.873 302.58 302.87 302.583 302.867 302.587 302.864 302.59 302.86 302.595 302.855 302.6 302.85 302.605 302.845 302.611 302.838 302.617 302.832 302.624 302.825 302.631 302.817 302.639 302.809 302.648 302.8 302.657 302.79 302.667 302.78 302.677 302.77 302.688 302.758 302.7 302.746 302.713 302.733 302.726 302.719 302.74 302.705 302.755 302.689 302.772 302.672 302.789 302.654 302.808 302.635 302.828 302.614 302.85 302.591 302.873 302.566 302.899 302.539 302.927 302.509 302.959 302.476 302.994 302.439 303.034 302.396 303.08 302.347 303.133 302.289 303.196 302.22 303.273 302.134 303.369 302.026 303.493 301.881 303.663 301.679 303.909 301.373 304.301 300.852 305.024 299.791 306.688 297.168 300 
302.904 302.599 302.904 302.599 302.903 302.6 302.902 302.602 302.901 302.604 302.898 302.606 302.896 302.609 302.893 302.612 302.889 302.616 302.885 302.62 302.881 302.625 302.875 302.63 302.87 302.636 302.864 302.643 302.857 302.649 302.85 302.657 302.842 302.665 302.834 302.673 302.825 302.682 302.816 302.692 302.806 302.703 302.795 302.714 302.784 302.726 302.771 302.738 302.759 302.751 302.745 302.766 302.73 302.781 302.714 302.797 302.697 302.815 302.679 302.833 302.66 302.853 302.639 302.875 302.617 302.899 302.592 302.924 302.565 302.953 302.535 302.984 302.502 303.02 302.464 303.059 302.422 303.105 302.373 303.158 302.315 303.221 302.245 303.298 302.16 303.394 302.051 303.518 301.907 303.688 301.705 303.934 301.399 304.326 300.879 305.048 299.818 306.711 297.198 300 
302.93 302.624 302.929 302.625 302.929 302.626 302.928 302.627 302.926 302.629 302.924 302.632 302.921 302.634 302.918 302.638 302.915 302.642 302.91 302.646 302.906 302.651 302.901 302.656 302.895 302.662 302.889 302.668 302.883 302.675 302.876 302.682 302.868 302.69 302.86 302.699 302.851 302.708 302.841 302.718 302.831 302.728 302.821 302.739 302.809 302.751 302.797 302.764 302.784 302.777 302.77 302.791 302.755 302.806 302.74 302.823 302.723 302.84 302.705 302.859 302.686 302.879 302.665 302.9 302.642 302.924 302.617 302.95 302.59 302.978 302.561 303.01 302.527 303.045 302.49 303.085 302.447 303.13 302.398 303.183 302.341 303.247 302.271 303.323 302.186 303.419 302.077 303.543 301.933 303.713 301.731 303.958 301.425 304.35 300.905 305.072 299.845 306.734 297.228 300 
302.955 302.65 302.955 302.651 302.954 302.651 302.953 302.653 302.951 302.655 302.949 302.657 302.947 302.66 302.944 302.663 302.94 302.667 302.936 302.671 302.931 302.676 302.926 302.681 302.921 302.687 302.915 302.694 302.908 302.7 302.901 302.708 302.893 302.716 302.885 302.724 302.876 302.734 302.867 302.743 302.857 302.754 302.846 302.765 302.835 302.777 302.822 302.789 302.809 302.802 302.796 302.817 302.781 302.832 302.765 302.848 302.748 302.865 302.731 302.884 302.711 302.904 302.69 302.926 302.668 302.949 302.643 302.975 302.616 303.004 302.586 303.035 302.553 303.07 302.516 303.11 302.473 303.156 302.424 303.209 302.366 303.272 302.297 303.348 302.212 303.444 302.103 303.569 301.959 303.738 301.757 303.983 301.451 304.375 300.931 305.096 299.872 306.757 297.258 300 
302.981 302.676 302.98 302.676 302.98 302.677 302.978 302.678 302.977 302.68 302.975 302.683 302.972 302.686 302.969 302.689 302.965 302.693 302.961 302.697 302.957 302.702 302.952 302.707 302.946 302.713 302.94 302.719 302.934 302.726 302.926 302.733 302.919 302.741 302.91 302.75 302.902 302.759 302.892 302.769 302.882 302.779 302.871 302.79 302.86 302.802 302.848 302.815 302.835 302.828 302.821 302.842 302.806 302.857 302.791 302.874 302.774 302.891 302.756 302.91 302.737 302.93 302.716 302.951 302.693 302.975 302.669 303.001 302.642 303.029 302.612 303.06 302.579 303.096 302.541 303.135 302.499 303.181 302.45 303.234 302.392 303.297 302.323 303.374 302.237 303.469 302.129 303.594 301.985 303.763 301.783 304.008 301.477 304.4 300.958 305.121 299.899 306.781 297.287 300 
303.006 302.701 303.006 302.702 303.005 302.703 303.004 302.704 303.002 302.706 303 302.708 302.997 302.711 302.994 302.714 302.991 302.718 302.987 302.722 302.982 302.727 302.977 302.733 302.972 302.738 302.966 302.745 302.959 302.752 302.952 302.759 302.944 302.767 302.936 302.775 302.927 302.785 302.918 302.794 302.908 302.805 302.897 302.816 302.885 302.828 302.873 302.84 302.86 302.853 302.847 302.868 302.832 302.883 302.816 302.899 302.799 302.916 302.782 302.935 302.762 302.955 302.741 302.977 302.719 303 302.694 303.026 302.667 303.054 302.637 303.086 302.604 303.121 302.567 303.161 302.524 303.206 302.475 303.259 302.418 303.322 302.348 303.399 302.263 303.495 302.155 303.619 302.011 303.788 301.809 304.033 301.504 304.424 300.984 305.145 299.926 306.804 297.317 300 
303.031 302.727 303.031 302.727 303.03 302.728 303.029 302.73 303.028 302.731 303.025 302.734 303.023 302.737 303.02 302.74 303.016 302.744 303.012 302.748 303.008 302.753 303.003 302.758 302.997 302.764 302.991 302.77 302.984 302.777 302.977 302.784 302.97 302.792 302.961 302.801 302.953 302.81 302.943 302.82 302.933 302.83 302.922 302.841 302.911 302.853 302.899 302.866 302.886 302.879 302.872 302.893 302.857 302.908 302.842 302.924 302.825 302.942 302.807 302.96 302.788 302.98 302.767 303.002 302.744 303.026 302.72 303.051 302.693 303.08 302.663 303.111 302.63 303.146 302.592 303.186 302.55 303.232 302.501 303.285 302.443 303.348 302.374 303.424 302.289 303.52 302.181 303.644 302.037 303.813 301.835 304.058 301.53 304.449 301.011 305.169 299.953 306.827 297.347 300 
303.057 302.752 303.056 302.753 303.056 302.754 303.055 302.755 303.053 302.757 303.051 302.759 303.048 302.762 303.045 302.765 303.042 302.769 303.038 302.774 303.033 302.778 303.028 302.784 303.022 302.789 303.016 302.796 303.01 302.803 303.003 302.81 302.995 302.818 302.987 302.826 302.978 302.836 302.969 302.845 302.959 302.856 302.948 302.867 302.936 302.878 302.924 302.891 302.911 302.904 302.898 302.919 302.883 302.934 302.867 302.95 302.851 302.967 302.833 302.986 302.813 303.006 302.792 303.028 302.77 303.051 302.745 303.077 302.718 303.105 302.689 303.136 302.655 303.172 302.618 303.211 302.576 303.257 302.527 303.31 302.469 303.373 302.4 303.449 302.315 303.545 302.206 303.669 302.063 303.838 301.861 304.083 301.556 304.474 301.037 305.194 299.98 306.85 297.377 300 
303.082 302.778 303.082 302.778 303.081 302.779 303.08 302.781 303.078 302.783 303.076 302.785 303.074 302.788 303.071 302.791 303.067 302.795 303.063 302.799 303.058 302.804 303.053 302.809 303.048 302.815 303.042 302.821 303.035 302.828 303.028 302.836 303.02 302.843 303.012 302.852 303.003 302.861 302.994 302.871 302.984 302.881 302.973 302.892 302.962 302.904 302.95 302.916 302.937 302.93 302.923 302.944 302.908 302.959 302.893 302.975 302.876 302.993 302.858 303.011 302.839 303.031 302.818 303.053 302.795 303.077 302.771 303.102 302.744 303.13 302.714 303.162 302.681 303.197 302.644 303.237 302.601 303.282 302.552 303.335 302.495 303.398 302.426 303.475 302.34 303.57 302.232 303.694 302.089 303.863 301.887 304.108 301.582 304.498 301.064 305.218 300.007 306.873 297.406 300 
303.108 302.803 303.107 302.804 303.107 302.805 303.105 302.806 303.104 302.808 303.102 302.81 303.099 302.813 303.096 302.817 303.092 302.82 303.088 302.825 303.084 302.829 303.079 302.835 303.073 302.841 303.067 302.847 303.061 302.854 303.054 302.861 303.046 302.869 303.038 302.877 303.029 302.887 303.019 302.896 303.009 302.907 302.999 302.918 302.987 302.929 302.975 302.942 302.962 302.955 302.949 302.969 302.934 302.985 302.918 303.001 302.902 303.018 302.884 303.037 302.864 303.057 302.843 303.078 302.821 303.102 302.796 303.128 302.769 303.156 302.74 303.187 302.707 303.222 302.669 303.262 302.627 303.307 302.578 303.36 302.52 303.423 302.451 303.5 302.366 303.595 302.258 303.719 302.114 303.888 301.913 304.133 301.608 304.523 301.09 305.242 300.034 306.896 297.436 300 
303.133 302.829 303.133 302.829 303.132 302.83 303.131 302.832 303.129 302.834 303.127 302.836 303.124 302.839 303.121 302.842 303.118 302.846 303.114 302.85 303.109 302.855 303.104 302.86 303.099 302.866 303.093 302.872 303.086 302.879 303.079 302.887 303.071 302.895 303.063 302.903 303.054 302.912 303.045 302.922 303.035 302.932 303.024 302.943 303.013 302.955 303.001 302.967 302.988 302.981 302.974 302.995 302.959 303.01 302.944 303.026 302.927 303.044 302.909 303.062 302.89 303.082 302.869 303.104 302.846 303.127 302.822 303.153 302.795 303.181 302.765 303.213 302.732 303.248 302.695 303.287 302.653 303.333 302.604 303.386 302.546 303.449 302.477 303.525 302.392 303.62 302.284 303.744 302.14 303.913 301.939 304.157 301.634 304.548 301.116 305.266 300.062 306.919 297.466 300 
303.158 302.854 303.158 302.855 303.157 302.856 303.156 302.857 303.155 302.859 303.152 302.862 303.15 302.864 303.147 302.868 303.143 302.871 303.139 302.876 303.135 302.881 303.13 302.886 303.124 302.892 303.118 302.898 303.112 302.905 303.104 302.912 303.097 302.92 303.089 302.929 303.08 302.938 303.07 302.947 303.06 302.958 303.05 302.969 303.038 302.98 303.026 302.993 303.013 303.006 303 303.02 302.985 303.036 302.969 303.052 302.953 303.069 302.935 303.088 302.915 303.108 302.895 303.129 302.872 303.153 302.847 303.178 302.821 303.207 302.791 303.238 302.758 303.273 302.721 303.313 302.678 303.358 302.629 303.411 302.572 303.474 302.503 303.55 302.418 303.646 302.31 303.769 302.166 303.938 301.965 304.182 301.661 304.573 301.143 305.291 300.089 306.943 297.496 300 
303.184 302.88 303.183 302.881 303.183 302.881 303.182 302.883 303.18 302.885 303.178 302.887 303.175 302.89 303.172 302.893 303.169 302.897 303.165 302.901 303.16 302.906 303.155 302.911 303.15 302.917 303.143 302.923 303.137 302.93 303.13 302.938 303.122 302.946 303.114 302.954 303.105 302.963 303.096 302.973 303.086 302.983 303.075 302.994 303.064 303.006 303.052 303.018 303.039 303.032 303.025 303.046 303.01 303.061 302.995 303.077 302.978 303.094 302.96 303.113 302.941 303.133 302.92 303.155 302.898 303.178 302.873 303.204 302.846 303.232 302.816 303.263 302.783 303.298 302.746 303.338 302.704 303.383 302.655 303.436 302.597 303.499 302.528 303.575 302.444 303.671 302.335 303.794 302.192 303.963 301.991 304.207 301.687 304.597 301.169 305.315 300.116 306.966 297.525 300 
303.209 302.906 303.209 302.906 303.208 302.907 303.207 302.908 303.205 302.91 303.203 302.913 303.201 302.915 303.198 302.919 303.194 302.923 303.19 302.927 303.185 302.932 303.18 302.937 303.175 302.943 303.169 302.949 303.162 302.956 303.155 302.963 303.148 302.971 303.139 302.98 303.131 302.989 303.121 302.998 303.111 303.009 303.101 303.02 303.089 303.031 303.077 303.044 303.064 303.057 303.05 303.071 303.036 303.086 303.02 303.103 303.004 303.12 302.986 303.138 302.966 303.158 302.946 303.18 302.923 303.204 302.899 303.229 302.872 303.257 302.842 303.289 302.809 303.324 302.772 303.363 302.729 303.409 302.681 303.462 302.623 303.524 302.554 303.601 302.469 303.696 302.361 303.82 302.218 303.988 302.017 304.232 301.713 304.622 301.196 305.339 300.143 306.989 297.555 300 
303.235 302.931 303.234 302.932 303.234 302.933 303.232 302.934 303.231 302.936 303.229 302.938 303.226 302.941 303.223 302.944 303.219 302.948 303.215 302.952 303.211 302.957 303.206 302.962 303.2 302.968 303.194 302.974 303.188 302.981 303.181 302.989 303.173 302.997 303.165 303.005 303.156 303.014 303.147 303.024 303.137 303.034 303.126 303.045 303.115 303.057 303.103 303.069 303.09 303.083 303.076 303.097 303.061 303.112 303.046 303.128 303.029 303.145 303.011 303.164 302.992 303.184 302.971 303.205 302.949 303.229 302.924 303.255 302.897 303.283 302.868 303.314 302.835 303.349 302.797 303.389 302.755 303.434 302.706 303.487 302.649 303.55 302.58 303.626 302.495 303.721 302.387 303.845 302.244 304.013 302.043 304.257 301.739 304.647 301.222 305.364 300.17 307.012 297.585 300 
303.26 302.957 303.26 302.957 303.259 302.958 303.258 302.96 303.256 302.961 303.254 302.964 303.251 302.967 303.248 302.97 303.245 302.974 303.241 302.978 303.236 302.983 303.231 302.988 303.226 302.994 303.22 303 303.213 303.007 303.206 303.014 303.198 303.022 303.19 303.031 303.182 303.04 303.172 303.049 303.162 303.06 303.151 303.071 303.14 303.082 303.128 303.095 303.115 303.108 303.101 303.122 303.087 303.137 303.071 303.154 303.055 303.171 303.037 303.189 303.017 303.209 302.997 303.231 302.974 303.254 302.95 303.28 302.923 303.308 302.893 303.339 302.86 303.374 302.823 303.414 302.781 303.459 302.732 303.512 302.675 303.575 302.606 303.651 302.521 303.746 302.413 303.87 302.27 304.038 302.069 304.282 301.765 304.671 301.249 305.388 300.197 307.035 297.615 300 
303.285 302.982 303.285 302.983 303.284 302.984 303.283 302.985 303.282 302.987 303.279 302.989 303.277 302.992 303.274 302.995 303.27 302.999 303.266 303.003 303.262 303.008 303.257 303.013 303.251 303.019 303.245 303.026 303.239 303.032 303.232 303.04 303.224 303.048 303.216 303.056 303.207 303.065 303.198 303.075 303.188 303.085 303.177 303.096 303.166 303.108 303.153 303.12 303.141 303.134 303.127 303.148 303.112 303.163 303.097 303.179 303.08 303.196 303.062 303.215 303.043 303.235 303.022 303.256 303 303.28 302.975 303.305 302.948 303.334 302.919 303.365 302.886 303.4 302.849 303.439 302.806 303.485 302.758 303.537 302.7 303.6 302.631 303.676 302.547 303.771 302.439 303.895 302.296 304.063 302.095 304.307 301.791 304.696 301.275 305.412 300.224 307.058 297.644 300 
303.311 303.008 303.31 303.008 303.31 303.009 303.309 303.011 303.307 303.012 303.305 303.015 303.302 303.018 303.299 303.021 303.296 303.025 303.292 303.029 303.287 303.034 303.282 303.039 303.277 303.045 303.271 303.051 303.264 303.058 303.257 303.065 303.249 303.073 303.241 303.082 303.232 303.091 303.223 303.1 303.213 303.111 303.202 303.122 303.191 303.133 303.179 303.146 303.166 303.159 303.152 303.173 303.138 303.188 303.122 303.204 303.106 303.222 303.088 303.24 303.068 303.26 303.048 303.282 303.025 303.305 303.001 303.331 302.974 303.359 302.944 303.39 302.911 303.425 302.874 303.465 302.832 303.51 302.783 303.563 302.726 303.625 302.657 303.701 302.572 303.797 302.465 303.92 302.322 304.088 302.121 304.332 301.818 304.721 301.301 305.436 300.251 307.082 297.674 300 
303.336 303.033 303.336 303.034 303.335 303.035 303.334 303.036 303.332 303.038 303.33 303.04 303.328 303.043 303.325 303.047 303.321 303.05 303.317 303.055 303.313 303.059 303.308 303.065 303.302 303.07 303.296 303.077 303.289 303.083 303.282 303.091 303.275 303.099 303.267 303.107 303.258 303.116 303.248 303.126 303.238 303.136 303.228 303.147 303.216 303.159 303.204 303.171 303.192 303.185 303.178 303.199 303.163 303.214 303.148 303.23 303.131 303.247 303.113 303.266 303.094 303.286 303.073 303.307 303.051 303.331 303.026 303.356 303 303.384 302.97 303.415 302.937 303.45 302.9 303.49 302.858 303.535 302.809 303.588 302.752 303.651 302.683 303.727 302.598 303.822 302.49 303.945 302.347 304.113 302.147 304.357 301.844 304.745 301.328 305.461 300.278 307.105 297.704 300 
303.362 303.059 303.361 303.059 303.361 303.06 303.359 303.062 303.358 303.064 303.356 303.066 303.353 303.069 303.35 303.072 303.347 303.076 303.342 303.08 303.338 303.085 303.333 303.09 303.327 303.096 303.321 303.102 303.315 303.109 303.308 303.116 303.3 303.124 303.292 303.133 303.283 303.142 303.274 303.151 303.264 303.162 303.253 303.173 303.242 303.184 303.23 303.197 303.217 303.21 303.203 303.224 303.189 303.239 303.173 303.255 303.157 303.273 303.139 303.291 303.12 303.311 303.099 303.333 303.076 303.356 303.052 303.382 303.025 303.41 302.996 303.441 302.963 303.476 302.926 303.515 302.883 303.561 302.835 303.613 302.777 303.676 302.709 303.752 302.624 303.847 302.516 303.97 302.373 304.138 302.173 304.382 301.87 304.77 301.354 305.485 300.305 307.128 297.733 300 
303.387 303.084 303.387 303.085 303.386 303.086 303.385 303.087 303.383 303.089 303.381 303.091 303.379 303.094 303.375 303.098 303.372 303.101 303.368 303.106 303.363 303.11 303.358 303.116 303.353 303.121 303.347 303.128 303.34 303.134 303.333 303.142 303.326 303.15 303.317 303.158 303.309 303.167 303.299 303.177 303.289 303.187 303.279 303.198 303.267 303.21 303.255 303.222 303.242 303.236 303.229 303.25 303.214 303.265 303.199 303.281 303.182 303.298 303.164 303.317 303.145 303.336 303.124 303.358 303.102 303.381 303.077 303.407 303.051 303.435 303.021 303.466 302.988 303.501 302.951 303.541 302.909 303.586 302.86 303.639 302.803 303.701 302.734 303.777 302.65 303.872 302.542 303.995 302.399 304.163 302.199 304.406 301.896 304.795 301.381 305.509 300.332 307.151 297.763 300 
303.412 303.11 303.412 303.11 303.411 303.111 303.41 303.113 303.409 303.115 303.406 303.117 303.404 303.12 303.401 303.123 303.397 303.127 303.393 303.131 303.389 303.136 303.384 303.141 303.378 303.147 303.372 303.153 303.366 303.16 303.359 303.167 303.351 303.175 303.343 303.184 303.334 303.193 303.325 303.202 303.315 303.213 303.304 303.224 303.293 303.235 303.281 303.248 303.268 303.261 303.254 303.275 303.24 303.29 303.224 303.306 303.208 303.323 303.19 303.342 303.171 303.362 303.15 303.383 303.127 303.407 303.103 303.432 303.076 303.46 303.047 303.492 303.014 303.526 302.977 303.566 302.935 303.611 302.886 303.664 302.829 303.726 302.76 303.802 302.675 303.897 302.568 304.02 302.425 304.188 302.225 304.431 301.922 304.819 301.407 305.534 300.359 307.174 297.793 300 
303.438 303.136 303.437 303.136 303.437 303.137 303.436 303.138 303.434 303.14 303.432 303.143 303.429 303.145 303.426 303.149 303.423 303.152 303.419 303.157 303.414 303.161 303.409 303.167 303.404 303.172 303.398 303.179 303.391 303.186 303.384 303.193 303.377 303.201 303.368 303.209 303.36 303.218 303.35 303.228 303.34 303.238 303.33 303.249 303.318 303.261 303.306 303.273 303.293 303.287 303.28 303.301 303.265 303.316 303.25 303.332 303.233 303.349 303.215 303.367 303.196 303.387 303.175 303.409 303.153 303.432 303.129 303.458 303.102 303.486 303.072 303.517 303.039 303.552 303.002 303.591 302.96 303.636 302.912 303.689 302.854 303.752 302.786 303.827 302.701 303.922 302.594 304.045 302.451 304.213 302.251 304.456 301.948 304.844 301.434 305.558 300.386 307.197 297.823 300 
303.463 303.161 303.463 303.162 303.462 303.163 303.461 303.164 303.459 303.166 303.457 303.168 303.455 303.171 303.452 303.174 303.448 303.178 303.444 303.182 303.44 303.187 303.435 303.192 303.429 303.198 303.423 303.204 303.417 303.211 303.41 303.218 303.402 303.226 303.394 303.235 303.385 303.244 303.376 303.253 303.366 303.264 303.355 303.275 303.344 303.286 303.332 303.299 303.319 303.312 303.305 303.326 303.291 303.341 303.275 303.357 303.259 303.374 303.241 303.393 303.222 303.413 303.201 303.434 303.179 303.458 303.154 303.483 303.127 303.511 303.098 303.542 303.065 303.577 303.028 303.617 302.986 303.662 302.937 303.714 302.88 303.777 302.811 303.853 302.727 303.948 302.619 304.071 302.477 304.238 302.277 304.481 301.974 304.869 301.46 305.582 300.413 307.221 297.852 300 
303.489 303.187 303.488 303.187 303.488 303.188 303.486 303.189 303.485 303.191 303.483 303.194 303.48 303.197 303.477 303.2 303.474 303.204 303.47 303.208 303.465 303.213 303.46 303.218 303.455 303.224 303.449 303.23 303.442 303.237 303.435 303.244 303.427 303.252 303.419 303.26 303.41 303.269 303.401 303.279 303.391 303.289 303.381 303.3 303.369 303.312 303.357 303.324 303.344 303.337 303.331 303.352 303.316 303.367 303.301 303.383 303.284 303.4 303.266 303.418 303.247 303.438 303.226 303.46 303.204 303.483 303.18 303.509 303.153 303.537 303.123 303.568 303.091 303.602 303.054 303.642 303.012 303.687 302.963 303.74 302.906 303.802 302.837 303.878 302.753 303.973 302.645 304.096 302.503 304.263 302.303 304.506 302.001 304.893 301.486 305.606 300.44 307.244 297.882 300 
303.514 303.212 303.514 303.213 303.513 303.214 303.512 303.215 303.51 303.217 303.508 303.219 303.506 303.222 303.502 303.225 303.499 303.229 303.495 303.233 303.49 303.238 303.485 303.243 303.48 303.249 303.474 303.255 303.467 303.262 303.46 303.269 303.453 303.277 303.445 303.286 303.436 303.295 303.427 303.304 303.417 303.315 303.406 303.326 303.395 303.337 303.383 303.35 303.37 303.363 303.356 303.377 303.342 303.392 303.326 303.408 303.31 303.425 303.292 303.444 303.273 303.464 303.252 303.485 303.23 303.508 303.205 303.534 303.179 303.562 303.149 303.593 303.116 303.628 303.079 303.667 303.037 303.712 302.989 303.765 302.931 303.827 302.863 303.903 302.778 303.998 302.671 304.121 302.529 304.288 302.329 304.531 302.027 304.918 301.513 305.631 300.467 307.267 297.912 300 
303.539 303.238 303.539 303.238 303.538 303.239 303.537 303.241 303.536 303.242 303.534 303.245 303.531 303.248 303.528 303.251 303.524 303.255 303.52 303.259 303.516 303.264 303.511 303.269 303.505 303.275 303.499 303.281 303.493 303.288 303.486 303.295 303.478 303.303 303.47 303.311 303.461 303.32 303.452 303.33 303.442 303.34 303.431 303.351 303.42 303.363 303.408 303.375 303.395 303.388 303.382 303.403 303.367 303.418 303.352 303.434 303.335 303.451 303.317 303.469 303.298 303.489 303.278 303.51 303.255 303.534 303.231 303.559 303.204 303.587 303.175 303.618 303.142 303.653 303.105 303.693 303.063 303.738 303.014 303.79 302.957 303.853 302.889 303.928 302.804 304.023 302.697 304.146 302.555 304.313 302.355 304.556 302.053 304.943 301.539 305.655 300.494 307.29 297.941 300 
303.565 303.263 303.565 303.264 303.564 303.265 303.563 303.266 303.561 303.268 303.559 303.27 303.556 303.273 303.553 303.276 303.55 303.28 303.546 303.284 303.541 303.289 303.536 303.294 303.531 303.3 303.525 303.306 303.518 303.313 303.511 303.32 303.504 303.328 303.496 303.337 303.487 303.346 303.477 303.355 303.468 303.366 303.457 303.377 303.446 303.388 303.434 303.401 303.421 303.414 303.407 303.428 303.393 303.443 303.377 303.459 303.361 303.476 303.343 303.495 303.324 303.514 303.303 303.536 303.281 303.559 303.256 303.585 303.23 303.613 303.2 303.644 303.167 303.679 303.13 303.718 303.088 303.763 303.04 303.815 302.983 303.878 302.914 303.953 302.83 304.048 302.723 304.171 302.581 304.338 302.381 304.581 302.079 304.968 301.566 305.679 300.521 307.313 297.971 300 
303.59 303.289 303.59 303.289 303.589 303.29 303.588 303.292 303.586 303.294 303.584 303.296 303.582 303.299 303.579 303.302 303.575 303.306 303.571 303.31 303.567 303.315 303.562 303.32 303.556 303.326 303.55 303.332 303.544 303.339 303.537 303.346 303.529 303.354 303.521 303.362 303.512 303.371 303.503 303.381 303.493 303.391 303.482 303.402 303.471 303.414 303.459 303.426 303.446 303.439 303.433 303.453 303.418 303.468 303.403 303.484 303.386 303.502 303.368 303.52 303.349 303.54 303.329 303.561 303.306 303.585 303.282 303.61 303.255 303.638 303.226 303.669 303.193 303.704 303.156 303.743 303.114 303.788 303.066 303.841 303.009 303.903 302.94 303.979 302.856 304.073 302.749 304.196 302.606 304.363 302.407 304.606 302.105 304.992 301.592 305.704 300.549 307.336 298.001 300 
303.616 303.314 303.615 303.315 303.615 303.316 303.613 303.317 303.612 303.319 303.61 303.321 303.607 303.324 303.604 303.328 303.601 303.331 303.597 303.336 303.592 303.34 303.587 303.345 303.582 303.351 303.576 303.357 303.569 303.364 303.562 303.372 303.555 303.379 303.546 303.388 303.538 303.397 303.528 303.406 303.518 303.417 303.508 303.428 303.497 303.439 303.485 303.452 303.472 303.465 303.458 303.479 303.444 303.494 303.428 303.51 303.412 303.527 303.394 303.545 303.375 303.565 303.354 303.587 303.332 303.61 303.307 303.635 303.281 303.663 303.251 303.695 303.219 303.729 303.182 303.769 303.14 303.814 303.091 303.866 303.034 303.928 302.966 304.004 302.882 304.098 302.774 304.221 302.632 304.388 302.433 304.63 302.131 305.017 301.619 305.728 300.576 307.36 298.03 300 
303.641 303.34 303.641 303.34 303.64 303.341 303.639 303.343 303.637 303.345 303.635 303.347 303.633 303.35 303.63 303.353 303.626 303.357 303.622 303.361 303.618 303.366 303.613 303.371 303.607 303.377 303.601 303.383 303.595 303.39 303.588 303.397 303.58 303.405 303.572 303.413 303.563 303.422 303.554 303.432 303.544 303.442 303.533 303.453 303.522 303.465 303.51 303.477 303.497 303.49 303.484 303.504 303.469 303.519 303.454 303.535 303.437 303.553 303.419 303.571 303.4 303.591 303.38 303.612 303.357 303.635 303.333 303.661 303.306 303.689 303.277 303.72 303.244 303.755 303.207 303.794 303.165 303.839 303.117 303.891 303.06 303.954 302.992 304.029 302.907 304.124 302.8 304.246 302.658 304.413 302.459 304.655 302.157 305.042 301.645 305.752 300.603 307.383 298.06 300 
303.666 303.366 303.666 303.366 303.665 303.367 303.664 303.368 303.663 303.37 303.661 303.373 303.658 303.375 303.655 303.379 303.651 303.382 303.647 303.387 303.643 303.391 303.638 303.397 303.632 303.402 303.626 303.409 303.62 303.415 303.613 303.423 303.605 303.43 303.597 303.439 303.589 303.448 303.579 303.457 303.569 303.468 303.559 303.479 303.547 303.49 303.535 303.503 303.523 303.516 303.509 303.53 303.495 303.545 303.479 303.561 303.463 303.578 303.445 303.596 303.426 303.616 303.405 303.638 303.383 303.661 303.359 303.686 303.332 303.714 303.303 303.745 303.27 303.78 303.233 303.819 303.191 303.864 303.143 303.917 303.086 303.979 303.017 304.054 302.933 304.149 302.826 304.271 302.684 304.438 302.485 304.68 302.184 305.066 301.671 305.777 300.63 307.406 298.09 300 
303.692 303.391 303.692 303.392 303.691 303.393 303.69 303.394 303.688 303.396 303.686 303.398 303.683 303.401 303.68 303.404 303.677 303.408 303.673 303.412 303.668 303.417 303.663 303.422 303.658 303.428 303.652 303.434 303.645 303.441 303.638 303.448 303.631 303.456 303.623 303.464 303.614 303.473 303.605 303.483 303.595 303.493 303.584 303.504 303.573 303.516 303.561 303.528 303.548 303.541 303.535 303.555 303.52 303.57 303.505 303.586 303.488 303.603 303.47 303.622 303.451 303.642 303.431 303.663 303.408 303.686 303.384 303.712 303.358 303.74 303.328 303.771 303.295 303.805 303.259 303.845 303.217 303.889 303.168 303.942 303.111 304.004 303.043 304.08 302.959 304.174 302.852 304.296 302.71 304.463 302.511 304.705 302.21 305.091 301.698 305.801 300.657 307.429 298.12 300 
303.717 303.417 303.717 303.417 303.716 303.418 303.715 303.419 303.713 303.421 303.711 303.424 303.709 303.426 303.706 303.43 303.702 303.433 303.698 303.438 303.694 303.442 303.689 303.448 303.683 303.453 303.677 303.46 303.671 303.466 303.664 303.474 303.656 303.481 303.648 303.49 303.639 303.499 303.63 303.509 303.62 303.519 303.61 303.53 303.598 303.541 303.586 303.554 303.574 303.567 303.56 303.581 303.546 303.596 303.53 303.612 303.514 303.629 303.496 303.647 303.477 303.667 303.456 303.688 303.434 303.712 303.41 303.737 303.383 303.765 303.354 303.796 303.321 303.831 303.284 303.87 303.242 303.915 303.194 303.967 303.137 304.029 303.069 304.105 302.985 304.199 302.878 304.322 302.736 304.488 302.537 304.73 302.236 305.116 301.724 305.825 300.684 307.452 298.149 300 
303.743 303.442 303.742 303.443 303.742 303.444 303.74 303.445 303.739 303.447 303.737 303.449 303.734 303.452 303.731 303.455 303.728 303.459 303.724 303.463 303.719 303.468 303.714 303.473 303.709 303.479 303.703 303.485 303.696 303.492 303.689 303.499 303.682 303.507 303.674 303.515 303.665 303.524 303.656 303.534 303.646 303.544 303.635 303.555 303.624 303.567 303.612 303.579 303.599 303.592 303.586 303.606 303.571 303.621 303.556 303.637 303.539 303.654 303.521 303.673 303.502 303.692 303.482 303.714 303.46 303.737 303.435 303.762 303.409 303.79 303.379 303.821 303.347 303.856 303.31 303.895 303.268 303.94 303.22 303.992 303.163 304.055 303.094 304.13 303.01 304.224 302.904 304.347 302.762 304.513 302.563 304.755 302.262 305.14 301.751 305.849 300.711 307.475 298.179 300 
303.768 303.468 303.768 303.468 303.767 303.469 303.766 303.471 303.764 303.472 303.762 303.475 303.76 303.478 303.757 303.481 303.753 303.485 303.749 303.489 303.745 303.494 303.74 303.499 303.734 303.504 303.728 303.511 303.722 303.517 303.715 303.525 303.707 303.533 303.699 303.541 303.69 303.55 303.681 303.56 303.671 303.57 303.661 303.581 303.649 303.592 303.637 303.605 303.625 303.618 303.611 303.632 303.597 303.647 303.581 303.663 303.565 303.68 303.547 303.698 303.528 303.718 303.507 303.739 303.485 303.762 303.461 303.788 303.434 303.816 303.405 303.847 303.372 303.881 303.335 303.92 303.294 303.965 303.245 304.018 303.188 304.08 303.12 304.155 303.036 304.249 302.929 304.372 302.788 304.538 302.589 304.78 302.288 305.165 301.777 305.874 300.738 307.499 298.209 300 
303.793 303.493 303.793 303.494 303.792 303.495 303.791 303.496 303.79 303.498 303.788 303.5 303.785 303.503 303.782 303.506 303.778 303.51 303.774 303.514 303.77 303.519 303.765 303.524 303.76 303.53 303.754 303.536 303.747 303.543 303.74 303.55 303.733 303.558 303.724 303.566 303.716 303.575 303.706 303.585 303.697 303.595 303.686 303.606 303.675 303.618 303.663 303.63 303.65 303.643 303.637 303.657 303.622 303.672 303.607 303.688 303.59 303.705 303.572 303.724 303.553 303.743 303.533 303.765 303.511 303.788 303.486 303.813 303.46 303.841 303.43 303.872 303.398 303.907 303.361 303.946 303.319 303.991 303.271 304.043 303.214 304.105 303.146 304.18 303.062 304.275 302.955 304.397 302.814 304.563 302.615 304.805 302.314 305.19 301.804 305.898 300.765 307.522 298.238 300 
303.819 303.519 303.819 303.519 303.818 303.52 303.817 303.522 303.815 303.524 303.813 303.526 303.81 303.529 303.807 303.532 303.804 303.536 303.8 303.54 303.795 303.545 303.79 303.55 303.785 303.556 303.779 303.562 303.773 303.568 303.766 303.576 303.758 303.584 303.75 303.592 303.741 303.601 303.732 303.611 303.722 303.621 303.711 303.632 303.7 303.643 303.688 303.656 303.676 303.669 303.662 303.683 303.648 303.698 303.632 303.714 303.616 303.731 303.598 303.749 303.579 303.769 303.558 303.79 303.536 303.813 303.512 303.839 303.485 303.867 303.456 303.897 303.423 303.932 303.387 303.971 303.345 304.016 303.296 304.068 303.24 304.13 303.172 304.206 303.088 304.3 302.981 304.422 302.839 304.588 302.641 304.83 302.341 305.214 301.83 305.922 300.792 307.545 298.268 300 
303.844 303.544 303.844 303.545 303.843 303.546 303.842 303.547 303.84 303.549 303.838 303.551 303.836 303.554 303.833 303.557 303.829 303.561 303.825 303.565 303.821 303.57 303.816 303.575 303.81 303.581 303.804 303.587 303.798 303.594 303.791 303.601 303.783 303.609 303.775 303.617 303.767 303.626 303.757 303.636 303.747 303.646 303.737 303.657 303.726 303.669 303.714 303.681 303.701 303.694 303.687 303.708 303.673 303.723 303.658 303.739 303.641 303.756 303.623 303.774 303.604 303.794 303.584 303.816 303.562 303.839 303.537 303.864 303.511 303.892 303.482 303.923 303.449 303.957 303.412 303.996 303.37 304.041 303.322 304.094 303.265 304.156 303.197 304.231 303.113 304.325 303.007 304.447 302.865 304.613 302.667 304.854 302.367 305.239 301.856 305.947 300.819 307.568 298.298 300 
303.87 303.57 303.869 303.57 303.869 303.571 303.867 303.573 303.866 303.575 303.864 303.577 303.861 303.58 303.858 303.583 303.855 303.587 303.851 303.591 303.846 303.596 303.841 303.601 303.836 303.607 303.83 303.613 303.823 303.62 303.816 303.627 303.809 303.635 303.801 303.643 303.792 303.652 303.783 303.662 303.773 303.672 303.762 303.683 303.751 303.694 303.739 303.707 303.726 303.72 303.713 303.734 303.699 303.749 303.683 303.764 303.667 303.782 303.649 303.8 303.63 303.82 303.609 303.841 303.587 303.864 303.563 303.889 303.536 303.917 303.507 303.948 303.475 303.983 303.438 304.022 303.396 304.067 303.348 304.119 303.291 304.181 303.223 304.256 303.139 304.35 303.033 304.472 302.891 304.638 302.693 304.879 302.393 305.264 301.883 305.971 300.846 307.591 298.327 300 
303.895 303.596 303.895 303.596 303.894 303.597 303.893 303.598 303.891 303.6 303.889 303.602 303.887 303.605 303.884 303.609 303.88 303.612 303.876 303.616 303.872 303.621 303.867 303.626 303.861 303.632 303.855 303.638 303.849 303.645 303.842 303.652 303.834 303.66 303.826 303.669 303.818 303.677 303.808 303.687 303.798 303.697 303.788 303.708 303.777 303.72 303.765 303.732 303.752 303.745 303.738 303.759 303.724 303.774 303.709 303.79 303.692 303.807 303.674 303.825 303.655 303.845 303.635 303.866 303.613 303.89 303.589 303.915 303.562 303.943 303.533 303.974 303.5 304.008 303.463 304.047 303.422 304.092 303.373 304.144 303.317 304.206 303.249 304.281 303.165 304.375 303.058 304.497 302.917 304.663 302.719 304.904 302.419 305.289 301.909 305.995 300.873 307.615 298.357 300 
303.92 303.621 303.92 303.622 303.919 303.622 303.918 303.624 303.917 303.626 303.915 303.628 303.912 303.631 303.909 303.634 303.906 303.638 303.902 303.642 303.897 303.647 303.892 303.652 303.887 303.658 303.881 303.664 303.874 303.671 303.867 303.678 303.86 303.686 303.852 303.694 303.843 303.703 303.834 303.713 303.824 303.723 303.813 303.734 303.802 303.745 303.79 303.758 303.777 303.771 303.764 303.785 303.749 303.799 303.734 303.815 303.718 303.832 303.7 303.851 303.681 303.87 303.66 303.892 303.638 303.915 303.614 303.94 303.588 303.968 303.558 303.999 303.526 304.033 303.489 304.072 303.447 304.117 303.399 304.169 303.342 304.231 303.274 304.306 303.191 304.4 303.084 304.522 302.943 304.688 302.745 304.929 302.445 305.313 301.936 306.02 300.9 307.638 298.387 300 
303.946 303.647 303.946 303.647 303.945 303.648 303.944 303.649 303.942 303.651 303.94 303.654 303.937 303.656 303.934 303.66 303.931 303.663 303.927 303.668 303.922 303.672 303.918 303.677 303.912 303.683 303.906 303.689 303.9 303.696 303.893 303.703 303.885 303.711 303.877 303.72 303.868 303.729 303.859 303.738 303.849 303.748 303.839 303.759 303.828 303.771 303.816 303.783 303.803 303.796 303.789 303.81 303.775 303.825 303.76 303.841 303.743 303.858 303.725 303.876 303.707 303.896 303.686 303.917 303.664 303.94 303.64 303.966 303.613 303.993 303.584 304.024 303.551 304.059 303.515 304.098 303.473 304.143 303.425 304.195 303.368 304.257 303.3 304.332 303.217 304.426 303.11 304.547 302.969 304.713 302.771 304.954 302.471 305.338 301.962 306.044 300.927 307.661 298.416 300 
303.971 303.672 303.971 303.673 303.97 303.674 303.969 303.675 303.967 303.677 303.965 303.679 303.963 303.682 303.96 303.685 303.956 303.689 303.952 303.693 303.948 303.698 303.943 303.703 303.938 303.709 303.932 303.715 303.925 303.722 303.918 303.729 303.911 303.737 303.902 303.745 303.894 303.754 303.885 303.764 303.875 303.774 303.864 303.785 303.853 303.796 303.841 303.808 303.828 303.822 303.815 303.836 303.8 303.85 303.785 303.866 303.769 303.883 303.751 303.902 303.732 303.921 303.712 303.943 303.689 303.966 303.665 303.991 303.639 304.019 303.61 304.05 303.577 304.084 303.54 304.123 303.499 304.168 303.45 304.22 303.394 304.282 303.326 304.357 303.242 304.451 303.136 304.573 302.995 304.738 302.797 304.979 302.497 305.363 301.989 306.068 300.954 307.684 298.446 300 
303.997 303.698 303.996 303.698 303.996 303.699 303.994 303.701 303.993 303.702 303.991 303.705 303.988 303.707 303.985 303.711 303.982 303.714 303.978 303.719 303.973 303.723 303.968 303.729 303.963 303.734 303.957 303.74 303.951 303.747 303.944 303.754 303.936 303.762 303.928 303.771 303.919 303.78 303.91 303.789 303.9 303.799 303.89 303.81 303.878 303.822 303.867 303.834 303.854 303.847 303.84 303.861 303.826 303.876 303.811 303.892 303.794 303.909 303.776 303.927 303.758 303.947 303.737 303.968 303.715 303.991 303.691 304.016 303.664 304.044 303.635 304.075 303.603 304.109 303.566 304.148 303.524 304.193 303.476 304.245 303.42 304.307 303.352 304.382 303.268 304.476 303.162 304.598 303.021 304.763 302.823 305.004 302.524 305.387 302.015 306.092 300.981 307.707 298.476 300 
304.022 303.723 304.022 303.724 304.021 303.725 304.02 303.726 304.018 303.728 304.016 303.73 304.014 303.733 304.011 303.736 304.007 303.74 304.003 303.744 303.999 303.749 303.994 303.754 303.988 303.76 303.982 303.766 303.976 303.773 303.969 303.78 303.961 303.788 303.953 303.796 303.945 303.805 303.935 303.815 303.926 303.825 303.915 303.836 303.904 303.847 303.892 303.859 303.879 303.873 303.866 303.886 303.851 303.901 303.836 303.917 303.82 303.934 303.802 303.953 303.783 303.972 303.763 303.993 303.74 304.017 303.716 304.042 303.69 304.07 303.661 304.1 303.628 304.135 303.592 304.174 303.55 304.218 303.502 304.271 303.445 304.332 303.377 304.407 303.294 304.501 303.188 304.623 303.047 304.788 302.849 305.029 302.55 305.412 302.041 306.117 301.008 307.731 298.505 300 
304.047 303.749 304.047 303.749 304.046 303.75 304.045 303.752 304.044 303.753 304.042 303.756 304.039 303.759 304.036 303.762 304.033 303.766 304.029 303.77 304.024 303.774 304.019 303.78 304.014 303.785 304.008 303.792 304.001 303.798 303.994 303.805 303.987 303.813 303.979 303.822 303.97 303.831 303.961 303.84 303.951 303.85 303.941 303.861 303.929 303.873 303.917 303.885 303.905 303.898 303.891 303.912 303.877 303.927 303.862 303.943 303.845 303.96 303.828 303.978 303.809 303.998 303.788 304.019 303.766 304.042 303.742 304.067 303.715 304.095 303.686 304.126 303.654 304.16 303.617 304.199 303.576 304.244 303.527 304.296 303.471 304.358 303.403 304.433 303.32 304.526 303.213 304.648 303.072 304.813 302.875 305.054 302.576 305.437 302.068 306.141 301.035 307.754 298.535 300 
304.073 303.774 304.073 303.775 304.072 303.776 304.071 303.777 304.069 303.779 304.067 303.781 304.064 303.784 304.061 303.787 304.058 303.791 304.054 303.795 304.05 303.8 304.045 303.805 304.039 303.811 304.033 303.817 304.027 303.824 304.02 303.831 304.012 303.839 304.004 303.847 303.996 303.856 303.986 303.866 303.977 303.876 303.966 303.887 303.955 303.898 303.943 303.91 303.93 303.923 303.917 303.937 303.902 303.952 303.887 303.968 303.871 303.985 303.853 304.003 303.834 304.023 303.814 304.044 303.792 304.067 303.767 304.093 303.741 304.12 303.712 304.151 303.679 304.185 303.643 304.224 303.601 304.269 303.553 304.321 303.497 304.383 303.429 304.458 303.345 304.551 303.239 304.673 303.098 304.838 302.901 305.079 302.602 305.461 302.094 306.165 301.062 307.777 298.565 300 
304.098 303.8 304.098 303.8 304.097 303.801 304.096 303.803 304.094 303.805 304.092 303.807 304.09 303.81 304.087 303.813 304.083 303.817 304.079 303.821 304.075 303.826 304.07 303.831 304.065 303.836 304.059 303.843 304.052 303.849 304.045 303.857 304.038 303.864 304.03 303.873 304.021 303.882 304.012 303.891 304.002 303.901 303.991 303.912 303.98 303.924 303.968 303.936 303.956 303.949 303.942 303.963 303.928 303.978 303.913 303.994 303.896 304.011 303.879 304.029 303.86 304.048 303.839 304.07 303.817 304.093 303.793 304.118 303.767 304.146 303.737 304.176 303.705 304.211 303.668 304.25 303.627 304.294 303.579 304.346 303.522 304.408 303.455 304.483 303.371 304.577 303.265 304.698 303.124 304.863 302.927 305.103 302.628 305.486 302.121 306.19 301.089 307.8 298.594 300 
304.124 303.826 304.123 303.826 304.123 303.827 304.122 303.828 304.12 303.83 304.118 303.832 304.115 303.835 304.112 303.838 304.109 303.842 304.105 303.846 304.1 303.851 304.095 303.856 304.09 303.862 304.084 303.868 304.078 303.875 304.071 303.882 304.063 303.89 304.055 303.898 304.046 303.907 304.037 303.917 304.027 303.927 304.017 303.938 304.006 303.949 303.994 303.961 303.981 303.974 303.968 303.988 303.953 304.003 303.938 304.019 303.922 304.036 303.904 304.054 303.885 304.074 303.865 304.095 303.843 304.118 303.819 304.143 303.792 304.171 303.763 304.202 303.731 304.236 303.694 304.275 303.652 304.32 303.604 304.372 303.548 304.433 303.48 304.508 303.397 304.602 303.291 304.723 303.15 304.888 302.953 305.128 302.654 305.511 302.147 306.214 301.116 307.823 298.624 300 
304.149 303.851 304.149 303.852 304.148 303.852 304.147 303.854 304.145 303.856 304.143 303.858 304.141 303.861 304.138 303.864 304.134 303.868 304.13 303.872 304.126 303.877 304.121 303.882 304.115 303.887 304.11 303.894 304.103 303.9 304.096 303.908 304.089 303.915 304.081 303.924 304.072 303.933 304.063 303.942 304.053 303.952 304.042 303.963 304.031 303.975 304.019 303.987 304.007 304 303.993 304.014 303.979 304.029 303.964 304.045 303.947 304.061 303.93 304.08 303.911 304.099 303.89 304.121 303.868 304.144 303.844 304.169 303.818 304.196 303.789 304.227 303.756 304.262 303.72 304.3 303.678 304.345 303.63 304.397 303.574 304.459 303.506 304.533 303.423 304.627 303.317 304.748 303.176 304.913 302.979 305.153 302.68 305.536 302.173 306.238 301.143 307.847 298.653 300 
304.174 303.877 304.174 303.877 304.173 303.878 304.172 303.879 304.171 303.881 304.169 303.884 304.166 303.886 304.163 303.89 304.16 303.893 304.156 303.897 304.151 303.902 304.146 303.907 304.141 303.913 304.135 303.919 304.129 303.926 304.122 303.933 304.114 303.941 304.106 303.949 304.097 303.958 304.088 303.968 304.078 303.978 304.068 303.989 304.057 304 304.045 304.012 304.032 304.025 304.019 304.039 304.004 304.054 303.989 304.07 303.973 304.087 303.955 304.105 303.936 304.125 303.916 304.146 303.894 304.169 303.87 304.194 303.843 304.222 303.814 304.253 303.782 304.287 303.745 304.326 303.704 304.37 303.656 304.422 303.599 304.484 303.532 304.559 303.448 304.652 303.342 304.773 303.202 304.938 303.005 305.178 302.707 305.56 302.2 306.263 301.17 307.87 298.683 300 
304.2 303.902 304.2 303.903 304.199 303.904 304.198 303.905 304.196 303.907 304.194 303.909 304.192 303.912 304.188 303.915 304.185 303.919 304.181 303.923 304.177 303.928 304.172 303.933 304.166 303.939 304.16 303.945 304.154 303.951 304.147 303.959 304.139 303.966 304.131 303.975 304.123 303.984 304.114 303.993 304.104 304.003 304.093 304.014 304.082 304.026 304.07 304.038 304.058 304.051 304.044 304.065 304.03 304.08 304.015 304.095 303.998 304.112 303.981 304.131 303.962 304.15 303.941 304.171 303.919 304.194 303.895 304.22 303.869 304.247 303.84 304.278 303.807 304.312 303.771 304.351 303.729 304.396 303.681 304.447 303.625 304.509 303.557 304.584 303.474 304.677 303.368 304.799 303.228 304.964 303.031 305.203 302.733 305.585 302.226 306.287 301.197 307.893 298.713 300 
304.225 303.928 304.225 303.928 304.224 303.929 304.223 303.93 304.222 303.932 304.219 303.935 304.217 303.937 304.214 303.941 304.21 303.944 304.206 303.949 304.202 303.953 304.197 303.958 304.192 303.964 304.186 303.97 304.179 303.977 304.172 303.984 304.165 303.992 304.157 304 304.148 304.009 304.139 304.019 304.129 304.029 304.119 304.04 304.108 304.051 304.096 304.063 304.083 304.076 304.07 304.09 304.055 304.105 304.04 304.121 304.024 304.138 304.006 304.156 303.987 304.176 303.967 304.197 303.945 304.22 303.921 304.245 303.894 304.273 303.865 304.303 303.833 304.338 303.796 304.376 303.755 304.421 303.707 304.473 303.651 304.534 303.583 304.609 303.5 304.702 303.394 304.824 303.254 304.989 303.057 305.228 302.759 305.61 302.253 306.311 301.224 307.916 298.742 300 
304.251 303.953 304.25 303.954 304.25 303.955 304.249 303.956 304.247 303.958 304.245 303.96 304.242 303.963 304.239 303.966 304.236 303.97 304.232 303.974 304.227 303.979 304.223 303.984 304.217 303.99 304.211 303.996 304.205 304.002 304.198 304.01 304.19 304.017 304.182 304.026 304.174 304.035 304.164 304.044 304.155 304.054 304.144 304.065 304.133 304.077 304.121 304.089 304.109 304.102 304.095 304.116 304.081 304.131 304.066 304.146 304.049 304.163 304.032 304.181 304.013 304.201 303.992 304.222 303.97 304.245 303.946 304.27 303.92 304.298 303.891 304.329 303.859 304.363 303.822 304.402 303.781 304.446 303.733 304.498 303.676 304.56 303.609 304.634 303.526 304.728 303.42 304.849 303.28 305.014 303.083 305.253 302.785 305.634 302.279 306.336 301.251 307.939 298.772 300 
304.276 303.979 304.276 303.979 304.275 303.98 304.274 303.982 304.272 303.983 304.27 303.986 304.268 303.988 304.265 303.992 304.261 303.995 304.257 304 304.253 304.004 304.248 304.009 304.243 304.015 304.237 304.021 304.23 304.028 304.223 304.035 304.216 304.043 304.208 304.051 304.199 304.06 304.19 304.07 304.18 304.08 304.17 304.091 304.159 304.102 304.147 304.114 304.134 304.127 304.121 304.141 304.106 304.156 304.091 304.172 304.075 304.189 304.057 304.207 304.038 304.226 304.018 304.248 303.996 304.271 303.972 304.296 303.946 304.323 303.916 304.354 303.884 304.388 303.848 304.427 303.806 304.472 303.758 304.523 303.702 304.585 303.635 304.659 303.551 304.753 303.446 304.874 303.305 305.039 303.109 305.278 302.811 305.659 302.305 306.36 301.278 307.963 298.802 300 
304.301 304.004 304.301 304.005 304.3 304.006 304.299 304.007 304.298 304.009 304.296 304.011 304.293 304.014 304.29 304.017 304.287 304.021 304.283 304.025 304.278 304.03 304.273 304.035 304.268 304.041 304.262 304.047 304.256 304.054 304.249 304.061 304.241 304.068 304.233 304.077 304.225 304.086 304.215 304.095 304.206 304.105 304.195 304.116 304.184 304.128 304.172 304.14 304.16 304.153 304.146 304.167 304.132 304.181 304.117 304.197 304.1 304.214 304.083 304.232 304.064 304.252 304.043 304.273 304.021 304.296 303.997 304.321 303.971 304.349 303.942 304.379 303.91 304.414 303.873 304.452 303.832 304.497 303.784 304.549 303.728 304.61 303.66 304.685 303.577 304.778 303.471 304.899 303.331 305.064 303.135 305.303 302.837 305.684 302.332 306.384 301.306 307.986 298.831 300 
304.327 304.03 304.327 304.03 304.326 304.031 304.325 304.033 304.323 304.035 304.321 304.037 304.319 304.04 304.316 304.043 304.312 304.047 304.308 304.051 304.304 304.055 304.299 304.061 304.293 304.066 304.287 304.072 304.281 304.079 304.274 304.086 304.267 304.094 304.259 304.102 304.25 304.111 304.241 304.121 304.231 304.131 304.221 304.142 304.209 304.153 304.198 304.165 304.185 304.178 304.172 304.192 304.157 304.207 304.142 304.223 304.126 304.24 304.108 304.258 304.089 304.277 304.069 304.298 304.047 304.321 304.023 304.347 303.997 304.374 303.968 304.405 303.935 304.439 303.899 304.478 303.858 304.522 303.81 304.574 303.753 304.635 303.686 304.71 303.603 304.803 303.497 304.924 303.357 305.089 303.161 305.328 302.863 305.708 302.358 306.408 301.333 308.009 298.861 300 
304.352 304.055 304.352 304.056 304.351 304.057 304.35 304.058 304.349 304.06 304.346 304.062 304.344 304.065 304.341 304.068 304.337 304.072 304.334 304.076 304.329 304.081 304.324 304.086 304.319 304.092 304.313 304.098 304.306 304.105 304.3 304.112 304.292 304.12 304.284 304.128 304.275 304.137 304.266 304.146 304.256 304.156 304.246 304.167 304.235 304.179 304.223 304.191 304.21 304.204 304.197 304.218 304.183 304.232 304.167 304.248 304.151 304.265 304.134 304.283 304.115 304.303 304.095 304.324 304.073 304.347 304.049 304.372 304.022 304.4 303.993 304.43 303.961 304.464 303.925 304.503 303.883 304.547 303.835 304.599 303.779 304.661 303.712 304.735 303.629 304.828 303.523 304.949 303.383 305.114 303.187 305.352 302.89 305.733 302.385 306.433 301.36 308.032 298.891 300 
304.378 304.081 304.377 304.081 304.377 304.082 304.376 304.084 304.374 304.086 304.372 304.088 304.369 304.091 304.366 304.094 304.363 304.098 304.359 304.102 304.355 304.106 304.35 304.112 304.344 304.117 304.338 304.123 304.332 304.13 304.325 304.137 304.318 304.145 304.309 304.153 304.301 304.162 304.292 304.172 304.282 304.182 304.271 304.193 304.26 304.204 304.249 304.216 304.236 304.229 304.223 304.243 304.208 304.258 304.193 304.274 304.177 304.291 304.159 304.309 304.14 304.328 304.12 304.349 304.098 304.372 304.074 304.397 304.048 304.425 304.019 304.455 303.987 304.49 303.95 304.528 303.909 304.573 303.861 304.624 303.805 304.686 303.737 304.76 303.654 304.853 303.549 304.974 303.409 305.139 303.213 305.377 302.916 305.758 302.411 306.457 301.387 308.055 298.92 300 
304.403 304.107 304.403 304.107 304.402 304.108 304.401 304.109 304.399 304.111 304.397 304.113 304.395 304.116 304.392 304.119 304.388 304.123 304.384 304.127 304.38 304.132 304.375 304.137 304.37 304.143 304.364 304.149 304.357 304.156 304.35 304.163 304.343 304.171 304.335 304.179 304.326 304.188 304.317 304.197 304.307 304.207 304.297 304.218 304.286 304.23 304.274 304.242 304.261 304.255 304.248 304.269 304.234 304.283 304.218 304.299 304.202 304.316 304.185 304.334 304.166 304.354 304.146 304.375 304.124 304.398 304.1 304.423 304.073 304.45 304.044 304.481 304.012 304.515 303.976 304.554 303.934 304.598 303.887 304.65 303.831 304.711 303.763 304.786 303.68 304.879 303.575 304.999 303.435 305.164 303.239 305.402 302.942 305.783 302.438 306.481 301.414 308.079 298.95 300 
304.428 304.132 304.428 304.133 304.428 304.134 304.426 304.135 304.425 304.137 304.423 304.139 304.42 304.142 304.417 304.145 304.414 304.149 304.41 304.153 304.405 304.158 304.4 304.163 304.395 304.168 304.389 304.174 304.383 304.181 304.376 304.188 304.368 304.196 304.36 304.204 304.352 304.213 304.343 304.223 304.333 304.233 304.322 304.244 304.311 304.255 304.299 304.267 304.287 304.28 304.274 304.294 304.259 304.309 304.244 304.325 304.228 304.341 304.21 304.36 304.191 304.379 304.171 304.4 304.149 304.423 304.125 304.448 304.099 304.476 304.07 304.506 304.038 304.54 304.001 304.579 303.96 304.623 303.912 304.675 303.856 304.736 303.789 304.811 303.706 304.904 303.601 305.025 303.461 305.189 303.265 305.427 302.968 305.807 302.464 306.506 301.441 308.102 298.979 300 
304.454 304.158 304.454 304.158 304.453 304.159 304.452 304.16 304.45 304.162 304.448 304.165 304.446 304.167 304.443 304.171 304.439 304.174 304.435 304.178 304.431 304.183 304.426 304.188 304.42 304.194 304.415 304.2 304.408 304.207 304.401 304.214 304.394 304.222 304.386 304.23 304.377 304.239 304.368 304.248 304.358 304.258 304.348 304.269 304.337 304.281 304.325 304.293 304.312 304.306 304.299 304.32 304.285 304.334 304.269 304.35 304.253 304.367 304.236 304.385 304.217 304.404 304.197 304.426 304.175 304.448 304.151 304.474 304.125 304.501 304.096 304.532 304.063 304.566 304.027 304.604 303.986 304.649 303.938 304.7 303.882 304.762 303.815 304.836 303.732 304.929 303.626 305.05 303.487 305.214 303.291 305.452 302.994 305.832 302.49 306.53 301.468 308.125 299.009 300 
304.479 304.183 304.479 304.184 304.478 304.185 304.477 304.186 304.476 304.188 304.474 304.19 304.471 304.193 304.468 304.196 304.465 304.2 304.461 304.204 304.456 304.209 304.451 304.214 304.446 304.219 304.44 304.226 304.434 304.232 304.427 304.239 304.419 304.247 304.411 304.255 304.403 304.264 304.394 304.274 304.384 304.284 304.373 304.295 304.362 304.306 304.35 304.318 304.338 304.331 304.324 304.345 304.31 304.36 304.295 304.375 304.279 304.392 304.261 304.41 304.242 304.43 304.222 304.451 304.2 304.474 304.176 304.499 304.15 304.526 304.121 304.557 304.089 304.591 304.053 304.63 304.011 304.674 303.964 304.726 303.908 304.787 303.84 304.861 303.758 304.954 303.652 305.075 303.513 305.239 303.317 305.477 303.02 305.857 302.517 306.554 301.495 308.148 299.039 300 
304.505 304.209 304.504 304.209 304.504 304.21 304.503 304.212 304.501 304.213 304.499 304.216 304.496 304.218 304.493 304.222 304.49 304.225 304.486 304.23 304.482 304.234 304.477 304.239 304.471 304.245 304.465 304.251 304.459 304.258 304.452 304.265 304.445 304.273 304.437 304.281 304.428 304.29 304.419 304.299 304.409 304.309 304.399 304.32 304.388 304.331 304.376 304.344 304.363 304.357 304.35 304.37 304.336 304.385 304.32 304.401 304.304 304.418 304.287 304.436 304.268 304.455 304.248 304.476 304.226 304.499 304.202 304.524 304.176 304.552 304.147 304.582 304.115 304.616 304.078 304.655 304.037 304.699 303.989 304.751 303.933 304.812 303.866 304.886 303.783 304.979 303.678 305.1 303.538 305.264 303.343 305.502 303.046 305.881 302.543 306.579 301.522 308.171 299.068 300 
304.53 304.234 304.53 304.235 304.529 304.236 304.528 304.237 304.526 304.239 304.524 304.241 304.522 304.244 304.519 304.247 304.515 304.251 304.511 304.255 304.507 304.26 304.502 304.265 304.497 304.27 304.491 304.277 304.484 304.283 304.478 304.29 304.47 304.298 304.462 304.306 304.454 304.315 304.444 304.325 304.435 304.335 304.424 304.346 304.413 304.357 304.401 304.369 304.389 304.382 304.375 304.396 304.361 304.411 304.346 304.426 304.33 304.443 304.312 304.461 304.293 304.481 304.273 304.502 304.251 304.525 304.227 304.55 304.201 304.577 304.172 304.608 304.14 304.642 304.104 304.68 304.063 304.725 304.015 304.776 303.959 304.837 303.892 304.912 303.809 305.004 303.704 305.125 303.564 305.289 303.369 305.527 303.072 305.906 302.57 306.603 301.549 308.195 299.098 300 
304.555 304.26 304.555 304.26 304.555 304.261 304.553 304.263 304.552 304.264 304.55 304.267 304.547 304.27 304.544 304.273 304.541 304.276 304.537 304.281 304.532 304.285 304.528 304.29 304.522 304.296 304.516 304.302 304.51 304.309 304.503 304.316 304.496 304.324 304.488 304.332 304.479 304.341 304.47 304.35 304.46 304.36 304.45 304.371 304.439 304.382 304.427 304.395 304.414 304.408 304.401 304.421 304.387 304.436 304.371 304.452 304.355 304.469 304.338 304.487 304.319 304.506 304.299 304.527 304.277 304.55 304.253 304.575 304.227 304.603 304.198 304.633 304.166 304.667 304.129 304.706 304.088 304.75 304.041 304.801 303.985 304.863 303.918 304.937 303.835 305.03 303.73 305.15 303.59 305.314 303.395 305.552 303.099 305.931 302.596 306.627 301.576 308.218 299.127 300 
304.581 304.285 304.581 304.286 304.58 304.287 304.579 304.288 304.577 304.29 304.575 304.292 304.573 304.295 304.57 304.298 304.566 304.302 304.562 304.306 304.558 304.311 304.553 304.316 304.548 304.322 304.542 304.328 304.535 304.334 304.528 304.341 304.521 304.349 304.513 304.357 304.504 304.366 304.495 304.376 304.486 304.386 304.475 304.397 304.464 304.408 304.452 304.42 304.44 304.433 304.426 304.447 304.412 304.462 304.397 304.477 304.381 304.494 304.363 304.512 304.345 304.532 304.324 304.553 304.302 304.576 304.279 304.6 304.252 304.628 304.223 304.658 304.191 304.692 304.155 304.731 304.114 304.775 304.066 304.827 304.01 304.888 303.943 304.962 303.861 305.055 303.755 305.175 303.616 305.339 303.421 305.577 303.125 305.955 302.622 306.652 301.603 308.241 299.157 300 
304.606 304.311 304.606 304.311 304.605 304.312 304.604 304.314 304.603 304.316 304.601 304.318 304.598 304.321 304.595 304.324 304.592 304.328 304.588 304.332 304.583 304.336 304.578 304.341 304.573 304.347 304.567 304.353 304.561 304.36 304.554 304.367 304.546 304.375 304.538 304.383 304.53 304.392 304.521 304.401 304.511 304.411 304.501 304.422 304.49 304.433 304.478 304.446 304.465 304.459 304.452 304.472 304.438 304.487 304.422 304.503 304.406 304.52 304.389 304.538 304.37 304.557 304.35 304.578 304.328 304.601 304.304 304.626 304.278 304.653 304.249 304.684 304.217 304.718 304.181 304.756 304.14 304.801 304.092 304.852 304.036 304.913 303.969 304.987 303.886 305.08 303.781 305.2 303.642 305.364 303.447 305.602 303.151 305.98 302.649 306.676 301.63 308.264 299.187 300 
304.632 304.337 304.631 304.337 304.631 304.338 304.63 304.339 304.628 304.341 304.626 304.343 304.623 304.346 304.62 304.349 304.617 304.353 304.613 304.357 304.609 304.362 304.604 304.367 304.598 304.373 304.593 304.379 304.586 304.385 304.579 304.393 304.572 304.4 304.564 304.408 304.555 304.417 304.546 304.427 304.536 304.437 304.526 304.448 304.515 304.459 304.503 304.471 304.491 304.484 304.477 304.498 304.463 304.513 304.448 304.528 304.432 304.545 304.414 304.563 304.396 304.582 304.375 304.604 304.353 304.626 304.33 304.651 304.303 304.679 304.275 304.709 304.242 304.743 304.206 304.782 304.165 304.826 304.118 304.877 304.062 304.938 303.995 305.012 303.912 305.105 303.807 305.225 303.668 305.389 303.473 305.626 303.177 306.005 302.675 306.7 301.657 308.288 299.216 300 
304.657 304.362 304.657 304.363 304.656 304.363 304.655 304.365 304.653 304.367 304.651 304.369 304.649 304.372 304.646 304.375 304.642 304.379 304.638 304.383 304.634 304.387 304.629 304.393 304.624 304.398 304.618 304.404 304.612 304.411 304.605 304.418 304.597 304.426 304.589 304.434 304.581 304.443 304.572 304.452 304.562 304.462 304.552 304.473 304.54 304.484 304.529 304.497 304.516 304.51 304.503 304.523 304.489 304.538 304.473 304.554 304.457 304.57 304.44 304.588 304.421 304.608 304.401 304.629 304.379 304.652 304.355 304.677 304.329 304.704 304.3 304.735 304.268 304.769 304.232 304.807 304.191 304.851 304.143 304.903 304.087 304.964 304.02 305.038 303.938 305.13 303.833 305.251 303.694 305.414 303.499 305.651 303.203 306.03 302.702 306.725 301.684 308.311 299.246 300 
304.682 304.388 304.682 304.388 304.682 304.389 304.68 304.39 304.679 304.392 304.677 304.395 304.674 304.397 304.671 304.4 304.668 304.404 304.664 304.408 304.66 304.413 304.655 304.418 304.649 304.424 304.643 304.43 304.637 304.436 304.63 304.444 304.623 304.451 304.615 304.46 304.606 304.468 304.597 304.478 304.587 304.488 304.577 304.499 304.566 304.51 304.554 304.522 304.542 304.535 304.528 304.549 304.514 304.563 304.499 304.579 304.483 304.596 304.465 304.614 304.447 304.633 304.426 304.654 304.405 304.677 304.381 304.702 304.355 304.729 304.326 304.76 304.294 304.794 304.258 304.832 304.216 304.876 304.169 304.928 304.113 304.989 304.046 305.063 303.964 305.156 303.859 305.276 303.72 305.439 303.525 305.676 303.229 306.054 302.728 306.749 301.711 308.334 299.275 300 
304.708 304.413 304.708 304.414 304.707 304.415 304.706 304.416 304.704 304.418 304.702 304.42 304.7 304.423 304.697 304.426 304.693 304.43 304.689 304.434 304.685 304.438 304.68 304.444 304.675 304.449 304.669 304.455 304.662 304.462 304.656 304.469 304.648 304.477 304.64 304.485 304.632 304.494 304.623 304.503 304.613 304.513 304.602 304.524 304.591 304.535 304.58 304.548 304.567 304.56 304.554 304.574 304.54 304.589 304.524 304.605 304.508 304.621 304.491 304.639 304.472 304.659 304.452 304.68 304.43 304.703 304.406 304.727 304.38 304.755 304.351 304.785 304.319 304.819 304.283 304.858 304.242 304.902 304.195 304.953 304.139 305.014 304.072 305.088 303.989 305.181 303.885 305.301 303.745 305.464 303.551 305.701 303.255 306.079 302.754 306.773 301.738 308.357 299.305 300 
304.733 304.439 304.733 304.439 304.732 304.44 304.731 304.441 304.73 304.443 304.728 304.446 304.725 304.448 304.722 304.452 304.719 304.455 304.715 304.459 304.71 304.464 304.705 304.469 304.7 304.475 304.694 304.481 304.688 304.487 304.681 304.495 304.674 304.502 304.666 304.511 304.657 304.519 304.648 304.529 304.638 304.539 304.628 304.55 304.617 304.561 304.605 304.573 304.593 304.586 304.579 304.6 304.565 304.614 304.55 304.63 304.534 304.647 304.516 304.665 304.498 304.684 304.477 304.705 304.456 304.728 304.432 304.753 304.406 304.78 304.377 304.811 304.345 304.845 304.309 304.883 304.268 304.927 304.22 304.978 304.164 305.039 304.098 305.113 304.015 305.206 303.91 305.326 303.771 305.489 303.577 305.726 303.282 306.104 302.781 306.798 301.765 308.38 299.335 300 
304.759 304.464 304.758 304.465 304.758 304.466 304.757 304.467 304.755 304.469 304.753 304.471 304.75 304.474 304.747 304.477 304.744 304.481 304.74 304.485 304.736 304.49 304.731 304.495 304.726 304.5 304.72 304.506 304.713 304.513 304.706 304.52 304.699 304.528 304.691 304.536 304.683 304.545 304.673 304.554 304.664 304.564 304.653 304.575 304.642 304.586 304.631 304.599 304.618 304.611 304.605 304.625 304.591 304.64 304.575 304.655 304.559 304.672 304.542 304.69 304.523 304.71 304.503 304.731 304.481 304.753 304.457 304.778 304.431 304.806 304.403 304.836 304.37 304.87 304.334 304.908 304.293 304.952 304.246 305.004 304.19 305.065 304.123 305.139 304.041 305.231 303.936 305.351 303.797 305.514 303.603 305.751 303.308 306.128 302.807 306.822 301.792 308.404 299.364 300 
304.784 304.49 304.784 304.49 304.783 304.491 304.782 304.493 304.78 304.494 304.778 304.497 304.776 304.499 304.773 304.503 304.769 304.506 304.766 304.51 304.761 304.515 304.756 304.52 304.751 304.526 304.745 304.532 304.739 304.539 304.732 304.546 304.724 304.553 304.716 304.562 304.708 304.57 304.699 304.58 304.689 304.59 304.679 304.601 304.668 304.612 304.656 304.624 304.644 304.637 304.63 304.651 304.616 304.665 304.601 304.681 304.585 304.698 304.567 304.716 304.549 304.735 304.529 304.756 304.507 304.779 304.483 304.804 304.457 304.831 304.428 304.861 304.396 304.895 304.36 304.934 304.319 304.978 304.272 305.029 304.216 305.09 304.149 305.164 304.067 305.256 303.962 305.376 303.823 305.539 303.629 305.776 303.334 306.153 302.834 306.846 301.819 308.427 299.394 300 
304.809 304.515 304.809 304.516 304.809 304.517 304.807 304.518 304.806 304.52 304.804 304.522 304.801 304.525 304.798 304.528 304.795 304.532 304.791 304.536 304.787 304.541 304.782 304.546 304.776 304.551 304.771 304.557 304.764 304.564 304.757 304.571 304.75 304.579 304.742 304.587 304.733 304.596 304.724 304.605 304.715 304.615 304.704 304.626 304.693 304.637 304.681 304.649 304.669 304.662 304.656 304.676 304.642 304.691 304.626 304.706 304.61 304.723 304.593 304.741 304.574 304.761 304.554 304.781 304.532 304.804 304.508 304.829 304.482 304.856 304.454 304.887 304.422 304.921 304.386 304.959 304.345 305.003 304.297 305.054 304.242 305.115 304.175 305.189 304.092 305.281 303.988 305.401 303.849 305.564 303.654 305.801 303.36 306.178 302.86 306.87 301.846 308.45 299.423 300 
304.835 304.541 304.835 304.541 304.834 304.542 304.833 304.544 304.831 304.546 304.829 304.548 304.827 304.551 304.824 304.554 304.82 304.557 304.816 304.562 304.812 304.566 304.807 304.571 304.802 304.577 304.796 304.583 304.79 304.59 304.783 304.597 304.775 304.604 304.767 304.613 304.759 304.621 304.75 304.631 304.74 304.641 304.73 304.652 304.719 304.663 304.707 304.675 304.694 304.688 304.681 304.702 304.667 304.716 304.652 304.732 304.636 304.749 304.618 304.767 304.6 304.786 304.58 304.807 304.558 304.83 304.534 304.854 304.508 304.882 304.479 304.912 304.447 304.946 304.411 304.984 304.37 305.028 304.323 305.08 304.267 305.14 304.2 305.214 304.118 305.307 304.014 305.426 303.875 305.589 303.68 305.826 303.386 306.203 302.886 306.895 301.873 308.473 299.453 300 
304.86 304.567 304.86 304.567 304.859 304.568 304.858 304.569 304.857 304.571 304.855 304.573 304.852 304.576 304.849 304.579 304.846 304.583 304.842 304.587 304.837 304.592 304.833 304.597 304.827 304.602 304.821 304.609 304.815 304.615 304.808 304.622 304.801 304.63 304.793 304.638 304.784 304.647 304.775 304.656 304.765 304.666 304.755 304.677 304.744 304.688 304.732 304.7 304.72 304.713 304.707 304.727 304.693 304.742 304.677 304.757 304.661 304.774 304.644 304.792 304.625 304.811 304.605 304.832 304.583 304.855 304.56 304.88 304.534 304.907 304.505 304.937 304.473 304.971 304.437 305.01 304.396 305.054 304.349 305.105 304.293 305.166 304.226 305.239 304.144 305.332 304.039 305.451 303.901 305.614 303.706 305.851 303.412 306.227 302.913 306.919 301.9 308.497 299.483 300 
304.886 304.592 304.885 304.593 304.885 304.593 304.884 304.595 304.882 304.597 304.88 304.599 304.878 304.602 304.875 304.605 304.871 304.608 304.867 304.613 304.863 304.617 304.858 304.622 304.853 304.628 304.847 304.634 304.84 304.641 304.834 304.648 304.826 304.655 304.818 304.664 304.81 304.672 304.801 304.682 304.791 304.692 304.781 304.703 304.77 304.714 304.758 304.726 304.745 304.739 304.732 304.753 304.718 304.767 304.703 304.783 304.687 304.799 304.669 304.817 304.651 304.837 304.631 304.858 304.609 304.88 304.585 304.905 304.559 304.933 304.53 304.963 304.498 304.997 304.462 305.035 304.422 305.079 304.374 305.13 304.319 305.191 304.252 305.265 304.17 305.357 304.065 305.476 303.927 305.639 303.732 305.875 303.438 306.252 302.939 306.943 301.927 308.52 299.512 300 
304.911 304.618 304.911 304.618 304.91 304.619 304.909 304.62 304.907 304.622 304.905 304.624 304.903 304.627 304.9 304.63 304.897 304.634 304.893 304.638 304.888 304.643 304.883 304.648 304.878 304.653 304.872 304.66 304.866 304.666 304.859 304.673 304.852 304.681 304.844 304.689 304.835 304.698 304.826 304.707 304.816 304.717 304.806 304.728 304.795 304.739 304.783 304.751 304.771 304.764 304.758 304.778 304.743 304.793 304.728 304.808 304.712 304.825 304.695 304.843 304.676 304.862 304.656 304.883 304.634 304.906 304.611 304.931 304.585 304.958 304.556 304.988 304.524 305.022 304.488 305.06 304.447 305.104 304.4 305.155 304.344 305.216 304.278 305.29 304.195 305.382 304.091 305.502 303.953 305.664 303.758 305.9 303.464 306.277 302.966 306.968 301.954 308.543 299.542 300 
304.936 304.643 304.936 304.644 304.936 304.645 304.934 304.646 304.933 304.648 304.931 304.65 304.928 304.653 304.925 304.656 304.922 304.66 304.918 304.664 304.914 304.668 304.909 304.673 304.903 304.679 304.898 304.685 304.891 304.692 304.884 304.699 304.877 304.706 304.869 304.715 304.861 304.723 304.852 304.733 304.842 304.743 304.832 304.754 304.821 304.765 304.809 304.777 304.796 304.79 304.783 304.803 304.769 304.818 304.754 304.834 304.738 304.85 304.72 304.868 304.702 304.888 304.682 304.909 304.66 304.931 304.636 304.956 304.61 304.983 304.582 305.014 304.55 305.047 304.514 305.086 304.473 305.13 304.426 305.181 304.37 305.241 304.303 305.315 304.221 305.407 304.117 305.527 303.978 305.689 303.784 305.925 303.491 306.301 302.992 306.992 301.981 308.566 299.571 300 
304.962 304.669 304.962 304.669 304.961 304.67 304.96 304.671 304.958 304.673 304.956 304.676 304.954 304.678 304.951 304.681 304.947 304.685 304.943 304.689 304.939 304.694 304.934 304.699 304.929 304.705 304.923 304.711 304.917 304.717 304.91 304.724 304.902 304.732 304.895 304.74 304.886 304.749 304.877 304.758 304.867 304.768 304.857 304.779 304.846 304.79 304.834 304.802 304.822 304.815 304.809 304.829 304.794 304.844 304.779 304.859 304.763 304.876 304.746 304.894 304.727 304.913 304.707 304.934 304.686 304.957 304.662 304.981 304.636 305.009 304.607 305.039 304.575 305.073 304.539 305.111 304.498 305.155 304.451 305.206 304.396 305.267 304.329 305.34 304.247 305.432 304.143 305.552 304.004 305.714 303.81 305.95 303.517 306.326 303.018 307.016 302.008 308.59 299.601 300 
304.987 304.694 304.987 304.695 304.986 304.696 304.985 304.697 304.984 304.699 304.982 304.701 304.979 304.704 304.976 304.707 304.973 304.711 304.969 304.715 304.964 304.719 304.96 304.724 304.954 304.73 304.948 304.736 304.942 304.743 304.935 304.75 304.928 304.758 304.92 304.766 304.911 304.774 304.902 304.784 304.893 304.794 304.882 304.804 304.871 304.816 304.86 304.828 304.847 304.841 304.834 304.854 304.82 304.869 304.805 304.885 304.789 304.901 304.771 304.919 304.753 304.939 304.733 304.959 304.711 304.982 304.687 305.007 304.661 305.034 304.633 305.064 304.601 305.098 304.565 305.136 304.524 305.18 304.477 305.231 304.421 305.292 304.355 305.366 304.273 305.458 304.168 305.577 304.03 305.739 303.836 305.975 303.543 306.351 303.045 307.041 302.035 308.613 299.63 300 
305.013 304.72 305.012 304.72 305.012 304.721 305.011 304.723 305.009 304.724 305.007 304.727 305.005 304.729 305.002 304.733 304.998 304.736 304.994 304.74 304.99 304.745 304.985 304.75 304.98 304.756 304.974 304.762 304.968 304.768 304.961 304.775 304.953 304.783 304.945 304.791 304.937 304.8 304.928 304.809 304.918 304.819 304.908 304.83 304.897 304.841 304.885 304.853 304.873 304.866 304.86 304.88 304.845 304.894 304.83 304.91 304.814 304.927 304.797 304.945 304.778 304.964 304.758 304.985 304.737 305.007 304.713 305.032 304.687 305.059 304.658 305.09 304.626 305.123 304.591 305.162 304.55 305.206 304.502 305.257 304.447 305.317 304.38 305.391 304.298 305.483 304.194 305.602 304.056 305.764 303.862 306 303.569 306.376 303.071 307.065 302.062 308.636 299.66 300 
305.038 304.745 305.038 304.746 305.037 304.747 305.036 304.748 305.034 304.75 305.032 304.752 305.03 304.755 305.027 304.758 305.024 304.762 305.02 304.766 305.015 304.77 305.01 304.776 305.005 304.781 304.999 304.787 304.993 304.794 304.986 304.801 304.979 304.809 304.971 304.817 304.962 304.826 304.953 304.835 304.944 304.845 304.933 304.855 304.922 304.867 304.911 304.879 304.898 304.892 304.885 304.905 304.871 304.92 304.856 304.936 304.84 304.952 304.822 304.97 304.804 304.989 304.784 305.01 304.762 305.033 304.738 305.058 304.713 305.085 304.684 305.115 304.652 305.149 304.616 305.187 304.575 305.231 304.528 305.282 304.473 305.342 304.406 305.416 304.324 305.508 304.22 305.627 304.082 305.789 303.888 306.025 303.595 306.4 303.098 307.089 302.089 308.659 299.689 300 
305.064 304.771 305.063 304.771 305.063 304.772 305.061 304.774 305.06 304.775 305.058 304.778 305.055 304.78 305.052 304.784 305.049 304.787 305.045 304.791 305.041 304.796 305.036 304.801 305.031 304.807 305.025 304.813 305.018 304.819 305.012 304.826 305.004 304.834 304.996 304.842 304.988 304.851 304.979 304.86 304.969 304.87 304.959 304.881 304.948 304.892 304.936 304.904 304.924 304.917 304.911 304.931 304.896 304.945 304.881 304.961 304.865 304.978 304.848 304.996 304.829 305.015 304.809 305.036 304.788 305.058 304.764 305.083 304.738 305.11 304.709 305.14 304.678 305.174 304.642 305.212 304.601 305.256 304.554 305.307 304.498 305.368 304.432 305.441 304.35 305.533 304.246 305.652 304.108 305.814 303.914 306.05 303.621 306.425 303.124 307.114 302.116 308.682 299.719 300 
305.089 304.796 305.089 304.797 305.088 304.798 305.087 304.799 305.085 304.801 305.083 304.803 305.081 304.806 305.078 304.809 305.074 304.813 305.071 304.817 305.066 304.822 305.061 304.827 305.056 304.832 305.05 304.838 305.044 304.845 305.037 304.852 305.03 304.86 305.022 304.868 305.013 304.877 305.004 304.886 304.995 304.896 304.984 304.906 304.973 304.918 304.962 304.93 304.949 304.943 304.936 304.956 304.922 304.971 304.907 304.986 304.891 305.003 304.873 305.021 304.855 305.04 304.835 305.061 304.813 305.084 304.79 305.108 304.764 305.136 304.735 305.166 304.703 305.2 304.667 305.238 304.627 305.281 304.579 305.332 304.524 305.393 304.458 305.466 304.376 305.558 304.272 305.677 304.134 305.839 303.94 306.075 303.647 306.45 303.15 307.138 302.143 308.706 299.749 300 
305.114 304.822 305.114 304.822 305.113 304.823 305.112 304.825 305.111 304.827 305.109 304.829 305.106 304.832 305.103 304.835 305.1 304.838 305.096 304.843 305.092 304.847 305.087 304.852 305.081 304.858 305.076 304.864 305.069 304.87 305.062 304.877 305.055 304.885 305.047 304.893 305.039 304.902 305.03 304.911 305.02 304.921 305.01 304.932 304.999 304.943 304.987 304.955 304.975 304.968 304.961 304.982 304.947 304.996 304.932 305.012 304.916 305.029 304.899 305.046 304.88 305.066 304.86 305.086 304.839 305.109 304.815 305.134 304.789 305.161 304.761 305.191 304.729 305.225 304.693 305.263 304.652 305.307 304.605 305.358 304.55 305.418 304.483 305.492 304.402 305.583 304.298 305.703 304.16 305.865 303.966 306.1 303.674 306.474 303.177 307.162 302.17 308.729 299.778 300 
305.14 304.848 305.14 304.848 305.139 304.849 305.138 304.85 305.136 304.852 305.134 304.854 305.132 304.857 305.129 304.86 305.125 304.864 305.121 304.868 305.117 304.873 305.112 304.878 305.107 304.883 305.101 304.889 305.095 304.896 305.088 304.903 305.081 304.911 305.073 304.919 305.064 304.928 305.055 304.937 305.045 304.947 305.035 304.957 305.024 304.969 305.013 304.981 305 304.994 304.987 305.007 304.973 305.022 304.958 305.037 304.942 305.054 304.925 305.072 304.906 305.091 304.886 305.112 304.864 305.135 304.841 305.159 304.815 305.186 304.786 305.217 304.754 305.25 304.719 305.288 304.678 305.332 304.631 305.383 304.575 305.443 304.509 305.517 304.427 305.609 304.323 305.728 304.185 305.89 303.992 306.125 303.7 306.499 303.203 307.187 302.197 308.752 299.808 300 
305.165 304.873 305.165 304.874 305.164 304.874 305.163 304.876 305.162 304.878 305.159 304.88 305.157 304.883 305.154 304.886 305.151 304.889 305.147 304.894 305.142 304.898 305.138 304.903 305.132 304.909 305.126 304.915 305.12 304.921 305.113 304.929 305.106 304.936 305.098 304.944 305.09 304.953 305.081 304.962 305.071 304.972 305.061 304.983 305.05 304.994 305.038 305.006 305.026 305.019 305.012 305.033 304.998 305.047 304.983 305.063 304.967 305.079 304.95 305.097 304.931 305.117 304.911 305.137 304.89 305.16 304.866 305.185 304.84 305.212 304.812 305.242 304.78 305.276 304.744 305.314 304.703 305.357 304.656 305.408 304.601 305.469 304.535 305.542 304.453 305.634 304.349 305.753 304.211 305.915 304.018 306.149 303.726 306.524 303.23 307.211 302.224 308.775 299.837 300 
305.191 304.899 305.19 304.899 305.19 304.9 305.189 304.901 305.187 304.903 305.185 304.905 305.182 304.908 305.179 304.911 305.176 304.915 305.172 304.919 305.168 304.924 305.163 304.929 305.158 304.934 305.152 304.94 305.146 304.947 305.139 304.954 305.131 304.962 305.123 304.97 305.115 304.979 305.106 304.988 305.096 304.998 305.086 305.008 305.075 305.02 305.064 305.032 305.051 305.045 305.038 305.058 305.024 305.073 305.009 305.088 304.993 305.105 304.976 305.123 304.957 305.142 304.937 305.163 304.915 305.185 304.892 305.21 304.866 305.237 304.837 305.267 304.806 305.301 304.77 305.339 304.729 305.383 304.682 305.434 304.627 305.494 304.56 305.567 304.479 305.659 304.375 305.778 304.237 305.94 304.044 306.174 303.752 306.549 303.256 307.235 302.251 308.799 299.867 300 
305.216 304.924 305.216 304.925 305.215 304.926 305.214 304.927 305.212 304.929 305.21 304.931 305.208 304.934 305.205 304.937 305.201 304.941 305.198 304.945 305.193 304.949 305.188 304.954 305.183 304.96 305.177 304.966 305.171 304.972 305.164 304.98 305.157 304.987 305.149 304.995 305.14 305.004 305.131 305.013 305.122 305.023 305.112 305.034 305.101 305.045 305.089 305.057 305.077 305.07 305.063 305.084 305.049 305.098 305.034 305.114 305.018 305.13 305.001 305.148 304.983 305.167 304.963 305.188 304.941 305.211 304.917 305.235 304.891 305.263 304.863 305.293 304.831 305.326 304.795 305.364 304.755 305.408 304.708 305.459 304.652 305.519 304.586 305.592 304.505 305.684 304.401 305.803 304.263 305.965 304.07 306.199 303.778 306.573 303.282 307.26 302.278 308.822 299.896 300 
305.241 304.95 305.241 304.95 305.24 304.951 305.239 304.952 305.238 304.954 305.236 304.957 305.233 304.959 305.23 304.962 305.227 304.966 305.223 304.97 305.219 304.975 305.214 304.98 305.209 304.985 305.203 304.991 305.196 304.998 305.19 305.005 305.182 305.013 305.174 305.021 305.166 305.03 305.157 305.039 305.147 305.049 305.137 305.059 305.126 305.071 305.114 305.083 305.102 305.096 305.089 305.109 305.075 305.124 305.06 305.139 305.044 305.156 305.027 305.174 305.008 305.193 304.988 305.214 304.966 305.236 304.943 305.261 304.917 305.288 304.889 305.318 304.857 305.352 304.821 305.39 304.78 305.433 304.733 305.484 304.678 305.544 304.612 305.618 304.53 305.709 304.427 305.828 304.289 305.99 304.096 306.224 303.804 306.598 303.309 307.284 302.305 308.845 299.926 300 
305.267 304.975 305.267 304.976 305.266 304.977 305.265 304.978 305.263 304.98 305.261 304.982 305.259 304.985 305.256 304.988 305.252 304.992 305.248 304.996 305.244 305 305.239 305.005 305.234 305.011 305.228 305.017 305.222 305.024 305.215 305.031 305.208 305.038 305.2 305.046 305.191 305.055 305.182 305.064 305.173 305.074 305.162 305.085 305.152 305.096 305.14 305.108 305.128 305.121 305.114 305.135 305.1 305.149 305.085 305.165 305.069 305.181 305.052 305.199 305.034 305.218 305.014 305.239 304.992 305.262 304.968 305.286 304.943 305.313 304.914 305.343 304.882 305.377 304.847 305.415 304.806 305.459 304.759 305.509 304.704 305.57 304.638 305.643 304.556 305.734 304.452 305.853 304.315 306.015 304.122 306.249 303.83 306.623 303.335 307.308 302.332 308.868 299.955 300 
305.292 305.001 305.292 305.001 305.291 305.002 305.29 305.004 305.289 305.005 305.287 305.008 305.284 305.01 305.281 305.014 305.278 305.017 305.274 305.021 305.269 305.026 305.265 305.031 305.259 305.036 305.254 305.043 305.247 305.049 305.24 305.056 305.233 305.064 305.225 305.072 305.217 305.081 305.208 305.09 305.198 305.1 305.188 305.11 305.177 305.122 305.165 305.134 305.153 305.146 305.14 305.16 305.126 305.175 305.111 305.19 305.095 305.207 305.078 305.224 305.059 305.244 305.039 305.264 305.018 305.287 304.994 305.312 304.968 305.339 304.94 305.369 304.908 305.402 304.872 305.44 304.832 305.484 304.785 305.535 304.73 305.595 304.663 305.668 304.582 305.76 304.478 305.878 304.341 306.04 304.148 306.274 303.856 306.647 303.362 307.333 302.359 308.892 299.985 300 
305.318 305.026 305.317 305.027 305.317 305.028 305.316 305.029 305.314 305.031 305.312 305.033 305.309 305.036 305.307 305.039 305.303 305.043 305.299 305.047 305.295 305.051 305.29 305.056 305.285 305.062 305.279 305.068 305.273 305.075 305.266 305.082 305.259 305.089 305.251 305.097 305.242 305.106 305.233 305.115 305.224 305.125 305.213 305.136 305.202 305.147 305.191 305.159 305.178 305.172 305.165 305.186 305.151 305.2 305.136 305.216 305.12 305.232 305.103 305.25 305.085 305.269 305.065 305.29 305.043 305.312 305.02 305.337 304.994 305.364 304.965 305.394 304.934 305.428 304.898 305.466 304.857 305.509 304.81 305.56 304.755 305.62 304.689 305.693 304.608 305.785 304.504 305.903 304.367 306.065 304.174 306.299 303.883 306.672 303.388 307.357 302.386 308.915 300.014 300 
305.343 305.052 305.343 305.052 305.342 305.053 305.341 305.055 305.339 305.056 305.337 305.059 305.335 305.061 305.332 305.065 305.329 305.068 305.325 305.072 305.32 305.077 305.315 305.082 305.31 305.088 305.304 305.094 305.298 305.1 305.291 305.107 305.284 305.115 305.276 305.123 305.268 305.132 305.259 305.141 305.249 305.151 305.239 305.161 305.228 305.173 305.216 305.185 305.204 305.197 305.191 305.211 305.177 305.226 305.162 305.241 305.146 305.258 305.129 305.275 305.11 305.295 305.09 305.315 305.069 305.338 305.045 305.362 305.019 305.389 304.991 305.419 304.959 305.453 304.924 305.491 304.883 305.535 304.836 305.585 304.781 305.645 304.715 305.719 304.633 305.81 304.53 305.929 304.392 306.09 304.2 306.324 303.909 306.697 303.414 307.381 302.413 308.938 300.044 300 
305.368 305.078 305.368 305.078 305.367 305.079 305.366 305.08 305.365 305.082 305.363 305.084 305.36 305.087 305.357 305.09 305.354 305.094 305.35 305.098 305.346 305.102 305.341 305.108 305.336 305.113 305.33 305.119 305.324 305.126 305.317 305.133 305.309 305.14 305.302 305.148 305.293 305.157 305.284 305.166 305.275 305.176 305.264 305.187 305.253 305.198 305.242 305.21 305.229 305.223 305.216 305.236 305.202 305.251 305.187 305.266 305.171 305.283 305.154 305.301 305.136 305.32 305.116 305.341 305.094 305.363 305.071 305.388 305.045 305.415 305.016 305.445 304.985 305.478 304.949 305.516 304.909 305.56 304.862 305.611 304.807 305.671 304.74 305.744 304.659 305.835 304.556 305.954 304.418 306.115 304.226 306.349 303.935 306.722 303.441 307.406 302.44 308.961 300.073 300 
305.394 305.103 305.394 305.104 305.393 305.104 305.392 305.106 305.39 305.108 305.388 305.11 305.386 305.113 305.383 305.116 305.379 305.119 305.375 305.123 305.371 305.128 305.366 305.133 305.361 305.139 305.355 305.145 305.349 305.151 305.342 305.158 305.335 305.166 305.327 305.174 305.319 305.183 305.31 305.192 305.3 305.202 305.29 305.212 305.279 305.224 305.267 305.236 305.255 305.248 305.242 305.262 305.228 305.276 305.213 305.292 305.197 305.308 305.18 305.326 305.161 305.345 305.141 305.366 305.12 305.389 305.096 305.413 305.07 305.44 305.042 305.47 305.01 305.504 304.975 305.542 304.934 305.585 304.887 305.636 304.832 305.696 304.766 305.769 304.685 305.86 304.581 305.979 304.444 306.14 304.252 306.374 303.961 306.746 303.467 307.43 302.467 308.985 300.103 300 
305.419 305.129 305.419 305.129 305.418 305.13 305.417 305.131 305.416 305.133 305.414 305.135 305.411 305.138 305.408 305.141 305.405 305.145 305.401 305.149 305.397 305.154 305.392 305.159 305.386 305.164 305.381 305.17 305.374 305.177 305.368 305.184 305.36 305.191 305.352 305.199 305.344 305.208 305.335 305.217 305.325 305.227 305.315 305.238 305.304 305.249 305.293 305.261 305.28 305.274 305.267 305.287 305.253 305.302 305.238 305.317 305.222 305.334 305.205 305.352 305.187 305.371 305.167 305.392 305.145 305.414 305.122 305.439 305.096 305.466 305.068 305.496 305.036 305.529 305 305.567 304.96 305.61 304.913 305.661 304.858 305.721 304.792 305.794 304.711 305.886 304.607 306.004 304.47 306.165 304.278 306.399 303.987 306.771 303.494 307.454 302.494 309.008 300.133 300 
305.445 305.154 305.444 305.155 305.444 305.156 305.443 305.157 305.441 305.159 305.439 305.161 305.436 305.164 305.434 305.167 305.43 305.17 305.426 305.175 305.422 305.179 305.417 305.184 305.412 305.19 305.406 305.196 305.4 305.202 305.393 305.209 305.386 305.217 305.378 305.225 305.369 305.234 305.36 305.243 305.351 305.253 305.341 305.263 305.33 305.275 305.318 305.287 305.306 305.299 305.293 305.313 305.279 305.327 305.264 305.343 305.248 305.359 305.231 305.377 305.212 305.396 305.192 305.417 305.171 305.439 305.147 305.464 305.122 305.491 305.093 305.521 305.062 305.554 305.026 305.592 304.985 305.636 304.939 305.686 304.884 305.746 304.818 305.819 304.736 305.911 304.633 306.029 304.496 306.19 304.304 306.424 304.013 306.796 303.52 307.479 302.521 309.031 300.162 300 
305.47 305.18 305.47 305.18 305.469 305.181 305.468 305.182 305.466 305.184 305.464 305.186 305.462 305.189 305.459 305.192 305.456 305.196 305.452 305.2 305.447 305.205 305.443 305.21 305.437 305.215 305.432 305.221 305.425 305.228 305.418 305.235 305.411 305.242 305.403 305.251 305.395 305.259 305.386 305.268 305.376 305.278 305.366 305.289 305.355 305.3 305.344 305.312 305.331 305.325 305.318 305.338 305.304 305.353 305.289 305.368 305.273 305.385 305.256 305.403 305.238 305.422 305.218 305.442 305.196 305.465 305.173 305.489 305.147 305.516 305.119 305.546 305.087 305.58 305.052 305.618 305.011 305.661 304.964 305.712 304.909 305.772 304.843 305.845 304.762 305.936 304.659 306.054 304.522 306.215 304.33 306.448 304.039 306.82 303.546 307.503 302.548 309.054 300.192 300 
305.495 305.205 305.495 305.206 305.494 305.207 305.493 305.208 305.492 305.21 305.49 305.212 305.487 305.215 305.484 305.218 305.481 305.222 305.477 305.226 305.473 305.23 305.468 305.235 305.463 305.241 305.457 305.247 305.451 305.253 305.444 305.26 305.437 305.268 305.429 305.276 305.42 305.285 305.411 305.294 305.402 305.304 305.392 305.314 305.381 305.326 305.369 305.338 305.357 305.35 305.344 305.364 305.33 305.378 305.315 305.394 305.299 305.41 305.282 305.428 305.263 305.447 305.243 305.468 305.222 305.49 305.198 305.515 305.173 305.542 305.144 305.572 305.113 305.605 305.077 305.643 305.037 305.686 304.99 305.737 304.935 305.797 304.869 305.87 304.788 305.961 304.685 306.079 304.548 306.24 304.356 306.473 304.065 306.845 303.573 307.527 302.575 309.078 300.221 300 
305.521 305.231 305.521 305.231 305.52 305.232 305.519 305.234 305.517 305.235 305.515 305.238 305.513 305.24 305.51 305.243 305.506 305.247 305.503 305.251 305.498 305.256 305.493 305.261 305.488 305.266 305.482 305.272 305.476 305.279 305.469 305.286 305.462 305.293 305.454 305.302 305.446 305.31 305.437 305.32 305.427 305.329 305.417 305.34 305.406 305.351 305.395 305.363 305.382 305.376 305.369 305.389 305.355 305.404 305.34 305.419 305.324 305.436 305.307 305.453 305.289 305.473 305.269 305.493 305.247 305.516 305.224 305.54 305.198 305.567 305.17 305.597 305.138 305.63 305.103 305.668 305.062 305.712 305.016 305.762 304.961 305.822 304.895 305.895 304.814 305.986 304.71 306.104 304.574 306.265 304.382 306.498 304.092 306.87 303.599 307.552 302.602 309.101 300.251 300 
305.546 305.256 305.546 305.257 305.545 305.258 305.544 305.259 305.543 305.261 305.541 305.263 305.538 305.266 305.535 305.269 305.532 305.273 305.528 305.277 305.524 305.281 305.519 305.286 305.514 305.292 305.508 305.298 305.502 305.304 305.495 305.311 305.487 305.319 305.48 305.327 305.471 305.336 305.462 305.345 305.453 305.355 305.442 305.365 305.432 305.377 305.42 305.389 305.408 305.401 305.395 305.415 305.381 305.429 305.366 305.445 305.35 305.461 305.333 305.479 305.314 305.498 305.294 305.519 305.273 305.541 305.25 305.566 305.224 305.593 305.195 305.622 305.164 305.656 305.128 305.694 305.088 305.737 305.041 305.788 304.986 305.848 304.921 305.92 304.839 306.011 304.736 306.129 304.599 306.29 304.408 306.523 304.118 306.895 303.626 307.576 302.629 309.124 300.28 300 
305.572 305.282 305.571 305.282 305.571 305.283 305.57 305.285 305.568 305.286 305.566 305.289 305.564 305.291 305.561 305.295 305.557 305.298 305.553 305.302 305.549 305.307 305.544 305.312 305.539 305.317 305.533 305.323 305.527 305.33 305.52 305.337 305.513 305.344 305.505 305.353 305.497 305.361 305.488 305.371 305.478 305.38 305.468 305.391 305.457 305.402 305.446 305.414 305.433 305.427 305.42 305.44 305.406 305.455 305.391 305.47 305.375 305.487 305.358 305.504 305.34 305.523 305.32 305.544 305.298 305.566 305.275 305.591 305.249 305.618 305.221 305.648 305.19 305.681 305.154 305.719 305.114 305.762 305.067 305.813 305.012 305.873 304.946 305.946 304.865 306.037 304.762 306.155 304.625 306.315 304.434 306.548 304.144 306.919 303.652 307.6 302.656 309.148 300.31 300 
305.597 305.308 305.597 305.308 305.596 305.309 305.595 305.31 305.593 305.312 305.591 305.314 305.589 305.317 305.586 305.32 305.583 305.324 305.579 305.328 305.574 305.332 305.57 305.337 305.564 305.343 305.559 305.349 305.552 305.355 305.546 305.362 305.538 305.37 305.53 305.378 305.522 305.387 305.513 305.396 305.504 305.406 305.493 305.416 305.483 305.428 305.471 305.44 305.459 305.452 305.446 305.466 305.432 305.48 305.417 305.496 305.401 305.512 305.384 305.53 305.365 305.549 305.346 305.569 305.324 305.592 305.301 305.616 305.275 305.643 305.247 305.673 305.215 305.707 305.18 305.744 305.139 305.788 305.093 305.838 305.038 305.898 304.972 305.971 304.891 306.062 304.788 306.18 304.651 306.34 304.46 306.573 304.17 306.944 303.678 307.625 302.683 309.171 300.339 300 
305.622 305.333 305.622 305.334 305.622 305.334 305.62 305.336 305.619 305.338 305.617 305.34 305.614 305.342 305.611 305.346 305.608 305.349 305.604 305.353 305.6 305.358 305.595 305.363 305.59 305.368 305.584 305.374 305.578 305.381 305.571 305.388 305.564 305.396 305.556 305.404 305.548 305.412 305.539 305.422 305.529 305.431 305.519 305.442 305.508 305.453 305.496 305.465 305.484 305.478 305.471 305.491 305.457 305.506 305.442 305.521 305.426 305.538 305.409 305.555 305.391 305.574 305.371 305.595 305.35 305.617 305.326 305.642 305.301 305.669 305.272 305.699 305.241 305.732 305.205 305.77 305.165 305.813 305.118 305.863 305.063 305.923 304.998 305.996 304.917 306.087 304.814 306.205 304.677 306.365 304.486 306.598 304.196 306.969 303.705 307.649 302.71 309.194 300.369 300 
305.648 305.359 305.648 305.359 305.647 305.36 305.646 305.361 305.644 305.363 305.642 305.365 305.64 305.368 305.637 305.371 305.633 305.375 305.63 305.379 305.625 305.383 305.621 305.388 305.615 305.394 305.609 305.4 305.603 305.406 305.596 305.413 305.589 305.421 305.581 305.429 305.573 305.438 305.564 305.447 305.554 305.457 305.544 305.467 305.533 305.479 305.522 305.49 305.51 305.503 305.497 305.517 305.483 305.531 305.468 305.546 305.452 305.563 305.435 305.581 305.416 305.6 305.397 305.62 305.375 305.643 305.352 305.667 305.326 305.694 305.298 305.724 305.266 305.757 305.231 305.795 305.19 305.838 305.144 305.889 305.089 305.949 305.023 306.021 304.942 306.112 304.839 306.23 304.703 306.39 304.512 306.623 304.222 306.993 303.731 307.673 302.737 309.217 300.398 300 
305.673 305.384 305.673 305.385 305.672 305.385 305.671 305.387 305.67 305.389 305.668 305.391 305.665 305.394 305.662 305.397 305.659 305.4 305.655 305.404 305.651 305.409 305.646 305.414 305.641 305.419 305.635 305.425 305.629 305.432 305.622 305.439 305.615 305.447 305.607 305.455 305.598 305.463 305.589 305.473 305.58 305.482 305.57 305.493 305.559 305.504 305.547 305.516 305.535 305.529 305.522 305.542 305.508 305.557 305.493 305.572 305.477 305.588 305.46 305.606 305.442 305.625 305.422 305.646 305.401 305.668 305.377 305.693 305.352 305.719 305.323 305.749 305.292 305.783 305.256 305.82 305.216 305.864 305.17 305.914 305.115 305.974 305.049 306.046 304.968 306.137 304.865 306.255 304.729 306.415 304.538 306.648 304.248 307.018 303.757 307.698 302.764 309.241 300.428 300 
305.699 305.41 305.698 305.41 305.698 305.411 305.697 305.412 305.695 305.414 305.693 305.416 305.691 305.419 305.688 305.422 305.684 305.426 305.68 305.43 305.676 305.434 305.671 305.44 305.666 305.445 305.66 305.451 305.654 305.458 305.647 305.465 305.64 305.472 305.632 305.48 305.624 305.489 305.615 305.498 305.605 305.508 305.595 305.518 305.584 305.53 305.573 305.541 305.561 305.554 305.548 305.568 305.534 305.582 305.519 305.597 305.503 305.614 305.486 305.632 305.467 305.651 305.448 305.671 305.426 305.694 305.403 305.718 305.377 305.745 305.349 305.775 305.317 305.808 305.282 305.846 305.242 305.889 305.195 305.939 305.14 305.999 305.075 306.072 304.994 306.162 304.891 306.28 304.755 306.44 304.564 306.673 304.274 307.043 303.784 307.722 302.791 309.264 300.457 300 
305.724 305.435 305.724 305.436 305.723 305.437 305.722 305.438 305.72 305.44 305.718 305.442 305.716 305.445 305.713 305.448 305.71 305.451 305.706 305.455 305.702 305.46 305.697 305.465 305.692 305.471 305.686 305.477 305.68 305.483 305.673 305.49 305.665 305.498 305.658 305.506 305.649 305.514 305.64 305.524 305.631 305.533 305.621 305.544 305.61 305.555 305.598 305.567 305.586 305.58 305.573 305.593 305.559 305.607 305.544 305.623 305.528 305.639 305.511 305.657 305.493 305.676 305.473 305.697 305.452 305.719 305.428 305.743 305.403 305.77 305.375 305.8 305.343 305.833 305.308 305.871 305.267 305.914 305.221 305.965 305.166 306.024 305.101 306.097 305.02 306.188 304.917 306.305 304.781 306.465 304.59 306.698 304.301 307.068 303.81 307.746 302.818 309.287 300.487 300 
305.749 305.461 305.749 305.461 305.749 305.462 305.747 305.463 305.746 305.465 305.744 305.468 305.741 305.47 305.738 305.473 305.735 305.477 305.731 305.481 305.727 305.486 305.722 305.491 305.717 305.496 305.711 305.502 305.705 305.509 305.698 305.516 305.691 305.523 305.683 305.531 305.675 305.54 305.666 305.549 305.656 305.559 305.646 305.569 305.635 305.581 305.624 305.592 305.612 305.605 305.598 305.619 305.585 305.633 305.57 305.648 305.554 305.665 305.537 305.682 305.518 305.701 305.499 305.722 305.477 305.744 305.454 305.769 305.428 305.796 305.4 305.825 305.369 305.859 305.333 305.896 305.293 305.94 305.246 305.99 305.192 306.05 305.126 306.122 305.045 306.213 304.943 306.33 304.806 306.49 304.616 306.723 304.327 307.092 303.837 307.771 302.845 309.31 300.516 300 
305.775 305.486 305.775 305.487 305.774 305.488 305.773 305.489 305.771 305.491 305.769 305.493 305.767 305.496 305.764 305.499 305.761 305.502 305.757 305.507 305.752 305.511 305.748 305.516 305.742 305.522 305.737 305.528 305.73 305.534 305.724 305.541 305.716 305.549 305.709 305.557 305.7 305.565 305.691 305.575 305.682 305.584 305.672 305.595 305.661 305.606 305.649 305.618 305.637 305.631 305.624 305.644 305.61 305.658 305.595 305.674 305.579 305.69 305.562 305.708 305.544 305.727 305.524 305.747 305.503 305.77 305.479 305.794 305.454 305.821 305.426 305.851 305.394 305.884 305.359 305.922 305.319 305.965 305.272 306.015 305.218 306.075 305.152 306.147 305.071 306.238 304.969 306.356 304.832 306.515 304.642 306.747 304.353 307.117 303.863 307.795 302.872 309.334 300.546 300 
305.8 305.512 305.8 305.512 305.799 305.513 305.798 305.515 305.797 305.516 305.795 305.519 305.792 305.521 305.789 305.524 305.786 305.528 305.782 305.532 305.778 305.537 305.773 305.542 305.768 305.547 305.762 305.553 305.756 305.56 305.749 305.567 305.742 305.574 305.734 305.582 305.726 305.591 305.717 305.6 305.707 305.61 305.697 305.62 305.686 305.632 305.675 305.643 305.662 305.656 305.649 305.67 305.636 305.684 305.621 305.699 305.605 305.716 305.588 305.733 305.569 305.752 305.55 305.773 305.528 305.795 305.505 305.82 305.479 305.846 305.451 305.876 305.42 305.909 305.385 305.947 305.344 305.99 305.298 306.04 305.243 306.1 305.178 306.173 305.097 306.263 304.994 306.381 304.858 306.54 304.668 306.772 304.379 307.142 303.889 307.819 302.899 309.357 300.575 300 
305.826 305.537 305.825 305.538 305.825 305.539 305.824 305.54 305.822 305.542 305.82 305.544 305.818 305.547 305.815 305.55 305.811 305.554 305.808 305.558 305.803 305.562 305.798 305.567 305.793 305.573 305.787 305.579 305.781 305.585 305.774 305.592 305.767 305.6 305.759 305.608 305.751 305.616 305.742 305.626 305.733 305.635 305.722 305.646 305.712 305.657 305.7 305.669 305.688 305.682 305.675 305.695 305.661 305.709 305.646 305.725 305.63 305.741 305.613 305.759 305.595 305.778 305.575 305.798 305.554 305.821 305.531 305.845 305.505 305.872 305.477 305.901 305.445 305.935 305.41 305.972 305.37 306.015 305.323 306.066 305.269 306.125 305.203 306.198 305.123 306.288 305.02 306.406 304.884 306.565 304.694 306.797 304.405 307.166 303.916 307.844 302.926 309.38 300.605 300 
305.851 305.563 305.851 305.563 305.85 305.564 305.849 305.566 305.847 305.567 305.845 305.57 305.843 305.572 305.84 305.576 305.837 305.579 305.833 305.583 305.829 305.588 305.824 305.593 305.819 305.598 305.813 305.604 305.807 305.611 305.8 305.618 305.793 305.625 305.785 305.633 305.777 305.642 305.768 305.651 305.758 305.661 305.748 305.671 305.737 305.683 305.726 305.694 305.713 305.707 305.7 305.72 305.686 305.735 305.672 305.75 305.656 305.767 305.639 305.784 305.621 305.803 305.601 305.824 305.579 305.846 305.556 305.87 305.531 305.897 305.502 305.927 305.471 305.96 305.436 305.998 305.396 306.041 305.349 306.091 305.295 306.151 305.229 306.223 305.148 306.314 305.046 306.431 304.91 306.59 304.72 306.822 304.431 307.191 303.942 307.868 302.953 309.404 300.634 300 
305.876 305.589 305.876 305.589 305.876 305.59 305.874 305.591 305.873 305.593 305.871 305.595 305.868 305.598 305.866 305.601 305.862 305.605 305.858 305.609 305.854 305.613 305.849 305.618 305.844 305.624 305.838 305.63 305.832 305.636 305.825 305.643 305.818 305.651 305.81 305.659 305.802 305.667 305.793 305.677 305.784 305.686 305.773 305.697 305.763 305.708 305.751 305.72 305.739 305.732 305.726 305.746 305.712 305.76 305.697 305.776 305.681 305.792 305.664 305.81 305.646 305.829 305.626 305.849 305.605 305.871 305.582 305.896 305.556 305.923 305.528 305.952 305.497 305.985 305.461 306.023 305.421 306.066 305.375 306.116 305.32 306.176 305.255 306.248 305.174 306.339 305.072 306.456 304.936 306.616 304.745 306.847 304.457 307.216 303.969 307.893 302.98 309.427 300.663 300 
305.902 305.614 305.902 305.615 305.901 305.615 305.9 305.617 305.898 305.619 305.896 305.621 305.894 305.623 305.891 305.627 305.888 305.63 305.884 305.634 305.879 305.639 305.875 305.644 305.869 305.649 305.864 305.655 305.858 305.662 305.851 305.669 305.844 305.676 305.836 305.684 305.827 305.693 305.818 305.702 305.809 305.712 305.799 305.722 305.788 305.734 305.777 305.745 305.764 305.758 305.751 305.771 305.737 305.786 305.723 305.801 305.707 305.817 305.69 305.835 305.672 305.854 305.652 305.875 305.631 305.897 305.607 305.921 305.582 305.948 305.554 305.978 305.522 306.011 305.487 306.048 305.447 306.091 305.4 306.142 305.346 306.201 305.281 306.273 305.2 306.364 305.098 306.481 304.962 306.641 304.771 306.872 304.483 307.241 303.995 307.917 303.006 309.45 300.693 300 
305.927 305.64 305.927 305.64 305.926 305.641 305.925 305.642 305.924 305.644 305.922 305.646 305.919 305.649 305.916 305.652 305.913 305.656 305.909 305.66 305.905 305.664 305.9 305.669 305.895 305.675 305.889 305.681 305.883 305.687 305.876 305.694 305.869 305.702 305.861 305.71 305.853 305.718 305.844 305.728 305.834 305.737 305.824 305.748 305.814 305.759 305.802 305.771 305.79 305.783 305.777 305.797 305.763 305.811 305.748 305.827 305.732 305.843 305.715 305.86 305.697 305.879 305.677 305.9 305.656 305.922 305.633 305.947 305.607 305.973 305.579 306.003 305.548 306.036 305.513 306.074 305.472 306.117 305.426 306.167 305.372 306.226 305.306 306.299 305.226 306.389 305.123 306.506 304.988 306.666 304.797 306.897 304.51 307.265 304.021 307.941 303.033 309.473 300.722 300 
305.953 305.665 305.952 305.666 305.952 305.667 305.951 305.668 305.949 305.67 305.947 305.672 305.945 305.675 305.942 305.678 305.938 305.681 305.935 305.685 305.93 305.69 305.926 305.695 305.92 305.7 305.915 305.706 305.908 305.713 305.902 305.72 305.894 305.727 305.887 305.735 305.878 305.744 305.869 305.753 305.86 305.763 305.85 305.773 305.839 305.784 305.828 305.796 305.815 305.809 305.802 305.822 305.788 305.837 305.774 305.852 305.758 305.868 305.741 305.886 305.723 305.905 305.703 305.925 305.682 305.948 305.658 305.972 305.633 305.999 305.605 306.028 305.573 306.061 305.538 306.099 305.498 306.142 305.452 306.192 305.397 306.252 305.332 306.324 305.251 306.414 305.149 306.531 305.013 306.691 304.823 306.922 304.536 307.29 304.048 307.966 303.06 309.497 300.752 300 
305.978 305.691 305.978 305.691 305.977 305.692 305.976 305.693 305.975 305.695 305.973 305.697 305.97 305.7 305.967 305.703 305.964 305.707 305.96 305.711 305.956 305.715 305.951 305.72 305.946 305.726 305.94 305.732 305.934 305.738 305.927 305.745 305.92 305.753 305.912 305.761 305.904 305.769 305.895 305.779 305.885 305.788 305.875 305.799 305.864 305.81 305.853 305.822 305.841 305.834 305.828 305.848 305.814 305.862 305.799 305.877 305.783 305.894 305.766 305.911 305.748 305.93 305.728 305.951 305.707 305.973 305.684 305.997 305.658 306.024 305.63 306.054 305.599 306.087 305.564 306.124 305.524 306.167 305.477 306.217 305.423 306.277 305.358 306.349 305.277 306.439 305.175 306.556 305.039 306.716 304.849 306.947 304.562 307.315 304.074 307.99 303.087 309.52 300.781 300 
306.003 305.716 306.003 305.717 306.003 305.718 306.001 305.719 306 305.721 305.998 305.723 305.995 305.726 305.993 305.729 305.989 305.732 305.985 305.736 305.981 305.741 305.976 305.746 305.971 305.751 305.965 305.757 305.959 305.764 305.952 305.771 305.945 305.778 305.937 305.786 305.929 305.795 305.92 305.804 305.911 305.814 305.901 305.824 305.89 305.835 305.878 305.847 305.866 305.86 305.853 305.873 305.839 305.888 305.825 305.903 305.809 305.919 305.792 305.937 305.774 305.956 305.754 305.976 305.733 305.998 305.709 306.023 305.684 306.049 305.656 306.079 305.625 306.112 305.589 306.15 305.549 306.193 305.503 306.243 305.449 306.302 305.383 306.374 305.303 306.465 305.201 306.582 305.065 306.741 304.875 306.972 304.588 307.34 304.1 308.014 303.114 309.543 300.811 300 
306.029 305.742 306.029 305.742 306.028 305.743 306.027 305.745 306.025 305.746 306.023 305.749 306.021 305.751 306.018 305.754 306.015 305.758 306.011 305.762 306.007 305.766 306.002 305.771 305.997 305.777 305.991 305.783 305.985 305.789 305.978 305.796 305.971 305.804 305.963 305.812 305.955 305.82 305.946 305.83 305.936 305.839 305.926 305.85 305.915 305.861 305.904 305.873 305.892 305.885 305.879 305.899 305.865 305.913 305.85 305.928 305.834 305.945 305.817 305.962 305.799 305.981 305.78 306.002 305.758 306.024 305.735 306.048 305.71 306.075 305.681 306.104 305.65 306.138 305.615 306.175 305.575 306.218 305.529 306.268 305.474 306.327 305.409 306.4 305.329 306.49 305.227 306.607 305.091 306.766 304.901 306.997 304.614 307.364 304.127 308.039 303.141 309.567 300.84 300 
306.054 305.767 306.054 305.768 306.053 305.769 306.052 305.77 306.051 305.772 306.049 305.774 306.046 305.777 306.043 305.78 306.04 305.783 306.036 305.788 306.032 305.792 306.027 305.797 306.022 305.802 306.016 305.808 306.01 305.815 306.003 305.822 305.996 305.829 305.988 305.837 305.98 305.846 305.971 305.855 305.962 305.865 305.952 305.875 305.941 305.886 305.929 305.898 305.917 305.911 305.904 305.924 305.89 305.939 305.876 305.954 305.86 305.97 305.843 305.988 305.825 306.007 305.805 306.027 305.784 306.049 305.761 306.074 305.735 306.1 305.707 306.13 305.676 306.163 305.641 306.2 305.601 306.243 305.554 306.293 305.5 306.353 305.435 306.425 305.354 306.515 305.252 306.632 305.117 306.791 304.927 307.022 304.64 307.389 304.153 308.063 303.168 309.59 300.87 300 
306.08 305.793 306.079 305.793 306.079 305.794 306.078 305.796 306.076 305.797 306.074 305.8 306.072 305.802 306.069 305.805 306.065 305.809 306.062 305.813 306.057 305.818 306.053 305.823 306.047 305.828 306.042 305.834 306.035 305.84 306.029 305.847 306.022 305.855 306.014 305.863 306.005 305.871 305.997 305.881 305.987 305.89 305.977 305.901 305.966 305.912 305.955 305.924 305.943 305.936 305.93 305.95 305.916 305.964 305.901 305.979 305.885 305.996 305.868 306.013 305.85 306.032 305.831 306.052 305.809 306.075 305.786 306.099 305.761 306.126 305.733 306.155 305.701 306.188 305.666 306.226 305.626 306.269 305.58 306.319 305.526 306.378 305.46 306.45 305.38 306.54 305.278 306.657 305.143 306.816 304.953 307.046 304.666 307.414 304.18 308.087 303.195 309.613 300.899 300 
306.105 305.819 306.105 305.819 306.104 305.82 306.103 305.821 306.102 305.823 306.1 305.825 306.097 305.828 306.094 305.831 306.091 305.835 306.087 305.839 306.083 305.843 306.078 305.848 306.073 305.854 306.067 305.859 306.061 305.866 306.054 305.873 306.047 305.88 306.039 305.888 306.031 305.897 306.022 305.906 306.013 305.916 306.003 305.926 305.992 305.937 305.98 305.949 305.968 305.962 305.955 305.975 305.941 305.989 305.927 306.005 305.911 306.021 305.894 306.039 305.876 306.057 305.856 306.078 305.835 306.1 305.812 306.124 305.786 306.151 305.758 306.181 305.727 306.214 305.692 306.251 305.652 306.294 305.606 306.344 305.551 306.403 305.486 306.475 305.406 306.565 305.304 306.682 305.169 306.841 304.979 307.071 304.692 307.438 304.206 308.112 303.222 309.636 300.929 300 
306.131 305.844 306.13 305.844 306.13 305.845 306.129 305.847 306.127 305.848 306.125 305.851 306.123 305.853 306.12 305.857 306.116 305.86 306.112 305.864 306.108 305.869 306.103 305.874 306.098 305.879 306.093 305.885 306.086 305.891 306.08 305.898 306.072 305.906 306.065 305.914 306.056 305.923 306.048 305.932 306.038 305.941 306.028 305.952 306.017 305.963 306.006 305.975 305.994 305.987 305.981 306.001 305.967 306.015 305.952 306.03 305.936 306.046 305.919 306.064 305.901 306.083 305.882 306.103 305.86 306.125 305.837 306.15 305.812 306.176 305.784 306.206 305.753 306.239 305.717 306.276 305.677 306.319 305.631 306.369 305.577 306.428 305.512 306.5 305.432 306.59 305.33 306.707 305.195 306.866 305.005 307.096 304.718 307.463 304.232 308.136 303.249 309.66 300.958 300 
306.156 305.87 306.156 305.87 306.155 305.871 306.154 305.872 306.152 305.874 306.15 305.876 306.148 305.879 306.145 305.882 306.142 305.886 306.138 305.89 306.134 305.894 306.129 305.899 306.124 305.905 306.118 305.911 306.112 305.917 306.105 305.924 306.098 305.931 306.09 305.939 306.082 305.948 306.073 305.957 306.064 305.967 306.053 305.977 306.043 305.988 306.031 306 306.019 306.013 306.006 306.026 305.992 306.04 305.978 306.056 305.962 306.072 305.945 306.089 305.927 306.108 305.907 306.129 305.886 306.151 305.863 306.175 305.837 306.202 305.809 306.231 305.778 306.264 305.743 306.302 305.703 306.345 305.657 306.394 305.603 306.454 305.538 306.526 305.458 306.616 305.356 306.732 305.22 306.891 305.031 307.121 304.745 307.488 304.259 308.16 303.276 309.683 300.988 300 
306.181 305.895 306.181 305.896 306.18 305.896 306.179 305.898 306.178 305.9 306.176 305.902 306.173 305.904 306.17 305.908 306.167 305.911 306.163 305.915 306.159 305.92 306.154 305.925 306.149 305.93 306.143 305.936 306.137 305.943 306.131 305.949 306.123 305.957 306.116 305.965 306.107 305.974 306.098 305.983 306.089 305.992 306.079 306.003 306.068 306.014 306.057 306.026 306.045 306.038 306.032 306.052 306.018 306.066 306.003 306.081 305.987 306.097 305.97 306.115 305.952 306.134 305.933 306.154 305.911 306.176 305.888 306.201 305.863 306.227 305.835 306.257 305.804 306.29 305.769 306.327 305.729 306.37 305.683 306.42 305.628 306.479 305.563 306.551 305.483 306.641 305.381 306.757 305.246 306.916 305.057 307.146 304.771 307.513 304.285 308.185 303.303 309.706 301.017 300 
306.207 305.921 306.207 305.921 306.206 305.922 306.205 305.923 306.203 305.925 306.201 305.927 306.199 305.93 306.196 305.933 306.193 305.937 306.189 305.941 306.184 305.945 306.18 305.95 306.175 305.956 306.169 305.962 306.163 305.968 306.156 305.975 306.149 305.982 306.141 305.99 306.133 305.999 306.124 306.008 306.114 306.018 306.104 306.028 306.094 306.039 306.082 306.051 306.07 306.064 306.057 306.077 306.043 306.091 306.029 306.107 306.013 306.123 305.996 306.14 305.978 306.159 305.958 306.18 305.937 306.202 305.914 306.226 305.889 306.253 305.861 306.282 305.829 306.315 305.794 306.352 305.754 306.395 305.708 306.445 305.654 306.504 305.589 306.576 305.509 306.666 305.407 306.783 305.272 306.941 305.083 307.171 304.797 307.537 304.311 308.209 303.33 309.73 301.046 300 
306.232 305.946 306.232 305.947 306.231 305.948 306.23 305.949 306.229 305.951 306.227 305.953 306.224 305.956 306.221 305.959 306.218 305.962 306.214 305.966 306.21 305.971 306.205 305.976 306.2 305.981 306.194 305.987 306.188 305.994 306.181 306.001 306.174 306.008 306.166 306.016 306.158 306.025 306.149 306.034 306.14 306.043 306.13 306.054 306.119 306.065 306.108 306.077 306.096 306.089 306.083 306.103 306.069 306.117 306.054 306.132 306.038 306.148 306.021 306.166 306.003 306.185 305.984 306.205 305.963 306.227 305.939 306.251 305.914 306.278 305.886 306.307 305.855 306.34 305.82 306.378 305.78 306.421 305.734 306.47 305.68 306.53 305.615 306.601 305.535 306.691 305.433 306.808 305.298 306.966 305.109 307.196 304.823 307.562 304.338 308.233 303.357 309.753 301.076 300 
306.258 305.972 306.257 305.972 306.257 305.973 306.256 305.974 306.254 305.976 306.252 305.978 306.25 305.981 306.247 305.984 306.243 305.988 306.24 305.992 306.235 305.996 306.231 306.001 306.225 306.007 306.22 306.013 306.213 306.019 306.207 306.026 306.2 306.033 306.192 306.041 306.184 306.05 306.175 306.059 306.165 306.069 306.155 306.079 306.145 306.09 306.133 306.102 306.121 306.115 306.108 306.128 306.094 306.142 306.08 306.157 306.064 306.174 306.047 306.191 306.029 306.21 306.009 306.23 305.988 306.253 305.965 306.277 305.94 306.303 305.912 306.333 305.881 306.366 305.846 306.403 305.806 306.446 305.76 306.496 305.705 306.555 305.64 306.627 305.561 306.716 305.459 306.833 305.324 306.991 305.135 307.221 304.849 307.587 304.364 308.258 303.384 309.776 301.105 300 
306.283 305.997 306.283 305.998 306.282 305.999 306.281 306 306.279 306.002 306.277 306.004 306.275 306.007 306.272 306.01 306.269 306.013 306.265 306.017 306.261 306.022 306.256 306.027 306.251 306.032 306.245 306.038 306.239 306.045 306.232 306.052 306.225 306.059 306.217 306.067 306.209 306.076 306.2 306.085 306.191 306.094 306.181 306.105 306.17 306.116 306.159 306.128 306.146 306.14 306.134 306.153 306.12 306.168 306.105 306.183 306.089 306.199 306.072 306.217 306.054 306.235 306.035 306.256 306.014 306.278 305.991 306.302 305.965 306.329 305.937 306.358 305.906 306.391 305.871 306.428 305.831 306.471 305.785 306.521 305.731 306.58 305.666 306.652 305.586 306.742 305.485 306.858 305.35 307.016 305.161 307.246 304.875 307.612 304.391 308.282 303.411 309.799 301.135 300 
306.308 306.023 306.308 306.023 306.307 306.024 306.306 306.026 306.305 306.027 306.303 306.03 306.3 306.032 306.298 306.035 306.294 306.039 306.29 306.043 306.286 306.047 306.281 306.052 306.276 306.058 306.271 306.064 306.264 306.07 306.258 306.077 306.25 306.085 306.243 306.093 306.234 306.101 306.226 306.11 306.216 306.12 306.206 306.13 306.195 306.141 306.184 306.153 306.172 306.166 306.159 306.179 306.145 306.193 306.131 306.208 306.115 306.225 306.098 306.242 306.08 306.261 306.06 306.281 306.039 306.303 306.016 306.327 305.991 306.354 305.963 306.383 305.932 306.416 305.897 306.454 305.857 306.496 305.811 306.546 305.757 306.605 305.692 306.677 305.612 306.767 305.51 306.883 305.376 307.041 305.187 307.271 304.901 307.636 304.417 308.306 303.438 309.823 301.164 300 
306.334 306.048 306.334 306.049 306.333 306.05 306.332 306.051 306.33 306.053 306.328 306.055 306.326 306.058 306.323 306.061 306.32 306.064 306.316 306.068 306.312 306.073 306.307 306.078 306.302 306.083 306.296 306.089 306.29 306.096 306.283 306.103 306.276 306.11 306.268 306.118 306.26 306.127 306.251 306.136 306.242 306.145 306.232 306.156 306.221 306.167 306.21 306.179 306.197 306.191 306.185 306.204 306.171 306.219 306.156 306.234 306.14 306.25 306.124 306.268 306.105 306.286 306.086 306.307 306.065 306.329 306.042 306.353 306.016 306.379 305.988 306.409 305.957 306.442 305.922 306.479 305.883 306.522 305.837 306.572 305.782 306.631 305.718 306.702 305.638 306.792 305.536 306.908 305.402 307.066 305.213 307.296 304.927 307.661 304.443 308.331 303.465 309.846 301.194 300 
306.359 306.074 306.359 306.074 306.358 306.075 306.357 306.077 306.356 306.078 306.354 306.081 306.351 306.083 306.348 306.086 306.345 306.09 306.341 306.094 306.337 306.098 306.332 306.103 306.327 306.109 306.321 306.115 306.315 306.121 306.309 306.128 306.301 306.136 306.294 306.144 306.285 306.152 306.277 306.161 306.267 306.171 306.257 306.181 306.246 306.192 306.235 306.204 306.223 306.217 306.21 306.23 306.196 306.244 306.182 306.259 306.166 306.276 306.149 306.293 306.131 306.312 306.111 306.332 306.09 306.354 306.067 306.378 306.042 306.405 306.014 306.434 305.983 306.467 305.948 306.504 305.908 306.547 305.862 306.597 305.808 306.656 305.743 306.727 305.664 306.817 305.562 306.933 305.427 307.091 305.239 307.321 304.954 307.686 304.47 308.355 303.492 309.869 301.223 300 
306.385 306.1 306.384 306.1 306.384 306.101 306.383 306.102 306.381 306.104 306.379 306.106 306.377 306.109 306.374 306.112 306.37 306.115 306.367 306.12 306.362 306.124 306.358 306.129 306.352 306.134 306.347 306.14 306.341 306.147 306.334 306.154 306.327 306.161 306.319 306.169 306.311 306.178 306.302 306.187 306.293 306.196 306.283 306.207 306.272 306.218 306.26 306.23 306.248 306.242 306.235 306.255 306.222 306.27 306.207 306.285 306.191 306.301 306.175 306.318 306.156 306.337 306.137 306.358 306.116 306.38 306.093 306.404 306.067 306.43 306.04 306.46 306.009 306.493 305.974 306.53 305.934 306.572 305.888 306.622 305.834 306.681 305.769 306.753 305.689 306.842 305.588 306.958 305.453 307.116 305.265 307.346 304.98 307.711 304.496 308.38 303.519 309.893 301.252 300 
306.41 306.125 306.41 306.126 306.409 306.126 306.408 306.128 306.406 306.13 306.404 306.132 306.402 306.134 306.399 306.137 306.396 306.141 306.392 306.145 306.388 306.15 306.383 306.154 306.378 306.16 306.372 306.166 306.366 306.172 306.359 306.179 306.352 306.187 306.345 306.195 306.336 306.203 306.327 306.212 306.318 306.222 306.308 306.232 306.297 306.243 306.286 306.255 306.274 306.268 306.261 306.281 306.247 306.295 306.233 306.31 306.217 306.326 306.2 306.344 306.182 306.363 306.162 306.383 306.141 306.405 306.118 306.429 306.093 306.456 306.065 306.485 306.034 306.518 305.999 306.555 305.959 306.598 305.913 306.647 305.86 306.706 305.795 306.778 305.715 306.867 305.614 306.984 305.479 307.141 305.291 307.37 305.006 307.735 304.522 308.404 303.546 309.916 301.282 300 
306.435 306.151 306.435 306.151 306.435 306.152 306.433 306.153 306.432 306.155 306.43 306.157 306.427 306.16 306.425 306.163 306.421 306.167 306.417 306.171 306.413 306.175 306.408 306.18 306.403 306.185 306.398 306.191 306.391 306.198 306.385 306.205 306.378 306.212 306.37 306.22 306.362 306.229 306.353 306.238 306.343 306.247 306.333 306.258 306.323 306.269 306.311 306.281 306.299 306.293 306.286 306.306 306.273 306.321 306.258 306.336 306.242 306.352 306.226 306.369 306.207 306.388 306.188 306.408 306.167 306.43 306.144 306.454 306.119 306.481 306.091 306.51 306.06 306.543 306.025 306.58 305.985 306.623 305.939 306.673 305.885 306.732 305.82 306.803 305.741 306.893 305.639 307.009 305.505 307.166 305.317 307.395 305.032 307.76 304.549 308.428 303.573 309.939 301.311 300 
306.461 306.176 306.461 306.177 306.46 306.178 306.459 306.179 306.457 306.181 306.455 306.183 306.453 306.185 306.45 306.189 306.447 306.192 306.443 306.196 306.439 306.201 306.434 306.206 306.429 306.211 306.423 306.217 306.417 306.223 306.41 306.23 306.403 306.238 306.395 306.246 306.387 306.254 306.378 306.263 306.369 306.273 306.359 306.283 306.348 306.294 306.337 306.306 306.325 306.318 306.312 306.332 306.298 306.346 306.284 306.361 306.268 306.377 306.251 306.395 306.233 306.414 306.213 306.434 306.192 306.456 306.169 306.48 306.144 306.506 306.116 306.536 306.085 306.569 306.05 306.606 306.011 306.648 305.965 306.698 305.911 306.757 305.846 306.828 305.767 306.918 305.665 307.034 305.531 307.191 305.343 307.42 305.058 307.785 304.575 308.453 303.6 309.963 301.341 300 
306.486 306.202 306.486 306.202 306.485 306.203 306.484 306.204 306.483 306.206 306.481 306.208 306.478 306.211 306.475 306.214 306.472 306.218 306.468 306.222 306.464 306.226 306.459 306.231 306.454 306.237 306.448 306.242 306.442 306.249 306.436 306.256 306.429 306.263 306.421 306.271 306.413 306.28 306.404 306.289 306.394 306.298 306.384 306.309 306.374 306.32 306.362 306.332 306.35 306.344 306.337 306.357 306.324 306.371 306.309 306.387 306.293 306.403 306.277 306.42 306.259 306.439 306.239 306.459 306.218 306.481 306.195 306.505 306.17 306.532 306.142 306.561 306.111 306.594 306.076 306.631 306.036 306.674 305.99 306.723 305.937 306.782 305.872 306.854 305.792 306.943 305.691 307.059 305.557 307.217 305.369 307.445 305.084 307.809 304.602 308.477 303.627 309.986 301.37 300 
306.512 306.227 306.511 306.228 306.511 306.229 306.51 306.23 306.508 306.232 306.506 306.234 306.504 306.237 306.501 306.24 306.497 306.243 306.494 306.247 306.489 306.252 306.485 306.257 306.48 306.262 306.474 306.268 306.468 306.274 306.461 306.281 306.454 306.289 306.446 306.297 306.438 306.305 306.429 306.314 306.42 306.324 306.41 306.334 306.399 306.345 306.388 306.357 306.376 306.369 306.363 306.383 306.349 306.397 306.335 306.412 306.319 306.428 306.302 306.446 306.284 306.464 306.265 306.485 306.243 306.507 306.22 306.531 306.195 306.557 306.167 306.586 306.136 306.619 306.102 306.656 306.062 306.699 306.016 306.749 305.962 306.807 305.898 306.879 305.818 306.968 305.717 307.084 305.583 307.242 305.395 307.47 305.11 307.834 304.628 308.501 303.654 310.009 301.4 300 
306.537 306.253 306.537 306.253 306.536 306.254 306.535 306.255 306.534 306.257 306.532 306.259 306.529 306.262 306.526 306.265 306.523 306.269 306.519 306.273 306.515 306.277 306.51 306.282 306.505 306.288 306.499 306.293 306.493 306.3 306.487 306.307 306.479 306.314 306.472 306.322 306.463 306.331 306.455 306.34 306.445 306.349 306.435 306.36 306.425 306.371 306.413 306.382 306.401 306.395 306.388 306.408 306.375 306.422 306.36 306.437 306.344 306.454 306.328 306.471 306.31 306.49 306.29 306.51 306.269 306.532 306.246 306.556 306.221 306.583 306.193 306.612 306.162 306.645 306.127 306.682 306.088 306.724 306.042 306.774 305.988 306.833 305.923 306.904 305.844 306.993 305.743 307.109 305.609 307.267 305.421 307.495 305.136 307.859 304.654 308.526 303.681 310.032 301.429 300 
306.562 306.278 306.562 306.279 306.562 306.28 306.56 306.281 306.559 306.283 306.557 306.285 306.555 306.288 306.552 306.291 306.548 306.294 306.545 306.298 306.54 306.303 306.536 306.308 306.53 306.313 306.525 306.319 306.519 306.325 306.512 306.332 306.505 306.34 306.497 306.348 306.489 306.356 306.48 306.365 306.471 306.375 306.461 306.385 306.45 306.396 306.439 306.408 306.427 306.42 306.414 306.434 306.4 306.448 306.386 306.463 306.37 306.479 306.353 306.497 306.335 306.515 306.316 306.535 306.295 306.557 306.272 306.581 306.246 306.608 306.219 306.637 306.188 306.67 306.153 306.707 306.113 306.75 306.067 306.799 306.014 306.858 305.949 306.929 305.87 307.019 305.768 307.134 305.634 307.292 305.447 307.52 305.162 307.884 304.681 308.55 303.708 310.056 301.458 300 
306.588 306.304 306.588 306.304 306.587 306.305 306.586 306.307 306.584 306.308 306.582 306.311 306.58 306.313 306.577 306.316 306.574 306.32 306.57 306.324 306.566 306.328 306.561 306.333 306.556 306.339 306.55 306.345 306.544 306.351 306.537 306.358 306.53 306.365 306.523 306.373 306.514 306.382 306.506 306.391 306.496 306.4 306.486 306.411 306.476 306.422 306.464 306.433 306.452 306.446 306.439 306.459 306.426 306.473 306.411 306.488 306.395 306.505 306.379 306.522 306.361 306.541 306.341 306.561 306.32 306.583 306.297 306.607 306.272 306.633 306.244 306.663 306.213 306.695 306.178 306.732 306.139 306.775 306.093 306.824 306.039 306.883 305.975 306.955 305.895 307.044 305.794 307.159 305.66 307.317 305.473 307.545 305.189 307.908 304.707 308.574 303.735 310.079 301.488 300 
306.613 306.329 306.613 306.33 306.612 306.331 306.611 306.332 306.61 306.334 306.608 306.336 306.605 306.339 306.602 306.342 306.599 306.345 306.595 306.349 306.591 306.354 306.586 306.359 306.581 306.364 306.576 306.37 306.569 306.376 306.563 306.383 306.556 306.391 306.548 306.399 306.54 306.407 306.531 306.416 306.522 306.426 306.512 306.436 306.501 306.447 306.49 306.459 306.478 306.471 306.465 306.485 306.451 306.499 306.436 306.514 306.421 306.53 306.404 306.547 306.386 306.566 306.367 306.586 306.346 306.608 306.323 306.632 306.298 306.659 306.27 306.688 306.239 306.721 306.204 306.758 306.164 306.8 306.119 306.85 306.065 306.908 306 306.98 305.921 307.069 305.82 307.184 305.686 307.342 305.499 307.57 305.215 307.933 304.733 308.599 303.762 310.102 301.517 300 
306.639 306.355 306.638 306.355 306.638 306.356 306.637 306.358 306.635 306.359 306.633 306.362 306.631 306.364 306.628 306.367 306.625 306.371 306.621 306.375 306.617 306.379 306.612 306.384 306.607 306.39 306.601 306.396 306.595 306.402 306.588 306.409 306.581 306.416 306.573 306.424 306.565 306.433 306.556 306.442 306.547 306.451 306.537 306.462 306.526 306.473 306.515 306.484 306.503 306.497 306.49 306.51 306.477 306.524 306.462 306.539 306.446 306.555 306.43 306.573 306.412 306.592 306.392 306.612 306.371 306.634 306.348 306.658 306.323 306.684 306.295 306.713 306.264 306.746 306.23 306.783 306.19 306.826 306.144 306.875 306.091 306.934 306.026 307.005 305.947 307.094 305.846 307.21 305.712 307.367 305.524 307.595 305.241 307.958 304.76 308.623 303.788 310.126 301.547 300 
306.664 306.381 306.664 306.381 306.663 306.382 306.662 306.383 306.661 306.385 306.659 306.387 306.656 306.39 306.653 306.393 306.65 306.396 306.646 306.4 306.642 306.405 306.637 306.41 306.632 306.415 306.626 306.421 306.62 306.428 306.614 306.434 306.607 306.442 306.599 306.45 306.591 306.458 306.582 306.467 306.573 306.477 306.563 306.487 306.552 306.498 306.541 306.51 306.529 306.522 306.516 306.536 306.502 306.55 306.487 306.565 306.472 306.581 306.455 306.598 306.437 306.617 306.418 306.637 306.397 306.659 306.374 306.683 306.349 306.709 306.321 306.739 306.29 306.771 306.255 306.808 306.216 306.851 306.17 306.9 306.116 306.959 306.052 307.03 305.973 307.119 305.872 307.235 305.738 307.392 305.55 307.62 305.267 307.983 304.786 308.648 303.815 310.149 301.576 300 
306.689 306.406 306.689 306.407 306.689 306.407 306.687 306.409 306.686 306.411 306.684 306.413 306.682 306.415 306.679 306.418 306.675 306.422 306.672 306.426 306.667 306.43 306.663 306.435 306.658 306.441 306.652 306.447 306.646 306.453 306.639 306.46 306.632 306.467 306.624 306.475 306.616 306.484 306.607 306.493 306.598 306.502 306.588 306.513 306.577 306.524 306.566 306.535 306.554 306.548 306.541 306.561 306.528 306.575 306.513 306.59 306.497 306.606 306.481 306.624 306.463 306.642 306.443 306.663 306.422 306.685 306.399 306.708 306.374 306.735 306.346 306.764 306.316 306.797 306.281 306.834 306.241 306.876 306.196 306.926 306.142 306.984 306.078 307.055 305.998 307.144 305.897 307.26 305.764 307.417 305.576 307.645 305.293 308.007 304.813 308.672 303.842 310.172 301.605 300 
306.715 306.432 306.715 306.432 306.714 306.433 306.713 306.434 306.711 306.436 306.709 306.438 306.707 306.441 306.704 306.444 306.701 306.448 306.697 306.452 306.693 306.456 306.688 306.461 306.683 306.466 306.677 306.472 306.671 306.479 306.665 306.485 306.657 306.493 306.65 306.501 306.642 306.509 306.633 306.518 306.623 306.528 306.613 306.538 306.603 306.549 306.592 306.561 306.58 306.573 306.567 306.587 306.553 306.601 306.538 306.616 306.523 306.632 306.506 306.649 306.488 306.668 306.469 306.688 306.448 306.71 306.425 306.734 306.4 306.76 306.372 306.789 306.341 306.822 306.306 306.859 306.267 306.901 306.221 306.951 306.168 307.009 306.103 307.081 306.024 307.17 305.923 307.285 305.79 307.442 305.602 307.67 305.319 308.032 304.839 308.696 303.869 310.196 301.635 300 
306.74 306.457 306.74 306.458 306.739 306.459 306.738 306.46 306.737 306.462 306.735 306.464 306.732 306.466 306.73 306.47 306.726 306.473 306.722 306.477 306.718 306.482 306.714 306.486 306.708 306.492 306.703 306.498 306.697 306.504 306.69 306.511 306.683 306.518 306.675 306.526 306.667 306.535 306.658 306.544 306.649 306.553 306.639 306.564 306.628 306.575 306.617 306.586 306.605 306.599 306.592 306.612 306.579 306.626 306.564 306.641 306.548 306.657 306.532 306.675 306.514 306.693 306.494 306.713 306.473 306.735 306.45 306.759 306.425 306.786 306.398 306.815 306.367 306.847 306.332 306.884 306.293 306.927 306.247 306.976 306.193 307.035 306.129 307.106 306.05 307.195 305.949 307.31 305.815 307.467 305.628 307.695 305.345 308.057 304.865 308.721 303.896 310.219 301.664 300 
306.766 306.483 306.765 306.483 306.765 306.484 306.764 306.485 306.762 306.487 306.76 306.489 306.758 306.492 306.755 306.495 306.752 306.499 306.748 306.503 306.744 306.507 306.739 306.512 306.734 306.517 306.728 306.523 306.722 306.53 306.715 306.536 306.708 306.544 306.701 306.552 306.692 306.56 306.684 306.569 306.674 306.579 306.664 306.589 306.654 306.6 306.642 306.612 306.63 306.624 306.618 306.637 306.604 306.652 306.589 306.667 306.574 306.683 306.557 306.7 306.539 306.719 306.52 306.739 306.499 306.761 306.476 306.785 306.451 306.811 306.423 306.84 306.392 306.873 306.358 306.91 306.318 306.952 306.273 307.001 306.219 307.06 306.155 307.131 306.076 307.22 305.975 307.335 305.841 307.492 305.654 307.719 305.371 308.082 304.892 308.745 303.923 310.242 301.694 300 
306.791 306.508 306.791 306.509 306.79 306.51 306.789 306.511 306.788 306.513 306.786 306.515 306.783 306.518 306.78 306.521 306.777 306.524 306.773 306.528 306.769 306.533 306.764 306.538 306.759 306.543 306.754 306.549 306.747 306.555 306.741 306.562 306.734 306.569 306.726 306.577 306.718 306.586 306.709 306.595 306.7 306.604 306.69 306.615 306.679 306.626 306.668 306.637 306.656 306.65 306.643 306.663 306.63 306.677 306.615 306.692 306.599 306.708 306.583 306.725 306.565 306.744 306.545 306.764 306.524 306.786 306.502 306.81 306.476 306.836 306.449 306.866 306.418 306.898 306.383 306.935 306.344 306.977 306.298 307.027 306.245 307.085 306.18 307.156 306.101 307.245 306.001 307.36 305.867 307.517 305.68 307.744 305.397 308.106 304.918 308.769 303.95 310.266 301.723 300 
306.816 306.534 306.816 306.534 306.816 306.535 306.815 306.537 306.813 306.538 306.811 306.54 306.809 306.543 306.806 306.546 306.802 306.55 306.799 306.554 306.794 306.558 306.79 306.563 306.785 306.568 306.779 306.574 306.773 306.581 306.766 306.588 306.759 306.595 306.752 306.603 306.743 306.611 306.735 306.62 306.725 306.63 306.715 306.64 306.705 306.651 306.693 306.663 306.681 306.675 306.669 306.688 306.655 306.702 306.64 306.718 306.625 306.734 306.608 306.751 306.59 306.77 306.571 306.79 306.55 306.812 306.527 306.835 306.502 306.862 306.474 306.891 306.444 306.924 306.409 306.96 306.369 307.003 306.324 307.052 306.27 307.111 306.206 307.182 306.127 307.27 306.026 307.385 305.893 307.542 305.706 307.769 305.424 308.131 304.944 308.794 303.977 310.289 301.752 300 
306.842 306.559 306.842 306.56 306.841 306.561 306.84 306.562 306.838 306.564 306.836 306.566 306.834 306.569 306.831 306.572 306.828 306.575 306.824 306.579 306.82 306.584 306.815 306.589 306.81 306.594 306.804 306.6 306.798 306.606 306.792 306.613 306.785 306.62 306.777 306.628 306.769 306.637 306.76 306.646 306.751 306.655 306.741 306.666 306.73 306.677 306.719 306.688 306.707 306.701 306.694 306.714 306.68 306.728 306.666 306.743 306.65 306.759 306.634 306.776 306.616 306.795 306.596 306.815 306.575 306.837 306.553 306.861 306.528 306.887 306.5 306.916 306.469 306.949 306.435 306.986 306.395 307.028 306.35 307.077 306.296 307.136 306.232 307.207 306.153 307.296 306.052 307.411 305.919 307.567 305.732 307.794 305.45 308.156 304.971 308.818 304.004 310.312 301.782 300 
306.867 306.585 306.867 306.585 306.866 306.586 306.865 306.588 306.864 306.589 306.862 306.592 306.859 306.594 306.857 306.597 306.853 306.601 306.85 306.605 306.845 306.609 306.841 306.614 306.835 306.619 306.83 306.625 306.824 306.632 306.817 306.639 306.81 306.646 306.802 306.654 306.794 306.662 306.785 306.671 306.776 306.681 306.766 306.691 306.756 306.702 306.744 306.714 306.732 306.726 306.72 306.739 306.706 306.753 306.691 306.768 306.676 306.785 306.659 306.802 306.641 306.82 306.622 306.841 306.601 306.862 306.578 306.886 306.553 306.913 306.526 306.942 306.495 306.974 306.46 307.011 306.421 307.053 306.375 307.103 306.322 307.161 306.258 307.232 306.179 307.321 306.078 307.436 305.945 307.592 305.758 307.819 305.476 308.181 304.997 308.842 304.031 310.336 301.811 300 
306.893 306.611 306.892 306.611 306.892 306.612 306.891 306.613 306.889 306.615 306.887 306.617 306.885 306.62 306.882 306.623 306.879 306.626 306.875 306.63 306.871 306.635 306.866 306.64 306.861 306.645 306.855 306.651 306.849 306.657 306.843 306.664 306.835 306.671 306.828 306.679 306.82 306.688 306.811 306.697 306.802 306.706 306.792 306.717 306.781 306.728 306.77 306.739 306.758 306.752 306.745 306.765 306.731 306.779 306.717 306.794 306.701 306.81 306.685 306.827 306.667 306.846 306.647 306.866 306.627 306.888 306.604 306.912 306.579 306.938 306.551 306.967 306.52 307 306.486 307.036 306.446 307.079 306.401 307.128 306.347 307.186 306.283 307.257 306.204 307.346 306.104 307.461 305.971 307.617 305.784 307.844 305.502 308.205 305.024 308.867 304.058 310.359 301.841 300 
306.918 306.636 306.918 306.637 306.917 306.637 306.916 306.639 306.915 306.64 306.913 306.643 306.91 306.645 306.907 306.648 306.904 306.652 306.9 306.656 306.896 306.66 306.891 306.665 306.886 306.671 306.881 306.676 306.875 306.683 306.868 306.69 306.861 306.697 306.853 306.705 306.845 306.713 306.836 306.722 306.827 306.732 306.817 306.742 306.807 306.753 306.795 306.765 306.783 306.777 306.771 306.79 306.757 306.804 306.742 306.819 306.727 306.835 306.71 306.853 306.692 306.871 306.673 306.891 306.652 306.913 306.629 306.937 306.604 306.963 306.577 306.992 306.546 307.025 306.511 307.062 306.472 307.104 306.427 307.153 306.373 307.212 306.309 307.282 306.23 307.371 306.13 307.486 305.997 307.642 305.81 307.869 305.528 308.23 305.05 308.891 304.085 310.382 301.87 300 
306.944 306.662 306.943 306.662 306.943 306.663 306.942 306.664 306.94 306.666 306.938 306.668 306.936 306.671 306.933 306.674 306.93 306.677 306.926 306.681 306.922 306.686 306.917 306.691 306.912 306.696 306.906 306.702 306.9 306.708 306.893 306.715 306.886 306.722 306.879 306.73 306.871 306.739 306.862 306.748 306.853 306.757 306.843 306.768 306.832 306.779 306.821 306.79 306.809 306.803 306.796 306.816 306.782 306.83 306.768 306.845 306.752 306.861 306.736 306.878 306.718 306.897 306.699 306.917 306.678 306.939 306.655 306.962 306.63 306.989 306.602 307.018 306.572 307.05 306.537 307.087 306.498 307.129 306.452 307.178 306.399 307.237 306.335 307.308 306.256 307.396 306.155 307.511 306.022 307.667 305.836 307.894 305.554 308.255 305.076 308.916 304.112 310.406 301.899 300 
306.969 306.687 306.969 306.688 306.968 306.688 306.967 306.69 306.965 306.692 306.963 306.694 306.961 306.696 306.958 306.699 306.955 306.703 306.951 306.707 306.947 306.711 306.942 306.716 306.937 306.722 306.932 306.727 306.925 306.734 306.919 306.741 306.912 306.748 306.904 306.756 306.896 306.764 306.887 306.773 306.878 306.783 306.868 306.793 306.857 306.804 306.846 306.816 306.834 306.828 306.822 306.841 306.808 306.855 306.793 306.87 306.778 306.886 306.761 306.904 306.743 306.922 306.724 306.942 306.703 306.964 306.68 306.988 306.655 307.014 306.628 307.043 306.597 307.076 306.563 307.112 306.523 307.155 306.478 307.204 306.424 307.262 306.36 307.333 306.282 307.421 306.181 307.536 306.048 307.692 305.862 307.919 305.58 308.279 305.103 308.94 304.139 310.429 301.929 300 
306.994 306.713 306.994 306.713 306.993 306.714 306.992 306.715 306.991 306.717 306.989 306.719 306.986 306.722 306.984 306.725 306.98 306.728 306.977 306.732 306.972 306.737 306.968 306.742 306.963 306.747 306.957 306.753 306.951 306.759 306.944 306.766 306.937 306.774 306.93 306.781 306.921 306.79 306.913 306.799 306.903 306.808 306.893 306.819 306.883 306.83 306.872 306.841 306.86 306.854 306.847 306.867 306.833 306.881 306.819 306.896 306.803 306.912 306.787 306.929 306.769 306.948 306.75 306.968 306.729 306.989 306.706 307.013 306.681 307.039 306.653 307.069 306.623 307.101 306.588 307.138 306.549 307.18 306.503 307.229 306.45 307.287 306.386 307.358 306.307 307.447 306.207 307.561 306.074 307.717 305.888 307.944 305.606 308.304 305.129 308.964 304.166 310.452 301.958 300 
307.02 306.738 307.02 306.739 307.019 306.74 307.018 306.741 307.016 306.743 307.014 306.745 307.012 306.747 307.009 306.751 307.006 306.754 307.002 306.758 306.998 306.762 306.993 306.767 306.988 306.773 306.982 306.779 306.976 306.785 306.97 306.792 306.963 306.799 306.955 306.807 306.947 306.815 306.938 306.824 306.929 306.834 306.919 306.844 306.908 306.855 306.897 306.867 306.885 306.879 306.872 306.892 306.859 306.906 306.844 306.921 306.829 306.937 306.812 306.954 306.794 306.973 306.775 306.993 306.754 307.015 306.731 307.039 306.707 307.065 306.679 307.094 306.648 307.126 306.614 307.163 306.574 307.205 306.529 307.254 306.476 307.313 306.412 307.383 306.333 307.472 306.233 307.586 306.1 307.742 305.914 307.969 305.632 308.329 305.155 308.989 304.193 310.476 301.987 300 
307.045 306.764 307.045 306.764 307.044 306.765 307.043 306.766 307.042 306.768 307.04 306.77 307.037 306.773 307.034 306.776 307.031 306.78 307.027 306.784 307.023 306.788 307.019 306.793 307.013 306.798 307.008 306.804 307.002 306.81 306.995 306.817 306.988 306.825 306.98 306.832 306.972 306.841 306.964 306.85 306.954 306.859 306.944 306.87 306.934 306.881 306.923 306.892 306.911 306.905 306.898 306.918 306.884 306.932 306.87 306.947 306.854 306.963 306.838 306.98 306.82 306.998 306.801 307.018 306.78 307.04 306.757 307.064 306.732 307.09 306.705 307.119 306.674 307.152 306.639 307.188 306.6 307.231 306.555 307.28 306.501 307.338 306.438 307.409 306.359 307.497 306.259 307.612 306.126 307.767 305.94 307.994 305.658 308.354 305.182 309.013 304.22 310.499 302.017 300 
307.071 306.789 307.07 306.79 307.07 306.791 307.069 306.792 307.067 306.794 307.065 306.796 307.063 306.799 307.06 306.802 307.057 306.805 307.053 306.809 307.049 306.813 307.044 306.818 307.039 306.824 307.033 306.83 307.027 306.836 307.021 306.843 307.014 306.85 307.006 306.858 306.998 306.866 306.989 306.875 306.98 306.885 306.97 306.895 306.959 306.906 306.948 306.918 306.936 306.93 306.923 306.943 306.91 306.957 306.895 306.972 306.88 306.988 306.863 307.005 306.845 307.024 306.826 307.044 306.805 307.066 306.783 307.089 306.758 307.116 306.73 307.145 306.699 307.177 306.665 307.214 306.626 307.256 306.58 307.305 306.527 307.363 306.463 307.434 306.385 307.522 306.284 307.637 306.152 307.793 305.966 308.019 305.685 308.378 305.208 309.037 304.247 310.522 302.046 300 
307.096 306.815 307.096 306.815 307.095 306.816 307.094 306.818 307.092 306.819 307.091 306.821 307.088 306.824 307.085 306.827 307.082 306.831 307.078 306.835 307.074 306.839 307.069 306.844 307.064 306.849 307.059 306.855 307.053 306.861 307.046 306.868 307.039 306.876 307.031 306.883 307.023 306.892 307.015 306.901 307.005 306.91 306.995 306.921 306.985 306.932 306.974 306.943 306.962 306.955 306.949 306.969 306.935 306.983 306.921 306.998 306.905 307.014 306.889 307.031 306.871 307.049 306.852 307.069 306.831 307.091 306.808 307.115 306.783 307.141 306.756 307.17 306.725 307.202 306.691 307.239 306.651 307.281 306.606 307.33 306.553 307.388 306.489 307.459 306.41 307.547 306.31 307.662 306.178 307.818 305.992 308.044 305.711 308.403 305.234 309.062 304.274 310.546 302.075 300 
307.121 306.84 307.121 306.841 307.121 306.842 307.119 306.843 307.118 306.845 307.116 306.847 307.114 306.85 307.111 306.853 307.107 306.856 307.104 306.86 307.099 306.865 307.095 306.869 307.09 306.875 307.084 306.881 307.078 306.887 307.071 306.894 307.064 306.901 307.057 306.909 307.049 306.917 307.04 306.926 307.031 306.936 307.021 306.946 307.01 306.957 306.999 306.969 306.987 306.981 306.974 306.994 306.961 307.008 306.946 307.023 306.931 307.039 306.914 307.056 306.896 307.075 306.877 307.095 306.856 307.117 306.834 307.14 306.809 307.166 306.781 307.195 306.751 307.228 306.716 307.265 306.677 307.307 306.632 307.356 306.578 307.414 306.515 307.484 306.436 307.573 306.336 307.687 306.203 307.843 306.018 308.068 305.737 308.428 305.261 309.086 304.3 310.569 302.105 300 
307.147 306.866 307.147 306.866 307.146 306.867 307.145 306.869 307.143 306.87 307.141 306.873 307.139 306.875 307.136 306.878 307.133 306.882 307.129 306.886 307.125 306.89 307.12 306.895 307.115 306.9 307.11 306.906 307.103 306.912 307.097 306.919 307.09 306.927 307.082 306.935 307.074 306.943 307.065 306.952 307.056 306.961 307.046 306.972 307.036 306.983 307.025 306.994 307.013 307.006 307 307.02 306.986 307.034 306.972 307.048 306.956 307.064 306.94 307.082 306.922 307.1 306.903 307.12 306.882 307.142 306.859 307.166 306.834 307.192 306.807 307.221 306.776 307.253 306.742 307.29 306.703 307.332 306.657 307.381 306.604 307.439 306.54 307.51 306.462 307.598 306.362 307.712 306.229 307.868 306.044 308.093 305.763 308.453 305.287 309.111 304.327 310.592 302.134 300 
307.172 306.892 307.172 306.892 307.171 306.893 307.17 306.894 307.169 306.896 307.167 306.898 307.164 306.901 307.162 306.904 307.158 306.907 307.155 306.911 307.15 306.916 307.146 306.921 307.141 306.926 307.135 306.932 307.129 306.938 307.122 306.945 307.115 306.952 307.108 306.96 307.1 306.968 307.091 306.977 307.082 306.987 307.072 306.997 307.061 307.008 307.05 307.02 307.038 307.032 307.025 307.045 307.012 307.059 306.997 307.074 306.982 307.09 306.965 307.107 306.948 307.126 306.928 307.146 306.907 307.167 306.885 307.191 306.86 307.217 306.832 307.246 306.802 307.279 306.767 307.315 306.728 307.357 306.683 307.406 306.63 307.464 306.566 307.535 306.487 307.623 306.388 307.737 306.255 307.893 306.07 308.118 305.789 308.477 305.313 309.135 304.354 310.616 302.164 300 
307.198 306.917 307.197 306.918 307.197 306.918 307.196 306.92 307.194 306.921 307.192 306.924 307.19 306.926 307.187 306.929 307.184 306.933 307.18 306.937 307.176 306.941 307.171 306.946 307.166 306.951 307.16 306.957 307.154 306.964 307.148 306.97 307.141 306.978 307.133 306.986 307.125 306.994 307.116 307.003 307.107 307.012 307.097 307.023 307.087 307.034 307.075 307.045 307.064 307.057 307.051 307.07 307.037 307.084 307.023 307.099 307.007 307.115 306.991 307.133 306.973 307.151 306.954 307.171 306.933 307.193 306.91 307.216 306.885 307.243 306.858 307.272 306.827 307.304 306.793 307.341 306.754 307.383 306.709 307.431 306.656 307.489 306.592 307.56 306.513 307.648 306.413 307.762 306.281 307.918 306.096 308.143 305.815 308.502 305.34 309.159 304.381 310.639 302.193 300 
307.223 306.943 307.223 306.943 307.222 306.944 307.221 306.945 307.22 306.947 307.218 306.949 307.215 306.952 307.212 306.955 307.209 306.958 307.205 306.962 307.201 306.967 307.197 306.972 307.191 306.977 307.186 306.983 307.18 306.989 307.173 306.996 307.166 307.003 307.159 307.011 307.15 307.019 307.142 307.028 307.132 307.038 307.123 307.048 307.112 307.059 307.101 307.071 307.089 307.083 307.076 307.096 307.063 307.11 307.048 307.125 307.033 307.141 307.016 307.158 306.999 307.176 306.979 307.196 306.959 307.218 306.936 307.242 306.911 307.268 306.884 307.297 306.853 307.329 306.819 307.366 306.78 307.408 306.734 307.457 306.681 307.515 306.617 307.585 306.539 307.673 306.439 307.788 306.307 307.943 306.122 308.168 305.841 308.527 305.366 309.184 304.408 310.662 302.222 300 
307.248 306.968 307.248 306.969 307.248 306.97 307.246 306.971 307.245 306.973 307.243 306.975 307.241 306.977 307.238 306.98 307.234 306.984 307.231 306.988 307.227 306.992 307.222 306.997 307.217 307.002 307.211 307.008 307.205 307.015 307.199 307.021 307.192 307.029 307.184 307.037 307.176 307.045 307.167 307.054 307.158 307.063 307.148 307.074 307.138 307.085 307.126 307.096 307.114 307.108 307.102 307.121 307.088 307.135 307.074 307.15 307.058 307.166 307.042 307.183 307.024 307.202 307.005 307.222 306.984 307.244 306.961 307.267 306.937 307.293 306.909 307.322 306.879 307.355 306.844 307.391 306.805 307.433 306.76 307.482 306.707 307.54 306.643 307.61 306.565 307.698 306.465 307.813 306.333 307.968 306.148 308.193 305.867 308.552 305.393 309.208 304.435 310.686 302.252 300 
307.274 306.994 307.274 306.994 307.273 306.995 307.272 306.996 307.27 306.998 307.268 307 307.266 307.003 307.263 307.006 307.26 307.009 307.256 307.013 307.252 307.018 307.247 307.023 307.242 307.028 307.237 307.034 307.231 307.04 307.224 307.047 307.217 307.054 307.209 307.062 307.201 307.07 307.193 307.079 307.183 307.089 307.174 307.099 307.163 307.11 307.152 307.122 307.14 307.134 307.127 307.147 307.114 307.161 307.099 307.176 307.084 307.192 307.067 307.209 307.05 307.227 307.03 307.247 307.01 307.269 306.987 307.293 306.962 307.319 306.935 307.348 306.904 307.38 306.87 307.417 306.831 307.458 306.786 307.507 306.733 307.565 306.669 307.636 306.59 307.724 306.491 307.838 306.359 307.993 306.173 308.218 305.893 308.576 305.419 309.232 304.462 310.709 302.281 300 
307.299 307.019 307.299 307.02 307.298 307.021 307.297 307.022 307.296 307.024 307.294 307.026 307.291 307.028 307.289 307.031 307.285 307.035 307.282 307.039 307.277 307.043 307.273 307.048 307.268 307.054 307.262 307.059 307.256 307.066 307.249 307.072 307.242 307.08 307.235 307.088 307.227 307.096 307.218 307.105 307.209 307.114 307.199 307.125 307.188 307.135 307.177 307.147 307.165 307.159 307.153 307.172 307.139 307.186 307.125 307.201 307.109 307.217 307.093 307.234 307.075 307.253 307.056 307.273 307.035 307.294 307.013 307.318 306.988 307.344 306.96 307.373 306.93 307.405 306.895 307.442 306.856 307.484 306.811 307.533 306.758 307.591 306.695 307.661 306.616 307.749 306.517 307.863 306.385 308.018 306.199 308.243 305.92 308.601 305.445 309.257 304.489 310.732 302.31 300 
307.325 307.045 307.324 307.045 307.324 307.046 307.323 307.047 307.321 307.049 307.319 307.051 307.317 307.054 307.314 307.057 307.311 307.061 307.307 307.064 307.303 307.069 307.298 307.074 307.293 307.079 307.288 307.085 307.281 307.091 307.275 307.098 307.268 307.105 307.26 307.113 307.252 307.121 307.244 307.13 307.234 307.14 307.224 307.15 307.214 307.161 307.203 307.173 307.191 307.185 307.178 307.198 307.165 307.212 307.15 307.227 307.135 307.243 307.118 307.26 307.101 307.278 307.081 307.298 307.061 307.32 307.038 307.343 307.013 307.37 306.986 307.398 306.955 307.431 306.921 307.467 306.882 307.509 306.837 307.558 306.784 307.616 306.72 307.686 306.642 307.774 306.542 307.888 306.41 308.043 306.225 308.268 305.946 308.626 305.472 309.281 304.516 310.756 302.34 300 
307.35 307.07 307.35 307.071 307.349 307.072 307.348 307.073 307.347 307.075 307.345 307.077 307.342 307.08 307.339 307.083 307.336 307.086 307.332 307.09 307.328 307.094 307.324 307.099 307.319 307.105 307.313 307.11 307.307 307.117 307.3 307.123 307.293 307.131 307.286 307.139 307.278 307.147 307.269 307.156 307.26 307.165 307.25 307.176 307.239 307.186 307.228 307.198 307.216 307.21 307.204 307.223 307.19 307.237 307.176 307.252 307.16 307.268 307.144 307.285 307.126 307.304 307.107 307.324 307.086 307.345 307.064 307.369 307.039 307.395 307.011 307.424 306.981 307.456 306.947 307.493 306.908 307.534 306.863 307.583 306.81 307.641 306.746 307.711 306.668 307.799 306.568 307.913 306.436 308.068 306.251 308.293 305.972 308.651 305.498 309.306 304.543 310.779 302.369 300 
307.375 307.096 307.375 307.096 307.375 307.097 307.373 307.099 307.372 307.1 307.37 307.102 307.368 307.105 307.365 307.108 307.362 307.112 307.358 307.116 307.354 307.12 307.349 307.125 307.344 307.13 307.338 307.136 307.332 307.142 307.326 307.149 307.319 307.156 307.311 307.164 307.303 307.173 307.294 307.181 307.285 307.191 307.275 307.201 307.265 307.212 307.254 307.223 307.242 307.236 307.229 307.249 307.216 307.263 307.201 307.278 307.186 307.294 307.169 307.311 307.152 307.329 307.133 307.349 307.112 307.371 307.089 307.394 307.064 307.42 307.037 307.449 307.007 307.481 306.972 307.518 306.933 307.56 306.888 307.608 306.835 307.666 306.772 307.737 306.693 307.824 306.594 307.938 306.462 308.093 306.277 308.318 305.998 308.675 305.524 309.33 304.57 310.802 302.398 300 
307.401 307.121 307.401 307.122 307.4 307.123 307.399 307.124 307.397 307.126 307.395 307.128 307.393 307.131 307.39 307.134 307.387 307.137 307.383 307.141 307.379 307.145 307.374 307.15 307.369 307.156 307.364 307.161 307.358 307.168 307.351 307.175 307.344 307.182 307.337 307.19 307.329 307.198 307.32 307.207 307.311 307.216 307.301 307.227 307.29 307.237 307.279 307.249 307.267 307.261 307.255 307.274 307.241 307.288 307.227 307.303 307.211 307.319 307.195 307.336 307.177 307.354 307.158 307.374 307.137 307.396 307.115 307.42 307.09 307.446 307.063 307.474 307.032 307.507 306.998 307.543 306.959 307.585 306.914 307.634 306.861 307.692 306.797 307.762 306.719 307.85 306.62 307.963 306.488 308.118 306.303 308.343 306.024 308.7 305.551 309.354 304.597 310.826 302.428 300 
307.426 307.147 307.426 307.147 307.425 307.148 307.424 307.15 307.423 307.151 307.421 307.154 307.418 307.156 307.416 307.159 307.412 307.163 307.409 307.167 307.404 307.171 307.4 307.176 307.395 307.181 307.389 307.187 307.383 307.193 307.377 307.2 307.37 307.207 307.362 307.215 307.354 307.224 307.345 307.232 307.336 307.242 307.326 307.252 307.316 307.263 307.305 307.274 307.293 307.287 307.28 307.3 307.267 307.314 307.252 307.329 307.237 307.344 307.22 307.362 307.203 307.38 307.184 307.4 307.163 307.421 307.14 307.445 307.116 307.471 307.088 307.5 307.058 307.532 307.024 307.569 306.985 307.61 306.94 307.659 306.887 307.717 306.823 307.787 306.745 307.875 306.646 307.989 306.514 308.143 306.329 308.368 306.05 308.725 305.577 309.379 304.624 310.849 302.457 300 
307.452 307.173 307.451 307.173 307.451 307.174 307.45 307.175 307.448 307.177 307.446 307.179 307.444 307.182 307.441 307.185 307.438 307.188 307.434 307.192 307.43 307.197 307.425 307.201 307.42 307.207 307.415 307.213 307.409 307.219 307.402 307.226 307.395 307.233 307.388 307.241 307.379 307.249 307.371 307.258 307.362 307.267 307.352 307.278 307.341 307.288 307.33 307.3 307.318 307.312 307.306 307.325 307.292 307.339 307.278 307.354 307.262 307.37 307.246 307.387 307.228 307.405 307.209 307.425 307.188 307.447 307.166 307.47 307.141 307.496 307.114 307.525 307.083 307.557 307.049 307.594 307.01 307.636 306.965 307.684 306.912 307.742 306.849 307.812 306.771 307.9 306.671 308.014 306.54 308.168 306.355 308.393 306.076 308.75 305.603 309.403 304.651 310.872 302.486 300 
307.477 307.198 307.477 307.199 307.476 307.199 307.475 307.201 307.474 307.202 307.472 307.205 307.469 307.207 307.466 307.21 307.463 307.214 307.459 307.218 307.455 307.222 307.451 307.227 307.446 307.232 307.44 307.238 307.434 307.244 307.428 307.251 307.42 307.258 307.413 307.266 307.405 307.275 307.396 307.283 307.387 307.293 307.377 307.303 307.367 307.314 307.356 307.325 307.344 307.338 307.331 307.351 307.318 307.365 307.303 307.379 307.288 307.395 307.271 307.412 307.254 307.431 307.235 307.451 307.214 307.472 307.191 307.496 307.167 307.522 307.139 307.551 307.109 307.583 307.075 307.619 307.036 307.661 306.991 307.71 306.938 307.767 306.875 307.837 306.796 307.925 306.697 308.039 306.566 308.193 306.381 308.418 306.102 308.774 305.63 309.427 304.678 310.896 302.516 300 
307.502 307.224 307.502 307.224 307.502 307.225 307.501 307.226 307.499 307.228 307.497 307.23 307.495 307.233 307.492 307.236 307.489 307.239 307.485 307.243 307.481 307.248 307.476 307.252 307.471 307.258 307.466 307.264 307.459 307.27 307.453 307.277 307.446 307.284 307.438 307.292 307.43 307.3 307.422 307.309 307.412 307.318 307.403 307.329 307.392 307.339 307.381 307.351 307.369 307.363 307.357 307.376 307.343 307.39 307.329 307.405 307.313 307.421 307.297 307.438 307.279 307.456 307.26 307.476 307.239 307.498 307.217 307.521 307.192 307.547 307.165 307.576 307.135 307.608 307.1 307.645 307.061 307.686 307.016 307.735 306.964 307.793 306.9 307.863 306.822 307.95 306.723 308.064 306.591 308.218 306.407 308.442 306.128 308.799 305.656 309.452 304.704 310.919 302.545 300 
307.528 307.249 307.528 307.25 307.527 307.251 307.526 307.252 307.524 307.254 307.522 307.256 307.52 307.258 307.517 307.261 307.514 307.265 307.51 307.269 307.506 307.273 307.502 307.278 307.496 307.283 307.491 307.289 307.485 307.295 307.478 307.302 307.471 307.309 307.464 307.317 307.456 307.326 307.447 307.334 307.438 307.344 307.428 307.354 307.418 307.365 307.407 307.376 307.395 307.389 307.382 307.402 307.369 307.416 307.354 307.43 307.339 307.446 307.322 307.463 307.305 307.482 307.286 307.502 307.265 307.523 307.242 307.547 307.218 307.573 307.19 307.601 307.16 307.634 307.126 307.67 307.087 307.712 307.042 307.76 306.989 307.818 306.926 307.888 306.848 307.976 306.749 308.089 306.617 308.243 306.433 308.467 306.154 308.824 305.683 309.476 304.731 310.942 302.574 300 
307.553 307.275 307.553 307.275 307.552 307.276 307.551 307.277 307.55 307.279 307.548 307.281 307.546 307.284 307.543 307.287 307.539 307.29 307.536 307.294 307.532 307.299 307.527 307.304 307.522 307.309 307.516 307.315 307.51 307.321 307.504 307.328 307.497 307.335 307.489 307.343 307.481 307.351 307.473 307.36 307.463 307.369 307.454 307.38 307.443 307.39 307.432 307.402 307.42 307.414 307.408 307.427 307.394 307.441 307.38 307.456 307.364 307.472 307.348 307.489 307.33 307.507 307.311 307.527 307.291 307.549 307.268 307.572 307.243 307.598 307.216 307.627 307.186 307.659 307.152 307.695 307.113 307.737 307.068 307.786 307.015 307.843 306.952 307.913 306.874 308.001 306.775 308.114 306.643 308.268 306.459 308.492 306.181 308.849 305.709 309.501 304.758 310.966 302.604 300 
307.579 307.3 307.578 307.301 307.578 307.302 307.577 307.303 307.575 307.305 307.573 307.307 307.571 307.309 307.568 307.312 307.565 307.316 307.561 307.32 307.557 307.324 307.552 307.329 307.547 307.334 307.542 307.34 307.536 307.346 307.529 307.353 307.522 307.36 307.515 307.368 307.507 307.377 307.498 307.385 307.489 307.395 307.479 307.405 307.469 307.416 307.457 307.427 307.446 307.44 307.433 307.453 307.42 307.466 307.405 307.481 307.39 307.497 307.373 307.514 307.356 307.533 307.337 307.552 307.316 307.574 307.294 307.597 307.269 307.623 307.242 307.652 307.211 307.684 307.177 307.721 307.138 307.762 307.093 307.811 307.041 307.868 306.977 307.938 306.899 308.026 306.8 308.139 306.669 308.294 306.485 308.517 306.207 308.873 305.735 309.525 304.785 310.989 302.633 300 
307.604 307.326 307.604 307.326 307.603 307.327 307.602 307.328 307.601 307.33 307.599 307.332 307.596 307.335 307.594 307.338 307.59 307.341 307.587 307.345 307.582 307.35 307.578 307.355 307.573 307.36 307.567 307.366 307.561 307.372 307.555 307.379 307.548 307.386 307.54 307.394 307.532 307.402 307.523 307.411 307.514 307.42 307.504 307.431 307.494 307.441 307.483 307.453 307.471 307.465 307.459 307.478 307.445 307.492 307.431 307.507 307.415 307.523 307.399 307.54 307.381 307.558 307.362 307.578 307.342 307.599 307.319 307.623 307.294 307.649 307.267 307.677 307.237 307.71 307.203 307.746 307.164 307.788 307.119 307.836 307.066 307.894 307.003 307.964 306.925 308.051 306.826 308.164 306.695 308.319 306.511 308.542 306.233 308.898 305.762 309.549 304.812 311.012 302.662 300 
307.63 307.351 307.629 307.352 307.629 307.353 307.628 307.354 307.626 307.356 307.624 307.358 307.622 307.36 307.619 307.364 307.616 307.367 307.612 307.371 307.608 307.375 307.603 307.38 307.598 307.385 307.593 307.391 307.587 307.397 307.58 307.404 307.573 307.411 307.566 307.419 307.558 307.428 307.549 307.437 307.54 307.446 307.53 307.456 307.519 307.467 307.508 307.478 307.497 307.491 307.484 307.504 307.471 307.517 307.456 307.532 307.441 307.548 307.425 307.565 307.407 307.583 307.388 307.603 307.367 307.625 307.345 307.648 307.32 307.674 307.293 307.703 307.262 307.735 307.228 307.771 307.19 307.813 307.145 307.861 307.092 307.919 307.029 307.989 306.951 308.076 306.852 308.19 306.721 308.344 306.537 308.567 306.259 308.923 305.788 309.574 304.839 311.036 302.691 300 
307.655 307.377 307.655 307.377 307.654 307.378 307.653 307.38 307.651 307.381 307.65 307.383 307.647 307.386 307.644 307.389 307.641 307.393 307.637 307.396 307.633 307.401 307.629 307.406 307.624 307.411 307.618 307.417 307.612 307.423 307.606 307.43 307.599 307.437 307.591 307.445 307.583 307.453 307.574 307.462 307.565 307.471 307.555 307.482 307.545 307.492 307.534 307.504 307.522 307.516 307.509 307.529 307.496 307.543 307.482 307.558 307.466 307.573 307.45 307.59 307.432 307.609 307.413 307.629 307.393 307.65 307.37 307.674 307.346 307.7 307.318 307.728 307.288 307.76 307.254 307.797 307.215 307.838 307.17 307.887 307.118 307.944 307.054 308.014 306.977 308.101 306.878 308.215 306.747 308.369 306.563 308.592 306.285 308.948 305.814 309.598 304.866 311.059 302.721 300 
307.68 307.403 307.68 307.403 307.679 307.404 307.678 307.405 307.677 307.407 307.675 307.409 307.673 307.412 307.67 307.415 307.667 307.418 307.663 307.422 307.659 307.426 307.654 307.431 307.649 307.436 307.643 307.442 307.637 307.449 307.631 307.455 307.624 307.463 307.616 307.47 307.608 307.479 307.6 307.488 307.591 307.497 307.581 307.507 307.57 307.518 307.559 307.529 307.548 307.541 307.535 307.554 307.522 307.568 307.507 307.583 307.492 307.599 307.476 307.616 307.458 307.634 307.439 307.654 307.418 307.676 307.396 307.699 307.371 307.725 307.344 307.754 307.314 307.786 307.28 307.822 307.241 307.864 307.196 307.912 307.143 307.97 307.08 308.039 307.002 308.127 306.904 308.24 306.772 308.394 306.589 308.617 306.311 308.972 305.841 309.623 304.893 311.083 302.75 300 
307.706 307.428 307.706 307.429 307.705 307.429 307.704 307.431 307.702 307.432 307.7 307.435 307.698 307.437 307.695 307.44 307.692 307.444 307.688 307.448 307.684 307.452 307.68 307.457 307.674 307.462 307.669 307.468 307.663 307.474 307.656 307.481 307.649 307.488 307.642 307.496 307.634 307.504 307.625 307.513 307.616 307.522 307.606 307.533 307.596 307.543 307.585 307.555 307.573 307.567 307.56 307.58 307.547 307.594 307.533 307.609 307.517 307.624 307.501 307.641 307.483 307.66 307.464 307.679 307.444 307.701 307.421 307.724 307.397 307.75 307.37 307.779 307.339 307.811 307.305 307.847 307.266 307.889 307.222 307.937 307.169 307.995 307.106 308.065 307.028 308.152 306.929 308.265 306.798 308.419 306.615 308.642 306.337 308.997 305.867 309.647 304.92 311.106 302.779 300 
307.731 307.454 307.731 307.454 307.73 307.455 307.729 307.456 307.728 307.458 307.726 307.46 307.723 307.463 307.721 307.466 307.717 307.469 307.714 307.473 307.71 307.477 307.705 307.482 307.7 307.488 307.694 307.493 307.688 307.5 307.682 307.506 307.675 307.514 307.667 307.521 307.659 307.53 307.651 307.539 307.642 307.548 307.632 307.558 307.621 307.569 307.61 307.58 307.598 307.592 307.586 307.605 307.573 307.619 307.558 307.634 307.543 307.65 307.527 307.667 307.509 307.685 307.49 307.705 307.469 307.726 307.447 307.75 307.422 307.776 307.395 307.804 307.365 307.836 307.331 307.873 307.292 307.914 307.247 307.963 307.195 308.02 307.132 308.09 307.054 308.177 306.955 308.29 306.824 308.444 306.641 308.667 306.363 309.022 305.893 309.671 304.947 311.129 302.809 300 
307.757 307.479 307.756 307.48 307.756 307.48 307.755 307.482 307.753 307.483 307.751 307.486 307.749 307.488 307.746 307.491 307.743 307.495 307.739 307.499 307.735 307.503 307.73 307.508 307.725 307.513 307.72 307.519 307.714 307.525 307.707 307.532 307.7 307.539 307.693 307.547 307.685 307.555 307.676 307.564 307.667 307.573 307.657 307.584 307.647 307.594 307.636 307.606 307.624 307.618 307.611 307.631 307.598 307.645 307.584 307.659 307.568 307.675 307.552 307.692 307.534 307.711 307.515 307.73 307.495 307.752 307.472 307.775 307.448 307.801 307.421 307.83 307.39 307.862 307.356 307.898 307.318 307.94 307.273 307.988 307.22 308.045 307.157 308.115 307.08 308.202 306.981 308.315 306.85 308.469 306.667 308.692 306.389 309.047 305.92 309.696 304.974 311.153 302.838 300 
307.782 307.505 307.782 307.505 307.781 307.506 307.78 307.507 307.779 307.509 307.777 307.511 307.774 307.514 307.771 307.517 307.768 307.52 307.764 307.524 307.76 307.529 307.756 307.533 307.751 307.539 307.745 307.544 307.739 307.551 307.733 307.557 307.726 307.565 307.718 307.572 307.71 307.581 307.702 307.59 307.692 307.599 307.683 307.609 307.672 307.62 307.661 307.631 307.649 307.643 307.637 307.656 307.623 307.67 307.609 307.685 307.594 307.701 307.578 307.718 307.56 307.736 307.541 307.756 307.52 307.777 307.498 307.801 307.473 307.826 307.446 307.855 307.416 307.887 307.382 307.923 307.343 307.965 307.299 308.013 307.246 308.071 307.183 308.14 307.105 308.227 307.007 308.34 306.876 308.494 306.693 308.717 306.415 309.071 305.946 309.72 305.001 311.176 302.867 300 
307.807 307.53 307.807 307.531 307.807 307.532 307.805 307.533 307.804 307.535 307.802 307.537 307.8 307.539 307.797 307.542 307.794 307.546 307.79 307.55 307.786 307.554 307.781 307.559 307.776 307.564 307.771 307.57 307.765 307.576 307.758 307.583 307.751 307.59 307.744 307.598 307.736 307.606 307.727 307.615 307.718 307.625 307.708 307.635 307.698 307.645 307.687 307.657 307.675 307.669 307.662 307.682 307.649 307.696 307.635 307.71 307.619 307.726 307.603 307.743 307.585 307.761 307.566 307.781 307.546 307.803 307.523 307.826 307.499 307.852 307.472 307.88 307.442 307.912 307.408 307.949 307.369 307.99 307.324 308.038 307.272 308.096 307.209 308.166 307.131 308.253 307.032 308.365 306.902 308.519 306.719 308.742 306.441 309.096 305.972 309.744 305.028 311.199 302.897 300 
307.833 307.556 307.833 307.556 307.832 307.557 307.831 307.558 307.829 307.56 307.827 307.562 307.825 307.565 307.822 307.568 307.819 307.571 307.815 307.575 307.811 307.58 307.807 307.584 307.802 307.59 307.796 307.595 307.79 307.602 307.784 307.608 307.777 307.616 307.769 307.623 307.761 307.632 307.752 307.641 307.743 307.65 307.734 307.66 307.723 307.671 307.712 307.682 307.7 307.694 307.688 307.707 307.674 307.721 307.66 307.736 307.645 307.752 307.629 307.769 307.611 307.787 307.592 307.807 307.571 307.828 307.549 307.851 307.524 307.877 307.497 307.906 307.467 307.938 307.433 307.974 307.395 308.015 307.35 308.064 307.297 308.121 307.234 308.191 307.157 308.278 307.058 308.391 306.928 308.544 306.745 308.767 306.468 309.121 305.999 309.769 305.054 311.223 302.926 300 
307.858 307.581 307.858 307.582 307.857 307.583 307.856 307.584 307.855 307.586 307.853 307.588 307.85 307.59 307.848 307.593 307.844 307.597 307.841 307.601 307.837 307.605 307.832 307.61 307.827 307.615 307.821 307.621 307.815 307.627 307.809 307.634 307.802 307.641 307.795 307.649 307.787 307.657 307.778 307.666 307.769 307.676 307.759 307.686 307.749 307.696 307.738 307.708 307.726 307.72 307.713 307.733 307.7 307.747 307.686 307.761 307.67 307.777 307.654 307.794 307.637 307.812 307.618 307.832 307.597 307.853 307.575 307.877 307.55 307.903 307.523 307.931 307.493 307.963 307.459 307.999 307.42 308.041 307.376 308.089 307.323 308.146 307.26 308.216 307.183 308.303 307.084 308.416 306.953 308.569 306.77 308.792 306.494 309.146 306.025 309.793 305.081 311.246 302.955 300 
307.884 307.607 307.883 307.607 307.883 307.608 307.882 307.609 307.88 307.611 307.878 307.613 307.876 307.616 307.873 307.619 307.87 307.622 307.866 307.626 307.862 307.631 307.857 307.635 307.852 307.641 307.847 307.646 307.841 307.653 307.834 307.659 307.827 307.667 307.82 307.674 307.812 307.683 307.803 307.692 307.794 307.701 307.784 307.711 307.774 307.722 307.763 307.733 307.751 307.745 307.739 307.758 307.725 307.772 307.711 307.787 307.696 307.803 307.68 307.819 307.662 307.838 307.643 307.857 307.623 307.879 307.6 307.902 307.576 307.928 307.549 307.957 307.518 307.989 307.484 308.025 307.446 308.066 307.401 308.114 307.349 308.172 307.286 308.241 307.208 308.328 307.11 308.441 306.979 308.594 306.796 308.817 306.52 309.17 306.051 309.818 305.108 311.269 302.984 300 
307.909 307.632 307.909 307.633 307.908 307.634 307.907 307.635 307.906 307.637 307.904 307.639 307.901 307.641 307.898 307.644 307.895 307.648 307.892 307.652 307.887 307.656 307.883 307.661 307.878 307.666 307.872 307.672 307.866 307.678 307.86 307.685 307.853 307.692 307.845 307.7 307.837 307.708 307.829 307.717 307.82 307.727 307.81 307.737 307.8 307.747 307.789 307.759 307.777 307.771 307.764 307.784 307.751 307.797 307.737 307.812 307.721 307.828 307.705 307.845 307.688 307.863 307.669 307.883 307.648 307.904 307.626 307.928 307.601 307.953 307.574 307.982 307.544 308.014 307.51 308.05 307.471 308.091 307.427 308.14 307.374 308.197 307.312 308.266 307.234 308.353 307.136 308.466 307.005 308.619 306.822 308.842 306.546 309.195 306.078 309.842 305.135 311.293 303.014 300 
307.934 307.658 307.934 307.658 307.934 307.659 307.932 307.661 307.931 307.662 307.929 307.664 307.927 307.667 307.924 307.67 307.921 307.673 307.917 307.677 307.913 307.682 307.908 307.687 307.903 307.692 307.898 307.698 307.892 307.704 307.885 307.71 307.878 307.718 307.871 307.725 307.863 307.734 307.854 307.743 307.845 307.752 307.835 307.762 307.825 307.773 307.814 307.784 307.802 307.796 307.79 307.809 307.776 307.823 307.762 307.838 307.747 307.853 307.731 307.87 307.713 307.889 307.694 307.908 307.674 307.93 307.651 307.953 307.627 307.979 307.6 308.007 307.57 308.039 307.536 308.075 307.497 308.117 307.452 308.165 307.4 308.222 307.337 308.292 307.26 308.379 307.161 308.491 307.031 308.644 306.848 308.866 306.572 309.22 306.104 309.866 305.162 311.316 303.043 300 
307.96 307.684 307.96 307.684 307.959 307.685 307.958 307.686 307.956 307.688 307.954 307.69 307.952 307.693 307.949 307.696 307.946 307.699 307.942 307.703 307.938 307.707 307.934 307.712 307.929 307.717 307.923 307.723 307.917 307.729 307.911 307.736 307.904 307.743 307.896 307.751 307.888 307.759 307.88 307.768 307.871 307.778 307.861 307.788 307.851 307.798 307.839 307.81 307.828 307.822 307.815 307.835 307.802 307.848 307.788 307.863 307.772 307.879 307.756 307.896 307.739 307.914 307.72 307.934 307.699 307.955 307.677 307.978 307.652 308.004 307.625 308.033 307.595 308.065 307.561 308.101 307.523 308.142 307.478 308.19 307.426 308.247 307.363 308.317 307.286 308.404 307.187 308.516 307.057 308.669 306.874 308.891 306.598 309.245 306.13 309.891 305.189 311.34 303.072 300 
307.985 307.709 307.985 307.71 307.984 307.71 307.983 307.712 307.982 307.713 307.98 307.716 307.978 307.718 307.975 307.721 307.972 307.725 307.968 307.728 307.964 307.733 307.959 307.738 307.954 307.743 307.949 307.749 307.943 307.755 307.936 307.762 307.929 307.769 307.922 307.776 307.914 307.785 307.905 307.794 307.896 307.803 307.886 307.813 307.876 307.824 307.865 307.835 307.853 307.847 307.841 307.86 307.827 307.874 307.813 307.889 307.798 307.904 307.782 307.921 307.764 307.939 307.745 307.959 307.725 307.981 307.702 308.004 307.678 308.03 307.651 308.058 307.621 308.09 307.587 308.126 307.548 308.167 307.504 308.216 307.451 308.273 307.389 308.342 307.311 308.429 307.213 308.541 307.083 308.694 306.9 308.916 306.624 309.269 306.157 309.915 305.216 311.363 303.102 300 
308.011 307.735 308.01 307.735 308.01 307.736 308.009 307.737 308.007 307.739 308.005 307.741 308.003 307.744 308 307.747 307.997 307.75 307.993 307.754 307.989 307.758 307.985 307.763 307.98 307.768 307.974 307.774 307.968 307.78 307.962 307.787 307.955 307.794 307.947 307.802 307.939 307.81 307.931 307.819 307.922 307.829 307.912 307.839 307.901 307.849 307.89 307.861 307.879 307.873 307.866 307.886 307.853 307.899 307.839 307.914 307.823 307.93 307.807 307.947 307.79 307.965 307.771 307.985 307.75 308.006 307.728 308.029 307.703 308.055 307.676 308.083 307.646 308.115 307.612 308.151 307.574 308.193 307.529 308.241 307.477 308.298 307.414 308.367 307.337 308.454 307.239 308.567 307.109 308.719 306.926 308.941 306.65 309.294 306.183 309.94 305.243 311.386 303.131 300 
308.036 307.76 308.036 307.761 308.035 307.761 308.034 307.763 308.033 307.764 308.031 307.767 308.028 307.769 308.026 307.772 308.022 307.776 308.019 307.78 308.015 307.784 308.01 307.789 308.005 307.794 307.999 307.8 307.993 307.806 307.987 307.813 307.98 307.82 307.973 307.827 307.965 307.836 307.956 307.845 307.947 307.854 307.937 307.864 307.927 307.875 307.916 307.886 307.904 307.898 307.892 307.911 307.878 307.925 307.864 307.94 307.849 307.955 307.833 307.972 307.815 307.99 307.796 308.01 307.776 308.031 307.753 308.055 307.729 308.08 307.702 308.109 307.672 308.141 307.638 308.177 307.6 308.218 307.555 308.266 307.503 308.323 307.44 308.393 307.363 308.479 307.265 308.592 307.134 308.745 306.952 308.966 306.676 309.319 306.209 309.964 305.27 311.41 303.16 300 
308.061 307.786 308.061 307.786 308.061 307.787 308.06 307.788 308.058 307.79 308.056 307.792 308.054 307.795 308.051 307.798 308.048 307.801 308.044 307.805 308.04 307.809 308.035 307.814 308.03 307.819 308.025 307.825 308.019 307.831 308.012 307.838 308.006 307.845 307.998 307.853 307.99 307.861 307.982 307.87 307.972 307.88 307.963 307.89 307.952 307.9 307.941 307.912 307.93 307.924 307.917 307.937 307.904 307.95 307.89 307.965 307.874 307.981 307.858 307.998 307.841 308.016 307.822 308.035 307.801 308.057 307.779 308.08 307.755 308.106 307.728 308.134 307.697 308.166 307.664 308.202 307.625 308.243 307.581 308.291 307.528 308.349 307.466 308.418 307.389 308.504 307.29 308.617 307.16 308.77 306.978 308.991 306.702 309.344 306.236 309.988 305.297 311.433 303.189 300 
308.087 307.811 308.087 307.812 308.086 307.813 308.085 307.814 308.083 307.816 308.082 307.818 308.079 307.82 308.076 307.823 308.073 307.827 308.069 307.831 308.065 307.835 308.061 307.84 308.056 307.845 308.05 307.851 308.044 307.857 308.038 307.864 308.031 307.871 308.023 307.879 308.016 307.887 308.007 307.896 307.998 307.905 307.988 307.915 307.978 307.926 307.967 307.937 307.955 307.949 307.943 307.962 307.929 307.976 307.915 307.99 307.9 308.006 307.884 308.023 307.866 308.041 307.847 308.061 307.827 308.082 307.805 308.105 307.78 308.131 307.753 308.16 307.723 308.191 307.689 308.227 307.651 308.269 307.606 308.317 307.554 308.374 307.491 308.443 307.414 308.53 307.316 308.642 307.186 308.795 307.004 309.016 306.729 309.368 306.262 310.013 305.324 311.456 303.219 300 
308.112 307.837 308.112 307.837 308.111 307.838 308.11 307.839 308.109 307.841 308.107 307.843 308.105 307.846 308.102 307.849 308.099 307.852 308.095 307.856 308.091 307.86 308.086 307.865 308.081 307.871 308.076 307.876 308.07 307.882 308.063 307.889 308.056 307.896 308.049 307.904 308.041 307.912 308.032 307.921 308.023 307.931 308.014 307.941 308.003 307.951 307.992 307.963 307.981 307.975 307.968 307.987 307.955 308.001 307.941 308.016 307.925 308.032 307.909 308.048 307.892 308.067 307.873 308.086 307.852 308.108 307.83 308.131 307.806 308.157 307.779 308.185 307.749 308.217 307.715 308.253 307.676 308.294 307.632 308.342 307.58 308.399 307.517 308.468 307.44 308.555 307.342 308.667 307.212 308.82 307.03 309.041 306.755 309.393 306.289 310.037 305.351 311.48 303.248 300 
308.138 307.862 308.137 307.863 308.137 307.864 308.136 307.865 308.134 307.867 308.132 307.869 308.13 307.871 308.127 307.874 308.124 307.878 308.12 307.882 308.116 307.886 308.112 307.891 308.107 307.896 308.101 307.902 308.095 307.908 308.089 307.915 308.082 307.922 308.074 307.93 308.066 307.938 308.058 307.947 308.049 307.956 308.039 307.966 308.029 307.977 308.018 307.988 308.006 308 307.994 308.013 307.98 308.027 307.966 308.041 307.951 308.057 307.935 308.074 307.917 308.092 307.898 308.112 307.878 308.133 307.856 308.156 307.831 308.182 307.804 308.21 307.774 308.242 307.74 308.278 307.702 308.319 307.658 308.367 307.605 308.424 307.543 308.494 307.466 308.58 307.368 308.692 307.238 308.845 307.056 309.066 306.781 309.418 306.315 310.062 305.377 311.503 303.277 300 
308.163 307.888 308.163 307.888 308.162 307.889 308.161 307.89 308.16 307.892 308.158 307.894 308.155 307.897 308.153 307.9 308.149 307.903 308.146 307.907 308.142 307.912 308.137 307.916 308.132 307.922 308.127 307.927 308.121 307.933 308.114 307.94 308.107 307.947 308.1 307.955 308.092 307.963 308.083 307.972 308.074 307.982 308.065 307.992 308.054 308.002 308.043 308.013 308.032 308.026 308.019 308.038 308.006 308.052 307.992 308.067 307.976 308.082 307.96 308.099 307.943 308.117 307.924 308.137 307.903 308.158 307.881 308.182 307.857 308.207 307.83 308.236 307.8 308.267 307.766 308.303 307.728 308.345 307.683 308.393 307.631 308.45 307.569 308.519 307.492 308.605 307.394 308.717 307.264 308.87 307.082 309.091 306.807 309.443 306.341 310.086 305.404 311.527 303.306 300 
308.188 307.913 308.188 307.914 308.188 307.915 308.187 307.916 308.185 307.918 308.183 307.92 308.181 307.922 308.178 307.925 308.175 307.929 308.171 307.933 308.167 307.937 308.163 307.942 308.157 307.947 308.152 307.953 308.146 307.959 308.14 307.966 308.133 307.973 308.125 307.981 308.117 307.989 308.109 307.998 308.1 308.007 308.09 308.017 308.08 308.028 308.069 308.039 308.057 308.051 308.045 308.064 308.031 308.078 308.017 308.092 308.002 308.108 307.986 308.125 307.968 308.143 307.949 308.163 307.929 308.184 307.907 308.207 307.882 308.233 307.855 308.261 307.825 308.293 307.792 308.329 307.753 308.37 307.709 308.418 307.657 308.475 307.594 308.544 307.517 308.63 307.419 308.742 307.29 308.895 307.108 309.116 306.833 309.467 306.368 310.11 305.431 311.55 303.336 300 
308.214 307.939 308.214 307.939 308.213 307.94 308.212 307.942 308.211 307.943 308.209 307.945 308.206 307.948 308.203 307.951 308.2 307.954 308.197 307.958 308.192 307.963 308.188 307.967 308.183 307.973 308.177 307.978 308.171 307.985 308.165 307.991 308.158 307.998 308.151 308.006 308.143 308.014 308.134 308.023 308.125 308.033 308.115 308.043 308.105 308.053 308.094 308.064 308.082 308.077 308.07 308.089 308.057 308.103 308.043 308.118 308.027 308.133 308.011 308.15 307.994 308.168 307.975 308.188 307.955 308.209 307.932 308.232 307.908 308.258 307.881 308.286 307.851 308.318 307.817 308.354 307.779 308.395 307.735 308.443 307.682 308.5 307.62 308.569 307.543 308.656 307.445 308.768 307.315 308.92 307.134 309.141 306.859 309.492 306.394 310.135 305.458 311.573 303.365 300 
308.239 307.965 308.239 307.965 308.238 307.966 308.237 307.967 308.236 307.969 308.234 307.971 308.232 307.974 308.229 307.977 308.226 307.98 308.222 307.984 308.218 307.988 308.213 307.993 308.208 307.998 308.203 308.004 308.197 308.01 308.19 308.017 308.184 308.024 308.176 308.032 308.168 308.04 308.16 308.049 308.151 308.058 308.141 308.068 308.131 308.079 308.12 308.09 308.108 308.102 308.096 308.115 308.082 308.129 308.068 308.143 308.053 308.159 308.037 308.176 308.019 308.194 308 308.213 307.98 308.235 307.958 308.258 307.933 308.283 307.907 308.312 307.877 308.344 307.843 308.379 307.805 308.421 307.76 308.469 307.708 308.525 307.646 308.594 307.569 308.681 307.471 308.793 307.341 308.945 307.16 309.166 306.885 309.517 306.42 310.159 305.485 311.597 303.394 300 
308.265 307.99 308.265 307.991 308.264 307.991 308.263 307.993 308.261 307.994 308.259 307.996 308.257 307.999 308.254 308.002 308.251 308.005 308.247 308.009 308.243 308.014 308.239 308.018 308.234 308.024 308.228 308.029 308.222 308.036 308.216 308.042 308.209 308.049 308.202 308.057 308.194 308.065 308.185 308.074 308.176 308.084 308.166 308.093 308.156 308.104 308.145 308.115 308.133 308.127 308.121 308.14 308.108 308.154 308.094 308.169 308.078 308.184 308.062 308.201 308.045 308.219 308.026 308.239 308.006 308.26 307.983 308.283 307.959 308.309 307.932 308.337 307.902 308.369 307.869 308.405 307.83 308.446 307.786 308.494 307.734 308.551 307.671 308.62 307.595 308.706 307.497 308.818 307.367 308.97 307.186 309.191 306.911 309.542 306.447 310.184 305.512 311.62 303.423 300 
308.29 308.016 308.29 308.016 308.289 308.017 308.288 308.018 308.287 308.02 308.285 308.022 308.282 308.025 308.28 308.028 308.276 308.031 308.273 308.035 308.269 308.039 308.264 308.044 308.259 308.049 308.254 308.055 308.248 308.061 308.241 308.068 308.234 308.075 308.227 308.083 308.219 308.091 308.211 308.1 308.201 308.109 308.192 308.119 308.182 308.13 308.171 308.141 308.159 308.153 308.146 308.166 308.133 308.179 308.119 308.194 308.104 308.21 308.088 308.227 308.07 308.245 308.052 308.264 308.031 308.285 308.009 308.309 307.985 308.334 307.958 308.363 307.928 308.394 307.894 308.43 307.856 308.471 307.812 308.519 307.76 308.576 307.697 308.645 307.62 308.731 307.523 308.843 307.393 308.995 307.212 309.216 306.937 309.566 306.473 310.208 305.539 311.643 303.453 300 
308.316 308.041 308.315 308.042 308.315 308.042 308.314 308.044 308.312 308.045 308.31 308.048 308.308 308.05 308.305 308.053 308.302 308.057 308.298 308.06 308.294 308.065 308.29 308.07 308.285 308.075 308.279 308.08 308.273 308.087 308.267 308.093 308.26 308.1 308.252 308.108 308.244 308.116 308.236 308.125 308.227 308.135 308.217 308.144 308.207 308.155 308.196 308.166 308.184 308.178 308.172 308.191 308.159 308.205 308.145 308.22 308.129 308.235 308.113 308.252 308.096 308.27 308.077 308.29 308.057 308.311 308.034 308.334 308.01 308.36 307.983 308.388 307.953 308.42 307.92 308.455 307.881 308.497 307.837 308.544 307.785 308.601 307.723 308.67 307.646 308.756 307.548 308.868 307.419 309.02 307.238 309.241 306.963 309.591 306.499 310.232 305.566 311.667 303.482 300 
308.341 308.067 308.341 308.067 308.34 308.068 308.339 308.069 308.338 308.071 308.336 308.073 308.333 308.076 308.331 308.079 308.327 308.082 308.324 308.086 308.32 308.09 308.315 308.095 308.31 308.1 308.305 308.106 308.299 308.112 308.292 308.119 308.285 308.126 308.278 308.134 308.27 308.142 308.261 308.151 308.252 308.16 308.243 308.17 308.232 308.181 308.221 308.192 308.21 308.204 308.197 308.217 308.184 308.23 308.17 308.245 308.155 308.261 308.139 308.277 308.121 308.296 308.103 308.315 308.082 308.336 308.06 308.359 308.036 308.385 308.009 308.413 307.979 308.445 307.945 308.481 307.907 308.522 307.863 308.57 307.811 308.626 307.748 308.695 307.672 308.782 307.574 308.893 307.445 309.045 307.264 309.266 306.989 309.616 306.526 310.257 305.593 311.69 303.511 300 
308.366 308.092 308.366 308.093 308.366 308.094 308.364 308.095 308.363 308.097 308.361 308.099 308.359 308.101 308.356 308.104 308.353 308.108 308.349 308.112 308.345 308.116 308.34 308.121 308.335 308.126 308.33 308.132 308.324 308.138 308.318 308.144 308.311 308.151 308.303 308.159 308.295 308.167 308.287 308.176 308.278 308.186 308.268 308.195 308.258 308.206 308.247 308.217 308.235 308.229 308.223 308.242 308.21 308.256 308.196 308.27 308.18 308.286 308.164 308.303 308.147 308.321 308.128 308.34 308.108 308.362 308.086 308.385 308.061 308.41 308.034 308.439 308.005 308.47 307.971 308.506 307.933 308.547 307.888 308.595 307.837 308.652 307.774 308.721 307.697 308.807 307.6 308.918 307.471 309.07 307.289 309.29 307.016 309.641 306.552 310.281 305.62 311.714 303.54 300 
308.392 308.118 308.392 308.118 308.391 308.119 308.39 308.12 308.388 308.122 308.386 308.124 308.384 308.127 308.381 308.13 308.378 308.133 308.375 308.137 308.37 308.141 308.366 308.146 308.361 308.151 308.355 308.157 308.35 308.163 308.343 308.17 308.336 308.177 308.329 308.185 308.321 308.193 308.312 308.202 308.303 308.211 308.294 308.221 308.283 308.232 308.272 308.243 308.261 308.255 308.248 308.268 308.235 308.281 308.221 308.296 308.206 308.312 308.19 308.328 308.172 308.346 308.154 308.366 308.133 308.387 308.111 308.41 308.087 308.436 308.06 308.464 308.03 308.496 307.997 308.531 307.958 308.573 307.914 308.62 307.862 308.677 307.8 308.746 307.723 308.832 307.626 308.944 307.496 309.095 307.315 309.315 307.042 309.666 306.578 310.306 305.646 311.737 303.57 300 
308.417 308.143 308.417 308.144 308.416 308.145 308.415 308.146 308.414 308.148 308.412 308.15 308.41 308.152 308.407 308.155 308.404 308.159 308.4 308.163 308.396 308.167 308.391 308.172 308.386 308.177 308.381 308.183 308.375 308.189 308.369 308.195 308.362 308.203 308.354 308.21 308.346 308.218 308.338 308.227 308.329 308.237 308.319 308.246 308.309 308.257 308.298 308.268 308.286 308.28 308.274 308.293 308.261 308.307 308.247 308.321 308.231 308.337 308.215 308.354 308.198 308.372 308.179 308.391 308.159 308.413 308.137 308.436 308.112 308.461 308.086 308.489 308.056 308.521 308.022 308.557 307.984 308.598 307.94 308.646 307.888 308.702 307.826 308.771 307.749 308.857 307.651 308.969 307.522 309.12 307.341 309.34 307.068 309.69 306.605 310.33 305.673 311.76 303.599 300 
308.443 308.169 308.442 308.169 308.442 308.17 308.441 308.171 308.439 308.173 308.437 308.175 308.435 308.178 308.432 308.181 308.429 308.184 308.425 308.188 308.421 308.192 308.417 308.197 308.412 308.202 308.406 308.208 308.4 308.214 308.394 308.221 308.387 308.228 308.38 308.236 308.372 308.244 308.363 308.253 308.354 308.262 308.345 308.272 308.334 308.283 308.323 308.294 308.312 308.306 308.299 308.319 308.286 308.332 308.272 308.347 308.257 308.362 308.241 308.379 308.223 308.397 308.205 308.417 308.184 308.438 308.162 308.461 308.138 308.487 308.111 308.515 308.081 308.546 308.048 308.582 308.01 308.623 307.965 308.671 307.914 308.728 307.851 308.796 307.775 308.882 307.677 308.994 307.548 309.145 307.367 309.365 307.094 309.715 306.631 310.354 305.7 311.784 303.628 300 
308.468 308.194 308.468 308.195 308.467 308.196 308.466 308.197 308.465 308.199 308.463 308.201 308.46 308.203 308.458 308.206 308.454 308.21 308.451 308.214 308.447 308.218 308.442 308.223 308.437 308.228 308.432 308.234 308.426 308.24 308.419 308.246 308.412 308.254 308.405 308.261 308.397 308.269 308.389 308.278 308.38 308.288 308.37 308.297 308.36 308.308 308.349 308.319 308.337 308.331 308.325 308.344 308.312 308.358 308.298 308.372 308.282 308.388 308.266 308.405 308.249 308.423 308.23 308.442 308.21 308.463 308.188 308.487 308.163 308.512 308.137 308.54 308.107 308.572 308.073 308.608 308.035 308.648 307.991 308.696 307.939 308.753 307.877 308.822 307.8 308.908 307.703 309.019 307.574 309.17 307.393 309.39 307.12 309.74 306.657 310.379 305.727 311.807 303.657 300 
308.493 308.22 308.493 308.22 308.493 308.221 308.491 308.223 308.49 308.224 308.488 308.226 308.486 308.229 308.483 308.232 308.48 308.235 308.476 308.239 308.472 308.243 308.468 308.248 308.463 308.253 308.457 308.259 308.451 308.265 308.445 308.272 308.438 308.279 308.431 308.287 308.423 308.295 308.414 308.304 308.405 308.313 308.395 308.323 308.385 308.334 308.374 308.345 308.363 308.357 308.35 308.37 308.337 308.383 308.323 308.398 308.308 308.413 308.292 308.43 308.274 308.448 308.256 308.468 308.235 308.489 308.213 308.512 308.189 308.537 308.162 308.566 308.132 308.597 308.099 308.633 308.061 308.674 308.017 308.721 307.965 308.778 307.903 308.847 307.826 308.933 307.729 309.044 307.6 309.196 307.419 309.415 307.146 309.765 306.684 310.403 305.754 311.831 303.687 300 
308.519 308.246 308.519 308.246 308.518 308.247 308.517 308.248 308.515 308.25 308.514 308.252 308.511 308.254 308.508 308.257 308.505 308.261 308.502 308.265 308.498 308.269 308.493 308.274 308.488 308.279 308.483 308.285 308.477 308.291 308.47 308.297 308.463 308.305 308.456 308.312 308.448 308.32 308.44 308.329 308.431 308.339 308.421 308.348 308.411 308.359 308.4 308.37 308.388 308.382 308.376 308.395 308.363 308.409 308.349 308.423 308.333 308.439 308.317 308.456 308.3 308.474 308.281 308.493 308.261 308.514 308.239 308.537 308.215 308.563 308.188 308.591 308.158 308.622 308.125 308.658 308.086 308.699 308.042 308.747 307.991 308.803 307.928 308.872 307.852 308.958 307.755 309.069 307.626 309.221 307.445 309.44 307.172 309.789 306.71 310.428 305.781 311.854 303.716 300 
308.544 308.271 308.544 308.272 308.543 308.272 308.542 308.274 308.541 308.275 308.539 308.277 308.537 308.28 308.534 308.283 308.531 308.286 308.527 308.29 308.523 308.295 308.518 308.299 308.513 308.305 308.508 308.31 308.502 308.316 308.496 308.323 308.489 308.33 308.481 308.338 308.473 308.346 308.465 308.355 308.456 308.364 308.446 308.374 308.436 308.385 308.425 308.396 308.414 308.408 308.401 308.421 308.388 308.434 308.374 308.449 308.359 308.464 308.343 308.481 308.325 308.499 308.307 308.518 308.286 308.54 308.264 308.563 308.24 308.588 308.213 308.616 308.184 308.648 308.15 308.684 308.112 308.724 308.068 308.772 308.016 308.829 307.954 308.897 307.878 308.983 307.78 309.094 307.652 309.246 307.471 309.465 307.198 309.814 306.736 310.452 305.808 311.877 303.745 300 
308.57 308.297 308.569 308.297 308.569 308.298 308.568 308.299 308.566 308.301 308.564 308.303 308.562 308.306 308.559 308.309 308.556 308.312 308.552 308.316 308.548 308.32 308.544 308.325 308.539 308.33 308.533 308.336 308.528 308.342 308.521 308.348 308.514 308.356 308.507 308.363 308.499 308.371 308.49 308.38 308.481 308.39 308.472 308.399 308.462 308.41 308.451 308.421 308.439 308.433 308.427 308.446 308.414 308.46 308.4 308.474 308.384 308.49 308.368 308.506 308.351 308.524 308.332 308.544 308.312 308.565 308.29 308.588 308.266 308.614 308.239 308.642 308.209 308.673 308.176 308.709 308.138 308.75 308.094 308.797 308.042 308.854 307.98 308.923 307.903 309.008 307.806 309.12 307.677 309.271 307.497 309.49 307.224 309.839 306.763 310.476 305.835 311.901 303.774 300 
308.595 308.322 308.595 308.323 308.594 308.323 308.593 308.325 308.592 308.326 308.59 308.329 308.587 308.331 308.585 308.334 308.581 308.337 308.578 308.341 308.574 308.346 308.569 308.35 308.564 308.356 308.559 308.361 308.553 308.367 308.547 308.374 308.54 308.381 308.532 308.389 308.524 308.397 308.516 308.406 308.507 308.415 308.497 308.425 308.487 308.435 308.476 308.447 308.465 308.459 308.452 308.471 308.439 308.485 308.425 308.5 308.41 308.515 308.394 308.532 308.377 308.55 308.358 308.569 308.338 308.59 308.315 308.614 308.291 308.639 308.265 308.667 308.235 308.699 308.201 308.734 308.163 308.775 308.119 308.823 308.068 308.879 308.006 308.948 307.929 309.034 307.832 309.145 307.703 309.296 307.523 309.515 307.25 309.864 306.789 310.501 305.862 311.924 303.803 300 
308.62 308.348 308.62 308.348 308.62 308.349 308.619 308.35 308.617 308.352 308.615 308.354 308.613 308.357 308.61 308.36 308.607 308.363 308.603 308.367 308.599 308.371 308.595 308.376 308.59 308.381 308.584 308.387 308.578 308.393 308.572 308.4 308.565 308.407 308.558 308.414 308.55 308.422 308.541 308.431 308.532 308.441 308.523 308.45 308.513 308.461 308.502 308.472 308.49 308.484 308.478 308.497 308.465 308.511 308.45 308.525 308.435 308.541 308.419 308.557 308.402 308.575 308.383 308.595 308.363 308.616 308.341 308.639 308.317 308.664 308.29 308.692 308.26 308.724 308.227 308.76 308.189 308.8 308.145 308.848 308.093 308.904 308.031 308.973 307.955 309.059 307.858 309.17 307.729 309.321 307.549 309.54 307.276 309.888 306.815 310.525 305.889 311.948 303.833 300 
308.646 308.373 308.646 308.374 308.645 308.375 308.644 308.376 308.642 308.378 308.641 308.38 308.638 308.382 308.635 308.385 308.632 308.389 308.629 308.392 308.625 308.397 308.62 308.401 308.615 308.407 308.61 308.412 308.604 308.418 308.597 308.425 308.591 308.432 308.583 308.44 308.575 308.448 308.567 308.457 308.558 308.466 308.548 308.476 308.538 308.486 308.527 308.498 308.516 308.51 308.503 308.522 308.49 308.536 308.476 308.551 308.461 308.566 308.445 308.583 308.428 308.601 308.409 308.62 308.389 308.641 308.367 308.664 308.342 308.69 308.316 308.718 308.286 308.749 308.253 308.785 308.215 308.826 308.171 308.873 308.119 308.93 308.057 308.998 307.981 309.084 307.884 309.195 307.755 309.346 307.575 309.565 307.303 309.913 306.842 310.55 305.915 311.971 303.862 300 
308.671 308.399 308.671 308.399 308.67 308.4 308.669 308.401 308.668 308.403 308.666 308.405 308.664 308.408 308.661 308.411 308.658 308.414 308.654 308.418 308.65 308.422 308.646 308.427 308.641 308.432 308.635 308.438 308.629 308.444 308.623 308.451 308.616 308.458 308.609 308.465 308.601 308.473 308.592 308.482 308.583 308.492 308.574 308.501 308.563 308.512 308.553 308.523 308.541 308.535 308.529 308.548 308.516 308.561 308.501 308.576 308.486 308.591 308.47 308.608 308.453 308.626 308.434 308.646 308.414 308.667 308.392 308.69 308.368 308.715 308.341 308.743 308.312 308.775 308.278 308.81 308.24 308.851 308.196 308.899 308.145 308.955 308.083 309.023 308.006 309.109 307.909 309.22 307.781 309.371 307.601 309.59 307.329 309.938 306.868 310.574 305.942 311.994 303.891 300 
308.697 308.424 308.696 308.425 308.696 308.426 308.695 308.427 308.693 308.429 308.691 308.431 308.689 308.433 308.686 308.436 308.683 308.44 308.68 308.443 308.675 308.448 308.671 308.453 308.666 308.458 308.661 308.463 308.655 308.469 308.648 308.476 308.641 308.483 308.634 308.491 308.626 308.499 308.618 308.508 308.609 308.517 308.599 308.527 308.589 308.537 308.578 308.549 308.566 308.561 308.554 308.573 308.541 308.587 308.527 308.601 308.512 308.617 308.496 308.634 308.479 308.652 308.46 308.671 308.44 308.692 308.418 308.715 308.394 308.74 308.367 308.769 308.337 308.8 308.304 308.836 308.266 308.876 308.222 308.924 308.17 308.98 308.108 309.049 308.032 309.134 307.935 309.245 307.807 309.396 307.627 309.615 307.355 309.963 306.894 310.598 305.969 312.018 303.92 300 
308.722 308.45 308.722 308.45 308.721 308.451 308.72 308.452 308.719 308.454 308.717 308.456 308.714 308.459 308.712 308.462 308.709 308.465 308.705 308.469 308.701 308.473 308.696 308.478 308.691 308.483 308.686 308.489 308.68 308.495 308.674 308.502 308.667 308.509 308.659 308.516 308.652 308.525 308.643 308.533 308.634 308.543 308.625 308.552 308.614 308.563 308.604 308.574 308.592 308.586 308.58 308.599 308.566 308.612 308.552 308.627 308.537 308.642 308.521 308.659 308.504 308.677 308.485 308.696 308.465 308.717 308.443 308.741 308.419 308.766 308.392 308.794 308.363 308.825 308.329 308.861 308.291 308.902 308.247 308.949 308.196 309.006 308.134 309.074 308.058 309.159 307.961 309.27 307.833 309.421 307.653 309.64 307.381 309.987 306.921 310.623 305.996 312.041 303.95 300 
308.747 308.475 308.747 308.476 308.747 308.477 308.746 308.478 308.744 308.48 308.742 308.482 308.74 308.484 308.737 308.487 308.734 308.491 308.73 308.495 308.726 308.499 308.722 308.504 308.717 308.509 308.711 308.514 308.706 308.521 308.699 308.527 308.692 308.534 308.685 308.542 308.677 308.55 308.669 308.559 308.66 308.568 308.65 308.578 308.64 308.588 308.629 308.6 308.617 308.612 308.605 308.624 308.592 308.638 308.578 308.652 308.563 308.668 308.547 308.685 308.53 308.702 308.511 308.722 308.491 308.743 308.469 308.766 308.445 308.791 308.418 308.819 308.388 308.851 308.355 308.886 308.317 308.927 308.273 308.974 308.222 309.031 308.16 309.099 308.084 309.185 307.987 309.295 307.858 309.446 307.679 309.665 307.407 310.012 306.947 310.647 306.023 312.065 303.979 300 
308.773 308.501 308.773 308.501 308.772 308.502 308.771 308.504 308.77 308.505 308.768 308.507 308.765 308.51 308.763 308.513 308.759 308.516 308.756 308.52 308.752 308.524 308.747 308.529 308.742 308.534 308.737 308.54 308.731 308.546 308.725 308.553 308.718 308.56 308.71 308.567 308.702 308.576 308.694 308.584 308.685 308.594 308.676 308.603 308.665 308.614 308.654 308.625 308.643 308.637 308.631 308.65 308.617 308.663 308.603 308.678 308.588 308.693 308.572 308.71 308.555 308.728 308.537 308.747 308.516 308.768 308.494 308.791 308.47 308.817 308.444 308.845 308.414 308.876 308.381 308.912 308.343 308.952 308.299 309 308.247 309.056 308.185 309.124 308.109 309.21 308.013 309.321 307.884 309.471 307.705 309.69 307.433 310.037 306.973 310.672 306.05 312.088 304.008 300 
308.798 308.527 308.798 308.527 308.797 308.528 308.796 308.529 308.795 308.531 308.793 308.533 308.791 308.535 308.788 308.538 308.785 308.542 308.781 308.546 308.777 308.55 308.773 308.555 308.768 308.56 308.762 308.565 308.756 308.572 308.75 308.578 308.743 308.585 308.736 308.593 308.728 308.601 308.72 308.61 308.711 308.619 308.701 308.629 308.691 308.639 308.68 308.651 308.668 308.663 308.656 308.675 308.643 308.689 308.629 308.703 308.614 308.719 308.598 308.735 308.581 308.753 308.562 308.773 308.542 308.794 308.52 308.817 308.496 308.842 308.469 308.87 308.44 308.901 308.406 308.937 308.368 308.978 308.324 309.025 308.273 309.081 308.211 309.15 308.135 309.235 308.038 309.346 307.91 309.496 307.731 309.715 307.459 310.062 307 310.696 306.077 312.111 304.037 300 
308.824 308.552 308.824 308.553 308.823 308.553 308.822 308.555 308.82 308.556 308.818 308.558 308.816 308.561 308.813 308.564 308.81 308.567 308.807 308.571 308.803 308.575 308.798 308.58 308.793 308.585 308.788 308.591 308.782 308.597 308.775 308.604 308.769 308.611 308.761 308.618 308.753 308.627 308.745 308.635 308.736 308.645 308.726 308.654 308.716 308.665 308.705 308.676 308.694 308.688 308.682 308.701 308.668 308.714 308.654 308.729 308.639 308.744 308.623 308.761 308.606 308.779 308.588 308.798 308.567 308.819 308.545 308.842 308.521 308.867 308.495 308.895 308.465 308.927 308.432 308.962 308.394 309.003 308.35 309.05 308.299 309.107 308.237 309.175 308.161 309.26 308.064 309.371 307.936 309.521 307.756 309.74 307.485 310.087 307.026 310.72 306.104 312.135 304.066 300 
308.849 308.578 308.849 308.578 308.848 308.579 308.847 308.58 308.846 308.582 308.844 308.584 308.842 308.587 308.839 308.589 308.836 308.593 308.832 308.597 308.828 308.601 308.823 308.606 308.819 308.611 308.813 308.617 308.807 308.623 308.801 308.629 308.794 308.636 308.787 308.644 308.779 308.652 308.77 308.661 308.761 308.67 308.752 308.68 308.742 308.69 308.731 308.702 308.719 308.713 308.707 308.726 308.694 308.74 308.68 308.754 308.665 308.77 308.649 308.786 308.632 308.804 308.613 308.824 308.593 308.845 308.571 308.868 308.547 308.893 308.52 308.921 308.491 308.952 308.457 308.988 308.42 309.028 308.376 309.076 308.324 309.132 308.263 309.2 308.187 309.285 308.09 309.396 307.962 309.546 307.782 309.764 307.511 310.111 307.052 310.745 306.131 312.158 304.096 300 
308.875 308.603 308.874 308.604 308.874 308.604 308.873 308.606 308.871 308.607 308.869 308.61 308.867 308.612 308.864 308.615 308.861 308.618 308.857 308.622 308.853 308.627 308.849 308.631 308.844 308.636 308.839 308.642 308.833 308.648 308.826 308.655 308.819 308.662 308.812 308.669 308.804 308.678 308.796 308.686 308.787 308.696 308.777 308.705 308.767 308.716 308.756 308.727 308.745 308.739 308.733 308.752 308.719 308.765 308.705 308.78 308.69 308.795 308.674 308.812 308.657 308.83 308.639 308.849 308.618 308.87 308.597 308.893 308.572 308.918 308.546 308.946 308.516 308.978 308.483 309.013 308.445 309.054 308.401 309.101 308.35 309.157 308.288 309.225 308.212 309.311 308.116 309.421 307.988 309.571 307.808 309.789 307.537 310.136 307.079 310.769 306.158 312.182 304.125 300 
308.9 308.629 308.9 308.629 308.899 308.63 308.898 308.631 308.897 308.633 308.895 308.635 308.892 308.638 308.89 308.641 308.886 308.644 308.883 308.648 308.879 308.652 308.874 308.657 308.869 308.662 308.864 308.668 308.858 308.674 308.852 308.68 308.845 308.687 308.838 308.695 308.83 308.703 308.821 308.712 308.812 308.721 308.803 308.731 308.793 308.741 308.782 308.753 308.77 308.764 308.758 308.777 308.745 308.791 308.731 308.805 308.716 308.821 308.7 308.837 308.683 308.855 308.664 308.874 308.644 308.895 308.622 308.918 308.598 308.944 308.571 308.972 308.542 309.003 308.509 309.038 308.471 309.079 308.427 309.126 308.376 309.182 308.314 309.251 308.238 309.336 308.141 309.446 308.013 309.597 307.834 309.814 307.563 310.161 307.105 310.794 306.184 312.205 304.154 300 
308.925 308.654 308.925 308.655 308.925 308.656 308.923 308.657 308.922 308.659 308.92 308.661 308.918 308.663 308.915 308.666 308.912 308.669 308.908 308.673 308.904 308.678 308.9 308.682 308.895 308.687 308.889 308.693 308.884 308.699 308.877 308.706 308.87 308.713 308.863 308.72 308.855 308.729 308.847 308.737 308.838 308.747 308.828 308.756 308.818 308.767 308.807 308.778 308.796 308.79 308.783 308.803 308.77 308.816 308.756 308.831 308.741 308.846 308.725 308.863 308.708 308.88 308.69 308.9 308.67 308.921 308.648 308.944 308.624 308.969 308.597 308.997 308.567 309.028 308.534 309.064 308.496 309.104 308.453 309.152 308.401 309.208 308.34 309.276 308.264 309.361 308.167 309.471 308.039 309.622 307.86 309.839 307.589 310.186 307.131 310.818 306.211 312.228 304.183 300 
308.951 308.68 308.951 308.68 308.95 308.681 308.949 308.682 308.947 308.684 308.946 308.686 308.943 308.689 308.94 308.692 308.937 308.695 308.934 308.699 308.93 308.703 308.925 308.708 308.92 308.713 308.915 308.719 308.909 308.725 308.903 308.731 308.896 308.738 308.888 308.746 308.881 308.754 308.872 308.763 308.863 308.772 308.854 308.782 308.844 308.792 308.833 308.804 308.821 308.815 308.809 308.828 308.796 308.842 308.782 308.856 308.767 308.871 308.751 308.888 308.734 308.906 308.715 308.925 308.695 308.946 308.673 308.969 308.649 308.994 308.623 309.022 308.593 309.054 308.56 309.089 308.522 309.13 308.478 309.177 308.427 309.233 308.365 309.301 308.289 309.386 308.193 309.497 308.065 309.647 307.886 309.864 307.616 310.21 307.158 310.843 306.238 312.252 304.212 300 
308.976 308.705 308.976 308.706 308.975 308.707 308.974 308.708 308.973 308.71 308.971 308.712 308.969 308.714 308.966 308.717 308.963 308.721 308.959 308.724 308.955 308.729 308.951 308.733 308.946 308.739 308.94 308.744 308.934 308.75 308.928 308.757 308.921 308.764 308.914 308.771 308.906 308.78 308.898 308.788 308.889 308.798 308.879 308.807 308.869 308.818 308.858 308.829 308.847 308.841 308.834 308.854 308.821 308.867 308.807 308.881 308.792 308.897 308.776 308.913 308.759 308.931 308.741 308.951 308.721 308.972 308.699 308.995 308.675 309.02 308.648 309.048 308.619 309.079 308.585 309.114 308.548 309.155 308.504 309.202 308.453 309.258 308.391 309.326 308.315 309.411 308.219 309.522 308.091 309.672 307.912 309.889 307.642 310.235 307.184 310.867 306.265 312.275 304.241 300 
309.002 308.731 309.001 308.731 309.001 308.732 309 308.733 308.998 308.735 308.996 308.737 308.994 308.74 308.991 308.743 308.988 308.746 308.985 308.75 308.98 308.754 308.976 308.759 308.971 308.764 308.966 308.77 308.96 308.776 308.953 308.782 308.947 308.789 308.939 308.797 308.931 308.805 308.923 308.814 308.914 308.823 308.905 308.833 308.894 308.843 308.884 308.854 308.872 308.866 308.86 308.879 308.847 308.893 308.833 308.907 308.818 308.922 308.802 308.939 308.785 308.957 308.766 308.976 308.746 308.997 308.724 309.02 308.7 309.045 308.674 309.073 308.644 309.104 308.611 309.14 308.573 309.18 308.53 309.227 308.478 309.283 308.417 309.352 308.341 309.437 308.245 309.547 308.117 309.697 307.938 309.914 307.668 310.26 307.21 310.891 306.292 312.299 304.271 300 
309.027 308.756 309.027 308.757 309.026 308.758 309.025 308.759 309.024 308.761 309.022 308.763 309.019 308.765 309.017 308.768 309.014 308.772 309.01 308.775 309.006 308.78 309.001 308.784 308.996 308.79 308.991 308.795 308.985 308.801 308.979 308.808 308.972 308.815 308.965 308.823 308.957 308.831 308.949 308.839 308.94 308.849 308.93 308.858 308.92 308.869 308.909 308.88 308.898 308.892 308.885 308.904 308.872 308.918 308.858 308.932 308.843 308.948 308.827 308.964 308.81 308.982 308.792 309.001 308.772 309.022 308.75 309.045 308.726 309.071 308.699 309.098 308.67 309.13 308.637 309.165 308.599 309.206 308.555 309.253 308.504 309.309 308.442 309.377 308.367 309.462 308.27 309.572 308.143 309.722 307.964 309.939 307.694 310.285 307.237 310.916 306.319 312.322 304.3 300 
309.052 308.782 309.052 308.782 309.052 308.783 309.051 308.785 309.049 308.786 309.047 308.788 309.045 308.791 309.042 308.794 309.039 308.797 309.035 308.801 309.031 308.805 309.027 308.81 309.022 308.815 309.017 308.821 309.011 308.827 309.004 308.833 308.998 308.84 308.99 308.848 308.982 308.856 308.974 308.865 308.965 308.874 308.956 308.884 308.945 308.894 308.935 308.905 308.923 308.917 308.911 308.93 308.898 308.943 308.884 308.958 308.869 308.973 308.853 308.99 308.836 309.008 308.817 309.027 308.797 309.048 308.775 309.071 308.751 309.096 308.725 309.124 308.695 309.155 308.662 309.19 308.624 309.231 308.581 309.278 308.53 309.334 308.468 309.402 308.392 309.487 308.296 309.597 308.169 309.747 307.99 309.964 307.72 310.309 307.263 310.94 306.346 312.346 304.329 300 
309.078 308.808 309.078 308.808 309.077 308.809 309.076 308.81 309.074 308.812 309.073 308.814 309.07 308.816 309.068 308.819 309.064 308.823 309.061 308.827 309.057 308.831 309.052 308.835 309.047 308.841 309.042 308.846 309.036 308.852 309.03 308.859 309.023 308.866 309.016 308.874 309.008 308.882 308.999 308.89 308.991 308.9 308.981 308.909 308.971 308.92 308.96 308.931 308.949 308.943 308.936 308.955 308.923 308.969 308.909 308.983 308.894 308.999 308.879 309.015 308.861 309.033 308.843 309.052 308.823 309.073 308.801 309.096 308.777 309.121 308.75 309.149 308.721 309.18 308.688 309.216 308.65 309.256 308.607 309.303 308.555 309.359 308.494 309.427 308.418 309.512 308.322 309.622 308.194 309.772 308.016 309.989 307.746 310.334 307.289 310.965 306.373 312.369 304.358 300 
309.103 308.833 309.103 308.834 309.102 308.834 309.101 308.836 309.1 308.837 309.098 308.839 309.096 308.842 309.093 308.845 309.09 308.848 309.086 308.852 309.082 308.856 309.078 308.861 309.073 308.866 309.067 308.872 309.062 308.878 309.055 308.884 309.048 308.891 309.041 308.899 309.033 308.907 309.025 308.916 309.016 308.925 309.006 308.935 308.996 308.945 308.986 308.956 308.974 308.968 308.962 308.981 308.949 308.994 308.935 309.009 308.92 309.024 308.904 309.041 308.887 309.059 308.868 309.078 308.848 309.099 308.826 309.122 308.802 309.147 308.776 309.175 308.747 309.206 308.713 309.241 308.676 309.282 308.632 309.329 308.581 309.385 308.52 309.452 308.444 309.537 308.348 309.647 308.22 309.797 308.042 310.014 307.772 310.359 307.316 310.989 306.399 312.392 304.387 300 
309.129 308.859 309.128 308.859 309.128 308.86 309.127 308.861 309.125 308.863 309.123 308.865 309.121 308.867 309.118 308.87 309.115 308.874 309.112 308.878 309.108 308.882 309.103 308.887 309.098 308.892 309.093 308.897 309.087 308.903 309.081 308.91 309.074 308.917 309.067 308.925 309.059 308.933 309.05 308.941 309.041 308.951 309.032 308.96 309.022 308.971 309.011 308.982 309 308.994 308.987 309.006 308.974 309.02 308.96 309.034 308.945 309.05 308.93 309.066 308.912 309.084 308.894 309.103 308.874 309.124 308.852 309.147 308.828 309.172 308.802 309.2 308.772 309.231 308.739 309.266 308.701 309.307 308.658 309.354 308.607 309.41 308.545 309.478 308.47 309.563 308.374 309.673 308.246 309.822 308.068 310.039 307.798 310.384 307.342 311.013 306.426 312.416 304.417 300 
309.154 308.884 309.154 308.885 309.153 308.885 309.152 308.887 309.151 308.888 309.149 308.89 309.147 308.893 309.144 308.896 309.141 308.899 309.137 308.903 309.133 308.907 309.129 308.912 309.124 308.917 309.118 308.923 309.112 308.929 309.106 308.935 309.099 308.943 309.092 308.95 309.084 308.958 309.076 308.967 309.067 308.976 309.057 308.986 309.047 308.996 309.036 309.007 309.025 309.019 309.013 309.032 309 309.045 308.986 309.06 308.971 309.075 308.955 309.092 308.938 309.109 308.919 309.129 308.899 309.15 308.878 309.172 308.854 309.197 308.827 309.225 308.798 309.257 308.765 309.292 308.727 309.332 308.683 309.379 308.632 309.435 308.571 309.503 308.495 309.588 308.399 309.698 308.272 309.847 308.094 310.064 307.824 310.409 307.368 311.038 306.453 312.439 304.446 300 
309.179 308.91 309.179 308.91 309.179 308.911 309.178 308.912 309.176 308.914 309.174 308.916 309.172 308.919 309.169 308.921 309.166 308.925 309.162 308.929 309.158 308.933 309.154 308.938 309.149 308.943 309.144 308.948 309.138 308.954 309.132 308.961 309.125 308.968 309.117 308.976 309.11 308.984 309.101 308.992 309.092 309.002 309.083 309.011 309.073 309.022 309.062 309.033 309.05 309.045 309.038 309.057 309.025 309.071 309.011 309.085 308.996 309.101 308.981 309.117 308.963 309.135 308.945 309.154 308.925 309.175 308.903 309.198 308.879 309.223 308.853 309.251 308.823 309.282 308.79 309.317 308.753 309.358 308.709 309.405 308.658 309.46 308.597 309.528 308.521 309.613 308.425 309.723 308.298 309.872 308.12 310.089 307.85 310.433 307.395 311.062 306.48 312.463 304.475 300 
309.205 308.935 309.205 308.936 309.204 308.937 309.203 308.938 309.202 308.939 309.2 308.942 309.197 308.944 309.195 308.947 309.191 308.95 309.188 308.954 309.184 308.958 309.179 308.963 309.174 308.968 309.169 308.974 309.163 308.98 309.157 308.987 309.15 308.994 309.143 309.001 309.135 309.009 309.127 309.018 309.118 309.027 309.108 309.037 309.098 309.047 309.087 309.058 309.076 309.07 309.064 309.083 309.051 309.096 309.037 309.111 309.022 309.126 309.006 309.142 308.989 309.16 308.97 309.179 308.95 309.2 308.929 309.223 308.905 309.248 308.878 309.276 308.849 309.307 308.816 309.342 308.778 309.383 308.735 309.43 308.684 309.486 308.622 309.553 308.547 309.638 308.451 309.748 308.324 309.897 308.146 310.114 307.876 310.458 307.421 311.087 306.507 312.486 304.504 300 
309.23 308.961 309.23 308.961 309.229 308.962 309.228 308.963 309.227 308.965 309.225 308.967 309.223 308.97 309.22 308.973 309.217 308.976 309.213 308.98 309.209 308.984 309.205 308.989 309.2 308.994 309.195 308.999 309.189 309.005 309.182 309.012 309.176 309.019 309.168 309.027 309.16 309.035 309.152 309.043 309.143 309.053 309.134 309.062 309.124 309.073 309.113 309.084 309.101 309.096 309.089 309.108 309.076 309.122 309.062 309.136 309.047 309.151 309.032 309.168 309.014 309.186 308.996 309.205 308.976 309.226 308.954 309.249 308.93 309.274 308.904 309.301 308.875 309.333 308.841 309.368 308.804 309.408 308.76 309.455 308.709 309.511 308.648 309.579 308.573 309.663 308.477 309.773 308.35 309.922 308.172 310.139 307.902 310.483 307.447 311.111 306.534 312.51 304.533 300 
309.256 308.986 309.255 308.987 309.255 308.988 309.254 308.989 309.252 308.991 309.25 308.993 309.248 308.995 309.245 308.998 309.242 309.001 309.239 309.005 309.235 309.01 309.23 309.014 309.225 309.019 309.22 309.025 309.214 309.031 309.208 309.038 309.201 309.045 309.194 309.052 309.186 309.06 309.178 309.069 309.169 309.078 309.159 309.088 309.149 309.098 309.138 309.109 309.127 309.121 309.115 309.134 309.102 309.147 309.088 309.162 309.073 309.177 309.057 309.193 309.04 309.211 309.022 309.23 309.002 309.251 308.98 309.274 308.956 309.299 308.929 309.327 308.9 309.358 308.867 309.393 308.829 309.433 308.786 309.48 308.735 309.536 308.674 309.604 308.598 309.689 308.502 309.798 308.375 309.947 308.197 310.164 307.928 310.508 307.474 311.136 306.561 312.533 304.562 300 
309.281 309.012 309.281 309.012 309.28 309.013 309.279 309.014 309.278 309.016 309.276 309.018 309.274 309.021 309.271 309.024 309.268 309.027 309.264 309.031 309.26 309.035 309.256 309.04 309.251 309.045 309.245 309.05 309.24 309.057 309.233 309.063 309.226 309.07 309.219 309.078 309.211 309.086 309.203 309.094 309.194 309.104 309.185 309.113 309.175 309.124 309.164 309.135 309.152 309.147 309.14 309.159 309.127 309.173 309.113 309.187 309.098 309.202 309.083 309.219 309.065 309.237 309.047 309.256 309.027 309.277 309.005 309.299 308.981 309.324 308.955 309.352 308.926 309.383 308.893 309.418 308.855 309.459 308.812 309.506 308.761 309.561 308.699 309.629 308.624 309.714 308.528 309.823 308.401 309.973 308.223 310.189 307.955 310.532 307.5 311.16 306.588 312.556 304.591 300 
309.307 309.037 309.306 309.038 309.306 309.039 309.305 309.04 309.303 309.042 309.301 309.044 309.299 309.046 309.296 309.049 309.293 309.053 309.29 309.056 309.286 309.061 309.281 309.065 309.276 309.07 309.271 309.076 309.265 309.082 309.259 309.089 309.252 309.096 309.245 309.103 309.237 309.111 309.228 309.12 309.22 309.129 309.21 309.139 309.2 309.149 309.189 309.16 309.178 309.172 309.166 309.185 309.153 309.198 309.139 309.212 309.124 309.228 309.108 309.244 309.091 309.262 309.073 309.281 309.053 309.302 309.031 309.325 309.007 309.35 308.981 309.378 308.951 309.409 308.918 309.444 308.881 309.484 308.837 309.531 308.786 309.587 308.725 309.654 308.65 309.739 308.554 309.849 308.427 309.998 308.249 310.214 307.981 310.557 307.526 311.184 306.615 312.58 304.621 300 
309.332 309.063 309.332 309.063 309.331 309.064 309.33 309.066 309.329 309.067 309.327 309.069 309.324 309.072 309.322 309.075 309.319 309.078 309.315 309.082 309.311 309.086 309.306 309.091 309.302 309.096 309.296 309.102 309.29 309.108 309.284 309.114 309.277 309.121 309.27 309.129 309.262 309.137 309.254 309.145 309.245 309.155 309.236 309.164 309.225 309.175 309.215 309.186 309.203 309.198 309.191 309.21 309.178 309.224 309.164 309.238 309.149 309.253 309.134 309.27 309.117 309.287 309.098 309.307 309.078 309.327 309.056 309.35 309.033 309.375 309.006 309.403 308.977 309.434 308.944 309.469 308.906 309.509 308.863 309.556 308.812 309.612 308.751 309.68 308.676 309.764 308.58 309.874 308.453 310.023 308.275 310.239 308.007 310.582 307.553 311.209 306.641 312.603 304.65 300 
309.357 309.089 309.357 309.089 309.356 309.09 309.355 309.091 309.354 309.093 309.352 309.095 309.35 309.097 309.347 309.1 309.344 309.104 309.34 309.107 309.336 309.112 309.332 309.116 309.327 309.121 309.322 309.127 309.316 309.133 309.31 309.14 309.303 309.147 309.296 309.154 309.288 309.162 309.279 309.171 309.271 309.18 309.261 309.19 309.251 309.2 309.24 309.211 309.229 309.223 309.217 309.236 309.204 309.249 309.19 309.263 309.175 309.279 309.159 309.295 309.142 309.313 309.124 309.332 309.104 309.353 309.082 309.376 309.058 309.401 309.032 309.428 309.002 309.459 308.969 309.495 308.932 309.535 308.889 309.582 308.838 309.637 308.777 309.705 308.701 309.789 308.606 309.899 308.479 310.048 308.301 310.264 308.033 310.607 307.579 311.233 306.668 312.627 304.679 300 
309.383 309.114 309.383 309.115 309.382 309.115 309.381 309.117 309.379 309.118 309.378 309.12 309.375 309.123 309.373 309.126 309.369 309.129 309.366 309.133 309.362 309.137 309.357 309.142 309.352 309.147 309.347 309.153 309.341 309.159 309.335 309.165 309.328 309.172 309.321 309.18 309.313 309.188 309.305 309.196 309.296 309.206 309.286 309.215 309.276 309.226 309.266 309.237 309.254 309.249 309.242 309.261 309.229 309.274 309.215 309.289 309.2 309.304 309.185 309.321 309.168 309.338 309.149 309.357 309.129 309.378 309.107 309.401 309.084 309.426 309.057 309.454 309.028 309.485 308.995 309.52 308.958 309.56 308.914 309.607 308.863 309.663 308.802 309.73 308.727 309.815 308.631 309.924 308.505 310.073 308.327 310.289 308.059 310.631 307.605 311.258 306.695 312.65 304.708 300 
309.408 309.14 309.408 309.14 309.407 309.141 309.406 309.142 309.405 309.144 309.403 309.146 309.401 309.148 309.398 309.151 309.395 309.155 309.391 309.158 309.387 309.163 309.383 309.167 309.378 309.173 309.373 309.178 309.367 309.184 309.36 309.191 309.354 309.198 309.346 309.205 309.339 309.213 309.33 309.222 309.321 309.231 309.312 309.241 309.302 309.251 309.291 309.262 309.28 309.274 309.268 309.287 309.255 309.3 309.241 309.314 309.226 309.33 309.21 309.346 309.193 309.364 309.175 309.383 309.155 309.404 309.133 309.426 309.109 309.451 309.083 309.479 309.054 309.51 309.021 309.545 308.983 309.585 308.94 309.632 308.889 309.688 308.828 309.755 308.753 309.84 308.657 309.949 308.53 310.098 308.353 310.313 308.085 310.656 307.632 311.282 306.722 312.674 304.737 300 
309.434 309.165 309.433 309.166 309.433 309.166 309.432 309.168 309.43 309.169 309.428 309.171 309.426 309.174 309.423 309.177 309.42 309.18 309.417 309.184 309.413 309.188 309.408 309.193 309.403 309.198 309.398 309.204 309.392 309.21 309.386 309.216 309.379 309.223 309.372 309.231 309.364 309.239 309.356 309.247 309.347 309.257 309.337 309.266 309.327 309.277 309.317 309.288 309.305 309.299 309.293 309.312 309.28 309.325 309.266 309.34 309.251 309.355 309.236 309.371 309.219 309.389 309.2 309.408 309.18 309.429 309.159 309.452 309.135 309.477 309.108 309.504 309.079 309.535 309.046 309.571 309.009 309.611 308.966 309.658 308.915 309.713 308.854 309.781 308.778 309.865 308.683 309.974 308.556 310.123 308.379 310.338 308.111 310.681 307.658 311.306 306.749 312.697 304.766 300 
309.459 309.191 309.459 309.191 309.458 309.192 309.457 309.193 309.456 309.195 309.454 309.197 309.451 309.2 309.449 309.202 309.446 309.206 309.442 309.21 309.438 309.214 309.434 309.218 309.429 309.224 309.423 309.229 309.418 309.235 309.411 309.242 309.405 309.249 309.397 309.256 309.389 309.264 309.381 309.273 309.372 309.282 309.363 309.292 309.353 309.302 309.342 309.313 309.331 309.325 309.319 309.338 309.306 309.351 309.292 309.365 309.277 309.38 309.261 309.397 309.244 309.415 309.226 309.434 309.206 309.454 309.184 309.477 309.16 309.502 309.134 309.53 309.105 309.561 309.072 309.596 309.034 309.636 308.991 309.683 308.94 309.738 308.879 309.806 308.804 309.89 308.709 309.999 308.582 310.148 308.405 310.363 308.137 310.706 307.684 311.331 306.776 312.72 304.795 300 
309.484 309.216 309.484 309.217 309.484 309.218 309.483 309.219 309.481 309.22 309.479 309.223 309.477 309.225 309.474 309.228 309.471 309.231 309.467 309.235 309.463 309.239 309.459 309.244 309.454 309.249 309.449 309.255 309.443 309.261 309.437 309.267 309.43 309.274 309.423 309.282 309.415 309.29 309.407 309.298 309.398 309.308 309.388 309.317 309.378 309.328 309.368 309.339 309.356 309.35 309.344 309.363 309.331 309.376 309.317 309.391 309.302 309.406 309.287 309.422 309.27 309.44 309.251 309.459 309.231 309.48 309.21 309.503 309.186 309.528 309.16 309.555 309.13 309.586 309.097 309.621 309.06 309.661 309.017 309.708 308.966 309.764 308.905 309.831 308.83 309.915 308.735 310.025 308.608 310.173 308.431 310.388 308.163 310.731 307.71 311.355 306.803 312.744 304.825 300 
309.51 309.242 309.51 309.242 309.509 309.243 309.508 309.244 309.506 309.246 309.505 309.248 309.502 309.251 309.5 309.254 309.496 309.257 309.493 309.261 309.489 309.265 309.484 309.27 309.48 309.275 309.474 309.28 309.468 309.286 309.462 309.293 309.455 309.3 309.448 309.307 309.44 309.315 309.432 309.324 309.423 309.333 309.414 309.343 309.404 309.353 309.393 309.364 309.382 309.376 309.369 309.388 309.357 309.402 309.343 309.416 309.328 309.431 309.312 309.448 309.295 309.465 309.277 309.485 309.257 309.505 309.235 309.528 309.211 309.553 309.185 309.581 309.156 309.612 309.123 309.647 309.086 309.687 309.042 309.733 308.992 309.789 308.931 309.856 308.856 309.941 308.76 310.05 308.634 310.198 308.457 310.413 308.189 310.755 307.737 311.38 306.83 312.767 304.854 300 
309.535 309.267 309.535 309.268 309.534 309.269 309.533 309.27 309.532 309.272 309.53 309.274 309.528 309.276 309.525 309.279 309.522 309.282 309.518 309.286 309.514 309.29 309.51 309.295 309.505 309.3 309.5 309.306 309.494 309.312 309.488 309.318 309.481 309.325 309.474 309.333 309.466 309.341 309.458 309.349 309.449 309.359 309.439 309.368 309.429 309.379 309.418 309.39 309.407 309.401 309.395 309.414 309.382 309.427 309.368 309.442 309.353 309.457 309.338 309.473 309.321 309.491 309.302 309.51 309.282 309.531 309.261 309.553 309.237 309.578 309.211 309.606 309.182 309.637 309.149 309.672 309.111 309.712 309.068 309.759 309.017 309.814 308.956 309.882 308.881 309.966 308.786 310.075 308.66 310.223 308.483 310.438 308.215 310.78 307.763 311.404 306.856 312.791 304.883 300 
309.561 309.293 309.56 309.293 309.56 309.294 309.559 309.295 309.557 309.297 309.555 309.299 309.553 309.302 309.55 309.305 309.547 309.308 309.544 309.312 309.54 309.316 309.535 309.321 309.53 309.326 309.525 309.331 309.519 309.337 309.513 309.344 309.506 309.351 309.499 309.358 309.491 309.366 309.483 309.375 309.474 309.384 309.465 309.394 309.455 309.404 309.444 309.415 309.433 309.427 309.42 309.439 309.408 309.453 309.394 309.467 309.379 309.482 309.363 309.499 309.346 309.516 309.328 309.535 309.308 309.556 309.286 309.579 309.263 309.604 309.236 309.631 309.207 309.662 309.174 309.697 309.137 309.737 309.094 309.784 309.043 309.839 308.982 309.907 308.907 309.991 308.812 310.1 308.686 310.248 308.509 310.463 308.241 310.805 307.789 311.429 306.883 312.814 304.912 300 
309.586 309.318 309.586 309.319 309.585 309.32 309.584 309.321 309.583 309.323 309.581 309.325 309.579 309.327 309.576 309.33 309.573 309.333 309.569 309.337 309.565 309.341 309.561 309.346 309.556 309.351 309.551 309.357 309.545 309.363 309.538 309.369 309.532 309.376 309.524 309.384 309.517 309.392 309.508 309.4 309.5 309.41 309.49 309.419 309.48 309.43 309.469 309.441 309.458 309.452 309.446 309.465 309.433 309.478 309.419 309.492 309.404 309.508 309.389 309.524 309.372 309.542 309.353 309.561 309.333 309.582 309.312 309.604 309.288 309.629 309.262 309.657 309.233 309.688 309.2 309.723 309.163 309.763 309.119 309.809 309.069 309.865 309.008 309.932 308.933 310.016 308.838 310.125 308.711 310.273 308.535 310.488 308.267 310.83 307.816 311.453 306.91 312.838 304.941 300 
309.611 309.344 309.611 309.344 309.611 309.345 309.61 309.347 309.608 309.348 309.606 309.35 309.604 309.353 309.601 309.356 309.598 309.359 309.595 309.363 309.591 309.367 309.586 309.372 309.581 309.377 309.576 309.382 309.57 309.388 309.564 309.395 309.557 309.402 309.55 309.409 309.542 309.417 309.534 309.426 309.525 309.435 309.516 309.445 309.506 309.455 309.495 309.466 309.484 309.478 309.471 309.49 309.459 309.504 309.445 309.518 309.43 309.533 309.414 309.55 309.397 309.567 309.379 309.586 309.359 309.607 309.337 309.63 309.314 309.655 309.287 309.682 309.258 309.713 309.225 309.748 309.188 309.788 309.145 309.835 309.094 309.89 309.033 309.957 308.959 310.041 308.863 310.15 308.737 310.298 308.561 310.513 308.294 310.854 307.842 311.477 306.937 312.861 304.97 300 
309.637 309.37 309.637 309.37 309.636 309.371 309.635 309.372 309.634 309.374 309.632 309.376 309.629 309.378 309.627 309.381 309.624 309.385 309.62 309.388 309.616 309.393 309.612 309.397 309.607 309.402 309.601 309.408 309.596 309.414 309.589 309.42 309.583 309.427 309.575 309.435 309.568 309.443 309.559 309.451 309.55 309.461 309.541 309.47 309.531 309.481 309.52 309.492 309.509 309.503 309.497 309.516 309.484 309.529 309.47 309.543 309.455 309.559 309.44 309.575 309.423 309.593 309.404 309.612 309.385 309.632 309.363 309.655 309.339 309.68 309.313 309.707 309.284 309.738 309.251 309.773 309.214 309.813 309.171 309.86 309.12 309.915 309.059 309.983 308.984 310.067 308.889 310.175 308.763 310.323 308.587 310.538 308.32 310.879 307.868 311.502 306.964 312.885 304.999 300 
309.662 309.395 309.662 309.396 309.661 309.396 309.66 309.398 309.659 309.399 309.657 309.401 309.655 309.404 309.652 309.407 309.649 309.41 309.645 309.414 309.641 309.418 309.637 309.423 309.632 309.428 309.627 309.433 309.621 309.439 309.615 309.446 309.608 309.453 309.601 309.46 309.593 309.468 309.585 309.477 309.576 309.486 309.567 309.496 309.557 309.506 309.546 309.517 309.534 309.529 309.522 309.541 309.509 309.555 309.496 309.569 309.481 309.584 309.465 309.6 309.448 309.618 309.43 309.637 309.41 309.658 309.388 309.68 309.365 309.705 309.339 309.733 309.309 309.764 309.277 309.799 309.239 309.839 309.196 309.885 309.146 309.941 309.085 310.008 309.01 310.092 308.915 310.201 308.789 310.349 308.612 310.563 308.346 310.904 307.895 311.526 306.991 312.908 305.028 300 
309.688 309.421 309.687 309.421 309.687 309.422 309.686 309.423 309.684 309.425 309.682 309.427 309.68 309.429 309.678 309.432 309.674 309.436 309.671 309.439 309.667 309.444 309.662 309.448 309.658 309.453 309.652 309.459 309.646 309.465 309.64 309.471 309.633 309.478 309.626 309.486 309.618 309.494 309.61 309.502 309.601 309.512 309.592 309.521 309.582 309.532 309.571 309.543 309.56 309.554 309.548 309.567 309.535 309.58 309.521 309.594 309.506 309.61 309.491 309.626 309.474 309.643 309.455 309.663 309.436 309.683 309.414 309.706 309.39 309.731 309.364 309.758 309.335 309.789 309.302 309.824 309.265 309.864 309.222 309.911 309.171 309.966 309.111 310.033 309.036 310.117 308.941 310.226 308.815 310.374 308.638 310.588 308.372 310.929 307.921 311.551 307.018 312.931 305.058 300 
309.713 309.446 309.713 309.447 309.712 309.447 309.711 309.449 309.71 309.45 309.708 309.452 309.706 309.455 309.703 309.458 309.7 309.461 309.696 309.465 309.692 309.469 309.688 309.474 309.683 309.479 309.678 309.484 309.672 309.49 309.666 309.497 309.659 309.504 309.652 309.511 309.644 309.519 309.636 309.528 309.627 309.537 309.617 309.547 309.607 309.557 309.597 309.568 309.585 309.58 309.573 309.592 309.56 309.606 309.547 309.62 309.532 309.635 309.516 309.651 309.499 309.669 309.481 309.688 309.461 309.709 309.44 309.731 309.416 309.756 309.39 309.784 309.361 309.814 309.328 309.849 309.291 309.889 309.248 309.936 309.197 309.991 309.136 310.058 309.062 310.142 308.967 310.251 308.841 310.399 308.664 310.613 308.398 310.954 307.947 311.575 307.044 312.955 305.087 300 
309.738 309.472 309.738 309.472 309.738 309.473 309.737 309.474 309.735 309.476 309.733 309.478 309.731 309.48 309.728 309.483 309.725 309.487 309.722 309.49 309.718 309.495 309.713 309.499 309.708 309.504 309.703 309.51 309.697 309.516 309.691 309.522 309.684 309.529 309.677 309.537 309.669 309.545 309.661 309.553 309.652 309.563 309.643 309.572 309.633 309.583 309.622 309.594 309.611 309.605 309.599 309.618 309.586 309.631 309.572 309.645 309.557 309.66 309.542 309.677 309.525 309.694 309.507 309.713 309.487 309.734 309.465 309.757 309.441 309.781 309.415 309.809 309.386 309.84 309.354 309.875 309.316 309.915 309.273 309.961 309.223 310.016 309.162 310.083 309.087 310.167 308.992 310.276 308.866 310.424 308.69 310.638 308.424 310.978 307.974 311.6 307.071 312.978 305.116 300 
309.764 309.497 309.764 309.498 309.763 309.499 309.762 309.5 309.761 309.501 309.759 309.504 309.756 309.506 309.754 309.509 309.751 309.512 309.747 309.516 309.743 309.52 309.739 309.525 309.734 309.53 309.729 309.535 309.723 309.541 309.717 309.548 309.71 309.555 309.703 309.562 309.695 309.57 309.687 309.579 309.678 309.588 309.668 309.598 309.658 309.608 309.648 309.619 309.636 309.631 309.624 309.643 309.611 309.656 309.598 309.671 309.583 309.686 309.567 309.702 309.55 309.72 309.532 309.739 309.512 309.759 309.491 309.782 309.467 309.807 309.441 309.834 309.412 309.865 309.379 309.9 309.342 309.94 309.299 309.986 309.248 310.042 309.188 310.109 309.113 310.193 309.018 310.301 308.892 310.449 308.716 310.663 308.45 311.003 308 311.624 307.098 313.002 305.145 300 
309.789 309.523 309.789 309.523 309.788 309.524 309.787 309.525 309.786 309.527 309.784 309.529 309.782 309.532 309.779 309.534 309.776 309.538 309.773 309.542 309.769 309.546 309.764 309.55 309.759 309.555 309.754 309.561 309.748 309.567 309.742 309.573 309.735 309.58 309.728 309.588 309.72 309.596 309.712 309.604 309.703 309.614 309.694 309.623 309.684 309.634 309.673 309.645 309.662 309.656 309.65 309.669 309.637 309.682 309.623 309.696 309.608 309.711 309.593 309.728 309.576 309.745 309.558 309.764 309.538 309.785 309.516 309.807 309.493 309.832 309.466 309.86 309.437 309.891 309.405 309.925 309.367 309.965 309.324 310.012 309.274 310.067 309.213 310.134 309.139 310.218 309.044 310.326 308.918 310.474 308.742 310.688 308.476 311.028 308.026 311.648 307.125 313.025 305.174 300 
309.815 309.548 309.815 309.549 309.814 309.55 309.813 309.551 309.811 309.553 309.81 309.555 309.807 309.557 309.805 309.56 309.801 309.563 309.798 309.567 309.794 309.571 309.79 309.576 309.785 309.581 309.779 309.587 309.774 309.593 309.767 309.599 309.761 309.606 309.753 309.613 309.746 309.621 309.737 309.63 309.729 309.639 309.719 309.649 309.709 309.659 309.699 309.67 309.687 309.682 309.675 309.694 309.662 309.707 309.649 309.722 309.634 309.737 309.618 309.753 309.601 309.771 309.583 309.79 309.563 309.81 309.542 309.833 309.518 309.858 309.492 309.885 309.463 309.916 309.43 309.951 309.393 309.991 309.35 310.037 309.3 310.092 309.239 310.159 309.164 310.243 309.07 310.351 308.944 310.499 308.768 310.713 308.502 311.053 308.053 311.673 307.152 313.049 305.203 300 
309.84 309.574 309.84 309.574 309.839 309.575 309.838 309.576 309.837 309.578 309.835 309.58 309.833 309.583 309.83 309.586 309.827 309.589 309.823 309.593 309.819 309.597 309.815 309.601 309.81 309.607 309.805 309.612 309.799 309.618 309.793 309.625 309.786 309.631 309.779 309.639 309.771 309.647 309.763 309.655 309.754 309.665 309.745 309.674 309.735 309.684 309.724 309.695 309.713 309.707 309.701 309.72 309.688 309.733 309.674 309.747 309.659 309.762 309.644 309.779 309.627 309.796 309.609 309.815 309.589 309.836 309.567 309.858 309.544 309.883 309.518 309.911 309.489 309.941 309.456 309.976 309.419 310.016 309.376 310.062 309.325 310.118 309.265 310.184 309.19 310.268 309.095 310.377 308.97 310.524 308.794 310.738 308.528 311.077 308.079 311.697 307.179 313.072 305.232 300 
309.866 309.599 309.865 309.6 309.865 309.601 309.864 309.602 309.862 309.604 309.86 309.606 309.858 309.608 309.855 309.611 309.852 309.614 309.849 309.618 309.845 309.622 309.84 309.627 309.836 309.632 309.83 309.638 309.824 309.644 309.818 309.65 309.812 309.657 309.804 309.664 309.797 309.672 309.788 309.681 309.78 309.69 309.77 309.7 309.76 309.71 309.75 309.721 309.738 309.733 309.726 309.745 309.713 309.758 309.7 309.773 309.685 309.788 309.669 309.804 309.652 309.822 309.634 309.841 309.614 309.861 309.593 309.884 309.569 309.908 309.543 309.936 309.514 309.967 309.482 310.001 309.444 310.041 309.401 310.088 309.351 310.143 309.29 310.21 309.216 310.293 309.121 310.402 308.996 310.549 308.82 310.763 308.554 311.102 308.105 311.722 307.206 313.096 305.261 300 
309.891 309.625 309.891 309.625 309.89 309.626 309.889 309.627 309.888 309.629 309.886 309.631 309.884 309.634 309.881 309.637 309.878 309.64 309.874 309.644 309.87 309.648 309.866 309.652 309.861 309.658 309.856 309.663 309.85 309.669 309.844 309.676 309.837 309.682 309.83 309.69 309.822 309.698 309.814 309.706 309.805 309.716 309.796 309.725 309.786 309.735 309.775 309.746 309.764 309.758 309.752 309.771 309.739 309.784 309.725 309.798 309.71 309.813 309.695 309.829 309.678 309.847 309.66 309.866 309.64 309.887 309.618 309.909 309.595 309.934 309.569 309.961 309.54 309.992 309.507 310.027 309.47 310.067 309.427 310.113 309.377 310.168 309.316 310.235 309.242 310.319 309.147 310.427 309.022 310.574 308.846 310.788 308.58 311.127 308.132 311.746 307.233 313.119 305.29 300 
309.916 309.651 309.916 309.651 309.916 309.652 309.915 309.653 309.913 309.655 309.911 309.657 309.909 309.659 309.906 309.662 309.903 309.665 309.9 309.669 309.896 309.673 309.891 309.678 309.886 309.683 309.881 309.689 309.875 309.695 309.869 309.701 309.862 309.708 309.855 309.715 309.848 309.723 309.839 309.732 309.83 309.741 309.821 309.751 309.811 309.761 309.801 309.772 309.789 309.784 309.777 309.796 309.764 309.809 309.751 309.823 309.736 309.839 309.72 309.855 309.703 309.872 309.685 309.891 309.665 309.912 309.644 309.934 309.62 309.959 309.594 309.987 309.565 310.017 309.533 310.052 309.496 310.092 309.453 310.138 309.402 310.193 309.342 310.26 309.267 310.344 309.173 310.452 309.047 310.599 308.872 310.813 308.606 311.152 308.158 311.771 307.259 313.142 305.32 300 
309.942 309.676 309.942 309.677 309.941 309.677 309.94 309.679 309.938 309.68 309.937 309.682 309.934 309.685 309.932 309.688 309.929 309.691 309.925 309.695 309.921 309.699 309.917 309.704 309.912 309.709 309.907 309.714 309.901 309.72 309.895 309.727 309.888 309.734 309.881 309.741 309.873 309.749 309.865 309.757 309.856 309.767 309.847 309.776 309.837 309.786 309.826 309.797 309.815 309.809 309.803 309.821 309.79 309.835 309.776 309.849 309.761 309.864 309.746 309.88 309.729 309.898 309.711 309.917 309.691 309.937 309.669 309.96 309.646 309.985 309.62 310.012 309.591 310.043 309.558 310.077 309.521 310.117 309.478 310.164 309.428 310.219 309.368 310.285 309.293 310.369 309.199 310.477 309.073 310.624 308.898 310.838 308.633 311.177 308.184 311.795 307.286 313.166 305.349 300 
309.967 309.702 309.967 309.702 309.966 309.703 309.965 309.704 309.964 309.706 309.962 309.708 309.96 309.71 309.957 309.713 309.954 309.717 309.95 309.72 309.946 309.724 309.942 309.729 309.937 309.734 309.932 309.74 309.926 309.746 309.92 309.752 309.913 309.759 309.906 309.766 309.898 309.774 309.89 309.783 309.881 309.792 309.872 309.802 309.862 309.812 309.851 309.823 309.84 309.835 309.828 309.847 309.815 309.86 309.802 309.874 309.787 309.889 309.771 309.906 309.754 309.923 309.736 309.942 309.717 309.963 309.695 309.985 309.671 310.01 309.645 310.037 309.616 310.068 309.584 310.103 309.547 310.143 309.504 310.189 309.454 310.244 309.393 310.311 309.319 310.394 309.224 310.502 309.099 310.649 308.924 310.863 308.659 311.201 308.211 311.819 307.313 313.189 305.378 300 
309.993 309.727 309.992 309.728 309.992 309.728 309.991 309.73 309.989 309.731 309.987 309.733 309.985 309.736 309.982 309.739 309.979 309.742 309.976 309.746 309.972 309.75 309.967 309.755 309.963 309.76 309.957 309.765 309.952 309.771 309.945 309.778 309.939 309.785 309.932 309.792 309.924 309.8 309.916 309.808 309.907 309.818 309.897 309.827 309.888 309.837 309.877 309.848 309.866 309.86 309.854 309.872 309.841 309.886 309.827 309.9 309.812 309.915 309.797 309.931 309.78 309.949 309.762 309.968 309.742 309.988 309.721 310.011 309.697 310.035 309.671 310.063 309.642 310.093 309.61 310.128 309.572 310.168 309.53 310.214 309.479 310.269 309.419 310.336 309.345 310.419 309.25 310.527 309.125 310.674 308.95 310.888 308.685 311.226 308.237 311.844 307.34 313.213 305.407 300 
310.018 309.753 310.018 309.753 310.017 309.754 310.016 309.755 310.015 309.757 310.013 309.759 310.011 309.761 310.008 309.764 310.005 309.768 310.001 309.771 309.997 309.776 309.993 309.78 309.988 309.785 309.983 309.791 309.977 309.797 309.971 309.803 309.964 309.81 309.957 309.818 309.949 309.825 309.941 309.834 309.932 309.843 309.923 309.853 309.913 309.863 309.902 309.874 309.891 309.886 309.879 309.898 309.866 309.911 309.853 309.925 309.838 309.94 309.822 309.957 309.805 309.974 309.787 309.993 309.768 310.014 309.746 310.036 309.723 310.061 309.697 310.088 309.668 310.119 309.635 310.153 309.598 310.193 309.555 310.24 309.505 310.294 309.445 310.361 309.37 310.445 309.276 310.553 309.151 310.7 308.976 310.912 308.711 311.251 308.263 311.868 307.367 313.236 305.436 300 
310.043 309.778 310.043 309.779 310.043 309.78 310.042 309.781 310.04 309.782 310.038 309.784 310.036 309.787 310.033 309.79 310.03 309.793 310.027 309.797 310.023 309.801 310.018 309.806 310.014 309.811 310.008 309.816 310.002 309.822 309.996 309.829 309.99 309.836 309.982 309.843 309.975 309.851 309.967 309.859 309.958 309.869 309.948 309.878 309.938 309.888 309.928 309.899 309.917 309.911 309.905 309.923 309.892 309.937 309.878 309.951 309.863 309.966 309.848 309.982 309.831 310 309.813 310.018 309.793 310.039 309.772 310.061 309.748 310.086 309.722 310.114 309.693 310.144 309.661 310.179 309.624 310.219 309.581 310.265 309.531 310.32 309.47 310.386 309.396 310.47 309.302 310.578 309.177 310.725 309.001 310.937 308.737 311.276 308.289 311.893 307.394 313.26 305.465 300 
310.069 309.804 310.069 309.804 310.068 309.805 310.067 309.806 310.066 309.808 310.064 309.81 310.061 309.812 310.059 309.815 310.056 309.819 310.052 309.822 310.048 309.827 310.044 309.831 310.039 309.836 310.034 309.842 310.028 309.848 310.022 309.854 310.015 309.861 310.008 309.869 310 309.876 309.992 309.885 309.983 309.894 309.974 309.904 309.964 309.914 309.953 309.925 309.942 309.936 309.93 309.949 309.917 309.962 309.904 309.976 309.889 309.991 309.873 310.008 309.857 310.025 309.838 310.044 309.819 310.064 309.797 310.087 309.774 310.112 309.748 310.139 309.719 310.17 309.686 310.204 309.649 310.244 309.607 310.29 309.556 310.345 309.496 310.412 309.422 310.495 309.327 310.603 309.202 310.75 309.027 310.962 308.763 311.301 308.316 311.917 307.421 313.283 305.494 300 
310.094 309.829 310.094 309.83 310.093 309.831 310.092 309.832 310.091 309.833 310.089 309.836 310.087 309.838 310.084 309.841 310.081 309.844 310.078 309.848 310.074 309.852 310.069 309.857 310.064 309.862 310.059 309.867 310.053 309.873 310.047 309.88 310.04 309.887 310.033 309.894 310.026 309.902 310.017 309.91 310.009 309.92 309.999 309.929 309.989 309.939 309.979 309.95 309.968 309.962 309.956 309.974 309.943 309.988 309.929 310.002 309.914 310.017 309.899 310.033 309.882 310.05 309.864 310.069 309.844 310.09 309.823 310.112 309.799 310.137 309.773 310.164 309.744 310.195 309.712 310.23 309.675 310.269 309.632 310.315 309.582 310.37 309.522 310.437 309.448 310.52 309.353 310.628 309.228 310.775 309.053 310.987 308.789 311.325 308.342 311.942 307.447 313.307 305.523 300 
310.12 309.855 310.119 309.855 310.119 309.856 310.118 309.857 310.116 309.859 310.115 309.861 310.112 309.864 310.11 309.866 310.106 309.87 310.103 309.873 310.099 309.878 310.095 309.882 310.09 309.887 310.085 309.893 310.079 309.899 310.073 309.905 310.066 309.912 310.059 309.92 310.051 309.927 310.043 309.936 310.034 309.945 310.025 309.955 310.015 309.965 310.004 309.976 309.993 309.987 309.981 310 309.968 310.013 309.955 310.027 309.94 310.042 309.924 310.058 309.908 310.076 309.889 310.095 309.87 310.115 309.848 310.138 309.825 310.162 309.799 310.19 309.77 310.22 309.738 310.255 309.701 310.295 309.658 310.341 309.608 310.396 309.547 310.462 309.473 310.545 309.379 310.653 309.254 310.8 309.079 311.012 308.815 311.35 308.368 311.966 307.474 313.33 305.552 300 
310.145 309.88 310.145 309.881 310.144 309.882 310.143 309.883 310.142 309.885 310.14 309.887 310.138 309.889 310.135 309.892 310.132 309.895 310.128 309.899 310.124 309.903 310.12 309.908 310.115 309.913 310.11 309.918 310.104 309.924 310.098 309.931 310.091 309.938 310.084 309.945 310.077 309.953 310.068 309.961 310.06 309.971 310.05 309.98 310.04 309.99 310.03 310.001 310.018 310.013 310.006 310.025 309.994 310.038 309.98 310.053 309.965 310.068 309.95 310.084 309.933 310.101 309.915 310.12 309.895 310.141 309.874 310.163 309.85 310.188 309.824 310.215 309.796 310.246 309.763 310.28 309.726 310.32 309.683 310.366 309.633 310.421 309.573 310.487 309.499 310.571 309.405 310.678 309.28 310.825 309.105 311.037 308.841 311.375 308.395 311.991 307.501 313.354 305.581 300 
310.17 309.906 310.17 309.906 310.17 309.907 310.169 309.908 310.167 309.91 310.165 309.912 310.163 309.915 310.16 309.918 310.157 309.921 310.154 309.925 310.15 309.929 310.145 309.933 310.141 309.938 310.135 309.944 310.13 309.95 310.123 309.956 310.117 309.963 310.11 309.971 310.102 309.979 310.094 309.987 310.085 309.996 310.076 310.006 310.066 310.016 310.055 310.027 310.044 310.038 310.032 310.051 310.019 310.064 310.006 310.078 309.991 310.093 309.975 310.109 309.959 310.127 309.94 310.146 309.921 310.166 309.899 310.189 309.876 310.213 309.85 310.24 309.821 310.271 309.789 310.306 309.752 310.345 309.709 310.391 309.659 310.446 309.599 310.513 309.525 310.596 309.431 310.703 309.306 310.85 309.131 311.062 308.867 311.4 308.421 312.015 307.528 313.377 305.61 300 
310.196 309.932 310.196 309.932 310.195 309.933 310.194 309.934 310.193 309.936 310.191 309.938 310.189 309.94 310.186 309.943 310.183 309.946 310.179 309.95 310.175 309.954 310.171 309.959 310.166 309.964 310.161 309.969 310.155 309.975 310.149 309.982 310.142 309.989 310.135 309.996 310.127 310.004 310.119 310.012 310.11 310.022 310.101 310.031 310.091 310.041 310.081 310.052 310.069 310.064 310.057 310.076 310.045 310.089 310.031 310.103 310.016 310.119 310.001 310.135 309.984 310.152 309.966 310.171 309.946 310.192 309.925 310.214 309.901 310.239 309.876 310.266 309.847 310.296 309.814 310.331 309.777 310.371 309.735 310.417 309.685 310.471 309.625 310.538 309.55 310.621 309.456 310.729 309.332 310.875 309.157 311.087 308.893 311.424 308.447 312.039 307.555 313.401 305.639 300 
310.221 309.957 310.221 309.958 310.22 309.958 310.219 309.96 310.218 309.961 310.216 309.963 310.214 309.966 310.211 309.969 310.208 309.972 310.205 309.976 310.201 309.98 310.196 309.984 310.191 309.989 310.186 309.995 310.181 310.001 310.174 310.007 310.168 310.014 310.161 310.022 310.153 310.03 310.145 310.038 310.136 310.047 310.127 310.057 310.117 310.067 310.106 310.078 310.095 310.089 310.083 310.102 310.07 310.115 310.057 310.129 310.042 310.144 310.026 310.16 310.01 310.178 309.991 310.196 309.972 310.217 309.95 310.239 309.927 310.264 309.901 310.291 309.872 310.322 309.84 310.356 309.803 310.396 309.76 310.442 309.71 310.497 309.65 310.563 309.576 310.646 309.482 310.754 309.358 310.9 309.183 311.112 308.919 311.449 308.474 312.064 307.582 313.424 305.668 300 
310.247 309.983 310.246 309.983 310.246 309.984 310.245 309.985 310.243 309.987 310.242 309.989 310.239 309.991 310.237 309.994 310.234 309.997 310.23 310.001 310.226 310.005 310.222 310.01 310.217 310.015 310.212 310.02 310.206 310.026 310.2 310.033 310.193 310.04 310.186 310.047 310.178 310.055 310.17 310.063 310.161 310.073 310.152 310.082 310.142 310.092 310.132 310.103 310.12 310.115 310.108 310.127 310.096 310.14 310.082 310.154 310.067 310.169 310.052 310.186 310.035 310.203 310.017 310.222 309.997 310.242 309.976 310.265 309.953 310.289 309.927 310.317 309.898 310.347 309.866 310.382 309.829 310.421 309.786 310.467 309.736 310.522 309.676 310.588 309.602 310.671 309.508 310.779 309.383 310.925 309.209 311.137 308.945 311.474 308.5 312.088 307.608 313.448 305.698 300 
310.272 310.008 310.272 310.009 310.271 310.009 310.27 310.011 310.269 310.012 310.267 310.014 310.265 310.017 310.262 310.02 310.259 310.023 310.255 310.027 310.252 310.031 310.247 310.035 310.242 310.04 310.237 310.046 310.231 310.052 310.225 310.058 310.219 310.065 310.211 310.073 310.204 310.081 310.196 310.089 310.187 310.098 310.178 310.108 310.168 310.118 310.157 310.129 310.146 310.14 310.134 310.153 310.121 310.166 310.108 310.18 310.093 310.195 310.077 310.211 310.061 310.228 310.043 310.247 310.023 310.268 310.002 310.29 309.978 310.315 309.952 310.342 309.924 310.372 309.891 310.407 309.854 310.446 309.812 310.493 309.762 310.547 309.702 310.614 309.628 310.697 309.534 310.804 309.409 310.95 309.235 311.162 308.971 311.499 308.526 312.113 307.635 313.471 305.727 300 
310.298 310.034 310.297 310.034 310.297 310.035 310.296 310.036 310.294 310.038 310.292 310.04 310.29 310.042 310.287 310.045 310.284 310.049 310.281 310.052 310.277 310.056 310.273 310.061 310.268 310.066 310.263 310.071 310.257 310.077 310.251 310.084 310.244 310.091 310.237 310.098 310.229 310.106 310.221 310.115 310.212 310.124 310.203 310.133 310.193 310.143 310.183 310.154 310.171 310.166 310.159 310.178 310.147 310.191 310.133 310.205 310.118 310.22 310.103 310.237 310.086 310.254 310.068 310.273 310.048 310.293 310.027 310.316 310.004 310.34 309.978 310.367 309.949 310.398 309.917 310.432 309.88 310.472 309.837 310.518 309.787 310.572 309.727 310.639 309.653 310.722 309.559 310.829 309.435 310.975 309.261 311.187 308.997 311.524 308.553 312.137 307.662 313.494 305.756 300 
310.323 310.059 310.323 310.06 310.322 310.061 310.321 310.062 310.32 310.063 310.318 310.065 310.316 310.068 310.313 310.071 310.31 310.074 310.306 310.078 310.302 310.082 310.298 310.087 310.293 310.092 310.288 310.097 310.282 310.103 310.276 310.109 310.269 310.116 310.262 310.124 310.255 310.132 310.246 310.14 310.238 310.149 310.228 310.159 310.219 310.169 310.208 310.18 310.197 310.191 310.185 310.204 310.172 310.217 310.159 310.231 310.144 310.246 310.128 310.262 310.112 310.279 310.094 310.298 310.074 310.319 310.053 310.341 310.029 310.365 310.003 310.393 309.975 310.423 309.942 310.458 309.905 310.497 309.863 310.543 309.813 310.598 309.753 310.664 309.679 310.747 309.585 310.854 309.461 311 309.287 311.212 309.024 311.548 308.579 312.162 307.689 313.518 305.785 300 
310.348 310.085 310.348 310.085 310.348 310.086 310.347 310.087 310.345 310.089 310.343 310.091 310.341 310.093 310.338 310.096 310.335 310.1 310.332 310.103 310.328 310.107 310.323 310.112 310.319 310.117 310.313 310.123 310.308 310.128 310.301 310.135 310.295 310.142 310.288 310.149 310.28 310.157 310.272 310.166 310.263 310.175 310.254 310.184 310.244 310.194 310.233 310.205 310.222 310.217 310.21 310.229 310.198 310.242 310.184 310.256 310.169 310.271 310.154 310.287 310.137 310.305 310.119 310.324 310.1 310.344 310.078 310.366 310.055 310.391 310.029 310.418 310 310.449 309.968 310.483 309.931 310.522 309.889 310.568 309.839 310.623 309.779 310.689 309.705 310.772 309.611 310.88 309.487 311.025 309.313 311.237 309.05 311.573 308.605 312.186 307.716 313.541 305.814 300 
310.374 310.11 310.374 310.111 310.373 310.112 310.372 310.113 310.37 310.114 310.369 310.116 310.366 310.119 310.364 310.122 310.361 310.125 310.357 310.129 310.353 310.133 310.349 310.138 310.344 310.143 310.339 310.148 310.333 310.154 310.327 310.16 310.32 310.167 310.313 310.175 310.306 310.183 310.297 310.191 310.289 310.2 310.279 310.21 310.269 310.22 310.259 310.231 310.248 310.242 310.236 310.255 310.223 310.268 310.21 310.282 310.195 310.297 310.179 310.313 310.163 310.33 310.145 310.349 310.125 310.369 310.104 310.392 310.08 310.416 310.055 310.443 310.026 310.474 309.994 310.508 309.957 310.548 309.914 310.594 309.864 310.648 309.804 310.715 309.731 310.797 309.637 310.905 309.513 311.051 309.339 311.262 309.076 311.598 308.631 312.21 307.743 313.565 305.843 300 
310.399 310.136 310.399 310.136 310.398 310.137 310.397 310.138 310.396 310.14 310.394 310.142 310.392 310.144 310.389 310.147 310.386 310.151 310.383 310.154 310.379 310.159 310.374 310.163 310.369 310.168 310.364 310.174 310.359 310.18 310.352 310.186 310.346 310.193 310.339 310.2 310.331 310.208 310.323 310.217 310.314 310.226 310.305 310.235 310.295 310.245 310.284 310.256 310.273 310.268 310.261 310.28 310.249 310.293 310.235 310.307 310.22 310.322 310.205 310.338 310.188 310.356 310.17 310.374 310.151 310.395 310.129 310.417 310.106 310.442 310.08 310.469 310.051 310.499 310.019 310.534 309.982 310.573 309.94 310.619 309.89 310.674 309.83 310.74 309.756 310.823 309.663 310.93 309.538 311.076 309.365 311.287 309.102 311.623 308.658 312.235 307.77 313.588 305.872 300 
310.425 310.161 310.424 310.162 310.424 310.163 310.423 310.164 310.421 310.166 310.419 310.168 310.417 310.17 310.415 310.173 310.411 310.176 310.408 310.18 310.404 310.184 310.4 310.189 310.395 310.194 310.39 310.199 310.384 310.205 310.378 310.211 310.371 310.218 310.364 310.226 310.356 310.234 310.348 310.242 310.34 310.251 310.33 310.261 310.32 310.271 310.31 310.282 310.299 310.293 310.287 310.305 310.274 310.319 310.261 310.333 310.246 310.348 310.23 310.364 310.214 310.381 310.196 310.4 310.176 310.42 310.155 310.443 310.131 310.467 310.106 310.494 310.077 310.525 310.045 310.559 310.008 310.598 309.966 310.644 309.916 310.699 309.856 310.765 309.782 310.848 309.688 310.955 309.564 311.101 309.39 311.312 309.128 311.648 308.684 312.259 307.796 313.612 305.901 300 
310.45 310.187 310.45 310.187 310.449 310.188 310.448 310.189 310.447 310.191 310.445 310.193 310.443 310.196 310.44 310.198 310.437 310.202 310.433 310.205 310.429 310.21 310.425 310.214 310.42 310.219 310.415 310.225 310.409 310.231 310.403 310.237 310.397 310.244 310.389 310.251 310.382 310.259 310.374 310.268 310.365 310.277 310.356 310.286 310.346 310.296 310.335 310.307 310.324 310.319 310.312 310.331 310.3 310.344 310.286 310.358 310.271 310.373 310.256 310.389 310.239 310.407 310.221 310.425 310.202 310.446 310.18 310.468 310.157 310.492 310.131 310.52 310.103 310.55 310.07 310.584 310.034 310.624 309.991 310.67 309.941 310.724 309.881 310.79 309.808 310.873 309.714 310.98 309.59 311.126 309.416 311.337 309.154 311.672 308.71 312.284 307.823 313.635 305.93 300 
310.475 310.213 310.475 310.213 310.475 310.214 310.474 310.215 310.472 310.217 310.47 310.219 310.468 310.221 310.465 310.224 310.462 310.227 310.459 310.231 310.455 310.235 310.451 310.24 310.446 310.245 310.441 310.25 310.435 310.256 310.429 310.262 310.422 310.269 310.415 310.277 310.407 310.285 310.399 310.293 310.39 310.302 310.381 310.312 310.371 310.322 310.361 310.333 310.35 310.344 310.338 310.356 310.325 310.37 310.311 310.384 310.297 310.399 310.281 310.415 310.265 310.432 310.247 310.451 310.227 310.471 310.206 310.493 310.183 310.518 310.157 310.545 310.128 310.575 310.096 310.61 310.059 310.649 310.017 310.695 309.967 310.749 309.907 310.816 309.834 310.898 309.74 311.005 309.616 311.151 309.442 311.362 309.18 311.697 308.737 312.308 307.85 313.659 305.959 300 
310.501 310.238 310.501 310.238 310.5 310.239 310.499 310.241 310.498 310.242 310.496 310.244 310.493 310.247 310.491 310.25 310.488 310.253 310.484 310.257 310.48 310.261 310.476 310.265 310.471 310.27 310.466 310.276 310.46 310.282 310.454 310.288 310.447 310.295 310.44 310.302 310.433 310.31 310.425 310.319 310.416 310.328 310.407 310.337 310.397 310.347 310.386 310.358 310.375 310.37 310.363 310.382 310.351 310.395 310.337 310.409 310.322 310.424 310.307 310.44 310.29 310.457 310.272 310.476 310.253 310.497 310.231 310.519 310.208 310.543 310.182 310.57 310.154 310.601 310.122 310.635 310.085 310.674 310.042 310.72 309.993 310.775 309.933 310.841 309.859 310.923 309.766 311.03 309.642 311.176 309.468 311.387 309.206 311.722 308.763 312.333 307.877 313.682 305.988 300 
310.526 310.264 310.526 310.264 310.525 310.265 310.524 310.266 310.523 310.268 310.521 310.27 310.519 310.272 310.516 310.275 310.513 310.278 310.51 310.282 310.506 310.286 310.501 310.291 310.497 310.296 310.491 310.301 310.486 310.307 310.48 310.314 310.473 310.32 310.466 310.328 310.458 310.336 310.45 310.344 310.441 310.353 310.432 310.363 310.422 310.373 310.412 310.384 310.401 310.395 310.389 310.407 310.376 310.42 310.362 310.434 310.348 310.449 310.332 310.466 310.316 310.483 310.298 310.502 310.278 310.522 310.257 310.544 310.234 310.569 310.208 310.596 310.179 310.626 310.147 310.66 310.11 310.7 310.068 310.746 310.018 310.8 309.959 310.866 309.885 310.949 309.791 311.056 309.668 311.201 309.494 311.412 309.232 311.747 308.789 312.357 307.904 313.706 306.017 300 
310.552 310.289 310.551 310.29 310.551 310.29 310.55 310.292 310.548 310.293 310.547 310.295 310.544 310.298 310.542 310.301 310.539 310.304 310.535 310.308 310.531 310.312 310.527 310.316 310.522 310.321 310.517 310.327 310.511 310.333 310.505 310.339 310.498 310.346 310.491 310.353 310.484 310.361 310.475 310.37 310.467 310.379 310.458 310.388 310.448 310.398 310.437 310.409 310.426 310.421 310.414 310.433 310.402 310.446 310.388 310.46 310.373 310.475 310.358 310.491 310.341 310.508 310.323 310.527 310.304 310.547 310.283 310.57 310.259 310.594 310.234 310.621 310.205 310.651 310.173 310.686 310.136 310.725 310.094 310.771 310.044 310.825 309.984 310.891 309.911 310.974 309.817 311.081 309.693 311.226 309.52 311.437 309.258 311.771 308.816 312.382 307.931 313.729 306.046 300 
310.577 310.315 310.577 310.315 310.576 310.316 310.575 310.317 310.574 310.319 310.572 310.321 310.57 310.323 310.567 310.326 310.564 310.329 310.561 310.333 310.557 310.337 310.552 310.342 310.547 310.347 310.542 310.352 310.537 310.358 310.53 310.365 310.524 310.371 310.517 310.379 310.509 310.387 310.501 310.395 310.492 310.404 310.483 310.414 310.473 310.424 310.463 310.435 310.452 310.446 310.44 310.458 310.427 310.471 310.413 310.485 310.399 310.5 310.383 310.516 310.367 310.534 310.349 310.552 310.329 310.573 310.308 310.595 310.285 310.619 310.259 310.646 310.231 310.677 310.198 310.711 310.162 310.75 310.119 310.796 310.07 310.851 310.01 310.917 309.936 310.999 309.843 311.106 309.719 311.251 309.546 311.462 309.284 311.796 308.842 312.406 307.957 313.753 306.075 300 
310.602 310.34 310.602 310.341 310.602 310.341 310.601 310.343 310.599 310.344 310.597 310.346 310.595 310.349 310.592 310.352 310.589 310.355 310.586 310.359 310.582 310.363 310.578 310.367 310.573 310.372 310.568 310.378 310.562 310.384 310.556 310.39 310.549 310.397 310.542 310.404 310.535 310.412 310.526 310.421 310.518 310.429 310.508 310.439 310.499 310.449 310.488 310.46 310.477 310.472 310.465 310.484 310.452 310.497 310.439 310.511 310.424 310.526 310.409 310.542 310.392 310.559 310.374 310.578 310.355 310.598 310.334 310.62 310.31 310.645 310.285 310.672 310.256 310.702 310.224 310.736 310.187 310.776 310.145 310.821 310.095 310.876 310.036 310.942 309.962 311.024 309.869 311.131 309.745 311.276 309.572 311.487 309.31 311.821 308.868 312.43 307.984 313.776 306.104 300 
310.628 310.366 310.628 310.366 310.627 310.367 310.626 310.368 310.625 310.37 310.623 310.372 310.621 310.374 310.618 310.377 310.615 310.38 310.611 310.384 310.607 310.388 310.603 310.393 310.598 310.398 310.593 310.403 310.587 310.409 310.581 310.416 310.575 310.422 310.568 310.43 310.56 310.438 310.552 310.446 310.543 310.455 310.534 310.465 310.524 310.475 310.514 310.485 310.502 310.497 310.491 310.509 310.478 310.522 310.464 310.536 310.45 310.551 310.435 310.567 310.418 310.585 310.4 310.603 310.38 310.624 310.359 310.646 310.336 310.67 310.31 310.697 310.282 310.728 310.25 310.762 310.213 310.801 310.171 310.847 310.121 310.901 310.061 310.967 309.988 311.049 309.895 311.156 309.771 311.301 309.598 311.512 309.336 311.846 308.895 312.455 308.011 313.8 306.133 300 
310.653 310.391 310.653 310.392 310.652 310.393 310.651 310.394 310.65 310.395 310.648 310.397 310.646 310.4 310.643 310.403 310.64 310.406 310.637 310.41 310.633 310.414 310.629 310.418 310.624 310.423 310.619 310.429 310.613 310.435 310.607 310.441 310.6 310.448 310.593 310.455 310.585 310.463 310.577 310.472 310.569 310.48 310.559 310.49 310.55 310.5 310.539 310.511 310.528 310.522 310.516 310.535 310.503 310.548 310.49 310.562 310.476 310.577 310.46 310.593 310.443 310.61 310.425 310.629 310.406 310.649 310.385 310.671 310.362 310.696 310.336 310.723 310.307 310.753 310.275 310.787 310.239 310.826 310.196 310.872 310.147 310.926 310.087 310.992 310.014 311.075 309.92 311.181 309.797 311.326 309.624 311.537 309.362 311.871 308.921 312.479 308.038 313.823 306.162 300 
310.679 310.417 310.678 310.417 310.678 310.418 310.677 310.419 310.675 310.421 310.674 310.423 310.671 310.425 310.669 310.428 310.666 310.432 310.662 310.435 310.658 310.439 310.654 310.444 310.649 310.449 310.644 310.454 310.638 310.46 310.632 310.467 310.626 310.473 310.618 310.481 310.611 310.489 310.603 310.497 310.594 310.506 310.585 310.516 310.575 310.526 310.565 310.536 310.553 310.548 310.542 310.56 310.529 310.573 310.515 310.587 310.501 310.602 310.486 310.618 310.469 310.635 310.451 310.654 310.431 310.674 310.41 310.697 310.387 310.721 310.361 310.748 310.333 310.778 310.301 310.812 310.264 310.852 310.222 310.897 310.172 310.952 310.113 311.017 310.039 311.1 309.946 311.206 309.823 311.351 309.65 311.562 309.388 311.895 308.947 312.504 308.065 313.847 306.191 300 
310.704 310.442 310.704 310.443 310.703 310.444 310.702 310.445 310.701 310.446 310.699 310.449 310.697 310.451 310.694 310.454 310.691 310.457 310.688 310.461 310.684 310.465 310.679 310.469 310.675 310.474 310.669 310.48 310.664 310.486 310.658 310.492 310.651 310.499 310.644 310.506 310.636 310.514 310.628 310.523 310.62 310.531 310.61 310.541 310.6 310.551 310.59 310.562 310.579 310.573 310.567 310.586 310.554 310.599 310.541 310.613 310.526 310.628 310.511 310.644 310.494 310.661 310.476 310.68 310.457 310.7 310.436 310.722 310.413 310.746 310.387 310.773 310.358 310.804 310.326 310.838 310.29 310.877 310.248 310.923 310.198 310.977 310.138 311.043 310.065 311.125 309.972 311.232 309.848 311.377 309.676 311.587 309.415 311.92 308.973 312.528 308.092 313.87 306.22 300 
310.73 310.468 310.729 310.468 310.729 310.469 310.728 310.47 310.726 310.472 310.724 310.474 310.722 310.477 310.72 310.479 310.717 310.483 310.713 310.486 310.709 310.49 310.705 310.495 310.7 310.5 310.695 310.505 310.689 310.511 310.683 310.518 310.676 310.525 310.669 310.532 310.662 310.54 310.654 310.548 310.645 310.557 310.636 310.567 310.626 310.577 310.616 310.587 310.604 310.599 310.593 310.611 310.58 310.624 310.566 310.638 310.552 310.653 310.537 310.669 310.52 310.686 310.502 310.705 310.483 310.725 310.461 310.747 310.438 310.772 310.413 310.799 310.384 310.829 310.352 310.863 310.315 310.902 310.273 310.948 310.224 311.002 310.164 311.068 310.091 311.15 309.998 311.257 309.874 311.402 309.702 311.612 309.441 311.945 309 312.553 308.119 313.894 306.249 300 
310.755 310.494 310.755 310.494 310.754 310.495 310.753 310.496 310.752 310.498 310.75 310.5 310.748 310.502 310.745 310.505 310.742 310.508 310.738 310.512 310.735 310.516 310.73 310.521 310.725 310.526 310.72 310.531 310.715 310.537 310.708 310.543 310.702 310.55 310.695 310.557 310.687 310.565 310.679 310.574 310.67 310.582 310.661 310.592 310.651 310.602 310.641 310.613 310.63 310.624 310.618 310.637 310.605 310.65 310.592 310.664 310.577 310.678 310.562 310.695 310.545 310.712 310.528 310.73 310.508 310.751 310.487 310.773 310.464 310.797 310.438 310.824 310.41 310.854 310.378 310.889 310.341 310.928 310.299 310.973 310.249 311.027 310.19 311.093 310.117 311.175 310.023 311.282 309.9 311.427 309.727 311.637 309.467 311.97 309.026 312.577 308.145 313.917 306.278 300 
310.78 310.519 310.78 310.519 310.78 310.52 310.779 310.521 310.777 310.523 310.775 310.525 310.773 310.528 310.77 310.53 310.767 310.534 310.764 310.537 310.76 310.542 310.756 310.546 310.751 310.551 310.746 310.556 310.74 310.562 310.734 310.569 310.727 310.576 310.72 310.583 310.713 310.591 310.705 310.599 310.696 310.608 310.687 310.617 310.677 310.628 310.666 310.638 310.655 310.65 310.643 310.662 310.631 310.675 310.617 310.689 310.603 310.704 310.588 310.72 310.571 310.737 310.553 310.756 310.534 310.776 310.512 310.798 310.489 310.823 310.464 310.85 310.435 310.88 310.403 310.914 310.367 310.953 310.324 310.999 310.275 311.053 310.215 311.118 310.142 311.201 310.049 311.307 309.926 311.452 309.753 311.661 309.493 311.995 309.052 312.602 308.172 313.941 306.307 300 
310.806 310.545 310.806 310.545 310.805 310.546 310.804 310.547 310.803 310.549 310.801 310.551 310.798 310.553 310.796 310.556 310.793 310.559 310.789 310.563 310.785 310.567 310.781 310.572 310.776 310.577 310.771 310.582 310.765 310.588 310.759 310.594 310.753 310.601 310.746 310.608 310.738 310.616 310.73 310.625 310.721 310.633 310.712 310.643 310.702 310.653 310.692 310.664 310.681 310.675 310.669 310.688 310.656 310.701 310.643 310.714 310.628 310.729 310.613 310.745 310.596 310.763 310.579 310.781 310.559 310.802 310.538 310.824 310.515 310.848 310.489 310.875 310.461 310.905 310.429 310.939 310.392 310.978 310.35 311.024 310.301 311.078 310.241 311.144 310.168 311.226 310.075 311.332 309.952 311.477 309.779 311.686 309.519 312.019 309.079 312.626 308.199 313.964 306.336 300 
310.831 310.57 310.831 310.571 310.83 310.571 310.829 310.573 310.828 310.574 310.826 310.576 310.824 310.579 310.821 310.582 310.818 310.585 310.815 310.588 310.811 310.593 310.806 310.597 310.802 310.602 310.797 310.608 310.791 310.613 310.785 310.62 310.778 310.627 310.771 310.634 310.764 310.642 310.755 310.65 310.747 310.659 310.738 310.668 310.728 310.679 310.717 310.689 310.706 310.701 310.694 310.713 310.682 310.726 310.668 310.74 310.654 310.755 310.639 310.771 310.622 310.788 310.604 310.807 310.585 310.827 310.564 310.849 310.54 310.873 310.515 310.9 310.486 310.93 310.454 310.965 310.418 311.004 310.376 311.049 310.326 311.103 310.267 311.169 310.194 311.251 310.101 311.357 309.978 311.502 309.805 311.711 309.545 312.044 309.105 312.651 308.226 313.988 306.365 300 
310.857 310.596 310.856 310.596 310.856 310.597 310.855 310.598 310.853 310.6 310.852 310.602 310.849 310.604 310.847 310.607 310.844 310.61 310.84 310.614 310.836 310.618 310.832 310.623 310.827 310.628 310.822 310.633 310.816 310.639 310.81 310.645 310.804 310.652 310.797 310.659 310.789 310.667 310.781 310.676 310.772 310.684 310.763 310.694 310.753 310.704 310.743 310.715 310.732 310.726 310.72 310.738 310.707 310.752 310.694 310.765 310.679 310.78 310.664 310.796 310.648 310.813 310.63 310.832 310.61 310.852 310.589 310.874 310.566 310.899 310.54 310.926 310.512 310.956 310.48 310.99 310.443 311.029 310.401 311.075 310.352 311.129 310.293 311.194 310.219 311.276 310.127 311.383 310.004 311.527 309.831 311.736 309.571 312.069 309.131 312.675 308.253 314.011 306.394 300 
310.882 310.621 310.882 310.622 310.881 310.622 310.88 310.624 310.879 310.625 310.877 310.627 310.875 310.63 310.872 310.633 310.869 310.636 310.866 310.64 310.862 310.644 310.857 310.648 310.853 310.653 310.847 310.659 310.842 310.664 310.836 310.671 310.829 310.678 310.822 310.685 310.814 310.693 310.806 310.701 310.798 310.71 310.789 310.719 310.779 310.73 310.768 310.74 310.757 310.752 310.745 310.764 310.733 310.777 310.719 310.791 310.705 310.806 310.69 310.822 310.673 310.839 310.655 310.858 310.636 310.878 310.615 310.9 310.592 310.924 310.566 310.951 310.538 310.981 310.506 311.015 310.469 311.054 310.427 311.1 310.378 311.154 310.318 311.219 310.245 311.301 310.152 311.408 310.029 311.552 309.857 311.761 309.597 312.094 309.158 312.699 308.28 314.035 306.423 300 
310.907 310.647 310.907 310.647 310.907 310.648 310.906 310.649 310.904 310.651 310.902 310.653 310.9 310.655 310.897 310.658 310.894 310.661 310.891 310.665 310.887 310.669 310.883 310.674 310.878 310.679 310.873 310.684 310.867 310.69 310.861 310.696 310.854 310.703 310.847 310.71 310.84 310.718 310.832 310.727 310.823 310.735 310.814 310.745 310.804 310.755 310.794 310.766 310.783 310.777 310.771 310.789 310.758 310.802 310.745 310.816 310.73 310.831 310.715 310.847 310.699 310.864 310.681 310.883 310.661 310.903 310.64 310.925 310.617 310.95 310.592 310.976 310.563 311.007 310.531 311.041 310.495 311.08 310.453 311.125 310.403 311.179 310.344 311.245 310.271 311.327 310.178 311.433 310.055 311.577 309.883 311.786 309.623 312.119 309.184 312.724 308.306 314.058 306.452 300 
310.933 310.672 310.933 310.673 310.932 310.674 310.931 310.675 310.93 310.676 310.928 310.678 310.926 310.681 310.923 310.684 310.92 310.687 310.916 310.691 310.912 310.695 310.908 310.699 310.903 310.704 310.898 310.71 310.893 310.715 310.886 310.722 310.88 310.729 310.873 310.736 310.865 310.744 310.857 310.752 310.849 310.761 310.839 310.77 310.83 310.781 310.819 310.791 310.808 310.803 310.796 310.815 310.784 310.828 310.77 310.842 310.756 310.857 310.741 310.873 310.724 310.89 310.706 310.908 310.687 310.929 310.666 310.951 310.643 310.975 310.617 311.002 310.589 311.032 310.557 311.066 310.52 311.105 310.478 311.15 310.429 311.204 310.37 311.27 310.297 311.352 310.204 311.458 310.081 311.602 309.909 311.811 309.649 312.143 309.21 312.748 308.333 314.082 306.481 300 
310.958 310.698 310.958 310.698 310.957 310.699 310.956 310.7 310.955 310.702 310.953 310.704 310.951 310.706 310.948 310.709 310.945 310.712 310.942 310.716 310.938 310.72 310.934 310.725 310.929 310.73 310.924 310.735 310.918 310.741 310.912 310.747 310.905 310.754 310.898 310.761 310.891 310.769 310.883 310.778 310.874 310.786 310.865 310.796 310.855 310.806 310.845 310.817 310.834 310.828 310.822 310.84 310.809 310.853 310.796 310.867 310.781 310.882 310.766 310.898 310.75 310.915 310.732 310.934 310.712 310.954 310.691 310.976 310.668 311 310.643 311.027 310.614 311.057 310.582 311.091 310.546 311.13 310.504 311.176 310.455 311.23 310.395 311.295 310.322 311.377 310.23 311.483 310.107 311.627 309.935 311.836 309.675 312.168 309.236 312.773 308.36 314.105 306.51 300 
310.984 310.723 310.983 310.724 310.983 310.725 310.982 310.726 310.98 310.727 310.979 310.729 310.976 310.732 310.974 310.735 310.971 310.738 310.967 310.742 310.963 310.746 310.959 310.75 310.954 310.755 310.949 310.761 310.943 310.767 310.937 310.773 310.931 310.78 310.924 310.787 310.916 310.795 310.908 310.803 310.9 310.812 310.89 310.821 310.881 310.832 310.87 310.842 310.859 310.854 310.847 310.866 310.835 310.879 310.821 310.893 310.807 310.908 310.792 310.924 310.775 310.941 310.757 310.959 310.738 310.979 310.717 311.001 310.694 311.026 310.668 311.053 310.64 311.083 310.608 311.117 310.572 311.156 310.53 311.201 310.48 311.255 310.421 311.32 310.348 311.402 310.255 311.508 310.133 311.652 309.961 311.861 309.701 312.193 309.263 312.797 308.387 314.129 306.539 300 
311.009 310.749 311.009 310.749 311.008 310.75 311.007 310.751 311.006 310.753 311.004 310.755 311.002 310.757 310.999 310.76 310.996 310.764 310.993 310.767 310.989 310.771 310.984 310.776 310.98 310.781 310.975 310.786 310.969 310.792 310.963 310.798 310.956 310.805 310.949 310.812 310.942 310.82 310.934 310.829 310.925 310.837 310.916 310.847 310.906 310.857 310.896 310.868 310.885 310.879 310.873 310.891 310.86 310.904 310.847 310.918 310.832 310.933 310.817 310.949 310.801 310.966 310.783 310.985 310.763 311.005 310.742 311.027 310.719 311.051 310.694 311.078 310.665 311.108 310.634 311.142 310.597 311.181 310.555 311.226 310.506 311.28 310.447 311.346 310.374 311.427 310.281 311.533 310.159 311.677 309.987 311.886 309.727 312.218 309.289 312.822 308.414 314.152 306.568 300 
311.034 310.775 311.034 310.775 311.034 310.776 311.033 310.777 311.031 310.779 311.029 310.781 311.027 310.783 311.025 310.786 311.022 310.789 311.018 310.793 311.014 310.797 311.01 310.801 311.005 310.806 311 310.812 310.994 310.818 310.988 310.824 310.982 310.831 310.975 310.838 310.967 310.846 310.959 310.854 310.95 310.863 310.941 310.872 310.932 310.883 310.921 310.893 310.91 310.905 310.898 310.917 310.886 310.93 310.872 310.944 310.858 310.958 310.843 310.974 310.826 310.992 310.808 311.01 310.789 311.03 310.768 311.052 310.745 311.076 310.719 311.103 310.691 311.133 310.659 311.167 310.623 311.206 310.581 311.252 310.532 311.306 310.472 311.371 310.4 311.453 310.307 311.559 310.184 311.703 310.013 311.911 309.753 312.243 309.315 312.846 308.441 314.176 306.597 300 
311.06 310.8 311.06 310.8 311.059 310.801 311.058 310.802 311.057 310.804 311.055 310.806 311.053 310.809 311.05 310.811 311.047 310.815 311.043 310.818 311.04 310.822 311.035 310.827 311.031 310.832 311.025 310.837 311.02 310.843 311.014 310.849 311.007 310.856 311 310.863 310.993 310.871 310.984 310.88 310.976 310.888 310.967 310.898 310.957 310.908 310.947 310.919 310.936 310.93 310.924 310.942 310.911 310.955 310.898 310.969 310.883 310.984 310.868 311 310.852 311.017 310.834 311.036 310.814 311.056 310.793 311.078 310.77 311.102 310.745 311.129 310.717 311.159 310.685 311.193 310.648 311.232 310.606 311.277 310.557 311.331 310.498 311.396 310.425 311.478 310.333 311.584 310.21 311.728 310.039 311.936 309.779 312.267 309.342 312.871 308.467 314.199 306.626 300 
311.085 310.826 311.085 310.826 311.084 310.827 311.083 310.828 311.082 310.83 311.08 310.832 311.078 310.834 311.075 310.837 311.072 310.84 311.069 310.844 311.065 310.848 311.061 310.852 311.056 310.857 311.051 310.863 311.045 310.869 311.039 310.875 311.033 310.882 311.026 310.889 311.018 310.897 311.01 310.905 311.001 310.914 310.992 310.923 310.982 310.933 310.972 310.944 310.961 310.956 310.949 310.968 310.937 310.981 310.923 310.995 310.909 311.009 310.894 311.025 310.877 311.042 310.859 311.061 310.84 311.081 310.819 311.103 310.796 311.127 310.771 311.154 310.742 311.184 310.71 311.218 310.674 311.257 310.632 311.302 310.583 311.356 310.524 311.421 310.451 311.503 310.359 311.609 310.236 311.753 310.065 311.961 309.805 312.292 309.368 312.895 308.494 314.223 306.655 300 
311.111 310.851 311.111 310.852 311.11 310.852 311.109 310.854 311.107 310.855 311.106 310.857 311.103 310.86 311.101 310.862 311.098 310.866 311.094 310.869 311.09 310.873 311.086 310.878 311.081 310.883 311.076 310.888 311.071 310.894 311.065 310.9 311.058 310.907 311.051 310.915 311.043 310.922 311.035 310.931 311.027 310.939 311.018 310.949 311.008 310.959 310.998 310.97 310.986 310.981 310.975 310.993 310.962 311.006 310.949 311.02 310.934 311.035 310.919 311.051 310.903 311.068 310.885 311.086 310.866 311.106 310.845 311.128 310.822 311.153 310.796 311.179 310.768 311.209 310.736 311.243 310.7 311.282 310.658 311.328 310.609 311.381 310.549 311.447 310.477 311.528 310.384 311.634 310.262 311.778 310.09 311.986 309.831 312.317 309.394 312.92 308.521 314.246 306.684 300 
311.136 310.877 311.136 310.877 311.135 310.878 311.134 310.879 311.133 310.881 311.131 310.883 311.129 310.885 311.126 310.888 311.123 310.891 311.12 310.895 311.116 310.899 311.112 310.903 311.107 310.908 311.102 310.914 311.096 310.92 311.09 310.926 311.083 310.933 311.076 310.94 311.069 310.948 311.061 310.956 311.052 310.965 311.043 310.974 311.033 310.984 311.023 310.995 311.012 311.007 311 311.019 310.988 311.032 310.974 311.045 310.96 311.06 310.945 311.076 310.928 311.093 310.91 311.112 310.891 311.132 310.87 311.154 310.847 311.178 310.822 311.205 310.793 311.235 310.761 311.269 310.725 311.308 310.683 311.353 310.634 311.407 310.575 311.472 310.502 311.553 310.41 311.659 310.288 311.803 310.116 312.011 309.858 312.342 309.42 312.944 308.548 314.27 306.713 300 
311.162 310.902 311.161 310.903 311.161 310.903 311.16 310.905 311.158 310.906 311.157 310.908 311.154 310.911 311.152 310.913 311.149 310.917 311.145 310.92 311.141 310.924 311.137 310.929 311.132 310.934 311.127 310.939 311.121 310.945 311.115 310.951 311.109 310.958 311.102 310.966 311.094 310.973 311.086 310.982 311.078 310.99 311.069 311 311.059 311.01 311.048 311.021 311.037 311.032 311.026 311.044 311.013 311.057 311 311.071 310.985 311.086 310.97 311.102 310.954 311.119 310.936 311.137 310.917 311.157 310.896 311.179 310.873 311.203 310.847 311.23 310.819 311.26 310.787 311.294 310.751 311.333 310.709 311.378 310.66 311.432 310.601 311.497 310.528 311.579 310.436 311.684 310.314 311.828 310.142 312.036 309.884 312.367 309.447 312.968 308.575 314.293 306.742 300 
311.187 310.928 311.187 310.928 311.186 310.929 311.185 310.93 311.184 310.932 311.182 310.934 311.18 310.936 311.177 310.939 311.174 310.942 311.171 310.946 311.167 310.95 311.162 310.955 311.158 310.959 311.153 310.965 311.147 310.971 311.141 310.977 311.134 310.984 311.127 310.991 311.12 310.999 311.112 311.007 311.103 311.016 311.094 311.025 311.084 311.035 311.074 311.046 311.063 311.058 311.051 311.07 311.039 311.083 311.025 311.096 311.011 311.111 310.996 311.127 310.979 311.144 310.961 311.163 310.942 311.183 310.921 311.205 310.898 311.229 310.873 311.256 310.845 311.286 310.813 311.319 310.776 311.358 310.735 311.404 310.685 311.457 310.627 311.522 310.554 311.604 310.462 311.709 310.339 311.853 310.168 312.061 309.91 312.391 309.473 312.993 308.601 314.317 306.771 300 
311.212 310.953 311.212 310.954 311.212 310.955 311.211 310.956 311.209 310.957 311.207 310.959 311.205 310.962 311.202 310.965 311.199 310.968 311.196 310.971 311.192 310.976 311.188 310.98 311.183 310.985 311.178 310.99 311.172 310.996 311.166 311.003 311.16 311.009 311.153 311.017 311.145 311.024 311.137 311.033 311.129 311.041 311.119 311.051 311.11 311.061 311.099 311.072 311.088 311.083 311.077 311.095 311.064 311.108 311.051 311.122 311.036 311.137 311.021 311.153 311.005 311.17 310.987 311.188 310.968 311.208 310.947 311.23 310.924 311.254 310.898 311.281 310.87 311.311 310.838 311.345 310.802 311.384 310.76 311.429 310.711 311.482 310.652 311.548 310.58 311.629 310.487 311.735 310.365 311.878 310.194 312.086 309.936 312.416 309.499 313.017 308.628 314.34 306.8 300 
311.238 310.979 311.238 310.979 311.237 310.98 311.236 310.981 311.235 310.983 311.233 310.985 311.231 310.987 311.228 310.99 311.225 310.993 311.221 310.997 311.218 311.001 311.213 311.006 311.209 311.011 311.203 311.016 311.198 311.022 311.192 311.028 311.185 311.035 311.178 311.042 311.171 311.05 311.163 311.058 311.154 311.067 311.145 311.076 311.135 311.086 311.125 311.097 311.114 311.108 311.102 311.121 311.09 311.134 311.076 311.147 311.062 311.162 311.047 311.178 311.03 311.195 311.012 311.214 310.993 311.234 310.972 311.256 310.949 311.28 310.924 311.306 310.896 311.336 310.864 311.37 310.828 311.409 310.786 311.454 310.737 311.508 310.678 311.573 310.605 311.654 310.513 311.76 310.391 311.903 310.22 312.111 309.962 312.441 309.526 313.042 308.655 314.364 306.829 300 
311.263 311.004 311.263 311.005 311.262 311.006 311.261 311.007 311.26 311.008 311.258 311.01 311.256 311.013 311.253 311.016 311.25 311.019 311.247 311.023 311.243 311.027 311.239 311.031 311.234 311.036 311.229 311.041 311.223 311.047 311.217 311.054 311.211 311.06 311.204 311.068 311.196 311.075 311.188 311.084 311.18 311.092 311.17 311.102 311.161 311.112 311.15 311.123 311.139 311.134 311.128 311.146 311.115 311.159 311.102 311.173 311.087 311.188 311.072 311.203 311.056 311.22 311.038 311.239 311.019 311.259 310.998 311.281 310.975 311.305 310.949 311.332 310.921 311.362 310.889 311.395 310.853 311.434 310.812 311.479 310.762 311.533 310.704 311.598 310.631 311.68 310.539 311.785 310.417 311.928 310.246 312.136 309.988 312.466 309.552 313.066 308.682 314.387 306.858 300 
311.289 311.03 311.288 311.03 311.288 311.031 311.287 311.032 311.285 311.034 311.284 311.036 311.281 311.038 311.279 311.041 311.276 311.044 311.272 311.048 311.268 311.052 311.264 311.057 311.259 311.062 311.254 311.067 311.249 311.073 311.243 311.079 311.236 311.086 311.229 311.093 311.222 311.101 311.214 311.109 311.205 311.118 311.196 311.127 311.186 311.137 311.176 311.148 311.165 311.159 311.153 311.172 311.141 311.184 311.127 311.198 311.113 311.213 311.098 311.229 311.081 311.246 311.064 311.264 311.044 311.284 311.023 311.306 311 311.33 310.975 311.357 310.947 311.387 310.915 311.421 310.879 311.46 310.837 311.505 310.788 311.558 310.729 311.623 310.657 311.705 310.565 311.81 310.443 311.953 310.272 312.161 310.014 312.491 309.578 313.091 308.709 314.411 306.887 300 
311.314 311.055 311.314 311.056 311.313 311.057 311.312 311.058 311.311 311.059 311.309 311.061 311.307 311.064 311.304 311.067 311.301 311.07 311.298 311.074 311.294 311.078 311.29 311.082 311.285 311.087 311.28 311.092 311.274 311.098 311.268 311.105 311.262 311.111 311.255 311.119 311.247 311.126 311.239 311.135 311.23 311.143 311.221 311.153 311.212 311.163 311.201 311.174 311.19 311.185 311.179 311.197 311.166 311.21 311.153 311.224 311.138 311.238 311.123 311.254 311.107 311.271 311.089 311.29 311.07 311.31 311.049 311.332 311.026 311.356 311.001 311.383 310.972 311.412 310.941 311.446 310.905 311.485 310.863 311.53 310.814 311.584 310.755 311.649 310.683 311.73 310.591 311.835 310.469 311.978 310.298 312.186 310.04 312.515 309.605 313.115 308.736 314.434 306.916 300 
311.339 311.081 311.339 311.081 311.339 311.082 311.338 311.083 311.336 311.085 311.334 311.087 311.332 311.089 311.33 311.092 311.327 311.095 311.323 311.099 311.319 311.103 311.315 311.108 311.31 311.113 311.305 311.118 311.3 311.124 311.293 311.13 311.287 311.137 311.28 311.144 311.272 311.152 311.264 311.16 311.256 311.169 311.247 311.178 311.237 311.188 311.227 311.199 311.216 311.21 311.204 311.222 311.192 311.235 311.178 311.249 311.164 311.264 311.149 311.28 311.132 311.297 311.115 311.315 311.095 311.335 311.074 311.357 311.052 311.381 311.026 311.408 310.998 311.438 310.966 311.472 310.93 311.51 310.888 311.555 310.839 311.609 310.781 311.674 310.708 311.755 310.616 311.86 310.494 312.004 310.324 312.211 310.066 312.54 309.631 313.14 308.762 314.458 306.945 300 
311.365 311.107 311.365 311.107 311.364 311.108 311.363 311.109 311.362 311.111 311.36 311.113 311.358 311.115 311.355 311.118 311.352 311.121 311.349 311.125 311.345 311.129 311.34 311.133 311.336 311.138 311.331 311.144 311.325 311.149 311.319 311.156 311.312 311.162 311.305 311.17 311.298 311.177 311.29 311.186 311.281 311.194 311.272 311.204 311.263 311.214 311.252 311.225 311.241 311.236 311.23 311.248 311.217 311.261 311.204 311.275 311.189 311.289 311.174 311.305 311.158 311.322 311.14 311.341 311.121 311.361 311.1 311.383 311.077 311.407 311.052 311.433 311.024 311.463 310.992 311.497 310.956 311.536 310.914 311.581 310.865 311.634 310.806 311.699 310.734 311.78 310.642 311.886 310.52 312.029 310.35 312.236 310.092 312.565 309.657 313.164 308.789 314.481 306.974 300 
311.39 311.132 311.39 311.133 311.389 311.133 311.388 311.134 311.387 311.136 311.385 311.138 311.383 311.141 311.38 311.143 311.377 311.147 311.374 311.15 311.37 311.154 311.366 311.159 311.361 311.164 311.356 311.169 311.35 311.175 311.344 311.181 311.338 311.188 311.331 311.195 311.323 311.203 311.315 311.211 311.307 311.22 311.298 311.229 311.288 311.239 311.278 311.25 311.267 311.261 311.255 311.273 311.243 311.286 311.229 311.3 311.215 311.315 311.2 311.331 311.183 311.348 311.166 311.366 311.146 311.386 311.126 311.408 311.103 311.432 311.077 311.459 311.049 311.488 311.017 311.522 310.981 311.561 310.94 311.606 310.891 311.659 310.832 311.724 310.76 311.806 310.668 311.911 310.546 312.054 310.376 312.261 310.118 312.59 309.683 313.189 308.816 314.505 307.003 300 
311.416 311.158 311.415 311.158 311.415 311.159 311.414 311.16 311.412 311.162 311.411 311.164 311.408 311.166 311.406 311.169 311.403 311.172 311.399 311.176 311.396 311.18 311.391 311.184 311.387 311.189 311.381 311.195 311.376 311.2 311.37 311.207 311.363 311.213 311.356 311.221 311.349 311.228 311.341 311.237 311.332 311.245 311.323 311.255 311.313 311.265 311.303 311.275 311.292 311.287 311.28 311.299 311.268 311.312 311.255 311.326 311.24 311.34 311.225 311.356 311.209 311.373 311.191 311.391 311.172 311.411 311.151 311.433 311.128 311.457 311.103 311.484 311.075 311.514 311.043 311.548 311.007 311.586 310.965 311.631 310.916 311.685 310.858 311.75 310.785 311.831 310.694 311.936 310.572 312.079 310.401 312.286 310.144 312.615 309.71 313.213 308.843 314.528 307.032 300 
311.441 311.183 311.441 311.184 311.44 311.184 311.439 311.186 311.438 311.187 311.436 311.189 311.434 311.192 311.431 311.194 311.428 311.198 311.425 311.201 311.421 311.205 311.417 311.21 311.412 311.215 311.407 311.22 311.401 311.226 311.395 311.232 311.389 311.239 311.382 311.246 311.374 311.254 311.366 311.262 311.358 311.271 311.349 311.28 311.339 311.29 311.329 311.301 311.318 311.312 311.306 311.324 311.294 311.337 311.28 311.351 311.266 311.366 311.251 311.381 311.234 311.399 311.217 311.417 311.198 311.437 311.177 311.459 311.154 311.483 311.128 311.509 311.1 311.539 311.069 311.573 311.033 311.612 310.991 311.657 310.942 311.71 310.883 311.775 310.811 311.856 310.719 311.961 310.598 312.104 310.427 312.311 310.17 312.639 309.736 313.238 308.87 314.552 307.061 300 
311.466 311.209 311.466 311.209 311.466 311.21 311.465 311.211 311.463 311.213 311.461 311.215 311.459 311.217 311.457 311.22 311.454 311.223 311.45 311.227 311.446 311.231 311.442 311.235 311.437 311.24 311.432 311.246 311.427 311.251 311.421 311.258 311.414 311.264 311.407 311.272 311.4 311.279 311.392 311.288 311.383 311.296 311.374 311.306 311.364 311.316 311.354 311.326 311.343 311.338 311.331 311.35 311.319 311.363 311.306 311.376 311.291 311.391 311.276 311.407 311.26 311.424 311.242 311.442 311.223 311.462 311.202 311.484 311.179 311.508 311.154 311.535 311.126 311.565 311.094 311.598 311.058 311.637 311.017 311.682 310.968 311.735 310.909 311.8 310.837 311.881 310.745 311.986 310.624 312.129 310.453 312.336 310.196 312.664 309.762 313.262 308.896 314.575 307.09 300 
311.492 311.234 311.492 311.235 311.491 311.235 311.49 311.237 311.489 311.238 311.487 311.24 311.485 311.243 311.482 311.245 311.479 311.249 311.476 311.252 311.472 311.256 311.468 311.261 311.463 311.266 311.458 311.271 311.452 311.277 311.446 311.283 311.44 311.29 311.433 311.297 311.425 311.305 311.417 311.313 311.409 311.322 311.4 311.331 311.39 311.341 311.38 311.352 311.369 311.363 311.357 311.375 311.344 311.388 311.331 311.402 311.317 311.417 311.302 311.432 311.285 311.449 311.268 311.468 311.249 311.488 311.228 311.51 311.205 311.534 311.18 311.56 311.151 311.59 311.12 311.624 311.084 311.662 311.042 311.707 310.993 311.761 310.935 311.825 310.863 311.906 310.771 312.011 310.649 312.154 310.479 312.361 310.222 312.689 309.789 313.286 308.923 314.599 307.119 300 
311.517 311.26 311.517 311.26 311.517 311.261 311.516 311.262 311.514 311.264 311.512 311.266 311.51 311.268 311.508 311.271 311.504 311.274 311.501 311.278 311.497 311.282 311.493 311.286 311.488 311.291 311.483 311.297 311.478 311.302 311.472 311.309 311.465 311.315 311.458 311.323 311.451 311.33 311.443 311.339 311.434 311.347 311.425 311.357 311.415 311.367 311.405 311.377 311.394 311.389 311.382 311.401 311.37 311.414 311.357 311.427 311.342 311.442 311.327 311.458 311.311 311.475 311.293 311.493 311.274 311.513 311.253 311.535 311.23 311.559 311.205 311.586 311.177 311.615 311.145 311.649 311.109 311.688 311.068 311.733 311.019 311.786 310.96 311.851 310.888 311.932 310.797 312.037 310.675 312.179 310.505 312.386 310.248 312.714 309.815 313.311 308.95 314.622 307.148 300 
311.543 311.285 311.543 311.286 311.542 311.287 311.541 311.288 311.54 311.289 311.538 311.291 311.536 311.294 311.533 311.297 311.53 311.3 311.526 311.303 311.523 311.307 311.518 311.312 311.514 311.317 311.509 311.322 311.503 311.328 311.497 311.334 311.49 311.341 311.483 311.348 311.476 311.356 311.468 311.364 311.46 311.373 311.45 311.382 311.441 311.392 311.431 311.403 311.42 311.414 311.408 311.426 311.395 311.439 311.382 311.453 311.368 311.468 311.353 311.483 311.336 311.5 311.319 311.519 311.3 311.539 311.279 311.56 311.256 311.584 311.231 311.611 311.203 311.641 311.171 311.674 311.135 311.713 311.094 311.758 311.045 311.811 310.986 311.876 310.914 311.957 310.822 312.062 310.701 312.204 310.531 312.411 310.274 312.739 309.841 313.335 308.977 314.646 307.177 300 
311.568 311.311 311.568 311.311 311.567 311.312 311.566 311.313 311.565 311.315 311.563 311.317 311.561 311.319 311.558 311.322 311.555 311.325 311.552 311.329 311.548 311.333 311.544 311.337 311.539 311.342 311.534 311.348 311.528 311.354 311.522 311.36 311.516 311.367 311.509 311.374 311.501 311.381 311.493 311.39 311.485 311.398 311.476 311.408 311.466 311.418 311.456 311.428 311.445 311.44 311.433 311.452 311.421 311.465 311.408 311.478 311.393 311.493 311.378 311.509 311.362 311.526 311.344 311.544 311.325 311.564 311.304 311.586 311.282 311.61 311.256 311.636 311.228 311.666 311.197 311.7 311.161 311.738 311.119 311.783 311.07 311.836 311.012 311.901 310.94 311.982 310.848 312.087 310.727 312.229 310.557 312.436 310.3 312.763 309.867 313.36 309.004 314.669 307.206 300 
311.594 311.336 311.593 311.337 311.593 311.338 311.592 311.339 311.59 311.34 311.589 311.342 311.586 311.345 311.584 311.348 311.581 311.351 311.577 311.354 311.573 311.359 311.569 311.363 311.565 311.368 311.559 311.373 311.554 311.379 311.548 311.385 311.541 311.392 311.534 311.399 311.527 311.407 311.519 311.415 311.51 311.424 311.501 311.433 311.492 311.443 311.481 311.454 311.47 311.465 311.459 311.477 311.446 311.49 311.433 311.504 311.419 311.518 311.404 311.534 311.387 311.551 311.37 311.569 311.351 311.589 311.33 311.611 311.307 311.635 311.282 311.662 311.254 311.691 311.222 311.725 311.186 311.764 311.145 311.808 311.096 311.862 311.038 311.926 310.966 312.007 310.874 312.112 310.753 312.254 310.583 312.461 310.327 312.788 309.894 313.384 309.031 314.693 307.235 300 
311.619 311.362 311.619 311.362 311.618 311.363 311.617 311.364 311.616 311.366 311.614 311.368 311.612 311.37 311.609 311.373 311.606 311.376 311.603 311.38 311.599 311.384 311.595 311.389 311.59 311.393 311.585 311.399 311.579 311.405 311.573 311.411 311.567 311.418 311.56 311.425 311.552 311.432 311.544 311.441 311.536 311.449 311.527 311.459 311.517 311.469 311.507 311.479 311.496 311.491 311.484 311.503 311.472 311.515 311.459 311.529 311.444 311.544 311.429 311.56 311.413 311.577 311.395 311.595 311.376 311.615 311.355 311.637 311.333 311.661 311.307 311.687 311.279 311.717 311.248 311.75 311.212 311.789 311.17 311.834 311.122 311.887 311.063 311.952 310.991 312.032 310.9 312.137 310.779 312.279 310.609 312.486 310.353 312.813 309.92 313.409 309.057 314.716 307.264 300 
311.644 311.388 311.644 311.388 311.644 311.389 311.643 311.39 311.641 311.392 311.639 311.393 311.637 311.396 311.635 311.399 311.632 311.402 311.628 311.406 311.624 311.41 311.62 311.414 311.615 311.419 311.61 311.424 311.605 311.43 311.599 311.436 311.592 311.443 311.585 311.45 311.578 311.458 311.57 311.466 311.561 311.475 311.552 311.484 311.543 311.494 311.532 311.505 311.521 311.516 311.51 311.528 311.497 311.541 311.484 311.555 311.47 311.569 311.455 311.585 311.438 311.602 311.421 311.62 311.402 311.64 311.381 311.662 311.358 311.686 311.333 311.712 311.305 311.742 311.273 311.776 311.238 311.814 311.196 311.859 311.147 311.912 311.089 311.977 311.017 312.058 310.926 312.162 310.804 312.305 310.635 312.511 310.379 312.838 309.946 313.433 309.084 314.74 307.292 300 
311.67 311.413 311.67 311.413 311.669 311.414 311.668 311.415 311.667 311.417 311.665 311.419 311.663 311.421 311.66 311.424 311.657 311.427 311.654 311.431 311.65 311.435 311.646 311.44 311.641 311.444 311.636 311.45 311.63 311.456 311.624 311.462 311.618 311.469 311.611 311.476 311.603 311.483 311.595 311.492 311.587 311.5 311.578 311.51 311.568 311.52 311.558 311.53 311.547 311.542 311.535 311.554 311.523 311.566 311.51 311.58 311.495 311.595 311.48 311.61 311.464 311.627 311.446 311.646 311.427 311.666 311.407 311.687 311.384 311.711 311.359 311.738 311.331 311.768 311.299 311.801 311.263 311.84 311.222 311.884 311.173 311.938 311.115 312.002 311.043 312.083 310.951 312.187 310.83 312.33 310.661 312.536 310.405 312.863 309.973 313.458 309.111 314.764 307.321 300 
311.695 311.439 311.695 311.439 311.694 311.44 311.693 311.441 311.692 311.443 311.69 311.445 311.688 311.447 311.685 311.45 311.682 311.453 311.679 311.457 311.675 311.461 311.671 311.465 311.666 311.47 311.661 311.475 311.656 311.481 311.65 311.487 311.643 311.494 311.636 311.501 311.629 311.509 311.621 311.517 311.612 311.526 311.603 311.535 311.594 311.545 311.583 311.556 311.572 311.567 311.561 311.579 311.548 311.592 311.535 311.606 311.521 311.62 311.506 311.636 311.49 311.653 311.472 311.671 311.453 311.691 311.432 311.713 311.409 311.737 311.384 311.763 311.356 311.793 311.325 311.826 311.289 311.865 311.247 311.91 311.199 311.963 311.14 312.027 311.068 312.108 310.977 312.213 310.856 312.355 310.687 312.561 310.431 312.887 309.999 313.482 309.138 314.787 307.35 300 
311.721 311.464 311.72 311.465 311.72 311.465 311.719 311.467 311.717 311.468 311.716 311.47 311.713 311.473 311.711 311.475 311.708 311.479 311.704 311.482 311.701 311.486 311.696 311.491 311.692 311.496 311.687 311.501 311.681 311.507 311.675 311.513 311.669 311.52 311.662 311.527 311.654 311.534 311.646 311.543 311.638 311.551 311.629 311.561 311.619 311.571 311.609 311.581 311.598 311.593 311.586 311.605 311.574 311.617 311.561 311.631 311.546 311.646 311.531 311.661 311.515 311.678 311.497 311.697 311.478 311.716 311.458 311.738 311.435 311.762 311.41 311.789 311.382 311.818 311.35 311.852 311.314 311.89 311.273 311.935 311.224 311.988 311.166 312.053 311.094 312.133 311.003 312.238 310.882 312.38 310.713 312.586 310.457 312.912 310.025 313.507 309.165 314.811 307.379 300 
311.746 311.49 311.746 311.49 311.745 311.491 311.744 311.492 311.743 311.494 311.741 311.496 311.739 311.498 311.736 311.501 311.733 311.504 311.73 311.508 311.726 311.512 311.722 311.516 311.717 311.521 311.712 311.526 311.706 311.532 311.7 311.538 311.694 311.545 311.687 311.552 311.68 311.56 311.672 311.568 311.663 311.577 311.654 311.586 311.644 311.596 311.634 311.607 311.623 311.618 311.612 311.63 311.599 311.643 311.586 311.656 311.572 311.671 311.557 311.687 311.541 311.704 311.523 311.722 311.504 311.742 311.483 311.764 311.46 311.788 311.435 311.814 311.407 311.844 311.376 311.877 311.34 311.916 311.299 311.96 311.25 312.013 311.192 312.078 311.12 312.158 311.029 312.263 310.908 312.405 310.738 312.611 310.483 312.937 310.051 313.531 309.191 314.834 307.408 300 
311.771 311.515 311.771 311.516 311.771 311.516 311.77 311.518 311.768 311.519 311.766 311.521 311.764 311.524 311.762 311.526 311.759 311.53 311.755 311.533 311.751 311.537 311.747 311.542 311.743 311.547 311.737 311.552 311.732 311.558 311.726 311.564 311.719 311.571 311.712 311.578 311.705 311.586 311.697 311.594 311.689 311.602 311.68 311.612 311.67 311.622 311.66 311.632 311.649 311.644 311.637 311.656 311.625 311.668 311.612 311.682 311.597 311.697 311.582 311.712 311.566 311.729 311.548 311.747 311.529 311.767 311.509 311.789 311.486 311.813 311.461 311.839 311.433 311.869 311.401 311.902 311.366 311.941 311.324 311.986 311.276 312.039 311.217 312.103 311.146 312.184 311.054 312.288 310.934 312.43 310.764 312.635 310.509 312.962 310.078 313.556 309.218 314.858 307.437 300 
311.797 311.541 311.797 311.541 311.796 311.542 311.795 311.543 311.794 311.545 311.792 311.547 311.79 311.549 311.787 311.552 311.784 311.555 311.781 311.559 311.777 311.563 311.773 311.567 311.768 311.572 311.763 311.577 311.757 311.583 311.751 311.589 311.745 311.596 311.738 311.603 311.73 311.611 311.723 311.619 311.714 311.628 311.705 311.637 311.695 311.647 311.685 311.658 311.674 311.669 311.663 311.681 311.65 311.694 311.637 311.707 311.623 311.722 311.608 311.738 311.592 311.755 311.574 311.773 311.555 311.793 311.534 311.814 311.512 311.838 311.486 311.865 311.458 311.894 311.427 311.928 311.391 311.966 311.35 312.011 311.301 312.064 311.243 312.128 311.171 312.209 311.08 312.313 310.959 312.455 310.79 312.66 310.535 312.987 310.104 313.58 309.245 314.881 307.466 300 
311.822 311.566 311.822 311.567 311.821 311.568 311.82 311.569 311.819 311.57 311.817 311.572 311.815 311.575 311.813 311.577 311.81 311.581 311.806 311.584 311.802 311.588 311.798 311.593 311.793 311.598 311.788 311.603 311.783 311.609 311.777 311.615 311.77 311.622 311.763 311.629 311.756 311.637 311.748 311.645 311.74 311.653 311.73 311.663 311.721 311.673 311.711 311.683 311.7 311.694 311.688 311.706 311.676 311.719 311.663 311.733 311.648 311.747 311.633 311.763 311.617 311.78 311.6 311.798 311.581 311.818 311.56 311.84 311.537 311.864 311.512 311.89 311.484 311.92 311.453 311.953 311.417 311.992 311.376 312.036 311.327 312.089 311.269 312.154 311.197 312.234 311.106 312.338 310.985 312.48 310.816 312.685 310.561 313.011 310.13 313.605 309.272 314.905 307.495 300 
311.848 311.592 311.847 311.592 311.847 311.593 311.846 311.594 311.845 311.596 311.843 311.598 311.841 311.6 311.838 311.603 311.835 311.606 311.832 311.61 311.828 311.614 311.823 311.618 311.819 311.623 311.814 311.628 311.808 311.634 311.802 311.64 311.796 311.647 311.789 311.654 311.781 311.662 311.773 311.67 311.765 311.679 311.756 311.688 311.746 311.698 311.736 311.709 311.725 311.72 311.714 311.732 311.701 311.745 311.688 311.758 311.674 311.773 311.659 311.789 311.643 311.805 311.625 311.824 311.606 311.844 311.585 311.865 311.563 311.889 311.538 311.916 311.51 311.945 311.478 311.979 311.442 312.017 311.401 312.062 311.353 312.115 311.294 312.179 311.223 312.259 311.132 312.364 311.011 312.505 310.842 312.71 310.587 313.036 310.157 313.629 309.299 314.928 307.524 300 
311.873 311.617 311.873 311.618 311.872 311.619 311.871 311.62 311.87 311.621 311.868 311.623 311.866 311.626 311.863 311.629 311.86 311.632 311.857 311.635 311.853 311.639 311.849 311.644 311.844 311.649 311.839 311.654 311.834 311.66 311.828 311.666 311.821 311.673 311.814 311.68 311.807 311.688 311.799 311.696 311.79 311.704 311.781 311.714 311.772 311.724 311.762 311.734 311.751 311.745 311.739 311.757 311.727 311.77 311.714 311.784 311.699 311.798 311.684 311.814 311.668 311.831 311.651 311.849 311.632 311.869 311.611 311.891 311.588 311.914 311.563 311.941 311.535 311.97 311.504 312.004 311.468 312.042 311.427 312.087 311.378 312.14 311.32 312.204 311.249 312.285 311.157 312.389 311.037 312.53 310.868 312.735 310.613 313.061 310.183 313.654 309.325 314.952 307.553 300 
311.899 311.643 311.898 311.643 311.898 311.644 311.897 311.645 311.895 311.647 311.894 311.649 311.891 311.651 311.889 311.654 311.886 311.657 311.882 311.661 311.879 311.665 311.874 311.669 311.87 311.674 311.865 311.68 311.859 311.685 311.853 311.692 311.847 311.698 311.84 311.705 311.832 311.713 311.824 311.721 311.816 311.73 311.807 311.739 311.797 311.749 311.787 311.76 311.776 311.771 311.765 311.783 311.752 311.796 311.739 311.809 311.725 311.824 311.71 311.839 311.694 311.856 311.676 311.875 311.657 311.894 311.636 311.916 311.614 311.94 311.589 311.966 311.561 311.996 311.529 312.029 311.494 312.068 311.452 312.112 311.404 312.165 311.346 312.229 311.274 312.31 311.183 312.414 311.063 312.555 310.894 312.76 310.639 313.086 310.209 313.678 309.352 314.975 307.582 300 
311.924 311.668 311.924 311.669 311.923 311.67 311.922 311.671 311.921 311.672 311.919 311.674 311.917 311.677 311.914 311.68 311.911 311.683 311.908 311.686 311.904 311.69 311.9 311.695 311.895 311.7 311.89 311.705 311.884 311.711 311.878 311.717 311.872 311.724 311.865 311.731 311.858 311.739 311.85 311.747 311.841 311.755 311.832 311.765 311.823 311.775 311.813 311.785 311.802 311.796 311.79 311.808 311.778 311.821 311.765 311.835 311.75 311.849 311.735 311.865 311.719 311.882 311.702 311.9 311.683 311.92 311.662 311.941 311.639 311.965 311.614 311.992 311.586 312.021 311.555 312.055 311.519 312.093 311.478 312.137 311.43 312.19 311.372 312.255 311.3 312.335 311.209 312.439 311.089 312.58 310.92 312.785 310.665 313.111 310.235 313.702 309.379 314.999 307.611 300 
311.949 311.694 311.949 311.694 311.949 311.695 311.948 311.696 311.946 311.698 311.944 311.7 311.942 311.702 311.94 311.705 311.937 311.708 311.933 311.712 311.929 311.716 311.925 311.72 311.921 311.725 311.915 311.731 311.91 311.736 311.904 311.743 311.897 311.749 311.891 311.756 311.883 311.764 311.875 311.772 311.867 311.781 311.858 311.79 311.848 311.8 311.838 311.811 311.827 311.822 311.816 311.834 311.803 311.847 311.79 311.86 311.776 311.875 311.761 311.89 311.745 311.907 311.727 311.925 311.708 311.945 311.687 311.967 311.665 311.991 311.64 312.017 311.612 312.047 311.581 312.08 311.545 312.118 311.504 312.163 311.455 312.216 311.397 312.28 311.326 312.36 311.235 312.464 311.114 312.606 310.946 312.81 310.691 313.136 310.262 313.727 309.406 315.022 307.64 300 
311.975 311.72 311.975 311.72 311.974 311.721 311.973 311.722 311.972 311.724 311.97 311.726 311.968 311.728 311.965 311.731 311.962 311.734 311.959 311.737 311.955 311.741 311.951 311.746 311.946 311.751 311.941 311.756 311.935 311.762 311.929 311.768 311.923 311.775 311.916 311.782 311.909 311.79 311.901 311.798 311.892 311.806 311.883 311.816 311.874 311.826 311.863 311.836 311.853 311.847 311.841 311.859 311.829 311.872 311.816 311.886 311.801 311.9 311.786 311.916 311.77 311.933 311.753 311.951 311.734 311.971 311.713 311.992 311.69 312.016 311.665 312.042 311.638 312.072 311.606 312.105 311.571 312.144 311.529 312.188 311.481 312.241 311.423 312.305 311.351 312.385 311.261 312.489 311.14 312.631 310.972 312.835 310.717 313.16 310.288 313.751 309.433 315.046 307.668 300 
312 311.745 312 311.746 311.999 311.746 311.998 311.747 311.997 311.749 311.995 311.751 311.993 311.753 311.99 311.756 311.987 311.759 311.984 311.763 311.98 311.767 311.976 311.771 311.971 311.776 311.966 311.782 311.961 311.787 311.955 311.794 311.948 311.8 311.941 311.807 311.934 311.815 311.926 311.823 311.918 311.832 311.909 311.841 311.899 311.851 311.889 311.862 311.878 311.873 311.867 311.885 311.854 311.897 311.841 311.911 311.827 311.926 311.812 311.941 311.796 311.958 311.778 311.976 311.759 311.996 311.739 312.018 311.716 312.041 311.691 312.068 311.663 312.097 311.632 312.131 311.596 312.169 311.555 312.213 311.507 312.266 311.449 312.33 311.377 312.411 311.286 312.514 311.166 312.656 310.998 312.86 310.743 313.185 310.314 313.776 309.46 315.07 307.697 300 
312.026 311.771 312.025 311.771 312.025 311.772 312.024 311.773 312.022 311.775 312.021 311.777 312.018 311.779 312.016 311.782 312.013 311.785 312.009 311.789 312.006 311.793 312.001 311.797 311.997 311.802 311.992 311.807 311.986 311.813 311.98 311.819 311.974 311.826 311.967 311.833 311.959 311.841 311.952 311.849 311.943 311.857 311.934 311.867 311.925 311.877 311.914 311.887 311.904 311.898 311.892 311.91 311.88 311.923 311.867 311.937 311.852 311.951 311.837 311.967 311.821 311.984 311.804 312.002 311.785 312.022 311.764 312.043 311.741 312.067 311.717 312.093 311.689 312.123 311.657 312.156 311.622 312.194 311.581 312.239 311.532 312.292 311.474 312.356 311.403 312.436 311.312 312.54 311.192 312.681 311.024 312.885 310.769 313.21 310.341 313.8 309.486 315.093 307.726 300 
312.051 311.796 312.051 311.797 312.05 311.797 312.049 311.799 312.048 311.8 312.046 311.802 312.044 311.805 312.041 311.807 312.038 311.81 312.035 311.814 312.031 311.818 312.027 311.823 312.022 311.827 312.017 311.833 312.012 311.838 312.006 311.845 311.999 311.851 311.992 311.858 311.985 311.866 311.977 311.874 311.969 311.883 311.96 311.892 311.95 311.902 311.94 311.913 311.929 311.924 311.917 311.936 311.905 311.948 311.892 311.962 311.878 311.977 311.863 311.992 311.847 312.009 311.829 312.027 311.81 312.047 311.79 312.069 311.767 312.092 311.742 312.119 311.714 312.148 311.683 312.181 311.647 312.22 311.606 312.264 311.558 312.317 311.5 312.381 311.429 312.461 311.338 312.565 311.218 312.706 311.049 312.91 310.795 313.235 310.367 313.825 309.513 315.117 307.755 300 
312.076 311.822 312.076 311.822 312.076 311.823 312.075 311.824 312.073 311.826 312.071 311.828 312.069 311.83 312.067 311.833 312.064 311.836 312.06 311.84 312.057 311.844 312.052 311.848 312.048 311.853 312.043 311.858 312.037 311.864 312.031 311.87 312.025 311.877 312.018 311.884 312.01 311.892 312.002 311.9 311.994 311.908 311.985 311.918 311.976 311.928 311.965 311.938 311.955 311.949 311.943 311.961 311.931 311.974 311.918 311.987 311.903 312.002 311.888 312.018 311.872 312.034 311.855 312.053 311.836 312.072 311.815 312.094 311.793 312.118 311.768 312.144 311.74 312.173 311.709 312.207 311.673 312.245 311.632 312.289 311.584 312.342 311.526 312.406 311.454 312.486 311.364 312.59 311.243 312.731 311.075 312.935 310.821 313.26 310.393 313.849 309.54 315.14 307.784 300 
312.102 311.847 312.102 311.848 312.101 311.848 312.1 311.85 312.099 311.851 312.097 311.853 312.095 311.856 312.092 311.858 312.089 311.862 312.086 311.865 312.082 311.869 312.078 311.874 312.073 311.878 312.068 311.884 312.063 311.889 312.057 311.896 312.05 311.902 312.043 311.909 312.036 311.917 312.028 311.925 312.02 311.934 312.011 311.943 312.001 311.953 311.991 311.964 311.98 311.975 311.968 311.987 311.956 311.999 311.943 312.013 311.929 312.027 311.914 312.043 311.898 312.06 311.88 312.078 311.861 312.098 311.841 312.119 311.818 312.143 311.793 312.169 311.765 312.199 311.734 312.232 311.699 312.27 311.658 312.315 311.609 312.367 311.551 312.431 311.48 312.511 311.389 312.615 311.269 312.756 311.101 312.96 310.847 313.284 310.419 313.874 309.567 315.164 307.813 300 
312.127 311.873 312.127 311.873 312.126 311.874 312.125 311.875 312.124 311.877 312.122 311.879 312.12 311.881 312.118 311.884 312.115 311.887 312.111 311.891 312.107 311.895 312.103 311.899 312.099 311.904 312.093 311.909 312.088 311.915 312.082 311.921 312.076 311.928 312.069 311.935 312.061 311.943 312.053 311.951 312.045 311.959 312.036 311.969 312.026 311.979 312.016 311.989 312.005 312 311.994 312.012 311.982 312.025 311.969 312.038 311.954 312.053 311.939 312.068 311.923 312.085 311.906 312.103 311.887 312.123 311.866 312.145 311.844 312.168 311.819 312.195 311.791 312.224 311.76 312.257 311.724 312.296 311.683 312.34 311.635 312.393 311.577 312.457 311.506 312.537 311.415 312.64 311.295 312.781 311.127 312.985 310.874 313.309 310.446 313.898 309.594 315.187 307.842 300 
312.153 311.898 312.152 311.899 312.152 311.9 312.151 311.901 312.149 311.902 312.148 311.904 312.146 311.907 312.143 311.909 312.14 311.913 312.137 311.916 312.133 311.92 312.129 311.925 312.124 311.929 312.119 311.935 312.113 311.941 312.107 311.947 312.101 311.953 312.094 311.96 312.087 311.968 312.079 311.976 312.07 311.985 312.061 311.994 312.052 312.004 312.042 312.015 312.031 312.026 312.019 312.038 312.007 312.05 311.994 312.064 311.98 312.078 311.965 312.094 311.949 312.111 311.931 312.129 311.912 312.149 311.892 312.17 311.869 312.194 311.844 312.22 311.817 312.249 311.785 312.283 311.75 312.321 311.709 312.365 311.661 312.418 311.603 312.482 311.531 312.562 311.441 312.665 311.321 312.806 311.153 313.01 310.9 313.334 310.472 313.923 309.62 315.211 307.871 300 
312.178 311.924 312.178 311.924 312.177 311.925 312.176 311.926 312.175 311.928 312.173 311.93 312.171 311.932 312.168 311.935 312.165 311.938 312.162 311.942 312.158 311.946 312.154 311.95 312.149 311.955 312.144 311.96 312.139 311.966 312.133 311.972 312.126 311.979 312.12 311.986 312.112 311.994 312.104 312.002 312.096 312.01 312.087 312.02 312.077 312.03 312.067 312.04 312.056 312.051 312.045 312.063 312.033 312.076 312.019 312.089 312.005 312.104 311.99 312.119 311.974 312.136 311.957 312.154 311.938 312.174 311.917 312.196 311.895 312.219 311.87 312.245 311.842 312.275 311.811 312.308 311.775 312.346 311.734 312.391 311.686 312.443 311.628 312.507 311.557 312.587 311.467 312.691 311.347 312.831 311.179 313.035 310.926 313.359 310.498 313.947 309.647 315.234 307.9 300 
312.203 311.949 312.203 311.95 312.203 311.951 312.202 311.952 312.2 311.953 312.199 311.955 312.196 311.958 312.194 311.961 312.191 311.964 312.187 311.967 312.184 311.971 312.179 311.976 312.175 311.981 312.17 311.986 312.164 311.992 312.158 311.998 312.152 312.004 312.145 312.011 312.138 312.019 312.13 312.027 312.121 312.036 312.112 312.045 312.103 312.055 312.093 312.065 312.082 312.077 312.07 312.089 312.058 312.101 312.045 312.115 312.031 312.129 312.016 312.145 312 312.162 311.982 312.18 311.964 312.199 311.943 312.221 311.92 312.245 311.895 312.271 311.868 312.3 311.837 312.333 311.801 312.372 311.76 312.416 311.712 312.469 311.654 312.532 311.583 312.612 311.492 312.716 311.373 312.856 311.205 313.06 310.952 313.384 310.524 313.972 309.674 315.258 307.928 300 
312.229 311.975 312.229 311.975 312.228 311.976 312.227 311.977 312.226 311.979 312.224 311.981 312.222 311.983 312.219 311.986 312.216 311.989 312.213 311.993 312.209 311.997 312.205 312.001 312.2 312.006 312.195 312.011 312.19 312.017 312.184 312.023 312.177 312.03 312.17 312.037 312.163 312.045 312.155 312.053 312.147 312.061 312.138 312.071 312.128 312.081 312.118 312.091 312.107 312.102 312.096 312.114 312.084 312.127 312.07 312.14 312.056 312.155 312.041 312.17 312.025 312.187 312.008 312.205 311.989 312.225 311.968 312.246 311.946 312.27 311.921 312.296 311.893 312.326 311.862 312.359 311.827 312.397 311.786 312.441 311.738 312.494 311.68 312.558 311.609 312.637 311.518 312.741 311.398 312.881 311.231 313.085 310.978 313.408 310.551 313.996 309.701 315.281 307.957 300 
312.254 312.001 312.254 312.001 312.254 312.002 312.253 312.003 312.251 312.004 312.249 312.006 312.247 312.009 312.245 312.012 312.242 312.015 312.238 312.018 312.234 312.022 312.23 312.027 312.226 312.032 312.221 312.037 312.215 312.043 312.209 312.049 312.203 312.055 312.196 312.063 312.189 312.07 312.181 312.078 312.172 312.087 312.163 312.096 312.154 312.106 312.144 312.116 312.133 312.128 312.121 312.139 312.109 312.152 312.096 312.166 312.082 312.18 312.067 312.196 312.051 312.212 312.033 312.231 312.015 312.25 311.994 312.272 311.971 312.295 311.947 312.322 311.919 312.351 311.888 312.384 311.852 312.422 311.811 312.466 311.763 312.519 311.705 312.583 311.634 312.663 311.544 312.766 311.424 312.907 311.257 313.11 311.004 313.433 310.577 314.021 309.727 315.305 307.986 300 
312.28 312.026 312.28 312.026 312.279 312.027 312.278 312.028 312.277 312.03 312.275 312.032 312.273 312.034 312.27 312.037 312.267 312.04 312.264 312.044 312.26 312.048 312.256 312.052 312.251 312.057 312.246 312.062 312.241 312.068 312.235 312.074 312.228 312.081 312.221 312.088 312.214 312.096 312.206 312.104 312.198 312.112 312.189 312.122 312.179 312.131 312.169 312.142 312.158 312.153 312.147 312.165 312.135 312.178 312.121 312.191 312.107 312.206 312.092 312.221 312.076 312.238 312.059 312.256 312.04 312.276 312.02 312.297 311.997 312.321 311.972 312.347 311.944 312.376 311.913 312.41 311.878 312.448 311.837 312.492 311.789 312.544 311.731 312.608 311.66 312.688 311.57 312.791 311.45 312.932 311.283 313.135 311.03 313.458 310.603 314.045 309.754 315.329 308.015 300 
312.305 312.052 312.305 312.052 312.304 312.053 312.303 312.054 312.302 312.056 312.3 312.058 312.298 312.06 312.295 312.063 312.293 312.066 312.289 312.069 312.285 312.073 312.281 312.078 312.277 312.083 312.271 312.088 312.266 312.094 312.26 312.1 312.254 312.106 312.247 312.114 312.239 312.121 312.232 312.129 312.223 312.138 312.214 312.147 312.205 312.157 312.195 312.167 312.184 312.179 312.172 312.19 312.16 312.203 312.147 312.217 312.133 312.231 312.118 312.247 312.102 312.263 312.084 312.281 312.066 312.301 312.045 312.323 312.023 312.346 311.998 312.372 311.97 312.402 311.939 312.435 311.904 312.473 311.863 312.517 311.815 312.57 311.757 312.633 311.686 312.713 311.596 312.816 311.476 312.957 311.309 313.16 311.056 313.483 310.63 314.07 309.781 315.352 308.044 300 
312.331 312.077 312.33 312.078 312.33 312.078 312.329 312.08 312.327 312.081 312.326 312.083 312.323 312.085 312.321 312.088 312.318 312.091 312.315 312.095 312.311 312.099 312.307 312.103 312.302 312.108 312.297 312.113 312.291 312.119 312.285 312.125 312.279 312.132 312.272 312.139 312.265 312.147 312.257 312.155 312.249 312.163 312.24 312.173 312.23 312.182 312.22 312.193 312.209 312.204 312.198 312.216 312.186 312.229 312.172 312.242 312.158 312.257 312.143 312.272 312.127 312.289 312.11 312.307 312.091 312.327 312.071 312.348 312.048 312.372 312.023 312.398 311.996 312.427 311.965 312.46 311.929 312.498 311.888 312.542 311.84 312.595 311.782 312.659 311.712 312.738 311.621 312.842 311.502 312.982 311.334 313.185 311.082 313.508 310.656 314.094 309.808 315.376 308.073 300 
312.356 312.103 312.356 312.103 312.355 312.104 312.354 312.105 312.353 312.107 312.351 312.109 312.349 312.111 312.346 312.114 312.343 312.117 312.34 312.12 312.336 312.124 312.332 312.129 312.327 312.134 312.322 312.139 312.317 312.145 312.311 312.151 312.305 312.157 312.298 312.165 312.29 312.172 312.282 312.18 312.274 312.189 312.265 312.198 312.256 312.208 312.246 312.218 312.235 312.23 312.223 312.241 312.211 312.254 312.198 312.268 312.184 312.282 312.169 312.297 312.153 312.314 312.136 312.332 312.117 312.352 312.096 312.373 312.074 312.397 312.049 312.423 312.021 312.452 311.99 312.486 311.955 312.524 311.914 312.568 311.866 312.62 311.808 312.684 311.737 312.764 311.647 312.867 311.528 313.007 311.36 313.21 311.108 313.532 310.682 314.119 309.835 315.399 308.102 300 
312.381 312.128 312.381 312.129 312.381 312.129 312.38 312.131 312.378 312.132 312.376 312.134 312.374 312.136 312.372 312.139 312.369 312.142 312.365 312.146 312.362 312.15 312.357 312.154 312.353 312.159 312.348 312.164 312.342 312.17 312.336 312.176 312.33 312.183 312.323 312.19 312.316 312.198 312.308 312.206 312.3 312.214 312.291 312.224 312.281 312.233 312.271 312.244 312.26 312.255 312.249 312.267 312.236 312.279 312.223 312.293 312.209 312.307 312.195 312.323 312.178 312.34 312.161 312.358 312.142 312.377 312.122 312.399 312.099 312.422 312.074 312.449 312.047 312.478 312.016 312.511 311.98 312.549 311.939 312.593 311.891 312.645 311.834 312.709 311.763 312.789 311.673 312.892 311.553 313.032 311.386 313.235 311.134 313.557 310.708 314.143 309.861 315.423 308.131 300 
312.407 312.154 312.407 312.154 312.406 312.155 312.405 312.156 312.404 312.158 312.402 312.16 312.4 312.162 312.397 312.165 312.394 312.168 312.391 312.172 312.387 312.176 312.383 312.18 312.378 312.185 312.373 312.19 312.368 312.196 312.362 312.202 312.355 312.208 312.349 312.216 312.341 312.223 312.333 312.231 312.325 312.24 312.316 312.249 312.307 312.259 312.296 312.269 312.286 312.28 312.274 312.292 312.262 312.305 312.249 312.318 312.235 312.333 312.22 312.348 312.204 312.365 312.187 312.383 312.168 312.403 312.147 312.424 312.125 312.448 312.1 312.474 312.072 312.503 312.041 312.536 312.006 312.574 311.965 312.618 311.917 312.671 311.86 312.734 311.789 312.814 311.699 312.917 311.579 313.057 311.412 313.26 311.16 313.582 310.735 314.168 309.888 315.446 308.159 300 
312.432 312.179 312.432 312.18 312.431 312.18 312.43 312.182 312.429 312.183 312.427 312.185 312.425 312.188 312.423 312.19 312.42 312.193 312.416 312.197 312.412 312.201 312.408 312.205 312.404 312.21 312.399 312.216 312.393 312.221 312.387 312.227 312.381 312.234 312.374 312.241 312.367 312.249 312.359 312.257 312.35 312.265 312.342 312.275 312.332 312.284 312.322 312.295 312.311 312.306 312.3 312.318 312.287 312.33 312.274 312.344 312.26 312.358 312.246 312.374 312.229 312.391 312.212 312.409 312.193 312.428 312.173 312.45 312.15 312.473 312.126 312.499 312.098 312.529 312.067 312.562 312.032 312.6 311.991 312.644 311.943 312.696 311.885 312.76 311.814 312.839 311.724 312.942 311.605 313.082 311.438 313.285 311.186 313.607 310.761 314.192 309.915 315.47 308.188 300 
312.458 312.205 312.457 312.205 312.457 312.206 312.456 312.207 312.454 312.209 312.453 312.211 312.451 312.213 312.448 312.216 312.445 312.219 312.442 312.223 312.438 312.227 312.434 312.231 312.429 312.236 312.424 312.241 312.419 312.247 312.413 312.253 312.406 312.26 312.399 312.267 312.392 312.274 312.384 312.282 312.376 312.291 312.367 312.3 312.357 312.31 312.347 312.32 312.337 312.331 312.325 312.343 312.313 312.356 312.3 312.369 312.286 312.384 312.271 312.399 312.255 312.416 312.238 312.434 312.219 312.454 312.198 312.475 312.176 312.499 312.151 312.525 312.124 312.554 312.093 312.587 312.057 312.625 312.016 312.669 311.968 312.721 311.911 312.785 311.84 312.864 311.75 312.967 311.631 313.107 311.464 313.31 311.212 313.632 310.787 314.217 309.942 315.493 308.217 300 
312.483 312.23 312.483 312.231 312.482 312.232 312.481 312.233 312.48 312.234 312.478 312.236 312.476 312.239 312.473 312.241 312.47 312.245 312.467 312.248 312.463 312.252 312.459 312.257 312.455 312.261 312.449 312.267 312.444 312.272 312.438 312.278 312.432 312.285 312.425 312.292 312.418 312.3 312.41 312.308 312.401 312.316 312.392 312.326 312.383 312.335 312.373 312.346 312.362 312.357 312.351 312.369 312.338 312.381 312.325 312.395 312.311 312.409 312.297 312.425 312.28 312.441 312.263 312.459 312.244 312.479 312.224 312.5 312.201 312.524 312.177 312.55 312.149 312.579 312.118 312.612 312.083 312.65 312.042 312.694 311.994 312.747 311.937 312.81 311.866 312.89 311.776 312.993 311.657 313.132 311.49 313.335 311.238 313.657 310.814 314.241 309.969 315.517 308.246 300 
312.508 312.256 312.508 312.256 312.508 312.257 312.507 312.258 312.505 312.26 312.504 312.262 312.501 312.264 312.499 312.267 312.496 312.27 312.493 312.274 312.489 312.278 312.485 312.282 312.48 312.287 312.475 312.292 312.469 312.298 312.464 312.304 312.457 312.311 312.45 312.318 312.443 312.325 312.435 312.333 312.427 312.342 312.418 312.351 312.408 312.361 312.398 312.371 312.388 312.382 312.376 312.394 312.364 312.407 312.351 312.42 312.337 312.435 312.322 312.45 312.306 312.467 312.289 312.485 312.27 312.504 312.249 312.526 312.227 312.549 312.202 312.575 312.175 312.605 312.144 312.638 312.108 312.676 312.068 312.72 312.02 312.772 311.962 312.835 311.892 312.915 311.802 313.018 311.683 313.157 311.516 313.36 311.264 313.681 310.84 314.266 309.995 315.541 308.275 300 
312.534 312.281 312.534 312.282 312.533 312.283 312.532 312.284 312.531 312.285 312.529 312.287 312.527 312.29 312.524 312.292 312.521 312.296 312.518 312.299 312.514 312.303 312.51 312.308 312.505 312.312 312.5 312.318 312.495 312.323 312.489 312.329 312.483 312.336 312.476 312.343 312.468 312.351 312.461 312.359 312.452 312.367 312.443 312.377 312.434 312.386 312.424 312.397 312.413 312.408 312.402 312.42 312.389 312.432 312.376 312.446 312.362 312.46 312.348 312.476 312.332 312.492 312.314 312.51 312.295 312.53 312.275 312.551 312.253 312.575 312.228 312.601 312.2 312.63 312.169 312.663 312.134 312.701 312.093 312.745 312.045 312.797 311.988 312.861 311.917 312.94 311.827 313.043 311.708 313.183 311.542 313.385 311.29 313.706 310.866 314.29 310.022 315.564 308.304 300 
312.559 312.307 312.559 312.307 312.558 312.308 312.558 312.309 312.556 312.311 312.554 312.313 312.552 312.315 312.55 312.318 312.547 312.321 312.543 312.325 312.54 312.329 312.535 312.333 312.531 312.338 312.526 312.343 312.52 312.349 312.514 312.355 312.508 312.362 312.501 312.369 312.494 312.376 312.486 312.384 312.478 312.393 312.469 312.402 312.459 312.412 312.449 312.422 312.439 312.433 312.427 312.445 312.415 312.458 312.402 312.471 312.388 312.486 312.373 312.501 312.357 312.518 312.34 312.536 312.321 312.555 312.301 312.577 312.278 312.6 312.253 312.626 312.226 312.655 312.195 312.688 312.16 312.726 312.119 312.77 312.071 312.822 312.014 312.886 311.943 312.965 311.853 313.068 311.734 313.208 311.568 313.41 311.316 313.731 310.892 314.314 310.049 315.588 308.333 300 
312.585 312.333 312.584 312.333 312.584 312.334 312.583 312.335 312.582 312.336 312.58 312.338 312.578 312.341 312.575 312.344 312.572 312.347 312.569 312.35 312.565 312.354 312.561 312.359 312.556 312.363 312.551 312.369 312.546 312.374 312.54 312.38 312.533 312.387 312.527 312.394 312.519 312.402 312.511 312.41 312.503 312.418 312.494 312.428 312.485 312.437 312.475 312.448 312.464 312.459 312.453 312.471 312.44 312.483 312.427 312.497 312.413 312.511 312.399 312.527 312.383 312.543 312.365 312.561 312.346 312.581 312.326 312.602 312.304 312.626 312.279 312.652 312.251 312.681 312.22 312.714 312.185 312.752 312.145 312.796 312.097 312.848 312.039 312.911 311.969 312.99 311.879 313.093 311.76 313.233 311.594 313.435 311.342 313.756 310.919 314.339 310.076 315.611 308.361 300 
312.61 312.358 312.61 312.359 312.609 312.359 312.608 312.36 312.607 312.362 312.605 312.364 312.603 312.366 312.601 312.369 312.598 312.372 312.594 312.376 312.59 312.38 312.586 312.384 312.582 312.389 312.577 312.394 312.571 312.4 312.565 312.406 312.559 312.413 312.552 312.42 312.545 312.427 312.537 312.435 312.529 312.444 312.52 312.453 312.51 312.463 312.5 312.473 312.489 312.484 312.478 312.496 312.466 312.509 312.453 312.522 312.439 312.537 312.424 312.552 312.408 312.569 312.391 312.587 312.372 312.606 312.352 312.627 312.329 312.651 312.305 312.677 312.277 312.706 312.246 312.739 312.211 312.777 312.17 312.821 312.122 312.873 312.065 312.936 311.994 313.016 311.905 313.118 311.786 313.258 311.62 313.46 311.368 313.781 310.945 314.363 310.103 315.635 308.39 300 
312.636 312.384 312.635 312.384 312.635 312.385 312.634 312.386 312.632 312.388 312.631 312.39 312.628 312.392 312.626 312.395 312.623 312.398 312.62 312.401 312.616 312.405 312.612 312.41 312.607 312.414 312.602 312.42 312.597 312.425 312.591 312.432 312.584 312.438 312.578 312.445 312.57 312.453 312.562 312.461 312.554 312.469 312.545 312.479 312.536 312.488 312.526 312.499 312.515 312.51 312.504 312.522 312.491 312.534 312.478 312.548 312.464 312.562 312.45 312.577 312.434 312.594 312.416 312.612 312.398 312.632 312.377 312.653 312.355 312.676 312.33 312.702 312.303 312.731 312.272 312.764 312.236 312.802 312.196 312.846 312.148 312.898 312.091 312.962 312.02 313.041 311.93 313.144 311.812 313.283 311.645 313.485 311.394 313.805 310.971 314.388 310.129 315.658 308.419 300 
312.661 312.409 312.661 312.41 312.66 312.41 312.659 312.412 312.658 312.413 312.656 312.415 312.654 312.417 312.651 312.42 312.648 312.423 312.645 312.427 312.641 312.431 312.637 312.435 312.633 312.44 312.627 312.445 312.622 312.451 312.616 312.457 312.61 312.464 312.603 312.471 312.596 312.478 312.588 312.486 312.58 312.495 312.571 312.504 312.561 312.514 312.551 312.524 312.54 312.535 312.529 312.547 312.517 312.56 312.504 312.573 312.49 312.587 312.475 312.603 312.459 312.619 312.442 312.637 312.423 312.657 312.403 312.678 312.38 312.702 312.356 312.728 312.328 312.757 312.297 312.79 312.262 312.828 312.221 312.871 312.174 312.924 312.116 312.987 312.046 313.066 311.956 313.169 311.838 313.308 311.671 313.51 311.42 313.83 310.997 314.412 310.156 315.682 308.448 300 
312.686 312.435 312.686 312.435 312.686 312.436 312.685 312.437 312.683 312.439 312.681 312.441 312.679 312.443 312.677 312.446 312.674 312.449 312.67 312.452 312.667 312.456 312.663 312.461 312.658 312.466 312.653 312.471 312.647 312.476 312.642 312.483 312.635 312.489 312.628 312.496 312.621 312.504 312.613 312.512 312.605 312.52 312.596 312.53 312.587 312.539 312.577 312.55 312.566 312.561 312.554 312.573 312.542 312.585 312.529 312.598 312.515 312.613 312.501 312.628 312.485 312.645 312.467 312.663 312.449 312.682 312.428 312.704 312.406 312.727 312.381 312.753 312.354 312.782 312.323 312.815 312.288 312.853 312.247 312.897 312.199 312.949 312.142 313.012 312.072 313.091 311.982 313.194 311.863 313.333 311.697 313.535 311.446 313.855 311.024 314.437 310.183 315.706 308.477 300 
312.712 312.46 312.712 312.461 312.711 312.461 312.71 312.463 312.709 312.464 312.707 312.466 312.705 312.468 312.702 312.471 312.699 312.474 312.696 312.478 312.692 312.482 312.688 312.486 312.683 312.491 312.678 312.496 312.673 312.502 312.667 312.508 312.661 312.515 312.654 312.522 312.647 312.529 312.639 312.537 312.63 312.546 312.622 312.555 312.612 312.565 312.602 312.575 312.591 312.586 312.58 312.598 312.568 312.611 312.555 312.624 312.541 312.638 312.526 312.654 312.51 312.67 312.493 312.688 312.474 312.708 312.454 312.729 312.431 312.753 312.407 312.779 312.379 312.808 312.348 312.84 312.313 312.878 312.273 312.922 312.225 312.974 312.168 313.037 312.097 313.117 312.008 313.219 311.889 313.358 311.723 313.56 311.473 313.88 311.05 314.461 310.21 315.729 308.506 300 
312.737 312.486 312.737 312.486 312.736 312.487 312.735 312.488 312.734 312.49 312.732 312.492 312.73 312.494 312.728 312.497 312.725 312.5 312.721 312.503 312.718 312.507 312.713 312.512 312.709 312.517 312.704 312.522 312.698 312.527 312.692 312.534 312.686 312.54 312.679 312.547 312.672 312.555 312.664 312.563 312.656 312.571 312.647 312.581 312.638 312.59 312.628 312.601 312.617 312.612 312.605 312.623 312.593 312.636 312.58 312.649 312.566 312.664 312.552 312.679 312.536 312.696 312.518 312.714 312.5 312.733 312.479 312.754 312.457 312.778 312.432 312.804 312.405 312.833 312.374 312.866 312.339 312.904 312.298 312.947 312.251 312.999 312.193 313.063 312.123 313.142 312.034 313.244 311.915 313.383 311.749 313.585 311.499 313.905 311.076 314.486 310.237 315.753 308.534 300 
312.763 312.511 312.762 312.512 312.762 312.513 312.761 312.514 312.759 312.515 312.758 312.517 312.756 312.52 312.753 312.522 312.75 312.525 312.747 312.529 312.743 312.533 312.739 312.537 312.734 312.542 312.729 312.547 312.724 312.553 312.718 312.559 312.712 312.566 312.705 312.573 312.697 312.58 312.69 312.588 312.681 312.597 312.672 312.606 312.663 312.616 312.653 312.626 312.642 312.637 312.631 312.649 312.619 312.661 312.606 312.675 312.592 312.689 312.577 312.705 312.561 312.721 312.544 312.739 312.525 312.759 312.505 312.78 312.483 312.803 312.458 312.829 312.431 312.858 312.4 312.891 312.365 312.929 312.324 312.973 312.276 313.025 312.219 313.088 312.149 313.167 312.059 313.269 311.941 313.408 311.775 313.61 311.525 313.93 311.103 314.51 310.263 315.776 308.563 300 
312.788 312.537 312.788 312.537 312.787 312.538 312.786 312.539 312.785 312.541 312.783 312.543 312.781 312.545 312.778 312.548 312.775 312.551 312.772 312.555 312.768 312.558 312.764 312.563 312.76 312.568 312.755 312.573 312.749 312.579 312.743 312.585 312.737 312.591 312.73 312.598 312.723 312.606 312.715 312.614 312.707 312.622 312.698 312.632 312.689 312.641 312.678 312.652 312.668 312.663 312.656 312.674 312.644 312.687 312.631 312.7 312.617 312.715 312.603 312.73 312.587 312.747 312.569 312.765 312.551 312.784 312.53 312.805 312.508 312.829 312.483 312.855 312.456 312.884 312.425 312.917 312.39 312.954 312.35 312.998 312.302 313.05 312.245 313.113 312.174 313.192 312.085 313.294 311.967 313.433 311.801 313.635 311.551 313.954 311.129 314.535 310.29 315.8 308.592 300 
312.813 312.562 312.813 312.563 312.813 312.564 312.812 312.565 312.81 312.566 312.809 312.568 312.806 312.571 312.804 312.573 312.801 312.577 312.798 312.58 312.794 312.584 312.79 312.588 312.785 312.593 312.78 312.598 312.775 312.604 312.769 312.61 312.762 312.617 312.756 312.624 312.748 312.631 312.741 312.639 312.732 312.648 312.723 312.657 312.714 312.667 312.704 312.677 312.693 312.688 312.682 312.7 312.67 312.712 312.657 312.726 312.643 312.74 312.628 312.756 312.612 312.772 312.595 312.79 312.576 312.809 312.556 312.831 312.534 312.854 312.509 312.88 312.482 312.909 312.451 312.942 312.416 312.98 312.375 313.023 312.328 313.075 312.271 313.138 312.2 313.217 312.111 313.32 311.992 313.459 311.827 313.66 311.577 313.979 311.155 314.559 310.317 315.823 308.621 300 
312.839 312.588 312.839 312.588 312.838 312.589 312.837 312.59 312.836 312.592 312.834 312.594 312.832 312.596 312.829 312.599 312.826 312.602 312.823 312.606 312.819 312.61 312.815 312.614 312.811 312.619 312.806 312.624 312.8 312.63 312.794 312.636 312.788 312.642 312.781 312.649 312.774 312.657 312.766 312.665 312.758 312.673 312.749 312.683 312.739 312.692 312.729 312.703 312.719 312.714 312.707 312.725 312.695 312.738 312.682 312.751 312.668 312.766 312.654 312.781 312.638 312.798 312.62 312.815 312.602 312.835 312.581 312.856 312.559 312.88 312.535 312.905 312.507 312.934 312.476 312.967 312.441 313.005 312.401 313.049 312.353 313.101 312.296 313.164 312.226 313.243 312.137 313.345 312.018 313.484 311.853 313.685 311.603 314.004 311.181 314.584 310.344 315.847 308.65 300 
312.864 312.614 312.864 312.614 312.863 312.615 312.862 312.616 312.861 312.617 312.859 312.619 312.857 312.622 312.855 312.624 312.852 312.628 312.848 312.631 312.845 312.635 312.841 312.639 312.836 312.644 312.831 312.649 312.826 312.655 312.82 312.661 312.813 312.668 312.807 312.675 312.799 312.682 312.791 312.69 312.783 312.699 312.774 312.708 312.765 312.718 312.755 312.728 312.744 312.739 312.733 312.751 312.721 312.763 312.708 312.777 312.694 312.791 312.679 312.806 312.663 312.823 312.646 312.841 312.627 312.86 312.607 312.882 312.585 312.905 312.56 312.931 312.533 312.96 312.502 312.993 312.467 313.03 312.427 313.074 312.379 313.126 312.322 313.189 312.252 313.268 312.162 313.37 312.044 313.509 311.879 313.71 311.629 314.029 311.208 314.608 310.37 315.871 308.679 300 
312.89 312.639 312.889 312.639 312.889 312.64 312.888 312.641 312.887 312.643 312.885 312.645 312.883 312.647 312.88 312.65 312.877 312.653 312.874 312.657 312.87 312.661 312.866 312.665 312.861 312.67 312.856 312.675 312.851 312.681 312.845 312.687 312.839 312.693 312.832 312.7 312.825 312.708 312.817 312.716 312.809 312.724 312.8 312.734 312.79 312.743 312.78 312.754 312.77 312.765 312.758 312.776 312.746 312.789 312.733 312.802 312.719 312.816 312.705 312.832 312.689 312.848 312.672 312.866 312.653 312.886 312.633 312.907 312.61 312.93 312.586 312.956 312.558 312.985 312.528 313.018 312.493 313.056 312.452 313.099 312.405 313.151 312.348 313.214 312.277 313.293 312.188 313.395 312.07 313.534 311.905 313.735 311.655 314.054 311.234 314.633 310.397 315.894 308.707 300 
312.915 312.665 312.915 312.665 312.914 312.666 312.913 312.667 312.912 312.668 312.91 312.67 312.908 312.673 312.906 312.676 312.903 312.679 312.899 312.682 312.896 312.686 312.891 312.69 312.887 312.695 312.882 312.7 312.876 312.706 312.871 312.712 312.864 312.719 312.857 312.726 312.85 312.733 312.842 312.741 312.834 312.75 312.825 312.759 312.816 312.769 312.806 312.779 312.795 312.79 312.784 312.802 312.772 312.814 312.759 312.828 312.745 312.842 312.73 312.857 312.714 312.874 312.697 312.892 312.678 312.911 312.658 312.932 312.636 312.956 312.611 312.982 312.584 313.011 312.553 313.043 312.518 313.081 312.478 313.125 312.43 313.176 312.373 313.24 312.303 313.318 312.214 313.42 312.096 313.559 311.93 313.76 311.681 314.078 311.26 314.657 310.424 315.918 308.736 300 
312.94 312.69 312.94 312.691 312.94 312.691 312.939 312.692 312.937 312.694 312.936 312.696 312.933 312.698 312.931 312.701 312.928 312.704 312.925 312.708 312.921 312.712 312.917 312.716 312.912 312.721 312.907 312.726 312.902 312.732 312.896 312.738 312.89 312.744 312.883 312.751 312.876 312.759 312.868 312.767 312.86 312.775 312.851 312.785 312.841 312.794 312.831 312.805 312.821 312.816 312.809 312.827 312.797 312.84 312.784 312.853 312.77 312.867 312.756 312.883 312.74 312.899 312.723 312.917 312.704 312.937 312.684 312.958 312.661 312.981 312.637 313.007 312.61 313.036 312.579 313.069 312.544 313.106 312.503 313.15 312.456 313.202 312.399 313.265 312.329 313.343 312.24 313.445 312.122 313.584 311.956 313.785 311.707 314.103 311.286 314.682 310.451 315.941 308.765 300 
312.966 312.716 312.966 312.716 312.965 312.717 312.964 312.718 312.963 312.72 312.961 312.722 312.959 312.724 312.956 312.727 312.953 312.73 312.95 312.733 312.946 312.737 312.942 312.742 312.938 312.746 312.933 312.752 312.927 312.757 312.921 312.763 312.915 312.77 312.908 312.777 312.901 312.784 312.893 312.792 312.885 312.801 312.876 312.81 312.867 312.82 312.857 312.83 312.846 312.841 312.835 312.853 312.823 312.865 312.81 312.879 312.796 312.893 312.781 312.908 312.765 312.925 312.748 312.943 312.729 312.962 312.709 312.983 312.687 313.006 312.662 313.032 312.635 313.061 312.604 313.094 312.569 313.132 312.529 313.175 312.482 313.227 312.425 313.29 312.355 313.369 312.265 313.471 312.147 313.609 311.982 313.81 311.733 314.128 311.313 314.706 310.478 315.965 308.794 300 
312.991 312.741 312.991 312.742 312.991 312.742 312.99 312.744 312.988 312.745 312.986 312.747 312.984 312.749 312.982 312.752 312.979 312.755 312.976 312.759 312.972 312.763 312.968 312.767 312.963 312.772 312.958 312.777 312.953 312.783 312.947 312.789 312.941 312.795 312.934 312.802 312.926 312.81 312.919 312.818 312.91 312.826 312.902 312.835 312.892 312.845 312.882 312.856 312.872 312.866 312.86 312.878 312.848 312.891 312.835 312.904 312.821 312.918 312.807 312.934 312.791 312.95 312.774 312.968 312.755 312.987 312.735 313.009 312.713 313.032 312.688 313.058 312.661 313.087 312.63 313.119 312.595 313.157 312.555 313.201 312.507 313.252 312.45 313.315 312.38 313.394 312.291 313.496 312.173 313.634 312.008 313.835 311.759 314.153 311.339 314.731 310.504 315.989 308.823 300 
313.017 312.767 313.017 312.767 313.016 312.768 313.015 312.769 313.014 312.771 313.012 312.773 313.01 312.775 313.007 312.778 313.004 312.781 313.001 312.784 312.997 312.788 312.993 312.793 312.989 312.797 312.984 312.803 312.978 312.808 312.972 312.814 312.966 312.821 312.959 312.828 312.952 312.835 312.944 312.843 312.936 312.852 312.927 312.861 312.918 312.871 312.908 312.881 312.897 312.892 312.886 312.904 312.874 312.916 312.861 312.929 312.847 312.944 312.832 312.959 312.816 312.976 312.799 312.993 312.781 313.013 312.76 313.034 312.738 313.057 312.714 313.083 312.686 313.112 312.656 313.145 312.621 313.182 312.58 313.226 312.533 313.278 312.476 313.341 312.406 313.419 312.317 313.521 312.199 313.659 312.034 313.86 311.785 314.178 311.365 314.755 310.531 316.012 308.852 300 
313.042 312.792 313.042 312.793 313.041 312.793 313.04 312.795 313.039 312.796 313.037 312.798 313.035 312.8 313.033 312.803 313.03 312.806 313.026 312.81 313.023 312.814 313.018 312.818 313.014 312.823 313.009 312.828 313.004 312.834 312.998 312.84 312.991 312.846 312.985 312.853 312.977 312.861 312.97 312.869 312.961 312.877 312.953 312.886 312.943 312.896 312.933 312.906 312.923 312.917 312.911 312.929 312.899 312.942 312.886 312.955 312.872 312.969 312.858 312.985 312.842 313.001 312.825 313.019 312.806 313.038 312.786 313.059 312.764 313.083 312.739 313.108 312.712 313.137 312.681 313.17 312.646 313.208 312.606 313.251 312.559 313.303 312.502 313.366 312.432 313.444 312.343 313.546 312.225 313.684 312.06 313.885 311.811 314.203 311.391 314.78 310.558 316.036 308.88 300 
313.068 312.818 313.067 312.818 313.067 312.819 313.066 312.82 313.064 312.822 313.063 312.824 313.061 312.826 313.058 312.829 313.055 312.832 313.052 312.835 313.048 312.839 313.044 312.844 313.039 312.848 313.034 312.854 313.029 312.859 313.023 312.865 313.017 312.872 313.01 312.879 313.003 312.886 312.995 312.894 312.987 312.903 312.978 312.912 312.969 312.922 312.959 312.932 312.948 312.943 312.937 312.955 312.925 312.967 312.912 312.98 312.898 312.995 312.883 313.01 312.867 313.026 312.85 313.044 312.832 313.064 312.811 313.085 312.789 313.108 312.765 313.134 312.737 313.163 312.707 313.195 312.672 313.233 312.632 313.276 312.584 313.328 312.527 313.391 312.457 313.47 312.368 313.571 312.251 313.71 312.086 313.91 311.837 314.227 311.418 314.804 310.585 316.059 308.909 300 
313.093 312.843 313.093 312.844 313.092 312.845 313.091 312.846 313.09 312.847 313.088 312.849 313.086 312.852 313.083 312.854 313.081 312.857 313.077 312.861 313.073 312.865 313.069 312.869 313.065 312.874 313.06 312.879 313.054 312.885 313.049 312.891 313.042 312.897 313.036 312.904 313.028 312.912 313.021 312.92 313.012 312.928 313.003 312.937 312.994 312.947 312.984 312.957 312.973 312.968 312.962 312.98 312.95 312.993 312.937 313.006 312.923 313.02 312.909 313.035 312.893 313.052 312.876 313.07 312.857 313.089 312.837 313.11 312.815 313.133 312.79 313.159 312.763 313.188 312.732 313.221 312.697 313.258 312.657 313.302 312.61 313.353 312.553 313.416 312.483 313.495 312.394 313.596 312.277 313.735 312.112 313.935 311.863 314.252 311.444 314.829 310.611 316.083 308.938 300 
313.118 312.869 313.118 312.869 313.118 312.87 313.117 312.871 313.115 312.873 313.114 312.875 313.111 312.877 313.109 312.88 313.106 312.883 313.103 312.886 313.099 312.89 313.095 312.895 313.09 312.899 313.085 312.905 313.08 312.91 313.074 312.916 313.068 312.923 313.061 312.93 313.054 312.937 313.046 312.945 313.038 312.954 313.029 312.963 313.02 312.973 313.01 312.983 312.999 312.994 312.988 313.006 312.976 313.018 312.963 313.031 312.949 313.046 312.934 313.061 312.918 313.077 312.901 313.095 312.883 313.114 312.862 313.136 312.84 313.159 312.816 313.185 312.789 313.213 312.758 313.246 312.723 313.284 312.683 313.327 312.635 313.379 312.579 313.442 312.509 313.52 312.42 313.622 312.302 313.76 312.138 313.96 311.889 314.277 311.47 314.853 310.638 316.106 308.967 300 
313.144 312.894 313.144 312.895 313.143 312.896 313.142 312.897 313.141 312.898 313.139 312.9 313.137 312.903 313.134 312.905 313.131 312.908 313.128 312.912 313.124 312.916 313.12 312.92 313.116 312.925 313.111 312.93 313.105 312.936 313.099 312.942 313.093 312.948 313.086 312.955 313.079 312.963 313.071 312.971 313.063 312.979 313.054 312.988 313.045 312.998 313.035 313.008 313.024 313.019 313.013 313.031 313.001 313.043 312.988 313.057 312.974 313.071 312.96 313.086 312.944 313.103 312.927 313.121 312.908 313.14 312.888 313.161 312.866 313.184 312.841 313.21 312.814 313.239 312.784 313.271 312.749 313.309 312.708 313.352 312.661 313.404 312.604 313.467 312.535 313.545 312.446 313.647 312.328 313.785 312.164 313.985 311.915 314.302 311.496 314.878 310.665 316.13 308.996 300 
313.169 312.92 313.169 312.92 313.168 312.921 313.167 312.922 313.166 312.924 313.164 312.926 313.162 312.928 313.16 312.931 313.157 312.934 313.153 312.937 313.15 312.941 313.146 312.946 313.141 312.951 313.136 312.956 313.131 312.961 313.125 312.967 313.119 312.974 313.112 312.981 313.105 312.988 313.097 312.996 313.089 313.005 313.08 313.014 313.07 313.024 313.061 313.034 313.05 313.045 313.039 313.056 313.027 313.069 313.014 313.082 313 313.096 312.985 313.112 312.969 313.128 312.952 313.146 312.934 313.165 312.914 313.186 312.891 313.21 312.867 313.235 312.84 313.264 312.809 313.297 312.774 313.334 312.734 313.378 312.687 313.429 312.63 313.492 312.56 313.57 312.472 313.672 312.354 313.81 312.189 314.01 311.941 314.327 311.523 314.902 310.692 316.154 309.024 300 
313.195 312.946 313.194 312.946 313.194 312.947 313.193 312.948 313.192 312.949 313.19 312.951 313.188 312.954 313.185 312.956 313.182 312.96 313.179 312.963 313.175 312.967 313.171 312.971 313.167 312.976 313.162 312.981 313.156 312.987 313.15 312.993 313.144 312.999 313.137 313.006 313.13 313.014 313.122 313.022 313.114 313.03 313.105 313.039 313.096 313.049 313.086 313.059 313.075 313.07 313.064 313.082 313.052 313.094 313.039 313.108 313.025 313.122 313.011 313.137 312.995 313.154 312.978 313.171 312.959 313.191 312.939 313.212 312.917 313.235 312.893 313.261 312.865 313.29 312.835 313.322 312.8 313.36 312.76 313.403 312.712 313.455 312.656 313.517 312.586 313.596 312.497 313.697 312.38 313.835 312.215 314.035 311.967 314.352 311.549 314.927 310.718 316.177 309.053 300 
313.22 312.971 313.22 312.971 313.219 312.972 313.218 312.973 313.217 312.975 313.215 312.977 313.213 312.979 313.211 312.982 313.208 312.985 313.204 312.989 313.201 312.992 313.196 312.997 313.192 313.002 313.187 313.007 313.182 313.012 313.176 313.018 313.169 313.025 313.163 313.032 313.155 313.039 313.148 313.047 313.14 313.056 313.131 313.065 313.121 313.075 313.111 313.085 313.101 313.096 313.09 313.107 313.078 313.12 313.065 313.133 313.051 313.147 313.036 313.163 313.02 313.179 313.003 313.197 312.985 313.216 312.965 313.237 312.943 313.26 312.918 313.286 312.891 313.315 312.86 313.348 312.826 313.385 312.785 313.428 312.738 313.48 312.681 313.543 312.612 313.621 312.523 313.722 312.406 313.86 312.241 314.06 311.993 314.376 311.575 314.951 310.745 316.201 309.082 300 
313.245 312.997 313.245 312.997 313.245 312.998 313.244 312.999 313.242 313 313.241 313.002 313.239 313.005 313.236 313.007 313.233 313.011 313.23 313.014 313.226 313.018 313.222 313.022 313.217 313.027 313.212 313.032 313.207 313.038 313.201 313.044 313.195 313.05 313.188 313.057 313.181 313.065 313.173 313.073 313.165 313.081 313.156 313.09 313.147 313.1 313.137 313.11 313.126 313.121 313.115 313.133 313.103 313.145 313.09 313.159 313.076 313.173 313.062 313.188 313.046 313.205 313.029 313.222 313.01 313.242 312.99 313.263 312.968 313.286 312.944 313.312 312.917 313.34 312.886 313.373 312.851 313.41 312.811 313.454 312.764 313.505 312.707 313.568 312.637 313.646 312.549 313.747 312.431 313.885 312.267 314.085 312.019 314.401 311.602 314.976 310.772 316.224 309.111 300 
313.271 313.022 313.271 313.023 313.27 313.023 313.269 313.024 313.268 313.026 313.266 313.028 313.264 313.03 313.261 313.033 313.258 313.036 313.255 313.04 313.251 313.044 313.247 313.048 313.243 313.053 313.238 313.058 313.232 313.063 313.227 313.069 313.22 313.076 313.214 313.083 313.206 313.09 313.199 313.098 313.19 313.107 313.182 313.116 313.172 313.126 313.162 313.136 313.152 313.147 313.141 313.158 313.128 313.171 313.116 313.184 313.102 313.198 313.087 313.214 313.071 313.23 313.054 313.248 313.036 313.267 313.016 313.288 312.994 313.311 312.969 313.337 312.942 313.366 312.912 313.398 312.877 313.436 312.837 313.479 312.789 313.531 312.733 313.593 312.663 313.671 312.575 313.773 312.457 313.91 312.293 314.11 312.045 314.426 311.628 315 310.799 316.248 309.139 300 
313.296 313.048 313.296 313.048 313.296 313.049 313.295 313.05 313.293 313.052 313.291 313.053 313.289 313.056 313.287 313.059 313.284 313.062 313.281 313.065 313.277 313.069 313.273 313.073 313.268 313.078 313.263 313.083 313.258 313.089 313.252 313.095 313.246 313.101 313.239 313.108 313.232 313.116 313.224 313.124 313.216 313.132 313.207 313.141 313.198 313.151 313.188 313.161 313.177 313.172 313.166 313.184 313.154 313.196 313.141 313.21 313.127 313.224 313.113 313.239 313.097 313.255 313.08 313.273 313.061 313.292 313.041 313.313 313.019 313.337 312.995 313.362 312.968 313.391 312.937 313.424 312.902 313.461 312.862 313.504 312.815 313.556 312.758 313.618 312.689 313.697 312.6 313.798 312.483 313.935 312.319 314.135 312.071 314.451 311.654 315.025 310.826 316.272 309.168 300 
313.322 313.073 313.322 313.074 313.321 313.074 313.32 313.076 313.319 313.077 313.317 313.079 313.315 313.081 313.312 313.084 313.309 313.087 313.306 313.091 313.302 313.095 313.298 313.099 313.294 313.104 313.289 313.109 313.283 313.114 313.277 313.12 313.271 313.127 313.264 313.134 313.257 313.141 313.25 313.149 313.241 313.158 313.233 313.167 313.223 313.177 313.213 313.187 313.203 313.198 313.191 313.209 313.179 313.222 313.167 313.235 313.153 313.249 313.138 313.264 313.122 313.281 313.105 313.299 313.087 313.318 313.067 313.339 313.045 313.362 313.02 313.388 312.993 313.416 312.963 313.449 312.928 313.486 312.888 313.53 312.841 313.581 312.784 313.644 312.715 313.722 312.626 313.823 312.509 313.96 312.345 314.16 312.097 314.476 311.68 315.049 310.852 316.295 309.197 300 
313.347 313.099 313.347 313.099 313.346 313.1 313.345 313.101 313.344 313.103 313.342 313.105 313.34 313.107 313.338 313.11 313.335 313.113 313.331 313.116 313.328 313.12 313.324 313.124 313.319 313.129 313.314 313.134 313.309 313.14 313.303 313.146 313.297 313.153 313.29 313.159 313.283 313.167 313.275 313.175 313.267 313.183 313.258 313.192 313.249 313.202 313.239 313.212 313.228 313.223 313.217 313.235 313.205 313.247 313.192 313.26 313.178 313.275 313.164 313.29 313.148 313.306 313.131 313.324 313.112 313.343 313.092 313.364 313.07 313.387 313.046 313.413 313.019 313.442 312.988 313.474 312.954 313.512 312.913 313.555 312.866 313.606 312.81 313.669 312.74 313.747 312.652 313.848 312.535 313.986 312.371 314.185 312.123 314.501 311.707 315.074 310.879 316.319 309.226 300 
313.373 313.124 313.372 313.125 313.372 313.125 313.371 313.127 313.369 313.128 313.368 313.13 313.366 313.132 313.363 313.135 313.36 313.138 313.357 313.142 313.353 313.146 313.349 313.15 313.345 313.155 313.34 313.16 313.334 313.165 313.328 313.172 313.322 313.178 313.315 313.185 313.308 313.192 313.3 313.2 313.292 313.209 313.284 313.218 313.274 313.228 313.264 313.238 313.254 313.249 313.242 313.26 313.23 313.273 313.218 313.286 313.204 313.3 313.189 313.315 313.173 313.332 313.156 313.349 313.138 313.369 313.118 313.39 313.096 313.413 313.071 313.438 313.044 313.467 313.014 313.5 312.979 313.537 312.939 313.58 312.892 313.632 312.836 313.694 312.766 313.772 312.678 313.873 312.561 314.011 312.397 314.21 312.149 314.525 311.733 315.098 310.906 316.342 309.255 300 
313.398 313.15 313.398 313.15 313.397 313.151 313.396 313.152 313.395 313.154 313.393 313.156 313.391 313.158 313.389 313.161 313.386 313.164 313.382 313.167 313.379 313.171 313.374 313.176 313.37 313.18 313.365 313.185 313.36 313.191 313.354 313.197 313.348 313.204 313.341 313.21 313.334 313.218 313.326 313.226 313.318 313.234 313.309 313.243 313.3 313.253 313.29 313.263 313.279 313.274 313.268 313.286 313.256 313.298 313.243 313.311 313.229 313.326 313.215 313.341 313.199 313.357 313.182 313.375 313.164 313.394 313.143 313.415 313.121 313.438 313.097 313.464 313.07 313.493 313.04 313.525 313.005 313.562 312.965 313.606 312.918 313.657 312.861 313.719 312.792 313.797 312.703 313.898 312.586 314.036 312.423 314.235 312.176 314.55 311.759 315.123 310.933 316.366 309.283 300 
313.423 313.175 313.423 313.176 313.423 313.177 313.422 313.178 313.42 313.179 313.419 313.181 313.416 313.183 313.414 313.186 313.411 313.189 313.408 313.193 313.404 313.197 313.4 313.201 313.395 313.206 313.39 313.211 313.385 313.217 313.379 313.223 313.373 313.229 313.366 313.236 313.359 313.243 313.351 313.251 313.343 313.26 313.334 313.269 313.325 313.278 313.315 313.289 313.305 313.3 313.293 313.311 313.281 313.324 313.269 313.337 313.255 313.351 313.24 313.366 313.225 313.383 313.207 313.4 313.189 313.42 313.169 313.441 313.147 313.464 313.123 313.489 313.096 313.518 313.065 313.55 313.03 313.588 312.99 313.631 312.943 313.682 312.887 313.745 312.817 313.823 312.729 313.924 312.612 314.061 312.449 314.26 312.202 314.575 311.785 315.147 310.959 316.39 309.312 300 
313.449 313.201 313.449 313.201 313.448 313.202 313.447 313.203 313.446 313.205 313.444 313.207 313.442 313.209 313.439 313.212 313.436 313.215 313.433 313.218 313.429 313.222 313.425 313.227 313.421 313.231 313.416 313.236 313.41 313.242 313.405 313.248 313.398 313.255 313.392 313.262 313.385 313.269 313.377 313.277 313.369 313.285 313.36 313.294 313.351 313.304 313.341 313.314 313.33 313.325 313.319 313.337 313.307 313.349 313.294 313.362 313.28 313.376 313.266 313.392 313.25 313.408 313.233 313.426 313.215 313.445 313.194 313.466 313.172 313.489 313.148 313.515 313.121 313.543 313.091 313.576 313.056 313.613 313.016 313.656 312.969 313.708 312.913 313.77 312.843 313.848 312.755 313.949 312.638 314.086 312.474 314.285 312.228 314.6 311.812 315.172 310.986 316.413 309.341 300 
313.474 313.226 313.474 313.227 313.473 313.228 313.472 313.229 313.471 313.23 313.469 313.232 313.467 313.235 313.465 313.237 313.462 313.24 313.459 313.244 313.455 313.248 313.451 313.252 313.446 313.257 313.441 313.262 313.436 313.268 313.43 313.274 313.424 313.28 313.417 313.287 313.41 313.294 313.402 313.302 313.394 313.311 313.385 313.32 313.376 313.329 313.366 313.34 313.356 313.351 313.344 313.362 313.332 313.375 313.32 313.388 313.306 313.402 313.291 313.417 313.276 313.433 313.259 313.451 313.24 313.47 313.22 313.491 313.198 313.514 313.174 313.54 313.147 313.569 313.116 313.601 313.082 313.638 313.042 313.681 312.995 313.733 312.938 313.795 312.869 313.873 312.781 313.974 312.664 314.111 312.5 314.31 312.254 314.625 311.838 315.196 311.013 316.437 309.37 300 
313.5 313.252 313.499 313.252 313.499 313.253 313.498 313.254 313.497 313.256 313.495 313.258 313.493 313.26 313.49 313.263 313.487 313.266 313.484 313.269 313.48 313.273 313.476 313.278 313.472 313.282 313.467 313.287 313.461 313.293 313.456 313.299 313.449 313.306 313.443 313.313 313.435 313.32 313.428 313.328 313.42 313.336 313.411 313.345 313.402 313.355 313.392 313.365 313.381 313.376 313.37 313.388 313.358 313.4 313.345 313.413 313.331 313.427 313.317 313.443 313.301 313.459 313.284 313.477 313.266 313.496 313.246 313.517 313.224 313.54 313.199 313.565 313.172 313.594 313.142 313.626 313.107 313.664 313.067 313.707 313.02 313.758 312.964 313.82 312.895 313.898 312.806 313.999 312.69 314.136 312.526 314.335 312.28 314.649 311.864 315.221 311.04 316.46 309.398 300 
313.525 313.278 313.525 313.278 313.524 313.279 313.523 313.28 313.522 313.281 313.52 313.283 313.518 313.286 313.516 313.288 313.513 313.291 313.509 313.295 313.506 313.299 313.502 313.303 313.497 313.308 313.492 313.313 313.487 313.319 313.481 313.325 313.475 313.331 313.468 313.338 313.461 313.345 313.453 313.353 313.445 313.362 313.436 313.371 313.427 313.38 313.417 313.391 313.407 313.402 313.395 313.413 313.383 313.425 313.371 313.439 313.357 313.453 313.342 313.468 313.327 313.484 313.31 313.502 313.291 313.521 313.271 313.542 313.249 313.565 313.225 313.591 313.198 313.619 313.167 313.652 313.133 313.689 313.093 313.732 313.046 313.783 312.99 313.846 312.92 313.923 312.832 314.024 312.715 314.161 312.552 314.36 312.306 314.674 311.89 315.245 311.066 316.484 309.427 300 
313.55 313.303 313.55 313.303 313.55 313.304 313.549 313.305 313.547 313.307 313.546 313.309 313.544 313.311 313.541 313.314 313.538 313.317 313.535 313.32 313.531 313.324 313.527 313.329 313.523 313.333 313.518 313.339 313.512 313.344 313.506 313.35 313.5 313.357 313.493 313.364 313.486 313.371 313.479 313.379 313.47 313.387 313.462 313.396 313.452 313.406 313.443 313.416 313.432 313.427 313.421 313.439 313.409 313.451 313.396 313.464 313.382 313.478 313.368 313.493 313.352 313.51 313.335 313.527 313.317 313.547 313.297 313.568 313.275 313.591 313.25 313.616 313.223 313.645 313.193 313.677 313.158 313.714 313.119 313.757 313.072 313.809 313.015 313.871 312.946 313.949 312.858 314.049 312.741 314.186 312.578 314.385 312.332 314.699 311.917 315.27 311.093 316.508 309.456 300 
313.576 313.329 313.576 313.329 313.575 313.33 313.574 313.331 313.573 313.332 313.571 313.334 313.569 313.337 313.566 313.339 313.564 313.343 313.56 313.346 313.557 313.35 313.552 313.354 313.548 313.359 313.543 313.364 313.538 313.37 313.532 313.376 313.526 313.382 313.519 313.389 313.512 313.396 313.504 313.404 313.496 313.413 313.487 313.422 313.478 313.431 313.468 313.442 313.457 313.452 313.446 313.464 313.434 313.476 313.422 313.49 313.408 313.504 313.393 313.519 313.378 313.535 313.361 313.553 313.342 313.572 313.322 313.593 313.3 313.616 313.276 313.642 313.249 313.67 313.219 313.702 313.184 313.74 313.144 313.783 313.097 313.834 313.041 313.896 312.972 313.974 312.884 314.075 312.767 314.211 312.604 314.41 312.358 314.724 311.943 315.294 311.12 316.531 309.485 300 
313.601 313.354 313.601 313.355 313.601 313.355 313.6 313.356 313.598 313.358 313.596 313.36 313.594 313.362 313.592 313.365 313.589 313.368 313.586 313.372 313.582 313.375 313.578 313.38 313.573 313.384 313.568 313.39 313.563 313.395 313.557 313.401 313.551 313.408 313.544 313.415 313.537 313.422 313.53 313.43 313.521 313.438 313.513 313.447 313.503 313.457 313.493 313.467 313.483 313.478 313.472 313.49 313.46 313.502 313.447 313.515 313.433 313.529 313.419 313.544 313.403 313.561 313.386 313.578 313.368 313.597 313.348 313.618 313.326 313.641 313.302 313.667 313.275 313.696 313.244 313.728 313.21 313.765 313.17 313.808 313.123 313.859 313.067 313.921 312.997 313.999 312.909 314.1 312.793 314.237 312.63 314.435 312.384 314.749 311.969 315.319 311.147 316.555 309.513 300 
313.627 313.38 313.626 313.38 313.626 313.381 313.625 313.382 313.624 313.384 313.622 313.385 313.62 313.388 313.617 313.39 313.614 313.394 313.611 313.397 313.607 313.401 313.603 313.405 313.599 313.41 313.594 313.415 313.589 313.421 313.583 313.427 313.577 313.433 313.57 313.44 313.563 313.447 313.555 313.455 313.547 313.464 313.538 313.473 313.529 313.482 313.519 313.493 313.508 313.503 313.497 313.515 313.485 313.527 313.473 313.541 313.459 313.555 313.444 313.57 313.429 313.586 313.412 313.604 313.393 313.623 313.373 313.644 313.351 313.667 313.327 313.692 313.3 313.721 313.27 313.753 313.235 313.79 313.195 313.833 313.149 313.885 313.092 313.947 313.023 314.024 312.935 314.125 312.819 314.262 312.656 314.46 312.41 314.774 311.995 315.343 311.174 316.578 309.542 300 
313.652 313.405 313.652 313.406 313.651 313.406 313.65 313.408 313.649 313.409 313.647 313.411 313.645 313.413 313.643 313.416 313.64 313.419 313.637 313.423 313.633 313.426 313.629 313.431 313.624 313.435 313.619 313.441 313.614 313.446 313.608 313.452 313.602 313.459 313.595 313.466 313.588 313.473 313.58 313.481 313.572 313.489 313.564 313.498 313.554 313.508 313.544 313.518 313.534 313.529 313.523 313.54 313.511 313.553 313.498 313.566 313.484 313.58 313.47 313.595 313.454 313.612 313.437 313.629 313.419 313.648 313.399 313.669 313.377 313.692 313.353 313.718 313.326 313.746 313.295 313.779 313.261 313.816 313.221 313.859 313.174 313.91 313.118 313.972 313.049 314.05 312.961 314.15 312.845 314.287 312.682 314.485 312.436 314.798 312.022 315.368 311.2 316.602 309.571 300 
313.678 313.431 313.677 313.431 313.677 313.432 313.676 313.433 313.674 313.435 313.673 313.437 313.671 313.439 313.668 313.442 313.665 313.445 313.662 313.448 313.658 313.452 313.654 313.456 313.65 313.461 313.645 313.466 313.639 313.472 313.634 313.478 313.627 313.484 313.621 313.491 313.614 313.499 313.606 313.506 313.598 313.515 313.589 313.524 313.58 313.533 313.57 313.544 313.559 313.554 313.548 313.566 313.536 313.578 313.524 313.591 313.51 313.606 313.495 313.621 313.48 313.637 313.463 313.655 313.444 313.674 313.424 313.695 313.402 313.718 313.378 313.743 313.351 313.772 313.321 313.804 313.287 313.841 313.247 313.884 313.2 313.935 313.144 313.997 313.075 314.075 312.987 314.175 312.87 314.312 312.708 314.51 312.462 314.823 312.048 315.392 311.227 316.626 309.6 300 
313.703 313.456 313.703 313.457 313.702 313.457 313.701 313.459 313.7 313.46 313.698 313.462 313.696 313.464 313.694 313.467 313.691 313.47 313.687 313.474 313.684 313.478 313.68 313.482 313.675 313.487 313.67 313.492 313.665 313.497 313.659 313.503 313.653 313.51 313.646 313.517 313.639 313.524 313.631 313.532 313.623 313.54 313.614 313.549 313.605 313.559 313.595 313.569 313.585 313.58 313.574 313.591 313.562 313.604 313.549 313.617 313.535 313.631 313.521 313.646 313.505 313.662 313.488 313.68 313.47 313.699 313.45 313.72 313.428 313.743 313.404 313.768 313.377 313.797 313.347 313.829 313.312 313.866 313.272 313.909 313.226 313.96 313.169 314.022 313.1 314.1 313.012 314.2 312.896 314.337 312.733 314.535 312.488 314.848 312.074 315.417 311.254 316.649 309.628 300 
313.728 313.482 313.728 313.482 313.728 313.483 313.727 313.484 313.725 313.486 313.724 313.488 313.721 313.49 313.719 313.493 313.716 313.496 313.713 313.499 313.709 313.503 313.705 313.507 313.701 313.512 313.696 313.517 313.69 313.523 313.684 313.529 313.678 313.535 313.672 313.542 313.664 313.55 313.657 313.557 313.649 313.566 313.64 313.575 313.631 313.584 313.621 313.595 313.61 313.605 313.599 313.617 313.587 313.629 313.575 313.642 313.561 313.656 313.546 313.672 313.531 313.688 313.514 313.705 313.495 313.725 313.475 313.745 313.454 313.768 313.429 313.794 313.402 313.822 313.372 313.855 313.338 313.892 313.298 313.935 313.251 313.986 313.195 314.048 313.126 314.125 313.038 314.226 312.922 314.362 312.759 314.56 312.514 314.873 312.1 315.441 311.281 316.673 309.657 300 
313.754 313.507 313.754 313.508 313.753 313.509 313.752 313.51 313.751 313.511 313.749 313.513 313.747 313.515 313.744 313.518 313.742 313.521 313.738 313.525 313.735 313.529 313.73 313.533 313.726 313.538 313.721 313.543 313.716 313.548 313.71 313.554 313.704 313.561 313.697 313.568 313.69 313.575 313.682 313.583 313.674 313.591 313.665 313.6 313.656 313.61 313.646 313.62 313.636 313.631 313.625 313.642 313.613 313.655 313.6 313.668 313.586 313.682 313.572 313.697 313.556 313.713 313.539 313.731 313.521 313.75 313.501 313.771 313.479 313.794 313.455 313.819 313.428 313.848 313.398 313.88 313.363 313.917 313.324 313.96 313.277 314.011 313.221 314.073 313.152 314.15 313.064 314.251 312.948 314.387 312.785 314.585 312.54 314.898 312.127 315.466 311.307 316.696 309.686 300 
313.779 313.533 313.779 313.533 313.778 313.534 313.777 313.535 313.776 313.537 313.774 313.539 313.772 313.541 313.77 313.544 313.767 313.547 313.764 313.55 313.76 313.554 313.756 313.558 313.751 313.563 313.746 313.568 313.741 313.574 313.735 313.58 313.729 313.586 313.722 313.593 313.715 313.601 313.708 313.608 313.7 313.617 313.691 313.626 313.682 313.635 313.672 313.646 313.661 313.656 313.65 313.668 313.638 313.68 313.626 313.693 313.612 313.707 313.597 313.722 313.582 313.739 313.565 313.756 313.546 313.775 313.527 313.796 313.505 313.819 313.481 313.845 313.454 313.873 313.423 313.905 313.389 313.942 313.349 313.985 313.302 314.036 313.246 314.098 313.177 314.176 313.09 314.276 312.974 314.412 312.811 314.61 312.566 314.923 312.153 315.49 311.334 316.72 309.715 300 
313.805 313.559 313.804 313.559 313.804 313.56 313.803 313.561 313.802 313.562 313.8 313.564 313.798 313.567 313.795 313.569 313.792 313.572 313.789 313.576 313.785 313.58 313.781 313.584 313.777 313.589 313.772 313.594 313.767 313.599 313.761 313.605 313.755 313.612 313.748 313.619 313.741 313.626 313.733 313.634 313.725 313.642 313.716 313.651 313.707 313.661 313.697 313.671 313.687 313.682 313.676 313.693 313.664 313.706 313.651 313.719 313.637 313.733 313.623 313.748 313.607 313.764 313.59 313.782 313.572 313.801 313.552 313.822 313.53 313.845 313.506 313.87 313.479 313.898 313.449 313.931 313.415 313.968 313.375 314.011 313.328 314.062 313.272 314.124 313.203 314.201 313.116 314.301 312.999 314.437 312.837 314.635 312.592 314.947 312.179 315.515 311.361 316.744 309.743 300 
313.83 313.584 313.83 313.584 313.829 313.585 313.828 313.586 313.827 313.588 313.825 313.59 313.823 313.592 313.821 313.595 313.818 313.598 313.814 313.601 313.811 313.605 313.807 313.609 313.802 313.614 313.797 313.619 313.792 313.625 313.786 313.631 313.78 313.637 313.773 313.644 313.766 313.652 313.759 313.659 313.75 313.668 313.742 313.677 313.733 313.686 313.723 313.696 313.712 313.707 313.701 313.719 313.689 313.731 313.676 313.744 313.663 313.758 313.648 313.773 313.633 313.79 313.616 313.807 313.598 313.826 313.578 313.847 313.556 313.87 313.532 313.895 313.505 313.924 313.475 313.956 313.44 313.993 313.4 314.036 313.354 314.087 313.298 314.149 313.229 314.226 313.141 314.326 313.025 314.462 312.863 314.66 312.618 314.972 312.205 315.539 311.388 316.767 309.772 300 
313.855 313.61 313.855 313.61 313.855 313.611 313.854 313.612 313.852 313.613 313.851 313.615 313.849 313.618 313.846 313.62 313.843 313.623 313.84 313.627 313.836 313.631 313.832 313.635 313.828 313.64 313.823 313.645 313.817 313.65 313.812 313.656 313.805 313.663 313.799 313.67 313.792 313.677 313.784 313.685 313.776 313.693 313.767 313.702 313.758 313.712 313.748 313.722 313.738 313.733 313.727 313.744 313.715 313.757 313.702 313.77 313.688 313.784 313.674 313.799 313.658 313.815 313.641 313.833 313.623 313.852 313.603 313.872 313.581 313.895 313.557 313.921 313.53 313.949 313.5 313.981 313.466 314.018 313.426 314.061 313.379 314.112 313.323 314.174 313.255 314.251 313.167 314.351 313.051 314.488 312.889 314.685 312.644 314.997 312.232 315.564 311.414 316.791 309.801 300 
313.881 313.635 313.881 313.636 313.88 313.636 313.879 313.637 313.878 313.639 313.876 313.641 313.874 313.643 313.871 313.646 313.869 313.649 313.865 313.652 313.862 313.656 313.858 313.661 313.853 313.665 313.848 313.67 313.843 313.676 313.837 313.682 313.831 313.688 313.824 313.695 313.817 313.703 313.809 313.71 313.801 313.719 313.793 313.728 313.783 313.737 313.774 313.747 313.763 313.758 313.752 313.77 313.74 313.782 313.727 313.795 313.714 313.809 313.699 313.824 313.684 313.84 313.667 313.858 313.649 313.877 313.629 313.898 313.607 313.921 313.583 313.946 313.556 313.975 313.526 314.007 313.491 314.044 313.452 314.087 313.405 314.137 313.349 314.199 313.28 314.277 313.193 314.377 313.077 314.513 312.915 314.71 312.67 315.022 312.258 315.588 311.441 316.815 309.83 300 
313.906 313.661 313.906 313.661 313.906 313.662 313.905 313.663 313.903 313.664 313.902 313.666 313.899 313.669 313.897 313.671 313.894 313.674 313.891 313.678 313.887 313.682 313.883 313.686 313.879 313.691 313.874 313.696 313.868 313.701 313.863 313.707 313.856 313.714 313.85 313.721 313.843 313.728 313.835 313.736 313.827 313.744 313.818 313.753 313.809 313.763 313.799 313.773 313.789 313.784 313.778 313.795 313.766 313.807 313.753 313.821 313.739 313.835 313.725 313.85 313.709 313.866 313.692 313.883 313.674 313.902 313.654 313.923 313.632 313.946 313.608 313.972 313.582 314 313.551 314.032 313.517 314.069 313.477 314.112 313.431 314.163 313.375 314.225 313.306 314.302 313.219 314.402 313.103 314.538 312.941 314.735 312.696 315.047 312.284 315.613 311.468 316.838 309.858 300 
313.932 313.686 313.931 313.687 313.931 313.687 313.93 313.688 313.929 313.69 313.927 313.692 313.925 313.694 313.922 313.697 313.919 313.7 313.916 313.703 313.913 313.707 313.908 313.712 313.904 313.716 313.899 313.721 313.894 313.727 313.888 313.733 313.882 313.739 313.875 313.746 313.868 313.754 313.86 313.761 313.852 313.77 313.844 313.779 313.834 313.788 313.825 313.798 313.814 313.809 313.803 313.821 313.791 313.833 313.778 313.846 313.765 313.86 313.75 313.875 313.735 313.891 313.718 313.909 313.7 313.928 313.68 313.949 313.658 313.972 313.634 313.997 313.607 314.025 313.577 314.057 313.543 314.094 313.503 314.137 313.456 314.188 313.401 314.25 313.332 314.327 313.244 314.427 313.129 314.563 312.967 314.76 312.722 315.072 312.31 315.637 311.495 316.862 309.887 300 
313.957 313.712 313.957 313.712 313.956 313.713 313.955 313.714 313.954 313.716 313.952 313.717 313.95 313.72 313.948 313.722 313.945 313.725 313.942 313.729 313.938 313.733 313.934 313.737 313.929 313.742 313.925 313.747 313.919 313.752 313.913 313.758 313.907 313.765 313.901 313.772 313.893 313.779 313.886 313.787 313.878 313.795 313.869 313.804 313.86 313.814 313.85 313.824 313.84 313.835 313.828 313.846 313.817 313.858 313.804 313.871 313.79 313.886 313.776 313.901 313.76 313.917 313.743 313.934 313.725 313.953 313.705 313.974 313.684 313.997 313.659 314.022 313.633 314.051 313.603 314.083 313.568 314.12 313.529 314.162 313.482 314.213 313.426 314.275 313.357 314.352 313.27 314.452 313.154 314.588 312.992 314.785 312.748 315.096 312.337 315.662 311.521 316.885 309.916 300 
313.983 313.737 313.982 313.738 313.982 313.738 313.981 313.74 313.979 313.741 313.978 313.743 313.976 313.745 313.973 313.748 313.97 313.751 313.967 313.754 313.963 313.758 313.959 313.763 313.955 313.767 313.95 313.772 313.945 313.778 313.939 313.784 313.933 313.79 313.926 313.797 313.919 313.805 313.911 313.812 313.903 313.821 313.895 313.83 313.885 313.839 313.876 313.849 313.865 313.86 313.854 313.872 313.842 313.884 313.829 313.897 313.816 313.911 313.801 313.926 313.786 313.942 313.769 313.96 313.751 313.979 313.731 314 313.709 314.022 313.685 314.048 313.658 314.076 313.628 314.108 313.594 314.145 313.554 314.188 313.508 314.239 313.452 314.3 313.383 314.377 313.296 314.477 313.18 314.613 313.018 314.81 312.774 315.121 312.363 315.687 311.548 316.909 309.945 300 
314.008 313.763 314.008 313.763 314.007 313.764 314.006 313.765 314.005 313.767 314.003 313.769 314.001 313.771 313.999 313.773 313.996 313.777 313.992 313.78 313.989 313.784 313.985 313.788 313.98 313.793 313.975 313.798 313.97 313.803 313.964 313.809 313.958 313.816 313.951 313.823 313.944 313.83 313.937 313.838 313.929 313.846 313.92 313.855 313.911 313.865 313.901 313.875 313.891 313.886 313.879 313.897 313.868 313.909 313.855 313.922 313.841 313.936 313.827 313.951 313.811 313.968 313.794 313.985 313.776 314.004 313.756 314.025 313.735 314.048 313.711 314.073 313.684 314.101 313.654 314.134 313.619 314.17 313.58 314.213 313.533 314.264 313.478 314.326 313.409 314.403 313.322 314.503 313.206 314.638 313.044 314.835 312.8 315.146 312.389 315.711 311.575 316.933 309.973 300 
314.033 313.788 314.033 313.789 314.033 313.789 314.032 313.791 314.03 313.792 314.029 313.794 314.026 313.796 314.024 313.799 314.021 313.802 314.018 313.806 314.014 313.809 314.01 313.814 314.006 313.818 314.001 313.823 313.995 313.829 313.99 313.835 313.984 313.841 313.977 313.848 313.97 313.856 313.962 313.863 313.954 313.872 313.945 313.881 313.936 313.89 313.926 313.9 313.916 313.911 313.905 313.923 313.893 313.935 313.88 313.948 313.867 313.962 313.852 313.977 313.837 313.993 313.82 314.011 313.802 314.03 313.782 314.05 313.76 314.073 313.736 314.098 313.709 314.127 313.679 314.159 313.645 314.196 313.605 314.238 313.559 314.289 313.503 314.351 313.435 314.428 313.347 314.528 313.232 314.663 313.07 314.86 312.826 315.171 312.415 315.736 311.602 316.956 310.002 300 
314.059 313.814 314.059 313.814 314.058 313.815 314.057 313.816 314.056 313.818 314.054 313.82 314.052 313.822 314.049 313.825 314.047 313.828 314.043 313.831 314.04 313.835 314.036 313.839 314.031 313.844 314.026 313.849 314.021 313.855 314.015 313.86 314.009 313.867 314.002 313.874 313.995 313.881 313.988 313.889 313.98 313.897 313.971 313.906 313.962 313.916 313.952 313.926 313.941 313.937 313.93 313.948 313.919 313.96 313.906 313.973 313.892 313.987 313.878 314.002 313.862 314.019 313.846 314.036 313.827 314.055 313.807 314.076 313.786 314.099 313.762 314.124 313.735 314.152 313.705 314.184 313.671 314.221 313.631 314.264 313.585 314.314 313.529 314.376 313.46 314.453 313.373 314.553 313.258 314.688 313.096 314.885 312.852 315.196 312.442 315.76 311.628 316.98 310.031 300 
314.084 313.839 314.084 313.84 314.083 313.841 314.082 313.842 314.081 313.843 314.079 313.845 314.077 313.847 314.075 313.85 314.072 313.853 314.069 313.857 314.065 313.86 314.061 313.865 314.057 313.869 314.052 313.875 314.046 313.88 314.041 313.886 314.034 313.892 314.028 313.899 314.021 313.907 314.013 313.914 314.005 313.923 313.996 313.932 313.987 313.941 313.977 313.951 313.967 313.962 313.956 313.974 313.944 313.986 313.931 313.999 313.918 314.013 313.903 314.028 313.888 314.044 313.871 314.061 313.853 314.08 313.833 314.101 313.811 314.124 313.787 314.149 313.761 314.178 313.73 314.21 313.696 314.246 313.657 314.289 313.61 314.34 313.555 314.401 313.486 314.478 313.399 314.578 313.283 314.713 313.122 314.91 312.878 315.221 312.468 315.785 311.655 317.004 310.059 300 
314.11 313.865 314.109 313.865 314.109 313.866 314.108 313.867 314.107 313.869 314.105 313.871 314.103 313.873 314.1 313.876 314.097 313.879 314.094 313.882 314.09 313.886 314.086 313.89 314.082 313.895 314.077 313.9 314.072 313.906 314.066 313.911 314.06 313.918 314.053 313.925 314.046 313.932 314.039 313.94 314.03 313.948 314.022 313.957 314.013 313.967 314.003 313.977 313.992 313.988 313.981 313.999 313.97 314.011 313.957 314.024 313.943 314.038 313.929 314.053 313.913 314.069 313.897 314.087 313.878 314.106 313.859 314.127 313.837 314.149 313.813 314.175 313.786 314.203 313.756 314.235 313.722 314.272 313.682 314.314 313.636 314.365 313.58 314.427 313.512 314.504 313.425 314.603 313.309 314.739 313.148 314.935 312.904 315.245 312.494 315.809 311.682 317.027 310.088 300 
314.135 313.891 314.135 313.891 314.134 313.892 314.133 313.893 314.132 313.894 314.13 313.896 314.128 313.898 314.126 313.901 314.123 313.904 314.12 313.908 314.116 313.912 314.112 313.916 314.107 313.92 314.103 313.926 314.097 313.931 314.091 313.937 314.085 313.943 314.079 313.95 314.072 313.958 314.064 313.965 314.056 313.974 314.047 313.983 314.038 313.992 314.028 314.002 314.018 314.013 314.007 314.024 313.995 314.037 313.982 314.05 313.969 314.064 313.954 314.079 313.939 314.095 313.922 314.112 313.904 314.131 313.884 314.152 313.862 314.175 313.838 314.2 313.812 314.228 313.782 314.26 313.747 314.297 313.708 314.34 313.662 314.39 313.606 314.452 313.537 314.529 313.45 314.628 313.335 314.764 313.174 314.96 312.93 315.27 312.52 315.834 311.709 317.051 310.117 300 
314.16 313.916 314.16 313.916 314.16 313.917 314.159 313.918 314.157 313.92 314.156 313.922 314.154 313.924 314.151 313.927 314.148 313.93 314.145 313.933 314.141 313.937 314.137 313.941 314.133 313.946 314.128 313.951 314.123 313.957 314.117 313.963 314.111 313.969 314.104 313.976 314.097 313.983 314.089 313.991 314.081 313.999 314.073 314.008 314.064 314.018 314.054 314.028 314.043 314.038 314.032 314.05 314.02 314.062 314.008 314.075 313.994 314.089 313.98 314.104 313.964 314.12 313.948 314.138 313.929 314.157 313.91 314.177 313.888 314.2 313.864 314.225 313.837 314.254 313.807 314.286 313.773 314.322 313.734 314.365 313.687 314.416 313.632 314.477 313.563 314.554 313.476 314.654 313.361 314.789 313.2 314.985 312.956 315.295 312.547 315.858 311.735 317.074 310.146 300 
314.186 313.942 314.186 313.942 314.185 313.943 314.184 313.944 314.183 313.945 314.181 313.947 314.179 313.95 314.177 313.952 314.174 313.955 314.17 313.959 314.167 313.963 314.163 313.967 314.158 313.972 314.153 313.977 314.148 313.982 314.142 313.988 314.136 313.994 314.13 314.001 314.122 314.009 314.115 314.016 314.107 314.025 314.098 314.034 314.089 314.043 314.079 314.053 314.069 314.064 314.058 314.075 314.046 314.088 314.033 314.101 314.02 314.115 314.005 314.13 313.99 314.146 313.973 314.163 313.955 314.182 313.935 314.203 313.913 314.226 313.89 314.251 313.863 314.279 313.833 314.311 313.799 314.348 313.759 314.39 313.713 314.441 313.657 314.502 313.589 314.579 313.502 314.679 313.387 314.814 313.226 315.01 312.982 315.32 312.573 315.883 311.762 317.098 310.174 300 
314.211 313.967 314.211 313.968 314.21 313.968 314.21 313.969 314.208 313.971 314.207 313.973 314.204 313.975 314.202 313.978 314.199 313.981 314.196 313.984 314.192 313.988 314.188 313.992 314.184 313.997 314.179 314.002 314.174 314.008 314.168 314.014 314.162 314.02 314.155 314.027 314.148 314.034 314.14 314.042 314.132 314.05 314.124 314.059 314.114 314.069 314.105 314.079 314.094 314.089 314.083 314.101 314.071 314.113 314.059 314.126 314.045 314.14 314.031 314.155 314.015 314.171 313.999 314.189 313.981 314.208 313.961 314.228 313.939 314.251 313.915 314.276 313.888 314.304 313.858 314.336 313.824 314.373 313.785 314.416 313.739 314.466 313.683 314.528 313.615 314.604 313.528 314.704 313.413 314.839 313.251 315.035 313.008 315.345 312.599 315.907 311.789 317.122 310.203 300 
314.237 313.993 314.236 313.993 314.236 313.994 314.235 313.995 314.234 313.996 314.232 313.998 314.23 314.001 314.227 314.003 314.225 314.006 314.221 314.01 314.218 314.014 314.214 314.018 314.209 314.023 314.204 314.028 314.199 314.033 314.193 314.039 314.187 314.045 314.18 314.052 314.173 314.06 314.166 314.067 314.158 314.076 314.149 314.085 314.14 314.094 314.13 314.104 314.12 314.115 314.109 314.126 314.097 314.139 314.084 314.152 314.071 314.165 314.056 314.18 314.041 314.197 314.024 314.214 314.006 314.233 313.986 314.254 313.965 314.276 313.941 314.302 313.914 314.33 313.884 314.362 313.85 314.398 313.811 314.441 313.764 314.492 313.709 314.553 313.64 314.63 313.553 314.729 313.438 314.864 313.277 315.06 313.034 315.37 312.625 315.932 311.816 317.145 310.232 300 
314.262 314.018 314.262 314.019 314.261 314.019 314.26 314.02 314.259 314.022 314.257 314.024 314.255 314.026 314.253 314.029 314.25 314.032 314.247 314.035 314.243 314.039 314.239 314.043 314.235 314.048 314.23 314.053 314.224 314.059 314.219 314.065 314.213 314.071 314.206 314.078 314.199 314.085 314.191 314.093 314.183 314.101 314.175 314.11 314.165 314.12 314.156 314.13 314.145 314.14 314.134 314.152 314.122 314.164 314.11 314.177 314.096 314.191 314.082 314.206 314.066 314.222 314.05 314.239 314.032 314.258 314.012 314.279 313.99 314.302 313.966 314.327 313.94 314.355 313.91 314.387 313.876 314.424 313.836 314.466 313.79 314.517 313.734 314.578 313.666 314.655 313.579 314.754 313.464 314.889 313.303 315.085 313.06 315.395 312.652 315.956 311.842 317.169 310.26 300 
314.288 314.044 314.287 314.044 314.287 314.045 314.286 314.046 314.284 314.048 314.283 314.049 314.281 314.052 314.278 314.054 314.275 314.057 314.272 314.061 314.268 314.065 314.264 314.069 314.26 314.074 314.255 314.079 314.25 314.084 314.244 314.09 314.238 314.096 314.231 314.103 314.224 314.111 314.217 314.118 314.209 314.127 314.2 314.136 314.191 314.145 314.181 314.155 314.171 314.166 314.16 314.177 314.148 314.189 314.135 314.202 314.122 314.216 314.107 314.231 314.092 314.247 314.075 314.265 314.057 314.284 314.037 314.304 314.016 314.327 313.992 314.352 313.965 314.381 313.935 314.412 313.901 314.449 313.862 314.492 313.816 314.542 313.76 314.603 313.692 314.68 313.605 314.779 313.49 314.914 313.329 315.11 313.086 315.419 312.678 315.981 311.869 317.193 310.289 300 
314.313 314.069 314.313 314.07 314.312 314.07 314.311 314.072 314.31 314.073 314.308 314.075 314.306 314.077 314.304 314.08 314.301 314.083 314.298 314.086 314.294 314.09 314.29 314.094 314.285 314.099 314.281 314.104 314.275 314.11 314.27 314.116 314.263 314.122 314.257 314.129 314.25 314.136 314.242 314.144 314.234 314.152 314.226 314.161 314.216 314.171 314.207 314.181 314.196 314.191 314.185 314.203 314.173 314.215 314.161 314.228 314.147 314.242 314.133 314.257 314.117 314.273 314.101 314.29 314.083 314.309 314.063 314.33 314.041 314.353 314.017 314.378 313.991 314.406 313.961 314.438 313.927 314.474 313.887 314.517 313.841 314.567 313.786 314.629 313.717 314.705 313.631 314.805 313.516 314.939 313.355 315.135 313.112 315.444 312.704 316.005 311.896 317.216 310.318 300 
314.338 314.095 314.338 314.095 314.338 314.096 314.337 314.097 314.335 314.099 314.334 314.1 314.332 314.103 314.329 314.105 314.326 314.108 314.323 314.112 314.319 314.116 314.315 314.12 314.311 314.125 314.306 314.13 314.301 314.135 314.295 314.141 314.289 314.148 314.282 314.154 314.275 314.162 314.268 314.169 314.26 314.178 314.251 314.187 314.242 314.196 314.232 314.206 314.222 314.217 314.211 314.228 314.199 314.24 314.186 314.253 314.173 314.267 314.158 314.282 314.143 314.298 314.126 314.316 314.108 314.335 314.088 314.355 314.067 314.378 314.043 314.403 314.016 314.431 313.986 314.463 313.952 314.5 313.913 314.542 313.867 314.593 313.811 314.654 313.743 314.731 313.656 314.83 313.542 314.965 313.381 315.16 313.139 315.469 312.73 316.03 311.923 317.24 310.346 300 
314.364 314.12 314.364 314.121 314.363 314.121 314.362 314.123 314.361 314.124 314.359 314.126 314.357 314.128 314.354 314.131 314.352 314.134 314.348 314.137 314.345 314.141 314.341 314.146 314.336 314.15 314.331 314.155 314.326 314.161 314.32 314.167 314.314 314.173 314.308 314.18 314.301 314.187 314.293 314.195 314.285 314.203 314.276 314.212 314.267 314.222 314.258 314.232 314.247 314.242 314.236 314.254 314.224 314.266 314.212 314.279 314.198 314.293 314.184 314.308 314.169 314.324 314.152 314.341 314.134 314.36 314.114 314.381 314.092 314.403 314.068 314.429 314.042 314.457 314.012 314.489 313.978 314.525 313.939 314.568 313.892 314.618 313.837 314.679 313.769 314.756 313.682 314.855 313.567 314.99 313.407 315.185 313.165 315.494 312.757 316.054 311.949 317.264 310.375 300 
314.389 314.146 314.389 314.146 314.388 314.147 314.387 314.148 314.386 314.15 314.384 314.152 314.382 314.154 314.38 314.156 314.377 314.16 314.374 314.163 314.37 314.167 314.366 314.171 314.362 314.176 314.357 314.181 314.352 314.186 314.346 314.192 314.34 314.199 314.333 314.205 314.326 314.213 314.319 314.22 314.31 314.229 314.302 314.238 314.293 314.247 314.283 314.257 314.273 314.268 314.262 314.279 314.25 314.291 314.237 314.304 314.224 314.318 314.209 314.333 314.194 314.349 314.177 314.367 314.159 314.385 314.14 314.406 314.118 314.429 314.094 314.454 314.067 314.482 314.038 314.514 314.004 314.55 313.964 314.593 313.918 314.643 313.863 314.704 313.795 314.781 313.708 314.88 313.593 315.015 313.433 315.21 313.191 315.519 312.783 316.079 311.976 317.287 310.404 300 
314.415 314.171 314.414 314.172 314.414 314.173 314.413 314.174 314.412 314.175 314.41 314.177 314.408 314.179 314.405 314.182 314.402 314.185 314.399 314.189 314.396 314.192 314.392 314.197 314.387 314.201 314.382 314.206 314.377 314.212 314.371 314.218 314.365 314.224 314.359 314.231 314.352 314.238 314.344 314.246 314.336 314.254 314.327 314.263 314.318 314.273 314.308 314.283 314.298 314.293 314.287 314.305 314.275 314.317 314.263 314.33 314.249 314.344 314.235 314.359 314.22 314.375 314.203 314.392 314.185 314.411 314.165 314.431 314.143 314.454 314.12 314.479 314.093 314.507 314.063 314.539 314.029 314.576 313.99 314.618 313.944 314.669 313.888 314.73 313.82 314.806 313.734 314.905 313.619 315.04 313.459 315.235 313.217 315.544 312.809 316.103 312.003 317.311 310.432 300 
314.44 314.197 314.44 314.197 314.439 314.198 314.438 314.199 314.437 314.201 314.435 314.203 314.433 314.205 314.431 314.208 314.428 314.211 314.425 314.214 314.421 314.218 314.417 314.222 314.413 314.227 314.408 314.232 314.402 314.237 314.397 314.243 314.391 314.25 314.384 314.256 314.377 314.264 314.369 314.271 314.361 314.28 314.353 314.289 314.344 314.298 314.334 314.308 314.324 314.319 314.313 314.33 314.301 314.342 314.288 314.355 314.275 314.369 314.261 314.384 314.245 314.4 314.228 314.417 314.21 314.436 314.191 314.457 314.169 314.48 314.145 314.505 314.119 314.533 314.089 314.565 314.055 314.601 314.016 314.643 313.969 314.694 313.914 314.755 313.846 314.831 313.759 314.93 313.645 315.065 313.484 315.26 313.243 315.568 312.835 316.128 312.029 317.334 310.461 300 
314.465 314.223 314.465 314.223 314.465 314.224 314.464 314.225 314.462 314.226 314.461 314.228 314.459 314.23 314.456 314.233 314.453 314.236 314.45 314.24 314.446 314.243 314.442 314.248 314.438 314.252 314.433 314.257 314.428 314.263 314.422 314.269 314.416 314.275 314.409 314.282 314.402 314.289 314.395 314.297 314.387 314.305 314.378 314.314 314.369 314.324 314.359 314.334 314.349 314.344 314.338 314.356 314.326 314.368 314.314 314.381 314.3 314.395 314.286 314.409 314.271 314.426 314.254 314.443 314.236 314.462 314.216 314.482 314.195 314.505 314.171 314.53 314.144 314.558 314.114 314.59 314.08 314.626 314.041 314.669 313.995 314.719 313.94 314.78 313.872 314.857 313.785 314.956 313.671 315.09 313.51 315.285 313.269 315.593 312.862 316.152 312.056 317.358 310.49 300 
314.491 314.248 314.491 314.248 314.49 314.249 314.489 314.25 314.488 314.252 314.486 314.254 314.484 314.256 314.482 314.259 314.479 314.262 314.476 314.265 314.472 314.269 314.468 314.273 314.463 314.278 314.459 314.283 314.453 314.288 314.448 314.294 314.441 314.301 314.435 314.307 314.428 314.315 314.42 314.322 314.412 314.331 314.404 314.34 314.395 314.349 314.385 314.359 314.375 314.37 314.364 314.381 314.352 314.393 314.339 314.406 314.326 314.42 314.312 314.435 314.296 314.451 314.279 314.468 314.261 314.487 314.242 314.508 314.22 314.53 314.196 314.555 314.17 314.584 314.14 314.615 314.106 314.652 314.067 314.694 314.021 314.744 313.965 314.806 313.897 314.882 313.811 314.981 313.696 315.115 313.536 315.31 313.295 315.618 312.888 316.177 312.083 317.382 310.519 300 
314.516 314.274 314.516 314.274 314.516 314.275 314.515 314.276 314.513 314.277 314.512 314.279 314.509 314.282 314.507 314.284 314.504 314.287 314.501 314.291 314.497 314.294 314.493 314.299 314.489 314.303 314.484 314.308 314.479 314.314 314.473 314.32 314.467 314.326 314.46 314.333 314.453 314.34 314.446 314.348 314.438 314.356 314.429 314.365 314.42 314.375 314.41 314.385 314.4 314.395 314.389 314.407 314.377 314.419 314.365 314.432 314.351 314.445 314.337 314.46 314.322 314.476 314.305 314.494 314.287 314.513 314.267 314.533 314.246 314.556 314.222 314.581 314.195 314.609 314.166 314.641 314.132 314.677 314.092 314.719 314.046 314.77 313.991 314.831 313.923 314.907 313.837 315.006 313.722 315.14 313.562 315.335 313.321 315.643 312.914 316.201 312.11 317.405 310.547 300 
314.542 314.299 314.541 314.3 314.541 314.3 314.54 314.301 314.539 314.303 314.537 314.305 314.535 314.307 314.532 314.31 314.53 314.313 314.526 314.316 314.523 314.32 314.519 314.324 314.514 314.329 314.509 314.334 314.504 314.339 314.499 314.345 314.492 314.352 314.486 314.358 314.479 314.366 314.471 314.373 314.463 314.382 314.455 314.391 314.446 314.4 314.436 314.41 314.426 314.421 314.415 314.432 314.403 314.444 314.39 314.457 314.377 314.471 314.363 314.486 314.347 314.502 314.33 314.519 314.312 314.538 314.293 314.559 314.271 314.581 314.247 314.606 314.221 314.634 314.191 314.666 314.157 314.702 314.118 314.745 314.072 314.795 314.017 314.856 313.949 314.932 313.862 315.031 313.748 315.165 313.588 315.36 313.347 315.668 312.94 316.226 312.136 317.429 310.576 300 
314.567 314.325 314.567 314.325 314.566 314.326 314.565 314.327 314.564 314.328 314.562 314.33 314.56 314.333 314.558 314.335 314.555 314.338 314.552 314.342 314.548 314.346 314.544 314.35 314.54 314.354 314.535 314.359 314.53 314.365 314.524 314.371 314.518 314.377 314.511 314.384 314.504 314.391 314.497 314.399 314.489 314.407 314.48 314.416 314.471 314.425 314.461 314.435 314.451 314.446 314.44 314.457 314.428 314.47 314.416 314.483 314.402 314.496 314.388 314.511 314.373 314.527 314.356 314.545 314.338 314.563 314.318 314.584 314.297 314.607 314.273 314.632 314.247 314.66 314.217 314.691 314.183 314.728 314.144 314.77 314.098 314.82 314.042 314.881 313.975 314.958 313.888 315.056 313.774 315.19 313.614 315.385 313.373 315.693 312.967 316.25 312.163 317.453 310.605 300 
314.593 314.35 314.592 314.351 314.592 314.351 314.591 314.352 314.59 314.354 314.588 314.356 314.586 314.358 314.583 314.361 314.58 314.364 314.577 314.367 314.574 314.371 314.57 314.375 314.565 314.38 314.56 314.385 314.555 314.39 314.549 314.396 314.543 314.403 314.537 314.409 314.53 314.417 314.522 314.424 314.514 314.433 314.506 314.442 314.496 314.451 314.487 314.461 314.476 314.472 314.465 314.483 314.454 314.495 314.441 314.508 314.428 314.522 314.414 314.537 314.398 314.553 314.381 314.57 314.363 314.589 314.344 314.609 314.322 314.632 314.299 314.657 314.272 314.685 314.242 314.717 314.208 314.753 314.169 314.795 314.123 314.846 314.068 314.907 314 314.983 313.914 315.081 313.8 315.216 313.64 315.41 313.399 315.717 312.993 316.275 312.19 317.476 310.633 300 
314.618 314.376 314.618 314.376 314.617 314.377 314.616 314.378 314.615 314.38 314.613 314.381 314.611 314.384 314.609 314.386 314.606 314.389 314.603 314.393 314.599 314.397 314.595 314.401 314.591 314.405 314.586 314.41 314.58 314.416 314.575 314.422 314.569 314.428 314.562 314.435 314.555 314.442 314.548 314.45 314.54 314.458 314.531 314.467 314.522 314.476 314.512 314.486 314.502 314.497 314.491 314.508 314.479 314.521 314.467 314.533 314.453 314.547 314.439 314.562 314.424 314.578 314.407 314.595 314.389 314.614 314.369 314.635 314.348 314.657 314.324 314.682 314.298 314.71 314.268 314.742 314.234 314.778 314.195 314.821 314.149 314.871 314.094 314.932 314.026 315.008 313.94 315.107 313.826 315.241 313.666 315.435 313.425 315.742 313.019 316.3 312.217 317.5 310.662 300 
314.643 314.401 314.643 314.402 314.643 314.402 314.642 314.404 314.64 314.405 314.639 314.407 314.637 314.409 314.634 314.412 314.631 314.415 314.628 314.418 314.624 314.422 314.62 314.426 314.616 314.431 314.611 314.436 314.606 314.441 314.6 314.447 314.594 314.454 314.588 314.46 314.581 314.468 314.573 314.475 314.565 314.484 314.556 314.493 314.547 314.502 314.538 314.512 314.527 314.523 314.516 314.534 314.505 314.546 314.492 314.559 314.479 314.573 314.465 314.588 314.449 314.604 314.433 314.621 314.415 314.64 314.395 314.66 314.373 314.683 314.35 314.708 314.323 314.736 314.293 314.767 314.26 314.804 314.221 314.846 314.175 314.896 314.12 314.957 314.052 315.033 313.965 315.132 313.851 315.266 313.692 315.46 313.451 315.767 313.045 316.324 312.243 317.524 310.691 300 
314.669 314.427 314.669 314.427 314.668 314.428 314.667 314.429 314.666 314.431 314.664 314.432 314.662 314.435 314.66 314.437 314.657 314.44 314.653 314.444 314.65 314.448 314.646 314.452 314.641 314.456 314.637 314.461 314.631 314.467 314.626 314.473 314.62 314.479 314.613 314.486 314.606 314.493 314.598 314.501 314.59 314.509 314.582 314.518 314.573 314.527 314.563 314.537 314.553 314.548 314.542 314.559 314.53 314.571 314.518 314.584 314.504 314.598 314.49 314.613 314.475 314.629 314.458 314.646 314.44 314.665 314.42 314.686 314.399 314.708 314.375 314.733 314.349 314.761 314.319 314.793 314.285 314.829 314.246 314.871 314.2 314.921 314.145 314.982 314.077 315.058 313.991 315.157 313.877 315.291 313.718 315.485 313.477 315.792 313.072 316.349 312.27 317.547 310.719 300 
314.694 314.452 314.694 314.453 314.693 314.453 314.692 314.455 314.691 314.456 314.689 314.458 314.687 314.46 314.685 314.463 314.682 314.466 314.679 314.469 314.675 314.473 314.671 314.477 314.667 314.482 314.662 314.487 314.657 314.492 314.651 314.498 314.645 314.505 314.638 314.511 314.631 314.519 314.624 314.526 314.616 314.535 314.607 314.544 314.598 314.553 314.589 314.563 314.578 314.574 314.567 314.585 314.556 314.597 314.543 314.61 314.53 314.624 314.516 314.638 314.5 314.654 314.484 314.672 314.466 314.69 314.446 314.711 314.425 314.734 314.401 314.759 314.374 314.787 314.345 314.818 314.311 314.854 314.272 314.897 314.226 314.947 314.171 315.008 314.103 315.084 314.017 315.182 313.903 315.316 313.743 315.51 313.503 315.817 313.098 316.373 312.297 317.571 310.748 300 
314.72 314.478 314.719 314.478 314.719 314.479 314.718 314.48 314.717 314.482 314.715 314.484 314.713 314.486 314.71 314.488 314.708 314.491 314.704 314.495 314.701 314.499 314.697 314.503 314.692 314.508 314.687 314.513 314.682 314.518 314.677 314.524 314.67 314.53 314.664 314.537 314.657 314.544 314.649 314.552 314.641 314.56 314.633 314.569 314.624 314.578 314.614 314.588 314.604 314.599 314.593 314.61 314.581 314.622 314.569 314.635 314.555 314.649 314.541 314.664 314.526 314.68 314.509 314.697 314.491 314.716 314.472 314.736 314.45 314.759 314.426 314.784 314.4 314.812 314.37 314.844 314.336 314.88 314.297 314.922 314.252 314.972 314.197 315.033 314.129 315.109 314.043 315.207 313.929 315.341 313.769 315.535 313.529 315.842 313.124 316.398 312.324 317.595 310.777 300 
314.745 314.503 314.745 314.504 314.744 314.505 314.743 314.506 314.742 314.507 314.74 314.509 314.738 314.511 314.736 314.514 314.733 314.517 314.73 314.52 314.726 314.524 314.722 314.528 314.718 314.533 314.713 314.538 314.708 314.544 314.702 314.549 314.696 314.556 314.689 314.562 314.682 314.57 314.675 314.577 314.667 314.586 314.658 314.595 314.649 314.604 314.64 314.614 314.629 314.624 314.618 314.636 314.607 314.648 314.594 314.661 314.581 314.675 314.567 314.689 314.551 314.705 314.535 314.723 314.517 314.741 314.497 314.762 314.476 314.784 314.452 314.809 314.426 314.837 314.396 314.869 314.362 314.905 314.323 314.947 314.277 314.997 314.222 315.058 314.155 315.134 314.069 315.233 313.955 315.366 313.795 315.56 313.555 315.867 313.15 316.422 312.35 317.618 310.805 300 
314.77 314.529 314.77 314.529 314.77 314.53 314.769 314.531 314.767 314.533 314.766 314.535 314.764 314.537 314.761 314.54 314.758 314.543 314.755 314.546 314.752 314.55 314.748 314.554 314.743 314.559 314.738 314.564 314.733 314.569 314.727 314.575 314.721 314.581 314.715 314.588 314.708 314.595 314.7 314.603 314.692 314.611 314.684 314.62 314.675 314.629 314.665 314.639 314.655 314.65 314.644 314.661 314.632 314.673 314.62 314.686 314.606 314.7 314.592 314.715 314.577 314.731 314.56 314.748 314.542 314.767 314.523 314.787 314.501 314.81 314.477 314.835 314.451 314.863 314.421 314.894 314.388 314.93 314.349 314.973 314.303 315.023 314.248 315.083 314.18 315.159 314.094 315.258 313.98 315.391 313.821 315.585 313.581 315.891 313.176 316.447 312.377 317.642 310.834 300 
314.796 314.555 314.796 314.555 314.795 314.556 314.794 314.557 314.793 314.558 314.791 314.56 314.789 314.562 314.787 314.565 314.784 314.568 314.781 314.571 314.777 314.575 314.773 314.579 314.769 314.584 314.764 314.589 314.759 314.595 314.753 314.6 314.747 314.607 314.74 314.614 314.733 314.621 314.726 314.628 314.718 314.637 314.709 314.646 314.7 314.655 314.691 314.665 314.68 314.675 314.669 314.687 314.658 314.699 314.645 314.712 314.632 314.725 314.618 314.74 314.602 314.756 314.586 314.773 314.568 314.792 314.548 314.813 314.527 314.835 314.503 314.86 314.477 314.888 314.447 314.92 314.413 314.956 314.374 314.998 314.329 315.048 314.274 315.109 314.206 315.185 314.12 315.283 314.006 315.416 313.847 315.61 313.607 315.916 313.203 316.471 312.404 317.666 310.862 300 
314.821 314.58 314.821 314.58 314.821 314.581 314.82 314.582 314.818 314.584 314.817 314.586 314.815 314.588 314.812 314.591 314.809 314.594 314.806 314.597 314.802 314.601 314.798 314.605 314.794 314.61 314.789 314.615 314.784 314.62 314.778 314.626 314.772 314.632 314.766 314.639 314.759 314.646 314.751 314.654 314.743 314.662 314.735 314.671 314.726 314.68 314.716 314.69 314.706 314.701 314.695 314.712 314.683 314.724 314.671 314.737 314.657 314.751 314.643 314.766 314.628 314.782 314.611 314.799 314.593 314.818 314.574 314.838 314.552 314.861 314.529 314.885 314.502 314.913 314.473 314.945 314.439 314.981 314.4 315.023 314.354 315.073 314.299 315.134 314.232 315.21 314.146 315.308 314.032 315.442 313.873 315.635 313.633 315.941 313.229 316.496 312.43 317.689 310.891 300 
314.847 314.606 314.846 314.606 314.846 314.607 314.845 314.608 314.844 314.609 314.842 314.611 314.84 314.613 314.837 314.616 314.835 314.619 314.831 314.623 314.828 314.626 314.824 314.631 314.819 314.635 314.815 314.64 314.809 314.646 314.804 314.651 314.798 314.658 314.791 314.665 314.784 314.672 314.777 314.68 314.769 314.688 314.76 314.697 314.751 314.706 314.741 314.716 314.731 314.726 314.72 314.738 314.709 314.75 314.696 314.763 314.683 314.776 314.669 314.791 314.653 314.807 314.637 314.824 314.619 314.843 314.599 314.863 314.578 314.886 314.554 314.911 314.528 314.939 314.498 314.97 314.464 315.006 314.426 315.049 314.38 315.099 314.325 315.159 314.257 315.235 314.172 315.333 314.058 315.467 313.899 315.66 313.659 315.966 313.255 316.52 312.457 317.713 310.92 300 
314.872 314.631 314.872 314.632 314.871 314.632 314.87 314.633 314.869 314.635 314.867 314.637 314.865 314.639 314.863 314.642 314.86 314.645 314.857 314.648 314.853 314.652 314.849 314.656 314.845 314.661 314.84 314.666 314.835 314.671 314.829 314.677 314.823 314.683 314.817 314.69 314.81 314.697 314.802 314.705 314.794 314.713 314.786 314.722 314.777 314.731 314.767 314.741 314.757 314.752 314.746 314.763 314.734 314.775 314.722 314.788 314.708 314.802 314.694 314.817 314.679 314.833 314.662 314.85 314.644 314.868 314.625 314.889 314.603 314.911 314.58 314.936 314.553 314.964 314.524 314.996 314.49 315.032 314.451 315.074 314.405 315.124 314.351 315.184 314.283 315.26 314.197 315.358 314.084 315.492 313.925 315.685 313.685 315.991 313.281 316.545 312.484 317.736 310.948 300 
314.898 314.657 314.897 314.657 314.897 314.658 314.896 314.659 314.895 314.66 314.893 314.662 314.891 314.665 314.888 314.667 314.886 314.67 314.882 314.674 314.879 314.677 314.875 314.682 314.87 314.686 314.866 314.691 314.86 314.697 314.855 314.702 314.849 314.709 314.842 314.716 314.835 314.723 314.828 314.731 314.82 314.739 314.811 314.748 314.802 314.757 314.792 314.767 314.782 314.777 314.771 314.789 314.76 314.801 314.747 314.814 314.734 314.827 314.72 314.842 314.704 314.858 314.688 314.875 314.67 314.894 314.65 314.914 314.629 314.937 314.605 314.962 314.579 314.989 314.549 315.021 314.516 315.057 314.477 315.099 314.431 315.149 314.376 315.21 314.309 315.285 314.223 315.384 314.109 315.517 313.951 315.71 313.711 316.016 313.308 316.569 312.511 317.76 310.977 300 
314.923 314.682 314.923 314.683 314.922 314.683 314.921 314.684 314.92 314.686 314.918 314.688 314.916 314.69 314.914 314.693 314.911 314.696 314.908 314.699 314.904 314.703 314.9 314.707 314.896 314.712 314.891 314.717 314.886 314.722 314.88 314.728 314.874 314.734 314.867 314.741 314.86 314.748 314.853 314.756 314.845 314.764 314.837 314.773 314.828 314.782 314.818 314.792 314.808 314.803 314.797 314.814 314.785 314.826 314.773 314.839 314.759 314.853 314.745 314.868 314.73 314.883 314.713 314.901 314.695 314.919 314.676 314.94 314.654 314.962 314.631 314.987 314.605 315.015 314.575 315.046 314.541 315.082 314.502 315.125 314.457 315.174 314.402 315.235 314.334 315.311 314.249 315.409 314.135 315.542 313.976 315.735 313.737 316.04 313.334 316.594 312.537 317.784 311.006 300 
314.948 314.708 314.948 314.708 314.948 314.709 314.947 314.71 314.945 314.711 314.944 314.713 314.942 314.716 314.939 314.718 314.936 314.721 314.933 314.725 314.93 314.728 314.926 314.733 314.921 314.737 314.916 314.742 314.911 314.748 314.906 314.754 314.899 314.76 314.893 314.767 314.886 314.774 314.878 314.782 314.87 314.79 314.862 314.798 314.853 314.808 314.843 314.818 314.833 314.828 314.822 314.84 314.811 314.852 314.798 314.864 314.785 314.878 314.771 314.893 314.755 314.909 314.739 314.926 314.721 314.945 314.701 314.965 314.68 314.988 314.656 315.012 314.63 315.04 314.601 315.072 314.567 315.108 314.528 315.15 314.482 315.2 314.428 315.26 314.36 315.336 314.275 315.434 314.161 315.567 314.002 315.76 313.763 316.065 313.36 316.618 312.564 317.807 311.034 300 
314.974 314.733 314.974 314.734 314.973 314.734 314.972 314.736 314.971 314.737 314.969 314.739 314.967 314.741 314.965 314.744 314.962 314.747 314.959 314.75 314.955 314.754 314.951 314.758 314.947 314.763 314.942 314.768 314.937 314.773 314.931 314.779 314.925 314.785 314.918 314.792 314.911 314.799 314.904 314.807 314.896 314.815 314.887 314.824 314.878 314.833 314.869 314.843 314.859 314.854 314.848 314.865 314.836 314.877 314.824 314.89 314.81 314.904 314.796 314.918 314.781 314.934 314.764 314.951 314.746 314.97 314.727 314.991 314.706 315.013 314.682 315.038 314.656 315.066 314.626 315.097 314.593 315.133 314.554 315.175 314.508 315.225 314.453 315.286 314.386 315.361 314.3 315.459 314.187 315.592 314.028 315.785 313.789 316.09 313.386 316.643 312.591 317.831 311.063 300 
314.999 314.759 314.999 314.759 314.998 314.76 314.998 314.761 314.996 314.763 314.995 314.764 314.992 314.767 314.99 314.769 314.987 314.772 314.984 314.776 314.98 314.779 314.976 314.784 314.972 314.788 314.967 314.793 314.962 314.799 314.956 314.805 314.95 314.811 314.944 314.818 314.937 314.825 314.929 314.833 314.921 314.841 314.913 314.849 314.904 314.859 314.894 314.869 314.884 314.879 314.873 314.891 314.862 314.903 314.849 314.915 314.836 314.929 314.822 314.944 314.806 314.96 314.79 314.977 314.772 314.996 314.752 315.016 314.731 315.038 314.708 315.063 314.681 315.091 314.652 315.122 314.618 315.159 314.579 315.2 314.534 315.25 314.479 315.311 314.412 315.386 314.326 315.484 314.213 315.617 314.054 315.81 313.815 316.115 313.413 316.667 312.618 317.855 311.092 300 
315.025 314.784 315.024 314.785 315.024 314.785 315.023 314.787 315.022 314.788 315.02 314.79 315.018 314.792 315.015 314.795 315.013 314.798 315.009 314.801 315.006 314.805 315.002 314.809 314.997 314.814 314.993 314.819 314.987 314.824 314.982 314.83 314.976 314.836 314.969 314.843 314.962 314.85 314.955 314.858 314.947 314.866 314.938 314.875 314.929 314.884 314.92 314.894 314.91 314.905 314.899 314.916 314.887 314.928 314.875 314.941 314.861 314.955 314.847 314.969 314.832 314.985 314.815 315.002 314.797 315.021 314.778 315.041 314.757 315.064 314.733 315.089 314.707 315.116 314.677 315.148 314.644 315.184 314.605 315.226 314.559 315.276 314.505 315.336 314.437 315.412 314.352 315.509 314.238 315.642 314.08 315.835 313.841 316.14 313.439 316.692 312.644 317.878 311.12 300 
315.05 314.81 315.05 314.81 315.049 314.811 315.048 314.812 315.047 314.814 315.045 314.815 315.043 314.818 315.041 314.82 315.038 314.823 315.035 314.827 315.031 314.831 315.027 314.835 315.023 314.839 315.018 314.844 315.013 314.85 315.007 314.856 315.001 314.862 314.995 314.869 314.988 314.876 314.98 314.884 314.972 314.892 314.964 314.9 314.955 314.91 314.945 314.92 314.935 314.93 314.924 314.941 314.912 314.953 314.9 314.966 314.887 314.98 314.873 314.995 314.857 315.011 314.841 315.028 314.823 315.046 314.804 315.067 314.782 315.089 314.759 315.114 314.732 315.142 314.703 315.173 314.669 315.209 314.631 315.251 314.585 315.301 314.53 315.361 314.463 315.437 314.378 315.535 314.264 315.668 314.106 315.86 313.867 316.165 313.465 316.717 312.671 317.902 311.149 300 
315.075 314.835 315.075 314.836 315.075 314.837 315.074 314.838 315.072 314.839 315.071 314.841 315.069 314.843 315.066 314.846 315.063 314.849 315.06 314.852 315.057 314.856 315.053 314.86 315.048 314.865 315.044 314.87 315.038 314.875 315.033 314.881 315.027 314.887 315.02 314.894 315.013 314.901 315.006 314.909 314.998 314.917 314.989 314.926 314.98 314.935 314.971 314.945 314.96 314.956 314.95 314.967 314.938 314.979 314.926 314.992 314.912 315.005 314.898 315.02 314.883 315.036 314.866 315.053 314.849 315.072 314.829 315.092 314.808 315.115 314.784 315.139 314.758 315.167 314.729 315.199 314.695 315.235 314.656 315.276 314.611 315.326 314.556 315.387 314.489 315.462 314.403 315.56 314.29 315.693 314.132 315.885 313.893 316.19 313.491 316.741 312.698 317.926 311.177 300 
315.101 314.861 315.101 314.861 315.1 314.862 315.099 314.863 315.098 314.865 315.096 314.867 315.094 314.869 315.092 314.871 315.089 314.874 315.086 314.878 315.082 314.882 315.078 314.886 315.074 314.89 315.069 314.895 315.064 314.901 315.058 314.907 315.052 314.913 315.046 314.92 315.039 314.927 315.031 314.935 315.023 314.943 315.015 314.951 315.006 314.961 314.996 314.971 314.986 314.981 314.975 314.992 314.963 315.004 314.951 315.017 314.938 315.031 314.924 315.046 314.908 315.061 314.892 315.079 314.874 315.097 314.855 315.118 314.833 315.14 314.81 315.165 314.784 315.192 314.754 315.224 314.721 315.26 314.682 315.302 314.636 315.351 314.582 315.412 314.514 315.487 314.429 315.585 314.316 315.718 314.158 315.91 313.919 316.214 313.518 316.766 312.724 317.949 311.206 300 
315.126 314.887 315.126 314.887 315.126 314.888 315.125 314.889 315.123 314.89 315.122 314.892 315.12 314.894 315.117 314.897 315.114 314.9 315.111 314.903 315.108 314.907 315.104 314.911 315.099 314.916 315.094 314.921 315.089 314.926 315.084 314.932 315.078 314.938 315.071 314.945 315.064 314.952 315.057 314.96 315.049 314.968 315.04 314.977 315.031 314.986 315.022 314.996 315.011 315.007 315.001 315.018 314.989 315.03 314.977 315.043 314.963 315.056 314.949 315.071 314.934 315.087 314.917 315.104 314.9 315.123 314.88 315.143 314.859 315.165 314.835 315.19 314.809 315.218 314.78 315.249 314.746 315.285 314.707 315.327 314.662 315.377 314.607 315.437 314.54 315.513 314.455 315.61 314.342 315.743 314.184 315.935 313.945 316.239 313.544 316.79 312.751 317.973 311.235 300 
315.152 314.912 315.151 314.912 315.151 314.913 315.15 314.914 315.149 314.916 315.147 314.918 315.145 314.92 315.143 314.922 315.14 314.925 315.137 314.929 315.133 314.933 315.129 314.937 315.125 314.941 315.12 314.946 315.115 314.952 315.109 314.958 315.103 314.964 315.096 314.971 315.09 314.978 315.082 314.986 315.074 314.994 315.066 315.002 315.057 315.012 315.047 315.022 315.037 315.032 315.026 315.043 315.014 315.055 315.002 315.068 314.989 315.082 314.975 315.097 314.959 315.112 314.943 315.129 314.925 315.148 314.906 315.168 314.884 315.191 314.861 315.216 314.835 315.243 314.805 315.275 314.772 315.311 314.733 315.352 314.688 315.402 314.633 315.462 314.566 315.538 314.481 315.635 314.368 315.768 314.209 315.96 313.971 316.264 313.57 316.815 312.778 317.997 311.263 300 
315.177 314.938 315.177 314.938 315.176 314.939 315.175 314.94 315.174 314.941 315.172 314.943 315.17 314.945 315.168 314.948 315.165 314.951 315.162 314.954 315.158 314.958 315.154 314.962 315.15 314.967 315.145 314.972 315.14 314.977 315.134 314.983 315.128 314.989 315.122 314.996 315.115 315.003 315.108 315.011 315.1 315.019 315.091 315.028 315.082 315.037 315.073 315.047 315.062 315.058 315.052 315.069 315.04 315.081 315.028 315.094 315.014 315.107 315 315.122 314.985 315.138 314.968 315.155 314.951 315.173 314.931 315.194 314.91 315.216 314.886 315.241 314.86 315.269 314.831 315.3 314.797 315.336 314.759 315.378 314.713 315.427 314.659 315.488 314.592 315.563 314.506 315.661 314.393 315.793 314.235 315.985 313.997 316.289 313.596 316.839 312.805 318.02 311.292 300 
315.203 314.963 315.202 314.964 315.202 314.964 315.201 314.965 315.2 314.967 315.198 314.969 315.196 314.971 315.193 314.974 315.191 314.977 315.187 314.98 315.184 314.984 315.18 314.988 315.175 314.992 315.171 314.997 315.166 315.003 315.16 315.009 315.154 315.015 315.147 315.022 315.14 315.029 315.133 315.037 315.125 315.045 315.117 315.053 315.108 315.063 315.098 315.073 315.088 315.083 315.077 315.094 315.065 315.106 315.053 315.119 315.04 315.133 315.026 315.147 315.01 315.163 314.994 315.18 314.976 315.199 314.957 315.219 314.936 315.242 314.912 315.266 314.886 315.294 314.856 315.325 314.823 315.361 314.784 315.403 314.739 315.453 314.684 315.513 314.617 315.588 314.532 315.686 314.419 315.818 314.261 316.01 314.023 316.314 313.622 316.864 312.831 318.044 311.321 300 
315.228 314.989 315.228 314.989 315.227 314.99 315.226 314.991 315.225 314.992 315.223 314.994 315.221 314.996 315.219 314.999 315.216 315.002 315.213 315.005 315.209 315.009 315.205 315.013 315.201 315.018 315.196 315.023 315.191 315.028 315.185 315.034 315.179 315.04 315.173 315.047 315.166 315.054 315.158 315.062 315.151 315.07 315.142 315.079 315.133 315.088 315.124 315.098 315.113 315.109 315.102 315.12 315.091 315.132 315.079 315.145 315.065 315.158 315.051 315.173 315.036 315.189 315.02 315.206 315.002 315.224 314.982 315.245 314.961 315.267 314.938 315.292 314.911 315.319 314.882 315.351 314.849 315.387 314.81 315.428 314.765 315.478 314.71 315.538 314.643 315.613 314.558 315.711 314.445 315.843 314.287 316.035 314.049 316.339 313.649 316.888 312.858 318.068 311.349 300 
315.253 315.014 315.253 315.015 315.253 315.015 315.252 315.016 315.25 315.018 315.249 315.02 315.247 315.022 315.244 315.025 315.241 315.028 315.238 315.031 315.235 315.035 315.231 315.039 315.226 315.044 315.222 315.048 315.216 315.054 315.211 315.06 315.205 315.066 315.198 315.073 315.191 315.08 315.184 315.088 315.176 315.096 315.168 315.104 315.159 315.114 315.149 315.124 315.139 315.134 315.128 315.145 315.116 315.157 315.104 315.17 315.091 315.184 315.077 315.198 315.061 315.214 315.045 315.231 315.027 315.25 315.008 315.27 314.987 315.292 314.963 315.317 314.937 315.345 314.908 315.376 314.874 315.412 314.836 315.454 314.79 315.503 314.736 315.563 314.669 315.639 314.584 315.736 314.471 315.868 314.313 316.06 314.075 316.363 313.675 316.913 312.885 318.091 311.378 300 
315.279 315.04 315.279 315.04 315.278 315.041 315.277 315.042 315.276 315.043 315.274 315.045 315.272 315.048 315.27 315.05 315.267 315.053 315.264 315.057 315.26 315.06 315.256 315.064 315.252 315.069 315.247 315.074 315.242 315.079 315.236 315.085 315.23 315.091 315.224 315.098 315.217 315.105 315.209 315.113 315.201 315.121 315.193 315.13 315.184 315.139 315.174 315.149 315.164 315.16 315.153 315.171 315.142 315.183 315.13 315.195 315.116 315.209 315.102 315.224 315.087 315.24 315.071 315.257 315.053 315.275 315.033 315.295 315.012 315.318 314.989 315.342 314.963 315.37 314.933 315.401 314.9 315.437 314.861 315.479 314.816 315.529 314.761 315.589 314.694 315.664 314.609 315.761 314.497 315.894 314.339 316.085 314.101 316.388 313.701 316.937 312.912 318.115 311.406 300 
315.304 315.065 315.304 315.066 315.303 315.066 315.303 315.068 315.301 315.069 315.3 315.071 315.298 315.073 315.295 315.076 315.292 315.079 315.289 315.082 315.286 315.086 315.282 315.09 315.277 315.095 315.272 315.1 315.267 315.105 315.262 315.111 315.256 315.117 315.249 315.124 315.242 315.131 315.235 315.139 315.227 315.147 315.218 315.155 315.209 315.165 315.2 315.175 315.19 315.185 315.179 315.196 315.167 315.208 315.155 315.221 315.142 315.235 315.128 315.249 315.112 315.265 315.096 315.282 315.078 315.301 315.059 315.321 315.038 315.343 315.014 315.368 314.988 315.395 314.959 315.427 314.925 315.463 314.887 315.504 314.841 315.554 314.787 315.614 314.72 315.689 314.635 315.786 314.522 315.919 314.365 316.11 314.127 316.413 313.727 316.962 312.938 318.139 311.435 300 
315.33 315.091 315.329 315.091 315.329 315.092 315.328 315.093 315.327 315.095 315.325 315.096 315.323 315.099 315.321 315.101 315.318 315.104 315.315 315.108 315.311 315.111 315.307 315.116 315.303 315.12 315.298 315.125 315.293 315.13 315.287 315.136 315.281 315.142 315.275 315.149 315.268 315.156 315.26 315.164 315.252 315.172 315.244 315.181 315.235 315.19 315.225 315.2 315.215 315.21 315.204 315.222 315.193 315.234 315.181 315.246 315.167 315.26 315.153 315.275 315.138 315.29 315.122 315.307 315.104 315.326 315.084 315.346 315.063 315.369 315.04 315.393 315.014 315.421 314.984 315.452 314.951 315.488 314.912 315.53 314.867 315.579 314.813 315.639 314.746 315.714 314.661 315.812 314.548 315.944 314.391 316.135 314.153 316.438 313.754 316.986 312.965 318.163 311.464 300 
315.355 315.116 315.355 315.117 315.354 315.117 315.353 315.119 315.352 315.12 315.35 315.122 315.348 315.124 315.346 315.127 315.343 315.13 315.34 315.133 315.336 315.137 315.332 315.141 315.328 315.146 315.323 315.151 315.318 315.156 315.313 315.162 315.307 315.168 315.3 315.175 315.293 315.182 315.286 315.19 315.278 315.198 315.269 315.206 315.26 315.216 315.251 315.225 315.241 315.236 315.23 315.247 315.218 315.259 315.206 315.272 315.193 315.285 315.179 315.3 315.164 315.316 315.147 315.333 315.129 315.351 315.11 315.372 315.089 315.394 315.065 315.419 315.039 315.446 315.01 315.477 314.977 315.513 314.938 315.555 314.893 315.604 314.838 315.665 314.772 315.74 314.687 315.837 314.574 315.969 314.417 316.16 314.179 316.463 313.78 317.011 312.992 318.186 311.492 300 
315.38 315.142 315.38 315.142 315.38 315.143 315.379 315.144 315.377 315.146 315.376 315.147 315.374 315.15 315.371 315.152 315.369 315.155 315.365 315.159 315.362 315.162 315.358 315.167 315.353 315.171 315.349 315.176 315.344 315.181 315.338 315.187 315.332 315.194 315.325 315.2 315.319 315.207 315.311 315.215 315.303 315.223 315.295 315.232 315.286 315.241 315.276 315.251 315.266 315.261 315.255 315.273 315.244 315.285 315.231 315.297 315.218 315.311 315.204 315.326 315.189 315.341 315.173 315.358 315.155 315.377 315.136 315.397 315.114 315.419 315.091 315.444 315.065 315.472 315.036 315.503 315.002 315.539 314.964 315.58 314.918 315.63 314.864 315.69 314.797 315.765 314.712 315.862 314.6 315.994 314.442 316.185 314.205 316.488 313.806 317.036 313.018 318.21 311.521 300 
315.406 315.167 315.406 315.168 315.405 315.169 315.404 315.17 315.403 315.171 315.401 315.173 315.399 315.175 315.397 315.178 315.394 315.181 315.391 315.184 315.387 315.188 315.383 315.192 315.379 315.197 315.374 315.202 315.369 315.207 315.363 315.213 315.357 315.219 315.351 315.226 315.344 315.233 315.337 315.241 315.329 315.249 315.32 315.257 315.311 315.267 315.302 315.276 315.292 315.287 315.281 315.298 315.269 315.31 315.257 315.323 315.244 315.336 315.23 315.351 315.215 315.367 315.198 315.384 315.18 315.402 315.161 315.422 315.14 315.445 315.117 315.469 315.09 315.497 315.061 315.528 315.028 315.564 314.989 315.606 314.944 315.655 314.89 315.715 314.823 315.79 314.738 315.887 314.626 316.019 314.468 316.21 314.231 316.513 313.832 317.06 313.045 318.234 311.549 300 
315.431 315.193 315.431 315.193 315.431 315.194 315.43 315.195 315.428 315.197 315.427 315.199 315.425 315.201 315.422 315.203 315.419 315.206 315.416 315.21 315.413 315.213 315.409 315.218 315.404 315.222 315.4 315.227 315.394 315.233 315.389 315.238 315.383 315.245 315.376 315.251 315.369 315.258 315.362 315.266 315.354 315.274 315.346 315.283 315.337 315.292 315.327 315.302 315.317 315.312 315.306 315.324 315.295 315.335 315.282 315.348 315.269 315.362 315.255 315.376 315.24 315.392 315.224 315.409 315.206 315.428 315.187 315.448 315.165 315.47 315.142 315.495 315.116 315.522 315.087 315.554 315.053 315.589 315.015 315.631 314.97 315.68 314.915 315.74 314.849 315.815 314.764 315.912 314.651 316.044 314.494 316.235 314.257 316.537 313.859 317.085 313.072 318.257 311.578 300 
315.457 315.219 315.457 315.219 315.456 315.22 315.455 315.221 315.454 315.222 315.452 315.224 315.45 315.226 315.448 315.229 315.445 315.232 315.442 315.235 315.438 315.239 315.434 315.243 315.43 315.248 315.425 315.253 315.42 315.258 315.414 315.264 315.408 315.27 315.402 315.277 315.395 315.284 315.388 315.292 315.38 315.3 315.371 315.308 315.362 315.318 315.353 315.327 315.343 315.338 315.332 315.349 315.32 315.361 315.308 315.374 315.295 315.387 315.281 315.402 315.266 315.418 315.249 315.435 315.231 315.453 315.212 315.473 315.191 315.496 315.168 315.52 315.142 315.548 315.112 315.579 315.079 315.615 315.041 315.656 314.995 315.706 314.941 315.766 314.874 315.84 314.79 315.938 314.677 316.069 314.52 316.26 314.283 316.562 313.885 317.109 313.099 318.281 311.607 300 
315.482 315.244 315.482 315.244 315.481 315.245 315.48 315.246 315.479 315.248 315.477 315.25 315.475 315.252 315.473 315.254 315.47 315.257 315.467 315.261 315.464 315.265 315.46 315.269 315.455 315.273 315.45 315.278 315.445 315.284 315.44 315.289 315.434 315.296 315.427 315.302 315.42 315.309 315.413 315.317 315.405 315.325 315.397 315.334 315.388 315.343 315.378 315.353 315.368 315.363 315.357 315.375 315.346 315.386 315.333 315.399 315.32 315.413 315.306 315.427 315.291 315.443 315.275 315.46 315.257 315.479 315.238 315.499 315.217 315.521 315.193 315.546 315.167 315.573 315.138 315.604 315.105 315.64 315.066 315.682 315.021 315.731 314.967 315.791 314.9 315.866 314.815 315.963 314.703 316.094 314.546 316.285 314.309 316.587 313.911 317.134 313.125 318.305 311.635 300 
315.508 315.27 315.507 315.27 315.507 315.271 315.506 315.272 315.505 315.273 315.503 315.275 315.501 315.277 315.498 315.28 315.496 315.283 315.493 315.286 315.489 315.29 315.485 315.294 315.481 315.299 315.476 315.304 315.471 315.309 315.465 315.315 315.459 315.321 315.453 315.328 315.446 315.335 315.438 315.343 315.431 315.351 315.422 315.359 315.413 315.369 315.404 315.378 315.394 315.389 315.383 315.4 315.371 315.412 315.359 315.425 315.346 315.438 315.332 315.453 315.317 315.468 315.3 315.485 315.283 315.504 315.263 315.524 315.242 315.546 315.219 315.571 315.193 315.598 315.164 315.63 315.13 315.665 315.092 315.707 315.047 315.756 314.992 315.816 314.926 315.891 314.841 315.988 314.729 316.12 314.572 316.31 314.335 316.612 313.937 317.158 313.152 318.328 311.664 300 
315.533 315.295 315.533 315.295 315.532 315.296 315.531 315.297 315.53 315.299 315.528 315.301 315.526 315.303 315.524 315.305 315.521 315.308 315.518 315.312 315.514 315.316 315.51 315.32 315.506 315.324 315.501 315.329 315.496 315.335 315.491 315.34 315.485 315.347 315.478 315.353 315.471 315.36 315.464 315.368 315.456 315.376 315.448 315.385 315.439 315.394 315.429 315.404 315.419 315.414 315.408 315.425 315.397 315.437 315.384 315.45 315.371 315.464 315.357 315.478 315.342 315.494 315.326 315.511 315.308 315.529 315.289 315.55 315.268 315.572 315.244 315.596 315.218 315.624 315.189 315.655 315.156 315.691 315.117 315.732 315.072 315.782 315.018 315.841 314.951 315.916 314.867 316.013 314.755 316.145 314.598 316.335 314.361 316.637 313.963 317.183 313.179 318.352 311.692 300 
315.558 315.321 315.558 315.321 315.558 315.322 315.557 315.323 315.555 315.324 315.554 315.326 315.552 315.328 315.549 315.331 315.547 315.334 315.543 315.337 315.54 315.341 315.536 315.345 315.532 315.35 315.527 315.355 315.522 315.36 315.516 315.366 315.51 315.372 315.504 315.379 315.497 315.386 315.489 315.394 315.481 315.402 315.473 315.41 315.464 315.42 315.455 315.429 315.444 315.44 315.434 315.451 315.422 315.463 315.41 315.475 315.397 315.489 315.383 315.504 315.368 315.519 315.351 315.536 315.334 315.555 315.314 315.575 315.293 315.597 315.27 315.622 315.244 315.649 315.215 315.68 315.181 315.716 315.143 315.758 315.098 315.807 315.044 315.867 314.977 315.941 314.893 316.038 314.78 316.17 314.624 316.36 314.387 316.662 313.99 317.207 313.205 318.376 311.721 300 
315.584 315.346 315.584 315.347 315.583 315.347 315.582 315.348 315.581 315.35 315.579 315.352 315.577 315.354 315.575 315.357 315.572 315.36 315.569 315.363 315.565 315.367 315.561 315.371 315.557 315.375 315.552 315.38 315.547 315.386 315.541 315.391 315.535 315.398 315.529 315.404 315.522 315.411 315.515 315.419 315.507 315.427 315.499 315.436 315.49 315.445 315.48 315.455 315.47 315.465 315.459 315.476 315.448 315.488 315.435 315.501 315.422 315.515 315.408 315.529 315.393 315.545 315.377 315.562 315.359 315.58 315.34 315.6 315.319 315.623 315.295 315.647 315.269 315.675 315.24 315.706 315.207 315.741 315.169 315.783 315.124 315.832 315.069 315.892 315.003 315.967 314.918 316.063 314.806 316.195 314.65 316.385 314.413 316.687 314.016 317.232 313.232 318.399 311.749 300 
315.609 315.372 315.609 315.372 315.608 315.373 315.608 315.374 315.606 315.375 315.605 315.377 315.603 315.379 315.6 315.382 315.597 315.385 315.594 315.388 315.591 315.392 315.587 315.396 315.582 315.401 315.578 315.406 315.572 315.411 315.567 315.417 315.561 315.423 315.554 315.43 315.548 315.437 315.54 315.445 315.532 315.453 315.524 315.461 315.515 315.471 315.506 315.48 315.495 315.491 315.485 315.502 315.473 315.514 315.461 315.526 315.448 315.54 315.434 315.555 315.419 315.57 315.402 315.587 315.385 315.606 315.365 315.626 315.344 315.648 315.321 315.672 315.295 315.7 315.266 315.731 315.233 315.767 315.194 315.808 315.149 315.857 315.095 315.917 315.029 315.992 314.944 316.089 314.832 316.22 314.675 316.41 314.439 316.711 314.042 317.256 313.259 318.423 311.778 300 
315.635 315.397 315.634 315.398 315.634 315.398 315.633 315.399 315.632 315.401 315.63 315.403 315.628 315.405 315.626 315.408 315.623 315.411 315.62 315.414 315.616 315.418 315.612 315.422 315.608 315.426 315.603 315.431 315.598 315.437 315.592 315.442 315.586 315.449 315.58 315.455 315.573 315.462 315.566 315.47 315.558 315.478 315.549 315.487 315.541 315.496 315.531 315.506 315.521 315.516 315.51 315.527 315.499 315.539 315.486 315.552 315.473 315.565 315.459 315.58 315.444 315.596 315.428 315.613 315.41 315.631 315.391 315.651 315.37 315.673 315.347 315.698 315.321 315.725 315.291 315.756 315.258 315.792 315.22 315.833 315.175 315.883 315.121 315.942 315.054 316.017 314.97 316.114 314.858 316.245 314.701 316.435 314.465 316.736 314.068 317.281 313.285 318.447 311.807 300 
315.66 315.423 315.66 315.423 315.659 315.424 315.658 315.425 315.657 315.426 315.655 315.428 315.653 315.431 315.651 315.433 315.648 315.436 315.645 315.439 315.642 315.443 315.638 315.447 315.633 315.452 315.629 315.457 315.623 315.462 315.618 315.468 315.612 315.474 315.605 315.481 315.598 315.488 315.591 315.496 315.583 315.504 315.575 315.512 315.566 315.521 315.556 315.531 315.546 315.542 315.536 315.553 315.524 315.565 315.512 315.577 315.499 315.591 315.485 315.605 315.47 315.621 315.453 315.638 315.436 315.656 315.416 315.677 315.395 315.699 315.372 315.723 315.346 315.751 315.317 315.782 315.284 315.817 315.246 315.859 315.201 315.908 315.147 315.968 315.08 316.042 314.996 316.139 314.884 316.27 314.727 316.46 314.491 316.761 314.095 317.306 313.312 318.47 311.835 300 
315.685 315.448 315.685 315.449 315.685 315.449 315.684 315.451 315.683 315.452 315.681 315.454 315.679 315.456 315.676 315.459 315.674 315.462 315.67 315.465 315.667 315.469 315.663 315.473 315.659 315.477 315.654 315.482 315.649 315.488 315.643 315.493 315.637 315.5 315.631 315.506 315.624 315.513 315.617 315.521 315.609 315.529 315.6 315.538 315.591 315.547 315.582 315.557 315.572 315.567 315.561 315.578 315.55 315.59 315.537 315.603 315.524 315.616 315.51 315.631 315.495 315.647 315.479 315.664 315.461 315.682 315.442 315.702 315.421 315.724 315.398 315.749 315.372 315.776 315.343 315.807 315.309 315.843 315.271 315.884 315.226 315.933 315.172 315.993 315.106 316.068 315.021 316.164 314.909 316.295 314.753 316.485 314.517 316.786 314.121 317.33 313.339 318.494 311.864 300 
315.711 315.474 315.711 315.474 315.71 315.475 315.709 315.476 315.708 315.478 315.706 315.479 315.704 315.482 315.702 315.484 315.699 315.487 315.696 315.491 315.692 315.494 315.688 315.498 315.684 315.503 315.679 315.508 315.674 315.513 315.669 315.519 315.663 315.525 315.656 315.532 315.649 315.539 315.642 315.547 315.634 315.555 315.626 315.563 315.617 315.572 315.607 315.582 315.597 315.593 315.587 315.604 315.575 315.616 315.563 315.628 315.55 315.642 315.536 315.656 315.521 315.672 315.504 315.689 315.487 315.707 315.468 315.727 315.447 315.75 315.423 315.774 315.397 315.801 315.368 315.832 315.335 315.868 315.297 315.909 315.252 315.959 315.198 316.018 315.131 316.093 315.047 316.189 314.935 316.32 314.779 316.51 314.543 316.811 314.147 317.355 313.366 318.518 311.892 300 
315.736 315.499 315.736 315.5 315.736 315.501 315.735 315.502 315.733 315.503 315.732 315.505 315.73 315.507 315.727 315.51 315.724 315.513 315.721 315.516 315.718 315.52 315.714 315.524 315.71 315.528 315.705 315.533 315.7 315.539 315.694 315.544 315.688 315.551 315.682 315.557 315.675 315.564 315.667 315.572 315.66 315.58 315.651 315.589 315.642 315.598 315.633 315.608 315.623 315.618 315.612 315.629 315.601 315.641 315.588 315.654 315.575 315.667 315.561 315.682 315.546 315.697 315.53 315.714 315.512 315.733 315.493 315.753 315.472 315.775 315.449 315.799 315.423 315.827 315.394 315.858 315.361 315.893 315.322 315.935 315.277 315.984 315.224 316.043 315.157 316.118 315.073 316.214 314.961 316.346 314.805 316.535 314.569 316.836 314.173 317.379 313.392 318.541 311.921 300 
315.762 315.525 315.762 315.525 315.761 315.526 315.76 315.527 315.759 315.529 315.757 315.53 315.755 315.533 315.753 315.535 315.75 315.538 315.747 315.542 315.743 315.545 315.739 315.549 315.735 315.554 315.73 315.559 315.725 315.564 315.72 315.57 315.714 315.576 315.707 315.583 315.7 315.59 315.693 315.598 315.685 315.606 315.677 315.614 315.668 315.623 315.658 315.633 315.648 315.644 315.638 315.655 315.626 315.667 315.614 315.679 315.601 315.693 315.587 315.707 315.572 315.723 315.555 315.74 315.538 315.758 315.519 315.778 315.498 315.8 315.474 315.825 315.449 315.852 315.419 315.883 315.386 315.919 315.348 315.96 315.303 316.009 315.249 316.069 315.183 316.143 315.099 316.24 314.987 316.371 314.831 316.56 314.595 316.861 314.199 317.404 313.419 318.565 311.949 300 
315.787 315.551 315.787 315.551 315.786 315.552 315.785 315.553 315.784 315.554 315.783 315.556 315.781 315.558 315.778 315.561 315.775 315.564 315.772 315.567 315.769 315.571 315.765 315.575 315.76 315.579 315.756 315.584 315.751 315.59 315.745 315.596 315.739 315.602 315.733 315.608 315.726 315.615 315.718 315.623 315.711 315.631 315.702 315.64 315.693 315.649 315.684 315.659 315.674 315.669 315.663 315.68 315.652 315.692 315.639 315.705 315.626 315.718 315.612 315.733 315.597 315.748 315.581 315.765 315.563 315.784 315.544 315.804 315.523 315.826 315.5 315.85 315.474 315.878 315.445 315.909 315.412 315.944 315.374 315.985 315.329 316.034 315.275 316.094 315.209 316.168 315.124 316.265 315.013 316.396 314.857 316.585 314.621 316.885 314.226 317.428 313.446 318.589 311.978 300 
315.813 315.576 315.812 315.576 315.812 315.577 315.811 315.578 315.81 315.58 315.808 315.582 315.806 315.584 315.804 315.586 315.801 315.589 315.798 315.593 315.794 315.596 315.79 315.6 315.786 315.605 315.781 315.61 315.776 315.615 315.77 315.621 315.764 315.627 315.758 315.634 315.751 315.641 315.744 315.649 315.736 315.657 315.728 315.665 315.719 315.674 315.709 315.684 315.699 315.695 315.688 315.706 315.677 315.717 315.665 315.73 315.652 315.744 315.638 315.758 315.623 315.774 315.606 315.791 315.589 315.809 315.57 315.829 315.549 315.851 315.525 315.876 315.5 315.903 315.471 315.934 315.438 315.969 315.399 316.011 315.354 316.06 315.301 316.119 315.234 316.194 315.15 316.29 315.038 316.421 314.883 316.61 314.647 316.91 314.252 317.453 313.472 318.613 312.007 300 
315.838 315.602 315.838 315.602 315.837 315.603 315.836 315.604 315.835 315.605 315.833 315.607 315.831 315.609 315.829 315.612 315.826 315.615 315.823 315.618 315.82 315.622 315.816 315.626 315.811 315.631 315.807 315.635 315.801 315.641 315.796 315.647 315.79 315.653 315.783 315.659 315.777 315.666 315.769 315.674 315.761 315.682 315.753 315.691 315.744 315.7 315.735 315.71 315.725 315.72 315.714 315.731 315.703 315.743 315.69 315.756 315.677 315.769 315.663 315.784 315.648 315.799 315.632 315.816 315.614 315.834 315.595 315.854 315.574 315.877 315.551 315.901 315.525 315.928 315.496 315.959 315.463 315.995 315.425 316.036 315.38 316.085 315.326 316.145 315.26 316.219 315.176 316.315 315.064 316.446 314.908 316.635 314.673 316.935 314.278 317.477 313.499 318.636 312.035 300 
315.863 315.627 315.863 315.627 315.863 315.628 315.862 315.629 315.86 315.631 315.859 315.633 315.857 315.635 315.854 315.637 315.852 315.64 315.848 315.644 315.845 315.647 315.841 315.652 315.837 315.656 315.832 315.661 315.827 315.666 315.821 315.672 315.815 315.678 315.809 315.685 315.802 315.692 315.795 315.7 315.787 315.708 315.779 315.716 315.77 315.725 315.76 315.735 315.75 315.746 315.739 315.757 315.728 315.768 315.716 315.781 315.703 315.795 315.689 315.809 315.674 315.825 315.658 315.842 315.64 315.86 315.621 315.88 315.6 315.902 315.577 315.926 315.551 315.954 315.522 315.985 315.489 316.02 315.451 316.061 315.406 316.11 315.352 316.17 315.286 316.244 315.202 316.34 315.09 316.471 314.934 316.66 314.699 316.96 314.304 317.502 313.526 318.66 312.064 300 
315.889 315.653 315.889 315.653 315.888 315.654 315.887 315.655 315.886 315.656 315.884 315.658 315.882 315.66 315.88 315.663 315.877 315.666 315.874 315.669 315.87 315.673 315.866 315.677 315.862 315.682 315.857 315.686 315.852 315.692 315.847 315.698 315.841 315.704 315.834 315.71 315.828 315.717 315.82 315.725 315.812 315.733 315.804 315.742 315.795 315.751 315.786 315.761 315.776 315.771 315.765 315.782 315.754 315.794 315.741 315.806 315.728 315.82 315.714 315.834 315.699 315.85 315.683 315.867 315.665 315.885 315.646 315.905 315.625 315.927 315.602 315.952 315.576 315.979 315.547 316.01 315.514 316.045 315.476 316.087 315.431 316.136 315.378 316.195 315.311 316.269 315.227 316.366 315.116 316.496 314.96 316.685 314.725 316.985 314.331 317.526 313.553 318.684 312.092 300 
315.914 315.678 315.914 315.679 315.913 315.679 315.913 315.68 315.911 315.682 315.91 315.684 315.908 315.686 315.905 315.688 315.902 315.691 315.899 315.695 315.896 315.698 315.892 315.703 315.888 315.707 315.883 315.712 315.878 315.717 315.872 315.723 315.866 315.729 315.86 315.736 315.853 315.743 315.846 315.751 315.838 315.759 315.829 315.767 315.821 315.776 315.811 315.786 315.801 315.797 315.79 315.808 315.779 315.819 315.767 315.832 315.754 315.845 315.74 315.86 315.725 315.876 315.709 315.892 315.691 315.911 315.672 315.931 315.651 315.953 315.628 315.977 315.602 316.004 315.573 316.035 315.54 316.071 315.502 316.112 315.457 316.161 315.403 316.22 315.337 316.295 315.253 316.391 315.142 316.521 314.986 316.71 314.751 317.01 314.357 317.551 313.579 318.707 312.121 300 
315.94 315.704 315.939 315.704 315.939 315.705 315.938 315.706 315.937 315.707 315.935 315.709 315.933 315.711 315.931 315.714 315.928 315.717 315.925 315.72 315.921 315.724 315.917 315.728 315.913 315.733 315.908 315.738 315.903 315.743 315.898 315.749 315.892 315.755 315.885 315.761 315.878 315.768 315.871 315.776 315.863 315.784 315.855 315.793 315.846 315.802 315.837 315.812 315.827 315.822 315.816 315.833 315.804 315.845 315.792 315.857 315.779 315.871 315.765 315.885 315.75 315.901 315.734 315.918 315.717 315.936 315.697 315.956 315.676 315.978 315.653 316.003 315.628 316.03 315.599 316.061 315.566 316.096 315.527 316.137 315.483 316.186 315.429 316.246 315.363 316.32 315.279 316.416 315.168 316.546 315.012 316.735 314.777 317.035 314.383 317.576 313.606 318.731 312.149 300 
315.965 315.729 315.965 315.73 315.964 315.73 315.963 315.731 315.962 315.733 315.96 315.735 315.958 315.737 315.956 315.74 315.953 315.742 315.95 315.746 315.947 315.75 315.943 315.754 315.938 315.758 315.934 315.763 315.929 315.768 315.923 315.774 315.917 315.78 315.911 315.787 315.904 315.794 315.897 315.802 315.889 315.81 315.88 315.818 315.872 315.827 315.862 315.837 315.852 315.847 315.841 315.859 315.83 315.87 315.818 315.883 315.805 315.896 315.791 315.911 315.776 315.926 315.76 315.943 315.742 315.962 315.723 315.982 315.702 316.004 315.679 316.028 315.653 316.055 315.624 316.086 315.591 316.121 315.553 316.163 315.508 316.212 315.455 316.271 315.388 316.345 315.305 316.441 315.193 316.572 315.038 316.76 314.803 317.059 314.409 317.6 313.633 318.755 312.178 300 
315.99 315.755 315.99 315.755 315.99 315.756 315.989 315.757 315.988 315.758 315.986 315.76 315.984 315.762 315.981 315.765 315.979 315.768 315.976 315.771 315.972 315.775 315.968 315.779 315.964 315.784 315.959 315.789 315.954 315.794 315.949 315.8 315.943 315.806 315.936 315.812 315.929 315.82 315.922 315.827 315.914 315.835 315.906 315.844 315.897 315.853 315.888 315.863 315.878 315.873 315.867 315.884 315.855 315.896 315.843 315.908 315.83 315.922 315.816 315.936 315.801 315.952 315.785 315.969 315.768 315.987 315.748 316.007 315.728 316.029 315.704 316.053 315.679 316.081 315.65 316.111 315.617 316.147 315.579 316.188 315.534 316.237 315.48 316.296 315.414 316.37 315.33 316.466 315.219 316.597 315.064 316.785 314.829 317.084 314.435 317.625 313.659 318.778 312.206 300 
316.016 315.78 316.016 315.781 316.015 315.781 316.014 315.783 316.013 315.784 316.011 315.786 316.009 315.788 316.007 315.791 316.004 315.794 316.001 315.797 315.997 315.801 315.994 315.805 315.989 315.809 315.985 315.814 315.979 315.819 315.974 315.825 315.968 315.831 315.962 315.838 315.955 315.845 315.947 315.853 315.94 315.861 315.931 315.869 315.922 315.878 315.913 315.888 315.903 315.898 315.892 315.909 315.881 315.921 315.869 315.934 315.856 315.947 315.842 315.962 315.827 315.977 315.811 315.994 315.793 316.012 315.774 316.032 315.753 316.054 315.73 316.079 315.704 316.106 315.675 316.137 315.642 316.172 315.604 316.213 315.56 316.262 315.506 316.321 315.44 316.396 315.356 316.491 315.245 316.622 315.09 316.81 314.855 317.109 314.462 317.649 313.686 318.802 312.235 300 
316.041 315.806 316.041 315.806 316.041 315.807 316.04 315.808 316.038 315.81 316.037 315.811 316.035 315.814 316.032 315.816 316.03 315.819 316.026 315.822 316.023 315.826 316.019 315.83 316.015 315.835 316.01 315.84 316.005 315.845 315.999 315.851 315.993 315.857 315.987 315.863 315.98 315.871 315.973 315.878 315.965 315.886 315.957 315.895 315.948 315.904 315.939 315.914 315.928 315.924 315.918 315.935 315.906 315.947 315.894 315.959 315.881 315.973 315.867 315.987 315.852 316.003 315.836 316.02 315.819 316.038 315.8 316.058 315.779 316.08 315.756 316.104 315.73 316.131 315.701 316.162 315.668 316.197 315.63 316.239 315.585 316.287 315.532 316.347 315.466 316.421 315.382 316.517 315.271 316.647 315.115 316.835 314.881 317.134 314.488 317.674 313.713 318.826 312.263 300 
316.067 315.831 316.067 315.832 316.066 315.833 316.065 315.834 316.064 315.835 316.062 315.837 316.06 315.839 316.058 315.842 316.055 315.845 316.052 315.848 316.048 315.852 316.044 315.856 316.04 315.86 316.035 315.865 316.03 315.87 316.025 315.876 316.019 315.882 316.012 315.889 316.006 315.896 315.998 315.904 315.991 315.912 315.982 315.92 315.973 315.929 315.964 315.939 315.954 315.949 315.943 315.96 315.932 315.972 315.92 315.985 315.907 315.998 315.893 316.013 315.878 316.028 315.862 316.045 315.844 316.063 315.825 316.083 315.804 316.105 315.781 316.129 315.755 316.157 315.726 316.188 315.694 316.223 315.656 316.264 315.611 316.313 315.557 316.372 315.491 316.446 315.408 316.542 315.297 316.672 315.141 316.86 314.907 317.159 314.514 317.698 313.739 318.85 312.292 300 
316.092 315.857 316.092 315.857 316.091 315.858 316.091 315.859 316.089 315.861 316.088 315.862 316.086 315.865 316.083 315.867 316.08 315.87 316.077 315.873 316.074 315.877 316.07 315.881 316.066 315.886 316.061 315.891 316.056 315.896 316.05 315.902 316.044 315.908 316.038 315.914 316.031 315.922 316.024 315.929 316.016 315.937 316.008 315.946 315.999 315.955 315.989 315.965 315.979 315.975 315.969 315.986 315.957 315.998 315.945 316.01 315.932 316.024 315.918 316.038 315.903 316.054 315.887 316.07 315.87 316.089 315.851 316.109 315.83 316.131 315.807 316.155 315.781 316.182 315.752 316.213 315.719 316.248 315.681 316.289 315.636 316.338 315.583 316.397 315.517 316.471 315.433 316.567 315.322 316.697 315.167 316.886 314.933 317.184 314.54 317.723 313.766 318.873 312.321 300 
316.118 315.882 316.117 315.883 316.117 315.884 316.116 315.885 316.115 315.886 316.113 315.888 316.111 315.89 316.109 315.893 316.106 315.896 316.103 315.899 316.099 315.903 316.095 315.907 316.091 315.911 316.086 315.916 316.081 315.921 316.076 315.927 316.07 315.933 316.063 315.94 316.057 315.947 316.049 315.955 316.041 315.963 316.033 315.971 316.024 315.98 316.015 315.99 316.005 316 315.994 316.011 315.983 316.023 315.971 316.036 315.958 316.049 315.944 316.063 315.929 316.079 315.913 316.096 315.895 316.114 315.876 316.134 315.855 316.156 315.832 316.18 315.807 316.207 315.778 316.238 315.745 316.274 315.707 316.315 315.662 316.363 315.609 316.423 315.543 316.496 315.459 316.592 315.348 316.722 315.193 316.911 314.959 317.209 314.567 317.747 313.793 318.897 312.349 300 
316.143 315.908 316.143 315.908 316.142 315.909 316.141 315.91 316.14 315.912 316.138 315.913 316.136 315.916 316.134 315.918 316.131 315.921 316.128 315.925 316.125 315.928 316.121 315.932 316.116 315.937 316.112 315.942 316.107 315.947 316.101 315.953 316.095 315.959 316.089 315.965 316.082 315.973 316.075 315.98 316.067 315.988 316.059 315.997 316.05 316.006 316.04 316.015 316.03 316.026 316.02 316.037 316.008 316.049 315.996 316.061 315.983 316.075 315.969 316.089 315.954 316.104 315.938 316.121 315.921 316.139 315.902 316.159 315.881 316.181 315.858 316.206 315.832 316.233 315.803 316.264 315.77 316.299 315.732 316.34 315.688 316.389 315.634 316.448 315.568 316.522 315.485 316.617 315.374 316.747 315.219 316.936 314.985 317.233 314.593 317.772 313.82 318.921 312.378 300 
316.168 315.934 316.168 315.934 316.168 315.935 316.167 315.936 316.165 315.937 316.164 315.939 316.162 315.941 316.159 315.944 316.157 315.947 316.154 315.95 316.15 315.954 316.146 315.958 316.142 315.962 316.137 315.967 316.132 315.973 316.127 315.978 316.121 315.984 316.114 315.991 316.107 315.998 316.1 316.006 316.092 316.014 316.084 316.022 316.075 316.031 316.066 316.041 316.056 316.051 316.045 316.062 316.034 316.074 316.022 316.087 316.009 316.1 315.995 316.114 315.98 316.13 315.964 316.147 315.946 316.165 315.927 316.185 315.906 316.207 315.883 316.231 315.858 316.258 315.829 316.289 315.796 316.324 315.758 316.365 315.713 316.414 315.66 316.473 315.594 316.547 315.51 316.643 315.4 316.773 315.245 316.961 315.011 317.258 314.619 317.797 313.846 318.944 312.406 300 
316.194 315.959 316.194 315.959 316.193 315.96 316.192 315.961 316.191 315.963 316.189 315.965 316.187 315.967 316.185 315.969 316.182 315.972 316.179 315.976 316.175 315.979 316.172 315.983 316.167 315.988 316.163 315.993 316.158 315.998 316.152 316.004 316.146 316.01 316.14 316.016 316.133 316.024 316.126 316.031 316.118 316.039 316.11 316.048 316.101 316.057 316.091 316.066 316.081 316.077 316.071 316.088 316.059 316.099 316.047 316.112 316.034 316.125 316.02 316.14 316.005 316.155 315.989 316.172 315.972 316.19 315.953 316.21 315.932 316.232 315.909 316.256 315.883 316.284 315.854 316.314 315.822 316.35 315.784 316.391 315.739 316.439 315.686 316.498 315.62 316.572 315.536 316.668 315.426 316.798 315.271 316.986 315.037 317.283 314.645 317.821 313.873 318.968 312.435 300 
316.219 315.985 316.219 315.985 316.219 315.986 316.218 315.987 316.216 315.988 316.215 315.99 316.213 315.992 316.21 315.995 316.208 315.998 316.204 316.001 316.201 316.005 316.197 316.009 316.193 316.013 316.188 316.018 316.183 316.024 316.177 316.029 316.172 316.035 316.165 316.042 316.158 316.049 316.151 316.057 316.143 316.065 316.135 316.073 316.126 316.082 316.117 316.092 316.107 316.102 316.096 316.113 316.085 316.125 316.073 316.137 316.06 316.151 316.046 316.165 316.031 316.181 316.015 316.198 315.997 316.216 315.978 316.236 315.957 316.258 315.934 316.282 315.909 316.309 315.88 316.34 315.847 316.375 315.809 316.416 315.765 316.465 315.711 316.524 315.646 316.597 315.562 316.693 315.451 316.823 315.297 317.011 315.063 317.308 314.671 317.846 313.9 318.992 312.463 300 
316.245 316.01 316.244 316.011 316.244 316.011 316.243 316.012 316.242 316.014 316.24 316.016 316.238 316.018 316.236 316.02 316.233 316.023 316.23 316.027 316.226 316.03 316.222 316.034 316.218 316.039 316.213 316.044 316.208 316.049 316.203 316.055 316.197 316.061 316.191 316.068 316.184 316.075 316.177 316.082 316.169 316.09 316.16 316.099 316.152 316.108 316.142 316.117 316.132 316.128 316.122 316.139 316.11 316.15 316.098 316.163 316.085 316.176 316.071 316.191 316.056 316.206 316.04 316.223 316.023 316.241 316.004 316.261 315.983 316.283 315.96 316.307 315.934 316.334 315.906 316.365 315.873 316.4 315.835 316.441 315.79 316.49 315.737 316.549 315.671 316.623 315.588 316.718 315.477 316.848 315.323 317.036 315.089 317.333 314.698 317.87 313.926 319.015 312.492 300 
316.27 316.036 316.27 316.036 316.269 316.037 316.268 316.038 316.267 316.039 316.266 316.041 316.264 316.043 316.261 316.046 316.258 316.049 316.255 316.052 316.252 316.056 316.248 316.06 316.244 316.064 316.239 316.069 316.234 316.075 316.228 316.08 316.222 316.086 316.216 316.093 316.209 316.1 316.202 316.108 316.194 316.116 316.186 316.124 316.177 316.133 316.168 316.143 316.158 316.153 316.147 316.164 316.136 316.176 316.124 316.188 316.111 316.202 316.097 316.216 316.082 316.232 316.066 316.248 316.048 316.267 316.029 316.286 316.009 316.308 315.986 316.333 315.96 316.36 315.931 316.39 315.898 316.426 315.86 316.467 315.816 316.515 315.763 316.574 315.697 316.648 315.613 316.743 315.503 316.873 315.348 317.061 315.115 317.358 314.724 317.895 313.953 319.039 312.52 300 
316.295 316.061 316.295 316.062 316.295 316.062 316.294 316.063 316.293 316.065 316.291 316.067 316.289 316.069 316.287 316.071 316.284 316.074 316.281 316.078 316.277 316.081 316.273 316.085 316.269 316.09 316.264 316.095 316.259 316.1 316.254 316.106 316.248 316.112 316.242 316.119 316.235 316.126 316.227 316.133 316.22 316.141 316.211 316.15 316.203 316.159 316.193 316.168 316.183 316.179 316.173 316.19 316.161 316.201 316.149 316.214 316.136 316.227 316.122 316.242 316.107 316.257 316.091 316.274 316.074 316.292 316.055 316.312 316.034 316.334 316.011 316.358 315.986 316.385 315.957 316.416 315.924 316.451 315.886 316.492 315.842 316.54 315.788 316.599 315.723 316.673 315.639 316.769 315.529 316.898 315.374 317.086 315.141 317.383 314.75 317.919 313.98 319.063 312.549 300 
316.321 316.087 316.321 316.087 316.32 316.088 316.319 316.089 316.318 316.09 316.316 316.092 316.314 316.094 316.312 316.097 316.309 316.1 316.306 316.103 316.303 316.107 316.299 316.111 316.294 316.115 316.29 316.12 316.285 316.126 316.279 316.131 316.273 316.137 316.267 316.144 316.26 316.151 316.253 316.159 316.245 316.167 316.237 316.175 316.228 316.184 316.219 316.194 316.209 316.204 316.198 316.215 316.187 316.227 316.175 316.239 316.162 316.253 316.148 316.267 316.133 316.283 316.117 316.299 316.099 316.317 316.08 316.337 316.06 316.359 316.037 316.383 316.011 316.41 315.982 316.441 315.95 316.476 315.912 316.517 315.867 316.566 315.814 316.625 315.748 316.698 315.665 316.794 315.555 316.923 315.4 317.111 315.167 317.408 314.776 317.944 314.006 319.087 312.577 300 
316.346 316.112 316.346 316.113 316.346 316.113 316.345 316.114 316.343 316.116 316.342 316.118 316.34 316.12 316.337 316.123 316.335 316.125 316.332 316.129 316.328 316.132 316.324 316.137 316.32 316.141 316.315 316.146 316.31 316.151 316.305 316.157 316.299 316.163 316.292 316.17 316.286 316.177 316.278 316.184 316.271 316.192 316.262 316.201 316.254 316.21 316.244 316.219 316.234 316.23 316.224 316.241 316.212 316.252 316.2 316.265 316.187 316.278 316.173 316.293 316.158 316.308 316.142 316.325 316.125 316.343 316.106 316.363 316.085 316.385 316.062 316.409 316.037 316.436 316.008 316.466 315.975 316.502 315.937 316.543 315.893 316.591 315.84 316.65 315.774 316.724 315.691 316.819 315.58 316.948 315.426 317.136 315.193 317.432 314.803 317.968 314.033 319.11 312.606 300 
316.372 316.138 316.372 316.138 316.371 316.139 316.37 316.14 316.369 316.141 316.367 316.143 316.365 316.145 316.363 316.148 316.36 316.151 316.357 316.154 316.353 316.158 316.35 316.162 316.345 316.167 316.341 316.171 316.336 316.177 316.33 316.182 316.324 316.188 316.318 316.195 316.311 316.202 316.304 316.21 316.296 316.218 316.288 316.226 316.279 316.235 316.27 316.245 316.26 316.255 316.249 316.266 316.238 316.278 316.226 316.29 316.213 316.304 316.199 316.318 316.184 316.333 316.168 316.35 316.151 316.368 316.132 316.388 316.111 316.41 316.088 316.434 316.062 316.461 316.034 316.492 316.001 316.527 315.963 316.568 315.919 316.616 315.865 316.675 315.8 316.749 315.716 316.844 315.606 316.973 315.452 317.161 315.219 317.457 314.829 317.993 314.06 319.134 312.634 300 
316.397 316.163 316.397 316.164 316.396 316.164 316.396 316.166 316.394 316.167 316.393 316.169 316.391 316.171 316.388 316.174 316.386 316.176 316.382 316.18 316.379 316.183 316.375 316.188 316.371 316.192 316.366 316.197 316.361 316.202 316.356 316.208 316.35 316.214 316.343 316.221 316.336 316.228 316.329 316.235 316.321 316.243 316.313 316.252 316.304 316.261 316.295 316.27 316.285 316.281 316.275 316.292 316.263 316.303 316.251 316.316 316.238 316.329 316.224 316.343 316.21 316.359 316.193 316.376 316.176 316.394 316.157 316.414 316.136 316.435 316.113 316.46 316.088 316.487 316.059 316.517 316.026 316.552 315.989 316.593 315.944 316.642 315.891 316.7 315.825 316.774 315.742 316.869 315.632 316.999 315.478 317.186 315.245 317.482 314.855 318.018 314.086 319.158 312.663 300 
316.423 316.189 316.422 316.189 316.422 316.19 316.421 316.191 316.42 316.193 316.418 316.194 316.416 316.197 316.414 316.199 316.411 316.202 316.408 316.205 316.404 316.209 316.4 316.213 316.396 316.218 316.392 316.222 316.386 316.228 316.381 316.233 316.375 316.24 316.369 316.246 316.362 316.253 316.355 316.261 316.347 316.269 316.339 316.277 316.33 316.286 316.321 316.296 316.311 316.306 316.3 316.317 316.289 316.329 316.277 316.341 316.264 316.355 316.25 316.369 316.235 316.384 316.219 316.401 316.202 316.419 316.183 316.439 316.162 316.461 316.139 316.485 316.113 316.512 316.085 316.543 316.052 316.578 316.014 316.618 315.97 316.667 315.917 316.726 315.851 316.799 315.768 316.894 315.658 317.024 315.504 317.211 315.271 317.507 314.881 318.042 314.113 319.181 312.691 300 
316.448 316.214 316.448 316.215 316.447 316.216 316.446 316.217 316.445 316.218 316.443 316.22 316.441 316.222 316.439 316.225 316.436 316.228 316.433 316.231 316.43 316.235 316.426 316.239 316.422 316.243 316.417 316.248 316.412 316.253 316.406 316.259 316.401 316.265 316.394 316.272 316.387 316.279 316.38 316.286 316.372 316.294 316.364 316.303 316.355 316.312 316.346 316.321 316.336 316.332 316.325 316.342 316.314 316.354 316.302 316.367 316.289 316.38 316.275 316.394 316.261 316.41 316.244 316.426 316.227 316.445 316.208 316.464 316.187 316.486 316.164 316.51 316.139 316.537 316.11 316.568 316.078 316.603 316.04 316.644 315.996 316.692 315.942 316.751 315.877 316.824 315.794 316.92 315.684 317.049 315.53 317.236 315.297 317.532 314.907 318.067 314.14 319.205 312.72 300 
316.473 316.24 316.473 316.24 316.473 316.241 316.472 316.242 316.471 316.244 316.469 316.245 316.467 316.248 316.465 316.25 316.462 316.253 316.459 316.256 316.455 316.26 316.451 316.264 316.447 316.269 316.442 316.273 316.437 316.279 316.432 316.284 316.426 316.291 316.42 316.297 316.413 316.304 316.406 316.312 316.398 316.32 316.39 316.328 316.381 316.337 316.372 316.347 316.362 316.357 316.351 316.368 316.34 316.38 316.328 316.392 316.315 316.405 316.301 316.42 316.286 316.435 316.27 316.452 316.253 316.47 316.234 316.49 316.213 316.512 316.19 316.536 316.165 316.563 316.136 316.593 316.103 316.628 316.065 316.669 316.021 316.718 315.968 316.776 315.903 316.85 315.819 316.945 315.709 317.074 315.555 317.261 315.323 317.557 314.934 318.091 314.167 319.229 312.748 300 
316.499 316.266 316.499 316.266 316.498 316.267 316.497 316.268 316.496 316.269 316.494 316.271 316.492 316.273 316.49 316.276 316.487 316.279 316.484 316.282 316.481 316.286 316.477 316.29 316.472 316.294 316.468 316.299 316.463 316.304 316.457 316.31 316.451 316.316 316.445 316.323 316.438 316.33 316.431 316.337 316.423 316.345 316.415 316.354 316.406 316.363 316.397 316.372 316.387 316.383 316.376 316.393 316.365 316.405 316.353 316.418 316.34 316.431 316.326 316.445 316.312 316.461 316.296 316.477 316.278 316.495 316.259 316.515 316.239 316.537 316.216 316.561 316.19 316.588 316.161 316.619 316.129 316.654 316.091 316.694 316.047 316.743 315.994 316.802 315.928 316.875 315.845 316.97 315.735 317.099 315.581 317.286 315.349 317.582 314.96 318.116 314.193 319.253 312.777 300 
316.524 316.291 316.524 316.291 316.524 316.292 316.523 316.293 316.521 316.295 316.52 316.296 316.518 316.299 316.515 316.301 316.513 316.304 316.51 316.307 316.506 316.311 316.502 316.315 316.498 316.32 316.493 316.324 316.488 316.33 316.483 316.335 316.477 316.342 316.471 316.348 316.464 316.355 316.457 316.363 316.449 316.371 316.441 316.379 316.432 316.388 316.422 316.398 316.413 316.408 316.402 316.419 316.391 316.431 316.379 316.443 316.366 316.456 316.352 316.471 316.337 316.486 316.321 316.503 316.304 316.521 316.285 316.541 316.264 316.562 316.241 316.586 316.216 316.613 316.187 316.644 316.154 316.679 316.117 316.72 316.072 316.768 316.019 316.827 315.954 316.9 315.871 316.995 315.761 317.124 315.607 317.311 315.375 317.606 314.986 318.14 314.22 319.276 312.805 300 
316.55 316.317 316.55 316.317 316.549 316.318 316.548 316.319 316.547 316.32 316.545 316.322 316.543 316.324 316.541 316.327 316.538 316.33 316.535 316.333 316.531 316.337 316.528 316.341 316.523 316.345 316.519 316.35 316.514 316.355 316.508 316.361 316.502 316.367 316.496 316.374 316.489 316.381 316.482 316.388 316.474 316.396 316.466 316.405 316.457 316.414 316.448 316.423 316.438 316.433 316.427 316.444 316.416 316.456 316.404 316.468 316.391 316.482 316.377 316.496 316.363 316.512 316.347 316.528 316.329 316.546 316.31 316.566 316.29 316.588 316.267 316.612 316.241 316.639 316.213 316.669 316.18 316.704 316.142 316.745 316.098 316.793 316.045 316.852 315.98 316.925 315.897 317.02 315.787 317.149 315.633 317.336 315.401 317.631 315.012 318.165 314.247 319.3 312.834 300 
316.575 316.342 316.575 316.343 316.574 316.343 316.573 316.344 316.572 316.346 316.571 316.348 316.569 316.35 316.566 316.352 316.563 316.355 316.56 316.359 316.557 316.362 316.553 316.366 316.549 316.371 316.544 316.376 316.539 316.381 316.534 316.386 316.528 316.393 316.521 316.399 316.515 316.406 316.507 316.414 316.5 316.422 316.491 316.43 316.483 316.439 316.473 316.449 316.463 316.459 316.453 316.47 316.442 316.481 316.43 316.494 316.417 316.507 316.403 316.522 316.388 316.537 316.372 316.554 316.355 316.572 316.336 316.591 316.315 316.613 316.292 316.637 316.267 316.664 316.238 316.695 316.206 316.73 316.168 316.77 316.124 316.819 316.071 316.877 316.005 316.951 315.922 317.046 315.813 317.174 315.659 317.361 315.427 317.656 315.038 318.189 314.273 319.324 312.862 300 
316.601 316.368 316.6 316.368 316.6 316.369 316.599 316.37 316.598 316.371 316.596 316.373 316.594 316.375 316.592 316.378 316.589 316.381 316.586 316.384 316.582 316.388 316.578 316.392 316.574 316.396 316.57 316.401 316.565 316.406 316.559 316.412 316.553 316.418 316.547 316.425 316.54 316.432 316.533 316.439 316.525 316.447 316.517 316.456 316.508 316.465 316.499 316.474 316.489 316.484 316.478 316.495 316.467 316.507 316.455 316.519 316.442 316.533 316.428 316.547 316.414 316.562 316.398 316.579 316.38 316.597 316.361 316.617 316.341 316.639 316.318 316.663 316.292 316.69 316.264 316.72 316.231 316.755 316.194 316.796 316.149 316.844 316.096 316.903 316.031 316.976 315.948 317.071 315.838 317.2 315.685 317.386 315.453 317.681 315.065 318.214 314.3 319.348 312.891 300 
316.626 316.393 316.626 316.394 316.625 316.394 316.624 316.395 316.623 316.397 316.621 316.399 316.619 316.401 316.617 316.403 316.614 316.406 316.611 316.41 316.608 316.413 316.604 316.417 316.6 316.422 316.595 316.427 316.59 316.432 316.584 316.437 316.579 316.444 316.572 316.45 316.566 316.457 316.558 316.465 316.551 316.473 316.542 316.481 316.534 316.49 316.524 316.5 316.514 316.51 316.504 316.521 316.493 316.532 316.481 316.545 316.468 316.558 316.454 316.572 316.439 316.588 316.423 316.604 316.406 316.623 316.387 316.642 316.366 316.664 316.343 316.688 316.318 316.715 316.289 316.745 316.257 316.78 316.219 316.821 316.175 316.869 316.122 316.928 316.057 317.001 315.974 317.096 315.864 317.225 315.711 317.411 315.479 317.706 315.091 318.239 314.327 319.371 312.919 300 
316.651 316.419 316.651 316.419 316.651 316.42 316.65 316.421 316.648 316.422 316.647 316.424 316.645 316.426 316.643 316.429 316.64 316.432 316.637 316.435 316.633 316.439 316.629 316.443 316.625 316.447 316.62 316.452 316.615 316.457 316.61 316.463 316.604 316.469 316.598 316.476 316.591 316.483 316.584 316.49 316.576 316.498 316.568 316.507 316.559 316.516 316.55 316.525 316.54 316.535 316.529 316.546 316.518 316.558 316.506 316.57 316.493 316.584 316.479 316.598 316.465 316.613 316.449 316.63 316.431 316.648 316.412 316.668 316.392 316.689 316.369 316.713 316.344 316.74 316.315 316.771 316.282 316.806 316.245 316.846 316.201 316.895 316.148 316.953 316.082 317.026 316 317.121 315.89 317.25 315.737 317.436 315.505 317.731 315.117 318.263 314.353 319.395 312.948 300 
316.677 316.444 316.677 316.445 316.676 316.445 316.675 316.446 316.674 316.448 316.672 316.45 316.67 316.452 316.668 316.454 316.665 316.457 316.662 316.461 316.659 316.464 316.655 316.468 316.651 316.473 316.646 316.478 316.641 316.483 316.635 316.489 316.63 316.495 316.623 316.501 316.616 316.508 316.609 316.516 316.602 316.524 316.593 316.532 316.585 316.541 316.575 316.551 316.565 316.561 316.555 316.572 316.544 316.583 316.532 316.596 316.519 316.609 316.505 316.623 316.49 316.639 316.474 316.655 316.457 316.673 316.438 316.693 316.417 316.715 316.395 316.739 316.369 316.766 316.341 316.796 316.308 316.831 316.27 316.872 316.226 316.92 316.173 316.978 316.108 317.052 316.025 317.146 315.916 317.275 315.762 317.461 315.531 317.756 315.143 318.288 314.38 319.419 312.976 300 
316.702 316.47 316.702 316.47 316.701 316.471 316.701 316.472 316.699 316.473 316.698 316.475 316.696 316.477 316.693 316.48 316.691 316.483 316.688 316.486 316.684 316.49 316.68 316.494 316.676 316.498 316.671 316.503 316.666 316.508 316.661 316.514 316.655 316.52 316.649 316.527 316.642 316.534 316.635 316.541 316.627 316.549 316.619 316.558 316.61 316.567 316.601 316.576 316.591 316.586 316.58 316.597 316.569 316.609 316.557 316.621 316.544 316.635 316.53 316.649 316.516 316.664 316.5 316.681 316.482 316.699 316.464 316.719 316.443 316.74 316.42 316.764 316.395 316.791 316.366 316.822 316.334 316.856 316.296 316.897 316.252 316.945 316.199 317.004 316.134 317.077 316.051 317.171 315.942 317.3 315.788 317.486 315.557 317.781 315.169 318.312 314.407 319.442 313.005 300 
316.728 316.495 316.727 316.496 316.727 316.496 316.726 316.498 316.725 316.499 316.723 316.501 316.721 316.503 316.719 316.505 316.716 316.508 316.713 316.512 316.709 316.515 316.706 316.519 316.701 316.524 316.697 316.529 316.692 316.534 316.686 316.54 316.68 316.546 316.674 316.552 316.667 316.559 316.66 316.567 316.652 316.575 316.644 316.583 316.635 316.592 316.626 316.602 316.616 316.612 316.606 316.623 316.595 316.634 316.583 316.647 316.57 316.66 316.556 316.674 316.541 316.69 316.525 316.706 316.508 316.724 316.489 316.744 316.468 316.766 316.446 316.79 316.42 316.816 316.392 316.847 316.359 316.882 316.322 316.922 316.278 316.971 316.225 317.029 316.16 317.102 316.077 317.197 315.967 317.325 315.814 317.511 315.583 317.805 315.196 318.337 314.433 319.466 313.033 300 
316.753 316.521 316.753 316.521 316.752 316.522 316.751 316.523 316.75 316.524 316.749 316.526 316.747 316.528 316.744 316.531 316.741 316.534 316.738 316.537 316.735 316.541 316.731 316.545 316.727 316.549 316.722 316.554 316.717 316.559 316.712 316.565 316.706 316.571 316.7 316.578 316.693 316.585 316.686 316.592 316.678 316.6 316.67 316.608 316.661 316.617 316.652 316.627 316.642 316.637 316.631 316.648 316.62 316.66 316.608 316.672 316.595 316.685 316.581 316.7 316.567 316.715 316.551 316.732 316.533 316.75 316.515 316.769 316.494 316.791 316.471 316.815 316.446 316.842 316.417 316.872 316.385 316.907 316.347 316.948 316.303 316.996 316.25 317.054 316.185 317.127 316.103 317.222 315.993 317.35 315.84 317.536 315.609 317.83 315.222 318.361 314.46 319.49 313.062 300 
316.778 316.546 316.778 316.547 316.778 316.548 316.777 316.549 316.776 316.55 316.774 316.552 316.772 316.554 316.77 316.557 316.767 316.559 316.764 316.563 316.76 316.566 316.756 316.57 316.752 316.575 316.748 316.58 316.743 316.585 316.737 316.591 316.731 316.597 316.725 316.603 316.718 316.61 316.711 316.618 316.703 316.626 316.695 316.634 316.686 316.643 316.677 316.653 316.667 316.663 316.657 316.674 316.646 316.685 316.634 316.698 316.621 316.711 316.607 316.725 316.592 316.74 316.576 316.757 316.559 316.775 316.54 316.795 316.52 316.816 316.497 316.84 316.471 316.867 316.443 316.898 316.41 316.932 316.373 316.973 316.329 317.021 316.276 317.08 316.211 317.153 316.128 317.247 316.019 317.375 315.866 317.561 315.635 317.855 315.248 318.386 314.487 319.514 313.09 300 
316.804 316.572 316.804 316.572 316.803 316.573 316.802 316.574 316.801 316.576 316.799 316.577 316.797 316.58 316.795 316.582 316.792 316.585 316.789 316.588 316.786 316.592 316.782 316.596 316.778 316.6 316.773 316.605 316.768 316.61 316.763 316.616 316.757 316.622 316.75 316.629 316.744 316.636 316.736 316.643 316.729 316.651 316.721 316.659 316.712 316.668 316.703 316.678 316.693 316.688 316.682 316.699 316.671 316.711 316.659 316.723 316.646 316.736 316.632 316.751 316.618 316.766 316.602 316.782 316.585 316.8 316.566 316.82 316.545 316.842 316.522 316.866 316.497 316.893 316.468 316.923 316.436 316.958 316.399 316.998 316.355 317.046 316.302 317.105 316.237 317.178 316.154 317.272 316.045 317.401 315.892 317.586 315.661 317.88 315.274 318.411 314.513 319.537 313.119 300 
316.829 316.598 316.829 316.598 316.829 316.599 316.828 316.6 316.826 316.601 316.825 316.603 316.823 316.605 316.82 316.608 316.818 316.611 316.815 316.614 316.811 316.617 316.807 316.621 316.803 316.626 316.798 316.631 316.793 316.636 316.788 316.642 316.782 316.648 316.776 316.654 316.769 316.661 316.762 316.669 316.754 316.677 316.746 316.685 316.737 316.694 316.728 316.704 316.718 316.714 316.708 316.725 316.696 316.736 316.685 316.749 316.672 316.762 316.658 316.776 316.643 316.791 316.627 316.808 316.61 316.826 316.591 316.846 316.571 316.867 316.548 316.891 316.523 316.918 316.494 316.948 316.462 316.983 316.424 317.024 316.38 317.072 316.327 317.13 316.262 317.203 316.18 317.297 316.071 317.426 315.918 317.611 315.687 317.905 315.301 318.435 314.54 319.561 313.147 300 
316.855 316.623 316.855 316.623 316.854 316.624 316.853 316.625 316.852 316.627 316.85 316.628 316.848 316.631 316.846 316.633 316.843 316.636 316.84 316.639 316.837 316.643 316.833 316.647 316.829 316.651 316.824 316.656 316.819 316.661 316.813 316.667 316.808 316.673 316.801 316.68 316.795 316.687 316.787 316.694 316.78 316.702 316.772 316.71 316.763 316.719 316.754 316.729 316.744 316.739 316.733 316.75 316.722 316.762 316.71 316.774 316.697 316.787 316.683 316.801 316.669 316.817 316.653 316.833 316.636 316.851 316.617 316.871 316.596 316.893 316.573 316.917 316.548 316.943 316.52 316.974 316.487 317.008 316.45 317.049 316.406 317.097 316.353 317.155 316.288 317.228 316.206 317.323 316.096 317.451 315.944 317.636 315.713 317.93 315.327 318.46 314.567 319.585 313.175 300 
316.88 316.649 316.88 316.649 316.879 316.65 316.879 316.651 316.877 316.652 316.876 316.654 316.874 316.656 316.871 316.659 316.869 316.662 316.866 316.665 316.862 316.668 316.858 316.673 316.854 316.677 316.849 316.682 316.844 316.687 316.839 316.693 316.833 316.699 316.827 316.705 316.82 316.712 316.813 316.72 316.805 316.728 316.797 316.736 316.788 316.745 316.779 316.754 316.769 316.765 316.759 316.776 316.747 316.787 316.735 316.799 316.723 316.813 316.709 316.827 316.694 316.842 316.678 316.859 316.661 316.877 316.642 316.896 316.622 316.918 316.599 316.942 316.574 316.969 316.545 316.999 316.513 317.034 316.475 317.074 316.431 317.122 316.379 317.181 316.314 317.253 316.231 317.348 316.122 317.476 315.969 317.661 315.739 317.955 315.353 318.484 314.593 319.609 313.204 300 
316.906 316.674 316.905 316.674 316.905 316.675 316.904 316.676 316.903 316.678 316.901 316.679 316.899 316.682 316.897 316.684 316.894 316.687 316.891 316.69 316.887 316.694 316.884 316.698 316.879 316.702 316.875 316.707 316.87 316.713 316.864 316.718 316.858 316.724 316.852 316.731 316.845 316.738 316.838 316.745 316.831 316.753 316.822 316.761 316.814 316.77 316.804 316.78 316.795 316.79 316.784 316.801 316.773 316.813 316.761 316.825 316.748 316.838 316.734 316.852 316.72 316.868 316.704 316.884 316.687 316.902 316.668 316.922 316.647 316.943 316.625 316.967 316.599 316.994 316.571 317.024 316.538 317.059 316.501 317.1 316.457 317.148 316.404 317.206 316.339 317.279 316.257 317.373 316.148 317.501 315.995 317.686 315.765 317.979 315.379 318.509 314.62 319.632 313.232 300 
316.931 316.7 316.931 316.7 316.93 316.701 316.929 316.702 316.928 316.703 316.926 316.705 316.925 316.707 316.922 316.71 316.919 316.713 316.916 316.716 316.913 316.72 316.909 316.724 316.905 316.728 316.9 316.733 316.895 316.738 316.89 316.744 316.884 316.75 316.878 316.756 316.871 316.763 316.864 316.771 316.856 316.779 316.848 316.787 316.839 316.796 316.83 316.805 316.82 316.816 316.81 316.826 316.798 316.838 316.786 316.85 316.774 316.864 316.76 316.878 316.745 316.893 316.729 316.91 316.712 316.928 316.693 316.947 316.673 316.969 316.65 316.993 316.625 317.02 316.596 317.05 316.564 317.085 316.527 317.125 316.483 317.173 316.43 317.231 316.365 317.304 316.283 317.398 316.174 317.526 316.021 317.711 315.791 318.004 315.405 318.533 314.647 319.656 313.261 300 
316.956 316.725 316.956 316.726 316.956 316.726 316.955 316.727 316.954 316.729 316.952 316.731 316.95 316.733 316.948 316.735 316.945 316.738 316.942 316.741 316.938 316.745 316.934 316.749 316.93 316.754 316.926 316.758 316.921 316.764 316.915 316.769 316.909 316.775 316.903 316.782 316.896 316.789 316.889 316.796 316.882 316.804 316.873 316.812 316.865 316.821 316.855 316.831 316.846 316.841 316.835 316.852 316.824 316.864 316.812 316.876 316.799 316.889 316.785 316.903 316.771 316.919 316.755 316.935 316.738 316.953 316.719 316.973 316.698 316.994 316.676 317.018 316.65 317.045 316.622 317.075 316.59 317.11 316.552 317.15 316.508 317.198 316.456 317.256 316.391 317.329 316.309 317.423 316.2 317.551 316.047 317.736 315.817 318.029 315.432 318.558 314.673 319.68 313.289 300 
316.982 316.751 316.982 316.751 316.981 316.752 316.98 316.753 316.979 316.754 316.977 316.756 316.975 316.758 316.973 316.761 316.97 316.764 316.967 316.767 316.964 316.771 316.96 316.775 316.956 316.779 316.951 316.784 316.946 316.789 316.941 316.795 316.935 316.801 316.929 316.807 316.922 316.814 316.915 316.822 316.907 316.83 316.899 316.838 316.89 316.847 316.881 316.856 316.871 316.867 316.861 316.877 316.849 316.889 316.837 316.901 316.825 316.915 316.811 316.929 316.796 316.944 316.78 316.96 316.763 316.978 316.744 316.998 316.724 317.02 316.701 317.044 316.676 317.07 316.648 317.101 316.615 317.135 316.578 317.176 316.534 317.224 316.481 317.282 316.417 317.354 316.334 317.449 316.225 317.576 316.073 317.761 315.843 318.054 315.458 318.583 314.7 319.704 313.318 300 
317.007 316.776 317.007 316.777 317.007 316.777 317.006 316.778 317.004 316.78 317.003 316.782 317.001 316.784 316.998 316.786 316.996 316.789 316.993 316.792 316.989 316.796 316.985 316.8 316.981 316.805 316.977 316.809 316.972 316.815 316.966 316.82 316.96 316.826 316.954 316.833 316.947 316.84 316.94 316.847 316.932 316.855 316.924 316.863 316.916 316.872 316.906 316.882 316.897 316.892 316.886 316.903 316.875 316.914 316.863 316.927 316.85 316.94 316.837 316.954 316.822 316.969 316.806 316.986 316.789 317.004 316.77 317.023 316.749 317.045 316.727 317.069 316.702 317.096 316.673 317.126 316.641 317.161 316.604 317.201 316.56 317.249 316.507 317.307 316.442 317.38 316.36 317.474 316.251 317.602 316.099 317.786 315.869 318.079 315.484 318.607 314.727 319.727 313.346 300 
317.033 316.802 317.032 316.802 317.032 316.803 317.031 316.804 317.03 316.805 317.028 316.807 317.026 316.809 317.024 316.812 317.021 316.815 317.018 316.818 317.015 316.822 317.011 316.826 317.007 316.83 317.002 316.835 316.997 316.84 316.992 316.846 316.986 316.852 316.979 316.858 316.973 316.865 316.966 316.873 316.958 316.88 316.95 316.889 316.941 316.898 316.932 316.907 316.922 316.918 316.912 316.928 316.9 316.94 316.888 316.952 316.876 316.965 316.862 316.98 316.847 316.995 316.831 317.011 316.814 317.029 316.796 317.049 316.775 317.07 316.752 317.094 316.727 317.121 316.699 317.151 316.666 317.186 316.629 317.226 316.585 317.274 316.533 317.332 316.468 317.405 316.386 317.499 316.277 317.627 316.125 317.811 315.895 318.104 315.51 318.632 314.754 319.751 313.375 300 
317.058 316.827 317.058 316.828 317.057 316.828 317.056 316.829 317.055 316.831 317.054 316.833 317.052 316.835 317.049 316.837 317.047 316.84 317.043 316.844 317.04 316.847 317.036 316.851 317.032 316.856 317.027 316.86 317.022 316.866 317.017 316.871 317.011 316.877 317.005 316.884 316.998 316.891 316.991 316.898 316.983 316.906 316.975 316.914 316.967 316.923 316.957 316.933 316.947 316.943 316.937 316.954 316.926 316.965 316.914 316.978 316.901 316.991 316.888 317.005 316.873 317.02 316.857 317.037 316.84 317.055 316.821 317.074 316.801 317.096 316.778 317.12 316.753 317.146 316.724 317.177 316.692 317.211 316.655 317.252 316.611 317.299 316.558 317.358 316.494 317.43 316.412 317.524 316.303 317.652 316.151 317.836 315.921 318.129 315.536 318.656 314.78 319.775 313.403 300 
317.083 316.853 317.083 316.853 317.083 316.854 317.082 316.855 317.081 316.856 317.079 316.858 317.077 316.86 317.075 316.863 317.072 316.866 317.069 316.869 317.065 316.873 317.062 316.877 317.057 316.881 317.053 316.886 317.048 316.891 317.042 316.897 317.037 316.903 317.03 316.909 317.024 316.916 317.016 316.924 317.009 316.931 317.001 316.94 316.992 316.949 316.983 316.958 316.973 316.969 316.962 316.979 316.951 316.991 316.939 317.003 316.927 317.016 316.913 317.03 316.898 317.046 316.882 317.062 316.865 317.08 316.847 317.1 316.826 317.121 316.803 317.145 316.778 317.172 316.75 317.202 316.718 317.237 316.68 317.277 316.637 317.325 316.584 317.383 316.519 317.455 316.437 317.549 316.329 317.677 316.176 317.861 315.947 318.154 315.563 318.681 314.807 319.798 313.432 300 
317.109 316.878 317.109 316.879 317.108 316.879 317.107 316.881 317.106 316.882 317.104 316.884 317.102 316.886 317.1 316.888 317.097 316.891 317.094 316.895 317.091 316.898 317.087 316.902 317.083 316.907 317.078 316.911 317.073 316.917 317.068 316.922 317.062 316.928 317.056 316.935 317.049 316.942 317.042 316.949 317.034 316.957 317.026 316.965 317.017 316.974 317.008 316.984 316.998 316.994 316.988 317.005 316.977 317.016 316.965 317.029 316.952 317.042 316.939 317.056 316.924 317.071 316.908 317.088 316.891 317.106 316.872 317.125 316.852 317.147 316.829 317.17 316.804 317.197 316.776 317.227 316.743 317.262 316.706 317.302 316.662 317.35 316.61 317.408 316.545 317.481 316.463 317.574 316.354 317.702 316.202 317.886 315.973 318.178 315.589 318.705 314.834 319.822 313.46 300 
317.134 316.904 317.134 316.904 317.134 316.905 317.133 316.906 317.131 316.908 317.13 316.909 317.128 316.911 317.126 316.914 317.123 316.917 317.12 316.92 317.116 316.924 317.113 316.928 317.108 316.932 317.104 316.937 317.099 316.942 317.093 316.948 317.087 316.954 317.081 316.96 317.075 316.967 317.067 316.975 317.06 316.982 317.052 316.991 317.043 317 317.034 317.009 317.024 317.019 317.013 317.03 317.002 317.042 316.99 317.054 316.978 317.067 316.964 317.081 316.949 317.097 316.934 317.113 316.916 317.131 316.898 317.151 316.877 317.172 316.855 317.196 316.829 317.223 316.801 317.253 316.769 317.287 316.732 317.328 316.688 317.375 316.635 317.433 316.571 317.506 316.489 317.6 316.38 317.727 316.228 317.912 315.999 318.203 315.615 318.73 314.86 319.846 313.488 300 
317.16 316.929 317.16 316.93 317.159 316.931 317.158 316.932 317.157 316.933 317.155 316.935 317.153 316.937 317.151 316.939 317.148 316.942 317.145 316.946 317.142 316.949 317.138 316.953 317.134 316.958 317.129 316.962 317.124 316.968 317.119 316.973 317.113 316.979 317.107 316.986 317.1 316.993 317.093 317 317.085 317.008 317.077 317.016 317.068 317.025 317.059 317.035 317.049 317.045 317.039 317.056 317.028 317.067 317.016 317.08 317.003 317.093 316.99 317.107 316.975 317.122 316.959 317.139 316.942 317.156 316.923 317.176 316.903 317.197 316.88 317.221 316.855 317.248 316.827 317.278 316.794 317.313 316.757 317.353 316.713 317.401 316.661 317.459 316.596 317.531 316.514 317.625 316.406 317.752 316.254 317.937 316.025 318.228 315.641 318.755 314.887 319.87 313.517 300 
317.185 316.955 317.185 316.955 317.184 316.956 317.184 316.957 317.182 316.959 317.181 316.96 317.179 316.963 317.176 316.965 317.174 316.968 317.171 316.971 317.167 316.975 317.163 316.979 317.159 316.983 317.155 316.988 317.15 316.993 317.144 316.999 317.138 317.005 317.132 317.011 317.125 317.018 317.118 317.026 317.111 317.033 317.103 317.042 317.094 317.051 317.085 317.06 317.075 317.07 317.064 317.081 317.053 317.093 317.041 317.105 317.029 317.118 317.015 317.132 317 317.147 316.985 317.164 316.967 317.182 316.949 317.201 316.928 317.223 316.906 317.247 316.881 317.273 316.852 317.303 316.82 317.338 316.783 317.378 316.739 317.426 316.687 317.484 316.622 317.556 316.54 317.65 316.432 317.777 316.28 317.962 316.051 318.253 315.667 318.779 314.914 319.893 313.545 300 
317.211 316.981 317.21 316.981 317.21 316.982 317.209 316.983 317.208 316.984 317.206 316.986 317.204 316.988 317.202 316.991 317.199 316.993 317.196 316.997 317.193 317 317.189 317.004 317.185 317.009 317.18 317.014 317.175 317.019 317.17 317.024 317.164 317.03 317.158 317.037 317.151 317.044 317.144 317.051 317.136 317.059 317.128 317.067 317.119 317.076 317.11 317.086 317.1 317.096 317.09 317.107 317.079 317.118 317.067 317.13 317.054 317.144 317.041 317.158 317.026 317.173 317.01 317.189 316.993 317.207 316.974 317.227 316.954 317.248 316.931 317.272 316.906 317.299 316.878 317.329 316.846 317.363 316.808 317.404 316.765 317.451 316.712 317.509 316.648 317.582 316.566 317.675 316.457 317.803 316.306 317.987 316.077 318.278 315.694 318.804 314.94 319.917 313.574 300 
317.236 317.006 317.236 317.006 317.235 317.007 317.234 317.008 317.233 317.01 317.232 317.011 317.23 317.014 317.227 317.016 317.225 317.019 317.221 317.022 317.218 317.026 317.214 317.03 317.21 317.034 317.205 317.039 317.2 317.044 317.195 317.05 317.189 317.056 317.183 317.062 317.176 317.069 317.169 317.077 317.162 317.084 317.153 317.093 317.145 317.102 317.136 317.111 317.126 317.121 317.115 317.132 317.104 317.144 317.092 317.156 317.08 317.169 317.066 317.183 317.051 317.198 317.036 317.215 317.018 317.233 317 317.252 316.979 317.274 316.957 317.297 316.932 317.324 316.903 317.354 316.871 317.389 316.834 317.429 316.79 317.477 316.738 317.534 316.674 317.607 316.592 317.7 316.483 317.828 316.332 318.012 316.103 318.303 315.72 318.828 314.967 319.941 313.602 300 
317.261 317.032 317.261 317.032 317.261 317.033 317.26 317.034 317.259 317.035 317.257 317.037 317.255 317.039 317.253 317.042 317.25 317.045 317.247 317.048 317.243 317.051 317.24 317.055 317.235 317.06 317.231 317.065 317.226 317.07 317.22 317.075 317.215 317.081 317.208 317.088 317.202 317.095 317.195 317.102 317.187 317.11 317.179 317.118 317.17 317.127 317.161 317.137 317.151 317.147 317.141 317.158 317.13 317.169 317.118 317.181 317.105 317.195 317.092 317.209 317.077 317.224 317.061 317.24 317.044 317.258 317.025 317.278 317.005 317.299 316.982 317.323 316.957 317.349 316.929 317.38 316.897 317.414 316.86 317.454 316.816 317.502 316.764 317.56 316.699 317.632 316.617 317.726 316.509 317.853 316.358 318.037 316.129 318.328 315.746 318.853 314.994 319.965 313.631 300 
317.287 317.057 317.287 317.057 317.286 317.058 317.285 317.059 317.284 317.061 317.282 317.062 317.28 317.065 317.278 317.067 317.275 317.07 317.272 317.073 317.269 317.077 317.265 317.081 317.261 317.085 317.256 317.09 317.251 317.095 317.246 317.101 317.24 317.107 317.234 317.113 317.227 317.12 317.22 317.128 317.212 317.135 317.204 317.144 317.196 317.153 317.187 317.162 317.177 317.172 317.166 317.183 317.155 317.195 317.143 317.207 317.131 317.22 317.117 317.234 317.102 317.249 317.087 317.266 317.07 317.284 317.051 317.303 317.03 317.324 317.008 317.348 316.983 317.375 316.955 317.405 316.922 317.439 316.885 317.48 316.842 317.527 316.789 317.585 316.725 317.657 316.643 317.751 316.535 317.878 316.383 318.062 316.155 318.353 315.772 318.877 315.02 319.988 313.659 300 
317.312 317.083 317.312 317.083 317.312 317.084 317.311 317.085 317.309 317.086 317.308 317.088 317.306 317.09 317.304 317.093 317.301 317.096 317.298 317.099 317.294 317.102 317.291 317.106 317.286 317.111 317.282 317.116 317.277 317.121 317.271 317.126 317.266 317.132 317.259 317.139 317.253 317.146 317.246 317.153 317.238 317.161 317.23 317.169 317.221 317.178 317.212 317.188 317.202 317.198 317.192 317.209 317.181 317.22 317.169 317.232 317.156 317.245 317.143 317.26 317.128 317.275 317.112 317.291 317.095 317.309 317.076 317.328 317.056 317.35 317.034 317.374 317.008 317.4 316.98 317.43 316.948 317.465 316.911 317.505 316.867 317.552 316.815 317.61 316.751 317.682 316.669 317.776 316.561 317.903 316.409 318.087 316.181 318.377 315.798 318.902 315.047 320.012 313.687 300 
317.338 317.108 317.338 317.109 317.337 317.109 317.336 317.11 317.335 317.112 317.333 317.114 317.331 317.116 317.329 317.118 317.326 317.121 317.323 317.124 317.32 317.128 317.316 317.132 317.312 317.136 317.307 317.141 317.302 317.146 317.297 317.152 317.291 317.158 317.285 317.164 317.278 317.171 317.271 317.179 317.263 317.186 317.255 317.195 317.247 317.204 317.237 317.213 317.228 317.223 317.217 317.234 317.206 317.246 317.194 317.258 317.182 317.271 317.168 317.285 317.153 317.3 317.138 317.317 317.121 317.334 317.102 317.354 317.082 317.375 317.059 317.399 317.034 317.426 317.006 317.456 316.974 317.49 316.937 317.53 316.893 317.578 316.841 317.636 316.776 317.708 316.695 317.801 316.586 317.928 316.435 318.112 316.207 318.402 315.825 318.927 315.074 320.036 313.716 300 
317.363 317.134 317.363 317.134 317.362 317.135 317.362 317.136 317.36 317.137 317.359 317.139 317.357 317.141 317.354 317.144 317.352 317.147 317.349 317.15 317.345 317.153 317.341 317.157 317.337 317.162 317.333 317.167 317.328 317.172 317.322 317.177 317.316 317.183 317.31 317.19 317.304 317.197 317.296 317.204 317.289 317.212 317.281 317.22 317.272 317.229 317.263 317.239 317.253 317.249 317.243 317.26 317.232 317.271 317.22 317.283 317.207 317.296 317.194 317.31 317.179 317.326 317.163 317.342 317.146 317.36 317.128 317.379 317.107 317.401 317.085 317.424 317.06 317.451 317.031 317.481 316.999 317.515 316.962 317.555 316.919 317.603 316.866 317.661 316.802 317.733 316.72 317.826 316.612 317.953 316.461 318.137 316.233 318.427 315.851 318.951 315.1 320.06 313.744 300 
317.389 317.159 317.388 317.16 317.388 317.16 317.387 317.161 317.386 317.163 317.384 317.165 317.382 317.167 317.38 317.169 317.377 317.172 317.374 317.175 317.371 317.179 317.367 317.183 317.363 317.187 317.358 317.192 317.353 317.197 317.348 317.203 317.342 317.209 317.336 317.215 317.329 317.222 317.322 317.23 317.314 317.237 317.306 317.246 317.298 317.255 317.288 317.264 317.279 317.274 317.268 317.285 317.257 317.296 317.245 317.309 317.233 317.322 317.219 317.336 317.204 317.351 317.189 317.367 317.172 317.385 317.153 317.405 317.133 317.426 317.11 317.45 317.085 317.476 317.057 317.506 317.025 317.541 316.988 317.581 316.944 317.628 316.892 317.686 316.828 317.758 316.746 317.852 316.638 317.978 316.487 318.162 316.259 318.452 315.877 318.976 315.127 320.083 313.773 300 
317.414 317.185 317.414 317.185 317.413 317.186 317.412 317.187 317.411 317.188 317.41 317.19 317.408 317.192 317.405 317.195 317.403 317.198 317.399 317.201 317.396 317.205 317.392 317.209 317.388 317.213 317.383 317.218 317.379 317.223 317.373 317.228 317.367 317.234 317.361 317.241 317.354 317.248 317.347 317.255 317.34 317.263 317.332 317.271 317.323 317.28 317.314 317.29 317.304 317.3 317.294 317.31 317.283 317.322 317.271 317.334 317.258 317.347 317.245 317.361 317.23 317.376 317.214 317.393 317.197 317.411 317.179 317.43 317.158 317.451 317.136 317.475 317.111 317.502 317.083 317.532 317.05 317.566 317.013 317.606 316.97 317.654 316.918 317.711 316.853 317.783 316.772 317.877 316.664 318.004 316.513 318.187 316.285 318.477 315.903 319 315.154 320.107 313.801 300 
317.439 317.21 317.439 317.211 317.439 317.211 317.438 317.212 317.437 317.214 317.435 317.216 317.433 317.218 317.431 317.22 317.428 317.223 317.425 317.226 317.421 317.23 317.418 317.234 317.413 317.238 317.409 317.243 317.404 317.248 317.399 317.254 317.393 317.26 317.387 317.266 317.38 317.273 317.373 317.281 317.365 317.288 317.357 317.297 317.349 317.306 317.339 317.315 317.33 317.325 317.319 317.336 317.308 317.347 317.296 317.36 317.284 317.373 317.27 317.387 317.255 317.402 317.24 317.418 317.223 317.436 317.204 317.455 317.184 317.477 317.161 317.501 317.136 317.527 317.108 317.557 317.076 317.591 317.039 317.631 316.996 317.679 316.943 317.737 316.879 317.809 316.798 317.902 316.69 318.029 316.539 318.212 316.311 318.502 315.929 319.025 315.18 320.131 313.83 300 
317.465 317.236 317.465 317.236 317.464 317.237 317.463 317.238 317.462 317.239 317.46 317.241 317.458 317.243 317.456 317.246 317.453 317.249 317.45 317.252 317.447 317.256 317.443 317.26 317.439 317.264 317.434 317.269 317.429 317.274 317.424 317.279 317.418 317.285 317.412 317.292 317.405 317.299 317.398 317.306 317.391 317.314 317.383 317.322 317.374 317.331 317.365 317.341 317.355 317.351 317.345 317.361 317.334 317.373 317.322 317.385 317.309 317.398 317.296 317.412 317.281 317.427 317.265 317.444 317.248 317.461 317.23 317.481 317.209 317.502 317.187 317.526 317.162 317.552 317.134 317.582 317.102 317.617 317.065 317.657 317.021 317.704 316.969 317.762 316.905 317.834 316.823 317.927 316.715 318.054 316.565 318.237 316.337 318.527 315.956 319.049 315.207 320.155 313.858 300 
317.49 317.261 317.49 317.262 317.49 317.262 317.489 317.264 317.487 317.265 317.486 317.267 317.484 317.269 317.481 317.271 317.479 317.274 317.476 317.277 317.472 317.281 317.469 317.285 317.464 317.289 317.46 317.294 317.455 317.299 317.449 317.305 317.444 317.311 317.437 317.317 317.431 317.324 317.424 317.332 317.416 317.339 317.408 317.348 317.399 317.357 317.39 317.366 317.381 317.376 317.37 317.387 317.359 317.398 317.347 317.411 317.335 317.424 317.321 317.438 317.307 317.453 317.291 317.469 317.274 317.487 317.255 317.506 317.235 317.528 317.212 317.551 317.187 317.578 317.159 317.608 317.127 317.642 317.09 317.682 317.047 317.73 316.995 317.787 316.931 317.859 316.849 317.952 316.741 318.079 316.59 318.262 316.363 318.552 315.982 319.074 315.234 320.178 313.886 300 
317.516 317.287 317.515 317.287 317.515 317.288 317.514 317.289 317.513 317.291 317.511 317.292 317.509 317.294 317.507 317.297 317.504 317.3 317.501 317.303 317.498 317.307 317.494 317.311 317.49 317.315 317.485 317.32 317.48 317.325 317.475 317.33 317.469 317.336 317.463 317.343 317.456 317.35 317.449 317.357 317.442 317.365 317.434 317.373 317.425 317.382 317.416 317.392 317.406 317.402 317.396 317.412 317.385 317.424 317.373 317.436 317.36 317.449 317.347 317.463 317.332 317.478 317.316 317.495 317.299 317.512 317.281 317.532 317.26 317.553 317.238 317.577 317.213 317.603 317.185 317.633 317.153 317.667 317.116 317.707 317.072 317.755 317.02 317.812 316.956 317.884 316.875 317.978 316.767 318.104 316.616 318.287 316.389 318.576 316.008 319.099 315.26 320.202 313.915 300 
317.541 317.312 317.541 317.313 317.54 317.314 317.539 317.315 317.538 317.316 317.537 317.318 317.535 317.32 317.532 317.322 317.53 317.325 317.527 317.329 317.523 317.332 317.519 317.336 317.515 317.341 317.511 317.345 317.506 317.35 317.5 317.356 317.495 317.362 317.488 317.368 317.482 317.375 317.475 317.383 317.467 317.39 317.459 317.399 317.45 317.408 317.441 317.417 317.431 317.427 317.421 317.438 317.41 317.449 317.398 317.461 317.386 317.475 317.372 317.489 317.358 317.504 317.342 317.52 317.325 317.538 317.306 317.557 317.286 317.578 317.264 317.602 317.239 317.629 317.21 317.659 317.178 317.693 317.142 317.733 317.098 317.78 317.046 317.838 316.982 317.91 316.901 318.003 316.793 318.129 316.642 318.312 316.415 318.601 316.034 319.123 315.287 320.226 313.943 300 
317.566 317.338 317.566 317.338 317.566 317.339 317.565 317.34 317.564 317.342 317.562 317.343 317.56 317.345 317.558 317.348 317.555 317.351 317.552 317.354 317.549 317.358 317.545 317.362 317.541 317.366 317.536 317.371 317.531 317.376 317.526 317.382 317.52 317.387 317.514 317.394 317.507 317.401 317.5 317.408 317.493 317.416 317.484 317.424 317.476 317.433 317.467 317.443 317.457 317.453 317.447 317.463 317.436 317.475 317.424 317.487 317.411 317.5 317.398 317.514 317.383 317.529 317.367 317.545 317.35 317.563 317.332 317.583 317.312 317.604 317.289 317.628 317.264 317.654 317.236 317.684 317.204 317.718 317.167 317.758 317.124 317.805 317.072 317.863 317.008 317.935 316.926 318.028 316.819 318.154 316.668 318.337 316.441 318.626 316.06 319.148 315.314 320.25 313.972 300 
317.592 317.364 317.592 317.364 317.591 317.365 317.59 317.366 317.589 317.367 317.587 317.369 317.586 317.371 317.583 317.374 317.581 317.376 317.577 317.38 317.574 317.383 317.57 317.387 317.566 317.392 317.562 317.396 317.557 317.401 317.551 317.407 317.545 317.413 317.539 317.419 317.533 317.426 317.526 317.434 317.518 317.441 317.51 317.45 317.501 317.459 317.492 317.468 317.482 317.478 317.472 317.489 317.461 317.5 317.449 317.512 317.437 317.525 317.423 317.539 317.409 317.555 317.393 317.571 317.376 317.589 317.357 317.608 317.337 317.629 317.315 317.653 317.29 317.679 317.262 317.709 317.23 317.744 317.193 317.783 317.149 317.831 317.097 317.888 317.033 317.96 316.952 318.053 316.844 318.179 316.694 318.362 316.467 318.651 316.087 319.172 315.34 320.274 314 300 
317.617 317.389 317.617 317.389 317.617 317.39 317.616 317.391 317.614 317.393 317.613 317.394 317.611 317.397 317.609 317.399 317.606 317.402 317.603 317.405 317.599 317.409 317.596 317.413 317.592 317.417 317.587 317.422 317.582 317.427 317.577 317.433 317.571 317.439 317.565 317.445 317.558 317.452 317.551 317.459 317.543 317.467 317.535 317.475 317.527 317.484 317.518 317.494 317.508 317.504 317.498 317.514 317.487 317.526 317.475 317.538 317.462 317.551 317.449 317.565 317.434 317.58 317.418 317.596 317.401 317.614 317.383 317.633 317.363 317.655 317.34 317.678 317.315 317.705 317.287 317.735 317.255 317.769 317.218 317.809 317.175 317.856 317.123 317.914 317.059 317.985 316.978 318.078 316.87 318.205 316.72 318.387 316.493 318.676 316.113 319.197 315.367 320.297 314.028 300 
317.643 317.415 317.643 317.415 317.642 317.416 317.641 317.417 317.64 317.418 317.638 317.42 317.636 317.422 317.634 317.425 317.631 317.427 317.628 317.431 317.625 317.434 317.621 317.438 317.617 317.443 317.612 317.447 317.607 317.452 317.602 317.458 317.596 317.464 317.59 317.47 317.584 317.477 317.576 317.485 317.569 317.492 317.561 317.501 317.552 317.51 317.543 317.519 317.533 317.529 317.523 317.54 317.512 317.551 317.5 317.563 317.488 317.576 317.474 317.59 317.46 317.605 317.444 317.622 317.427 317.639 317.408 317.659 317.388 317.68 317.366 317.704 317.341 317.73 317.313 317.76 317.281 317.794 317.244 317.834 317.201 317.881 317.149 317.939 317.085 318.011 317.004 318.103 316.896 318.23 316.746 318.412 316.519 318.701 316.139 319.222 315.394 320.321 314.057 300 
317.668 317.44 317.668 317.441 317.667 317.441 317.667 317.442 317.665 317.444 317.664 317.445 317.662 317.448 317.659 317.45 317.657 317.453 317.654 317.456 317.65 317.46 317.647 317.464 317.642 317.468 317.638 317.473 317.633 317.478 317.628 317.484 317.622 317.49 317.616 317.496 317.609 317.503 317.602 317.51 317.594 317.518 317.586 317.526 317.578 317.535 317.569 317.544 317.559 317.555 317.549 317.565 317.537 317.577 317.526 317.589 317.513 317.602 317.5 317.616 317.485 317.631 317.469 317.647 317.452 317.665 317.434 317.684 317.414 317.705 317.391 317.729 317.366 317.755 317.338 317.785 317.306 317.82 317.27 317.859 317.226 317.907 317.174 317.964 317.11 318.036 317.029 318.129 316.922 318.255 316.772 318.437 316.545 318.726 316.165 319.246 315.42 320.345 314.085 300 
317.694 317.466 317.693 317.466 317.693 317.467 317.692 317.468 317.691 317.469 317.689 317.471 317.687 317.473 317.685 317.476 317.682 317.478 317.679 317.482 317.676 317.485 317.672 317.489 317.668 317.494 317.663 317.498 317.658 317.504 317.653 317.509 317.647 317.515 317.641 317.521 317.634 317.528 317.627 317.536 317.62 317.543 317.612 317.552 317.603 317.561 317.594 317.57 317.584 317.58 317.574 317.591 317.563 317.602 317.551 317.614 317.539 317.627 317.525 317.641 317.511 317.656 317.495 317.673 317.478 317.69 317.459 317.71 317.439 317.731 317.417 317.754 317.392 317.781 317.364 317.811 317.332 317.845 317.295 317.885 317.252 317.932 317.2 317.989 317.136 318.061 317.055 318.154 316.948 318.28 316.797 318.462 316.571 318.751 316.191 319.271 315.447 320.369 314.114 300 
317.719 317.491 317.719 317.492 317.718 317.492 317.717 317.493 317.716 317.495 317.715 317.497 317.713 317.499 317.71 317.501 317.708 317.504 317.705 317.507 317.701 317.511 317.697 317.515 317.693 317.519 317.689 317.524 317.684 317.529 317.678 317.535 317.673 317.541 317.666 317.547 317.66 317.554 317.653 317.561 317.645 317.569 317.637 317.577 317.629 317.586 317.62 317.595 317.61 317.605 317.599 317.616 317.588 317.628 317.577 317.64 317.564 317.653 317.551 317.667 317.536 317.682 317.52 317.698 317.504 317.716 317.485 317.735 317.465 317.756 317.442 317.78 317.418 317.806 317.39 317.836 317.358 317.87 317.321 317.91 317.278 317.957 317.226 318.015 317.162 318.086 317.081 318.179 316.973 318.305 316.823 318.487 316.597 318.776 316.218 319.295 315.473 320.392 314.142 300 
317.744 317.517 317.744 317.517 317.744 317.518 317.743 317.519 317.742 317.52 317.74 317.522 317.738 317.524 317.736 317.527 317.733 317.53 317.73 317.533 317.727 317.536 317.723 317.54 317.719 317.545 317.714 317.549 317.709 317.555 317.704 317.56 317.698 317.566 317.692 317.572 317.685 317.579 317.678 317.587 317.671 317.594 317.663 317.603 317.654 317.612 317.645 317.621 317.635 317.631 317.625 317.642 317.614 317.653 317.602 317.665 317.59 317.678 317.576 317.692 317.562 317.707 317.546 317.723 317.529 317.741 317.511 317.76 317.49 317.782 317.468 317.805 317.443 317.832 317.415 317.861 317.383 317.896 317.346 317.935 317.303 317.983 317.251 318.04 317.188 318.112 317.106 318.204 316.999 318.33 316.849 318.512 316.623 318.8 316.244 319.32 315.5 320.416 314.17 300 
317.77 317.542 317.77 317.543 317.769 317.543 317.768 317.544 317.767 317.546 317.765 317.548 317.763 317.55 317.761 317.552 317.758 317.555 317.755 317.558 317.752 317.562 317.748 317.566 317.744 317.57 317.74 317.575 317.735 317.58 317.729 317.586 317.724 317.592 317.717 317.598 317.711 317.605 317.704 317.612 317.696 317.62 317.688 317.628 317.68 317.637 317.67 317.646 317.661 317.656 317.65 317.667 317.639 317.678 317.628 317.691 317.615 317.704 317.602 317.718 317.587 317.733 317.572 317.749 317.555 317.767 317.536 317.786 317.516 317.807 317.494 317.831 317.469 317.857 317.441 317.887 317.409 317.921 317.372 317.961 317.329 318.008 317.277 318.065 317.213 318.137 317.132 318.229 317.025 318.355 316.875 318.537 316.649 318.825 316.27 319.344 315.527 320.44 314.199 300 
317.795 317.568 317.795 317.568 317.795 317.569 317.794 317.57 317.792 317.571 317.791 317.573 317.789 317.575 317.787 317.578 317.784 317.581 317.781 317.584 317.777 317.587 317.774 317.591 317.77 317.596 317.765 317.6 317.76 317.606 317.755 317.611 317.749 317.617 317.743 317.623 317.736 317.63 317.729 317.638 317.722 317.645 317.714 317.654 317.705 317.663 317.696 317.672 317.686 317.682 317.676 317.693 317.665 317.704 317.653 317.716 317.641 317.729 317.627 317.743 317.613 317.758 317.597 317.774 317.58 317.792 317.562 317.811 317.541 317.833 317.519 317.856 317.494 317.882 317.466 317.912 317.434 317.946 317.398 317.986 317.355 318.033 317.303 318.09 317.239 318.162 317.158 318.255 317.051 318.38 316.901 318.562 316.675 318.85 316.296 319.369 315.553 320.464 314.227 300 
317.821 317.593 317.82 317.594 317.82 317.594 317.819 317.595 317.818 317.597 317.816 317.599 317.814 317.601 317.812 317.603 317.809 317.606 317.806 317.609 317.803 317.613 317.799 317.617 317.795 317.621 317.79 317.626 317.786 317.631 317.78 317.637 317.774 317.643 317.768 317.649 317.762 317.656 317.755 317.663 317.747 317.671 317.739 317.679 317.73 317.688 317.721 317.697 317.712 317.707 317.701 317.718 317.69 317.729 317.679 317.742 317.666 317.755 317.653 317.768 317.638 317.784 317.623 317.8 317.606 317.817 317.587 317.837 317.567 317.858 317.545 317.881 317.52 317.908 317.492 317.938 317.46 317.972 317.423 318.011 317.38 318.059 317.328 318.116 317.265 318.187 317.184 318.28 317.077 318.406 316.927 318.587 316.701 318.875 316.322 319.394 315.58 320.487 314.256 300 
317.846 317.619 317.846 317.619 317.845 317.62 317.845 317.621 317.843 317.622 317.842 317.624 317.84 317.626 317.837 317.629 317.835 317.632 317.832 317.635 317.828 317.638 317.825 317.642 317.82 317.647 317.816 317.651 317.811 317.657 317.806 317.662 317.8 317.668 317.794 317.674 317.787 317.681 317.78 317.689 317.773 317.696 317.765 317.705 317.756 317.713 317.747 317.723 317.737 317.733 317.727 317.744 317.716 317.755 317.704 317.767 317.692 317.78 317.678 317.794 317.664 317.809 317.648 317.825 317.631 317.843 317.613 317.862 317.593 317.883 317.57 317.907 317.545 317.933 317.517 317.963 317.486 317.997 317.449 318.037 317.406 318.084 317.354 318.141 317.29 318.212 317.209 318.305 317.102 318.431 316.953 318.612 316.727 318.9 316.349 319.418 315.607 320.511 314.284 300 
317.872 317.644 317.871 317.645 317.871 317.646 317.87 317.647 317.869 317.648 317.867 317.65 317.865 317.652 317.863 317.654 317.86 317.657 317.857 317.66 317.854 317.664 317.85 317.668 317.846 317.672 317.841 317.677 317.836 317.682 317.831 317.688 317.825 317.694 317.819 317.7 317.813 317.707 317.806 317.714 317.798 317.722 317.79 317.73 317.781 317.739 317.772 317.748 317.763 317.758 317.752 317.769 317.741 317.78 317.73 317.792 317.717 317.805 317.704 317.819 317.689 317.834 317.674 317.851 317.657 317.868 317.638 317.888 317.618 317.909 317.596 317.932 317.571 317.959 317.543 317.988 317.511 318.022 317.475 318.062 317.431 318.109 317.38 318.166 317.316 318.238 317.235 318.33 317.128 318.456 316.978 318.637 316.753 318.925 316.375 319.443 315.633 320.535 314.312 300 
317.897 317.67 317.897 317.67 317.896 317.671 317.895 317.672 317.894 317.674 317.893 317.675 317.891 317.677 317.888 317.68 317.886 317.683 317.883 317.686 317.879 317.69 317.875 317.693 317.871 317.698 317.867 317.703 317.862 317.708 317.857 317.713 317.851 317.719 317.845 317.726 317.838 317.732 317.831 317.74 317.823 317.747 317.815 317.756 317.807 317.764 317.798 317.774 317.788 317.784 317.778 317.794 317.767 317.806 317.755 317.818 317.743 317.831 317.729 317.845 317.715 317.86 317.699 317.876 317.682 317.894 317.664 317.913 317.644 317.934 317.621 317.958 317.597 317.984 317.569 318.014 317.537 318.048 317.5 318.087 317.457 318.134 317.405 318.192 317.342 318.263 317.261 318.355 317.154 318.481 317.004 318.662 316.779 318.95 316.401 319.467 315.66 320.559 314.341 300 
317.922 317.696 317.922 317.696 317.922 317.697 317.921 317.698 317.92 317.699 317.918 317.701 317.916 317.703 317.914 317.705 317.911 317.708 317.908 317.711 317.905 317.715 317.901 317.719 317.897 317.723 317.892 317.728 317.887 317.733 317.882 317.739 317.876 317.745 317.87 317.751 317.863 317.758 317.856 317.765 317.849 317.773 317.841 317.781 317.832 317.79 317.823 317.799 317.814 317.809 317.803 317.82 317.792 317.831 317.781 317.843 317.768 317.856 317.755 317.87 317.74 317.885 317.725 317.901 317.708 317.919 317.689 317.938 317.669 317.96 317.647 317.983 317.622 318.009 317.594 318.039 317.562 318.073 317.526 318.113 317.483 318.16 317.431 318.217 317.367 318.288 317.287 318.381 317.18 318.506 317.03 318.688 316.805 318.975 316.427 319.492 315.687 320.583 314.369 300 
317.948 317.721 317.948 317.721 317.947 317.722 317.946 317.723 317.945 317.725 317.943 317.726 317.941 317.728 317.939 317.731 317.936 317.734 317.933 317.737 317.93 317.741 317.926 317.745 317.922 317.749 317.918 317.754 317.913 317.759 317.907 317.764 317.902 317.77 317.896 317.777 317.889 317.783 317.882 317.791 317.874 317.798 317.866 317.807 317.858 317.815 317.849 317.825 317.839 317.835 317.829 317.845 317.818 317.857 317.806 317.869 317.794 317.882 317.78 317.896 317.766 317.911 317.75 317.927 317.733 317.945 317.715 317.964 317.695 317.985 317.672 318.008 317.648 318.035 317.62 318.064 317.588 318.098 317.551 318.138 317.508 318.185 317.457 318.242 317.393 318.313 317.312 318.406 317.205 318.531 317.056 318.713 316.831 318.999 316.453 319.517 315.713 320.606 314.397 300 
317.973 317.747 317.973 317.747 317.972 317.748 317.972 317.749 317.97 317.75 317.969 317.752 317.967 317.754 317.965 317.756 317.962 317.759 317.959 317.763 317.955 317.766 317.952 317.77 317.948 317.774 317.943 317.779 317.938 317.784 317.933 317.79 317.927 317.796 317.921 317.802 317.914 317.809 317.907 317.816 317.9 317.824 317.892 317.832 317.883 317.841 317.874 317.85 317.865 317.86 317.854 317.871 317.843 317.882 317.832 317.894 317.819 317.907 317.806 317.921 317.791 317.936 317.776 317.952 317.759 317.97 317.74 317.989 317.72 318.01 317.698 318.034 317.673 318.06 317.645 318.09 317.614 318.124 317.577 318.163 317.534 318.21 317.482 318.267 317.419 318.339 317.338 318.431 317.231 318.556 317.082 318.738 316.857 319.024 316.479 319.541 315.74 320.63 314.426 300 
317.999 317.772 317.998 317.772 317.998 317.773 317.997 317.774 317.996 317.776 317.994 317.777 317.992 317.78 317.99 317.782 317.987 317.785 317.984 317.788 317.981 317.792 317.977 317.796 317.973 317.8 317.968 317.805 317.964 317.81 317.958 317.815 317.953 317.821 317.946 317.828 317.94 317.834 317.933 317.842 317.925 317.849 317.917 317.858 317.909 317.866 317.9 317.876 317.89 317.886 317.88 317.896 317.869 317.908 317.857 317.92 317.845 317.933 317.831 317.947 317.817 317.962 317.801 317.978 317.784 317.995 317.766 318.015 317.746 318.036 317.724 318.059 317.699 318.085 317.671 318.115 317.639 318.149 317.603 318.189 317.56 318.236 317.508 318.293 317.445 318.364 317.364 318.456 317.257 318.581 317.108 318.763 316.883 319.049 316.506 319.566 315.767 320.654 314.454 300 
318.024 317.798 318.024 317.798 318.023 317.799 318.022 317.8 318.021 317.801 318.02 317.803 318.018 317.805 318.015 317.808 318.013 317.81 318.01 317.814 318.006 317.817 318.003 317.821 317.998 317.825 317.994 317.83 317.989 317.835 317.984 317.841 317.978 317.847 317.972 317.853 317.965 317.86 317.958 317.867 317.951 317.875 317.943 317.883 317.934 317.892 317.925 317.901 317.916 317.911 317.905 317.922 317.894 317.933 317.883 317.945 317.87 317.958 317.857 317.972 317.842 317.987 317.827 318.003 317.81 318.021 317.791 318.04 317.771 318.061 317.749 318.085 317.724 318.111 317.697 318.14 317.665 318.174 317.628 318.214 317.585 318.261 317.534 318.318 317.47 318.389 317.39 318.481 317.283 318.607 317.134 318.788 316.909 319.074 316.532 319.59 315.793 320.678 314.482 300 
318.049 317.823 318.049 317.824 318.049 317.824 318.048 317.825 318.047 317.827 318.045 317.828 318.043 317.831 318.041 317.833 318.038 317.836 318.035 317.839 318.032 317.843 318.028 317.847 318.024 317.851 318.019 317.856 318.014 317.861 318.009 317.866 318.003 317.872 317.997 317.879 317.991 317.885 317.984 317.893 317.976 317.9 317.968 317.909 317.96 317.917 317.951 317.927 317.941 317.937 317.931 317.947 317.92 317.959 317.908 317.971 317.896 317.984 317.882 317.998 317.868 318.012 317.852 318.029 317.835 318.046 317.817 318.065 317.797 318.087 317.775 318.11 317.75 318.136 317.722 318.166 317.69 318.2 317.654 318.239 317.611 318.286 317.559 318.343 317.496 318.414 317.415 318.507 317.309 318.632 317.16 318.813 316.935 319.099 316.558 319.615 315.82 320.701 314.511 300 
318.075 317.849 318.075 317.849 318.074 317.85 318.073 317.851 318.072 317.852 318.07 317.854 318.069 317.856 318.066 317.859 318.064 317.861 318.061 317.865 318.057 317.868 318.053 317.872 318.049 317.876 318.045 317.881 318.04 317.886 318.035 317.892 318.029 317.898 318.023 317.904 318.016 317.911 318.009 317.918 318.002 317.926 317.994 317.934 317.985 317.943 317.976 317.952 317.966 317.962 317.956 317.973 317.945 317.984 317.934 317.996 317.921 318.009 317.908 318.023 317.893 318.038 317.878 318.054 317.861 318.072 317.843 318.091 317.822 318.112 317.8 318.135 317.776 318.162 317.748 318.191 317.716 318.225 317.679 318.265 317.637 318.312 317.585 318.368 317.522 318.44 317.441 318.532 317.334 318.657 317.185 318.838 316.961 319.124 316.584 319.639 315.847 320.725 314.539 300 
318.1 317.874 318.1 317.875 318.1 317.875 318.099 317.876 318.097 317.878 318.096 317.88 318.094 317.882 318.092 317.884 318.089 317.887 318.086 317.89 318.083 317.894 318.079 317.898 318.075 317.902 318.07 317.907 318.065 317.912 318.06 317.917 318.054 317.923 318.048 317.93 318.042 317.936 318.035 317.944 318.027 317.951 318.019 317.96 318.011 317.968 318.002 317.978 317.992 317.988 317.982 317.998 317.971 318.01 317.959 318.022 317.947 318.035 317.933 318.048 317.919 318.063 317.903 318.08 317.886 318.097 317.868 318.116 317.848 318.137 317.826 318.161 317.801 318.187 317.773 318.217 317.742 318.25 317.705 318.29 317.662 318.337 317.611 318.394 317.547 318.465 317.467 318.557 317.36 318.682 317.211 318.863 316.987 319.149 316.61 319.664 315.873 320.749 314.568 300 
318.126 317.9 318.126 317.9 318.125 317.901 318.124 317.902 318.123 317.903 318.121 317.905 318.119 317.907 318.117 317.91 318.114 317.912 318.111 317.916 318.108 317.919 318.104 317.923 318.1 317.927 318.096 317.932 318.091 317.937 318.085 317.943 318.08 317.949 318.074 317.955 318.067 317.962 318.06 317.969 318.053 317.977 318.045 317.985 318.036 317.994 318.027 318.003 318.017 318.013 318.007 318.024 317.996 318.035 317.985 318.047 317.972 318.06 317.959 318.074 317.944 318.089 317.929 318.105 317.912 318.122 317.894 318.142 317.874 318.163 317.851 318.186 317.827 318.212 317.799 318.242 317.767 318.276 317.731 318.315 317.688 318.362 317.636 318.419 317.573 318.49 317.493 318.582 317.386 318.707 317.237 318.888 317.013 319.174 316.637 319.689 315.9 320.773 314.596 300 
318.151 317.925 318.151 317.926 318.15 317.926 318.15 317.927 318.148 317.929 318.147 317.931 318.145 317.933 318.143 317.935 318.14 317.938 318.137 317.941 318.133 317.945 318.13 317.949 318.126 317.953 318.121 317.958 318.116 317.963 318.111 317.968 318.105 317.974 318.099 317.981 318.093 317.987 318.086 317.995 318.078 318.002 318.07 318.011 318.062 318.019 318.053 318.029 318.043 318.039 318.033 318.049 318.022 318.06 318.01 318.073 317.998 318.085 317.984 318.099 317.97 318.114 317.954 318.13 317.937 318.148 317.919 318.167 317.899 318.188 317.877 318.212 317.852 318.238 317.824 318.267 317.793 318.301 317.756 318.341 317.713 318.387 317.662 318.444 317.599 318.515 317.518 318.607 317.412 318.732 317.263 318.913 317.039 319.199 316.663 319.713 315.927 320.797 314.624 300 
318.177 317.951 318.176 317.951 318.176 317.952 318.175 317.953 318.174 317.954 318.172 317.956 318.17 317.958 318.168 317.961 318.165 317.964 318.162 317.967 318.159 317.97 318.155 317.974 318.151 317.979 318.147 317.983 318.142 317.988 318.136 317.994 318.131 318 318.125 318.006 318.118 318.013 318.111 318.02 318.103 318.028 318.096 318.036 318.087 318.045 318.078 318.054 318.068 318.064 318.058 318.075 318.047 318.086 318.036 318.098 318.023 318.111 318.01 318.125 317.995 318.14 317.98 318.156 317.963 318.173 317.945 318.192 317.925 318.214 317.902 318.237 317.878 318.263 317.85 318.293 317.818 318.327 317.782 318.366 317.739 318.413 317.688 318.47 317.624 318.541 317.544 318.633 317.438 318.757 317.289 318.938 317.065 319.223 316.689 319.738 315.953 320.82 314.653 300 
318.202 317.976 318.202 317.977 318.201 317.977 318.2 317.979 318.199 317.98 318.198 317.982 318.196 317.984 318.193 317.986 318.191 317.989 318.188 317.992 318.184 317.996 318.181 318 318.176 318.004 318.172 318.009 318.167 318.014 318.162 318.019 318.156 318.025 318.15 318.032 318.143 318.038 318.136 318.046 318.129 318.053 318.121 318.062 318.112 318.07 318.103 318.08 318.094 318.09 318.084 318.1 318.073 318.111 318.061 318.123 318.049 318.136 318.035 318.15 318.021 318.165 318.005 318.181 317.989 318.199 317.97 318.218 317.95 318.239 317.928 318.262 317.903 318.288 317.876 318.318 317.844 318.352 317.808 318.391 317.765 318.438 317.713 318.495 317.65 318.566 317.57 318.658 317.463 318.783 317.315 318.963 317.091 319.248 316.715 319.762 315.98 320.844 314.681 300 
318.227 318.002 318.227 318.002 318.227 318.003 318.226 318.004 318.225 318.005 318.223 318.007 318.221 318.009 318.219 318.012 318.216 318.015 318.213 318.018 318.21 318.021 318.206 318.025 318.202 318.03 318.197 318.034 318.193 318.039 318.187 318.045 318.182 318.051 318.175 318.057 318.169 318.064 318.162 318.071 318.154 318.079 318.146 318.087 318.138 318.096 318.129 318.105 318.119 318.115 318.109 318.126 318.098 318.137 318.087 318.149 318.074 318.162 318.061 318.176 318.046 318.191 318.031 318.207 318.014 318.224 317.996 318.243 317.976 318.264 317.954 318.288 317.929 318.314 317.901 318.343 317.87 318.377 317.833 318.417 317.79 318.463 317.739 318.52 317.676 318.591 317.595 318.683 317.489 318.808 317.341 318.988 317.117 319.273 316.741 319.787 316.007 320.868 314.709 300 
318.253 318.027 318.253 318.028 318.252 318.029 318.251 318.03 318.25 318.031 318.248 318.033 318.247 318.035 318.244 318.037 318.242 318.04 318.239 318.043 318.235 318.047 318.231 318.051 318.227 318.055 318.223 318.06 318.218 318.065 318.213 318.07 318.207 318.076 318.201 318.083 318.194 318.089 318.187 318.097 318.18 318.104 318.172 318.113 318.163 318.121 318.154 318.131 318.145 318.141 318.135 318.151 318.124 318.162 318.112 318.174 318.1 318.187 318.086 318.201 318.072 318.216 318.056 318.232 318.04 318.25 318.021 318.269 318.001 318.29 317.979 318.313 317.954 318.339 317.927 318.369 317.895 318.403 317.859 318.442 317.816 318.489 317.765 318.545 317.701 318.616 317.621 318.708 317.515 318.833 317.366 319.013 317.143 319.298 316.768 319.812 316.033 320.892 314.738 300 
318.278 318.053 318.278 318.053 318.278 318.054 318.277 318.055 318.275 318.056 318.274 318.058 318.272 318.06 318.27 318.063 318.267 318.066 318.264 318.069 318.261 318.072 318.257 318.076 318.253 318.081 318.248 318.085 318.243 318.09 318.238 318.096 318.232 318.102 318.226 318.108 318.22 318.115 318.213 318.122 318.205 318.13 318.197 318.138 318.189 318.147 318.18 318.156 318.17 318.166 318.16 318.177 318.149 318.188 318.137 318.2 318.125 318.213 318.112 318.227 318.097 318.241 318.082 318.258 318.065 318.275 318.047 318.294 318.027 318.315 318.005 318.338 317.98 318.365 317.952 318.394 317.921 318.428 317.884 318.467 317.842 318.514 317.79 318.571 317.727 318.642 317.647 318.733 317.541 318.858 317.392 319.038 317.169 319.323 316.794 319.836 316.06 320.915 314.766 300 
318.304 318.079 318.303 318.079 318.303 318.08 318.302 318.081 318.301 318.082 318.299 318.084 318.297 318.086 318.295 318.088 318.292 318.091 318.289 318.094 318.286 318.098 318.282 318.102 318.278 318.106 318.274 318.111 318.269 318.116 318.264 318.121 318.258 318.127 318.252 318.134 318.245 318.14 318.238 318.148 318.231 318.155 318.223 318.164 318.214 318.172 318.205 318.182 318.196 318.191 318.186 318.202 318.175 318.213 318.163 318.225 318.151 318.238 318.137 318.252 318.123 318.267 318.107 318.283 318.091 318.3 318.072 318.32 318.052 318.341 318.03 318.364 318.006 318.39 317.978 318.419 317.946 318.453 317.91 318.493 317.867 318.539 317.816 318.596 317.753 318.667 317.673 318.759 317.567 318.883 317.418 319.063 317.195 319.348 316.82 319.861 316.086 320.939 314.794 300 
318.329 318.104 318.329 318.104 318.328 318.105 318.328 318.106 318.326 318.108 318.325 318.109 318.323 318.111 318.321 318.114 318.318 318.117 318.315 318.12 318.312 318.123 318.308 318.127 318.304 318.132 318.299 318.136 318.294 318.141 318.289 318.147 318.283 318.153 318.277 318.159 318.271 318.166 318.264 318.173 318.256 318.181 318.248 318.189 318.24 318.198 318.231 318.207 318.221 318.217 318.211 318.227 318.2 318.239 318.188 318.251 318.176 318.264 318.163 318.277 318.148 318.292 318.133 318.308 318.116 318.326 318.098 318.345 318.078 318.366 318.056 318.389 318.031 318.415 318.004 318.445 317.972 318.479 317.936 318.518 317.893 318.565 317.842 318.621 317.779 318.692 317.698 318.784 317.592 318.908 317.444 319.088 317.221 319.373 316.846 319.885 316.113 320.963 314.823 300 
318.355 318.13 318.354 318.13 318.354 318.131 318.353 318.132 318.352 318.133 318.35 318.135 318.348 318.137 318.346 318.139 318.343 318.142 318.34 318.145 318.337 318.149 318.333 318.153 318.329 318.157 318.325 318.162 318.32 318.167 318.314 318.172 318.309 318.178 318.303 318.185 318.296 318.191 318.289 318.199 318.282 318.206 318.274 318.215 318.265 318.223 318.256 318.233 318.247 318.242 318.236 318.253 318.226 318.264 318.214 318.276 318.202 318.289 318.188 318.303 318.174 318.318 318.158 318.334 318.142 318.351 318.123 318.37 318.103 318.391 318.081 318.415 318.057 318.441 318.029 318.47 317.998 318.504 317.961 318.543 317.919 318.59 317.867 318.647 317.804 318.717 317.724 318.809 317.618 318.933 317.47 319.113 317.247 319.398 316.872 319.91 316.14 320.987 314.851 300 
318.38 318.155 318.38 318.155 318.379 318.156 318.378 318.157 318.377 318.159 318.376 318.16 318.374 318.162 318.371 318.165 318.369 318.168 318.366 318.171 318.362 318.174 318.359 318.178 318.355 318.183 318.35 318.187 318.345 318.192 318.34 318.198 318.334 318.204 318.328 318.21 318.322 318.217 318.315 318.224 318.307 318.232 318.299 318.24 318.291 318.249 318.282 318.258 318.272 318.268 318.262 318.278 318.251 318.29 318.239 318.302 318.227 318.315 318.214 318.328 318.199 318.343 318.184 318.359 318.167 318.377 318.149 318.396 318.129 318.417 318.107 318.44 318.082 318.466 318.055 318.496 318.023 318.529 317.987 318.569 317.944 318.615 317.893 318.672 317.83 318.743 317.75 318.834 317.644 318.958 317.496 319.138 317.273 319.423 316.899 319.935 316.166 321.011 314.879 300 
318.405 318.181 318.405 318.181 318.405 318.182 318.404 318.183 318.403 318.184 318.401 318.186 318.399 318.188 318.397 318.19 318.394 318.193 318.391 318.196 318.388 318.2 318.384 318.204 318.38 318.208 318.375 318.213 318.371 318.218 318.365 318.223 318.36 318.229 318.354 318.236 318.347 318.242 318.34 318.25 318.333 318.257 318.325 318.265 318.316 318.274 318.307 318.283 318.298 318.293 318.287 318.304 318.277 318.315 318.265 318.327 318.253 318.34 318.239 318.354 318.225 318.369 318.209 318.385 318.193 318.402 318.175 318.421 318.155 318.442 318.132 318.465 318.108 318.491 318.08 318.521 318.049 318.555 318.012 318.594 317.97 318.641 317.919 318.697 317.856 318.768 317.776 318.859 317.67 318.984 317.522 319.163 317.299 319.447 316.925 319.959 316.193 321.034 314.908 300 
318.431 318.206 318.431 318.207 318.43 318.207 318.429 318.208 318.428 318.21 318.426 318.211 318.424 318.214 318.422 318.216 318.42 318.219 318.417 318.222 318.413 318.226 318.409 318.229 318.405 318.234 318.401 318.238 318.396 318.243 318.391 318.249 318.385 318.255 318.379 318.261 318.372 318.268 318.365 318.275 318.358 318.283 318.35 318.291 318.342 318.3 318.333 318.309 318.323 318.319 318.313 318.329 318.302 318.341 318.29 318.353 318.278 318.365 318.265 318.379 318.25 318.394 318.235 318.41 318.218 318.428 318.2 318.447 318.18 318.468 318.158 318.491 318.133 318.517 318.106 318.546 318.074 318.58 318.038 318.619 317.995 318.666 317.944 318.722 317.881 318.793 317.801 318.885 317.695 319.009 317.548 319.188 317.325 319.472 316.951 319.984 316.22 321.058 314.936 300 
318.456 318.232 318.456 318.232 318.456 318.233 318.455 318.234 318.453 318.235 318.452 318.237 318.45 318.239 318.448 318.242 318.445 318.244 318.442 318.248 318.439 318.251 318.435 318.255 318.431 318.259 318.426 318.264 318.421 318.269 318.416 318.274 318.411 318.28 318.404 318.287 318.398 318.293 318.391 318.301 318.384 318.308 318.376 318.316 318.367 318.325 318.358 318.334 318.349 318.344 318.338 318.355 318.328 318.366 318.316 318.378 318.304 318.391 318.29 318.405 318.276 318.42 318.261 318.436 318.244 318.453 318.226 318.472 318.206 318.493 318.184 318.516 318.159 318.542 318.131 318.572 318.1 318.605 318.064 318.645 318.021 318.691 317.97 318.748 317.907 318.818 317.827 318.91 317.721 319.034 317.573 319.213 317.351 319.497 316.977 320.008 316.246 321.082 314.964 300 
318.482 318.257 318.481 318.258 318.481 318.258 318.48 318.259 318.479 318.261 318.477 318.263 318.475 318.265 318.473 318.267 318.47 318.27 318.467 318.273 318.464 318.277 318.46 318.28 318.456 318.285 318.452 318.289 318.447 318.295 318.442 318.3 318.436 318.306 318.43 318.312 318.423 318.319 318.416 318.326 318.409 318.334 318.401 318.342 318.393 318.351 318.384 318.36 318.374 318.37 318.364 318.38 318.353 318.392 318.341 318.404 318.329 318.416 318.316 318.43 318.301 318.445 318.286 318.461 318.269 318.478 318.251 318.497 318.231 318.518 318.209 318.542 318.185 318.568 318.157 318.597 318.126 318.631 318.089 318.67 318.047 318.716 317.996 318.773 317.933 318.844 317.853 318.935 317.747 319.059 317.599 319.238 317.377 319.522 317.003 320.033 316.273 321.106 314.993 300 
318.507 318.283 318.507 318.283 318.506 318.284 318.505 318.285 318.504 318.286 318.503 318.288 318.501 318.29 318.498 318.293 318.496 318.295 318.493 318.299 318.49 318.302 318.486 318.306 318.482 318.31 318.477 318.315 318.472 318.32 318.467 318.326 318.461 318.331 318.455 318.338 318.449 318.344 318.442 318.352 318.434 318.359 318.426 318.367 318.418 318.376 318.409 318.385 318.4 318.395 318.389 318.406 318.378 318.417 318.367 318.429 318.355 318.442 318.341 318.456 318.327 318.47 318.312 318.486 318.295 318.504 318.277 318.523 318.257 318.544 318.235 318.567 318.21 318.593 318.183 318.622 318.151 318.656 318.115 318.695 318.072 318.742 318.021 318.798 317.958 318.869 317.879 318.96 317.773 319.084 317.625 319.263 317.403 319.547 317.029 320.058 316.3 321.13 315.021 300 
318.532 318.308 318.532 318.309 318.532 318.309 318.531 318.31 318.53 318.312 318.528 318.314 318.526 318.316 318.524 318.318 318.521 318.321 318.518 318.324 318.515 318.328 318.511 318.332 318.507 318.336 318.503 318.34 318.498 318.346 318.493 318.351 318.487 318.357 318.481 318.363 318.474 318.37 318.467 318.377 318.46 318.385 318.452 318.393 318.444 318.402 318.435 318.411 318.425 318.421 318.415 318.431 318.404 318.442 318.392 318.454 318.38 318.467 318.367 318.481 318.352 318.496 318.337 318.512 318.32 318.529 318.302 318.548 318.282 318.569 318.26 318.592 318.236 318.618 318.208 318.648 318.177 318.681 318.141 318.721 318.098 318.767 318.047 318.823 317.984 318.894 317.904 318.985 317.799 319.109 317.651 319.288 317.429 319.572 317.056 320.082 316.326 321.153 315.049 300 
318.558 318.334 318.558 318.334 318.557 318.335 318.556 318.336 318.555 318.337 318.554 318.339 318.552 318.341 318.549 318.344 318.547 318.346 318.544 318.35 318.54 318.353 318.537 318.357 318.533 318.361 318.528 318.366 318.523 318.371 318.518 318.377 318.512 318.382 318.506 318.389 318.5 318.395 318.493 318.403 318.485 318.41 318.477 318.418 318.469 318.427 318.46 318.436 318.45 318.446 318.44 318.457 318.429 318.468 318.418 318.48 318.406 318.493 318.392 318.506 318.378 318.521 318.363 318.537 318.346 318.555 318.328 318.574 318.308 318.595 318.286 318.618 318.261 318.644 318.234 318.673 318.202 318.707 318.166 318.746 318.124 318.792 318.073 318.849 318.01 318.919 317.93 319.01 317.824 319.134 317.677 319.314 317.455 319.597 317.082 320.107 316.353 321.177 315.078 300 
318.583 318.359 318.583 318.36 318.583 318.36 318.582 318.361 318.581 318.363 318.579 318.365 318.577 318.367 318.575 318.369 318.572 318.372 318.569 318.375 318.566 318.379 318.562 318.383 318.558 318.387 318.554 318.392 318.549 318.397 318.543 318.402 318.538 318.408 318.532 318.414 318.525 318.421 318.518 318.428 318.511 318.436 318.503 318.444 318.494 318.453 318.485 318.462 318.476 318.472 318.466 318.482 318.455 318.493 318.443 318.505 318.431 318.518 318.418 318.532 318.403 318.547 318.388 318.563 318.371 318.58 318.353 318.599 318.333 318.62 318.311 318.643 318.287 318.669 318.259 318.698 318.228 318.732 318.192 318.771 318.149 318.818 318.098 318.874 318.036 318.944 317.956 319.036 317.85 319.159 317.703 319.339 317.481 319.622 317.108 320.131 316.379 321.201 315.106 300 
318.609 318.385 318.609 318.385 318.608 318.386 318.607 318.387 318.606 318.388 318.604 318.39 318.602 318.392 318.6 318.395 318.598 318.398 318.595 318.401 318.591 318.404 318.588 318.408 318.583 318.412 318.579 318.417 318.574 318.422 318.569 318.428 318.563 318.433 318.557 318.44 318.551 318.446 318.544 318.454 318.536 318.461 318.528 318.469 318.52 318.478 318.511 318.487 318.501 318.497 318.491 318.508 318.48 318.519 318.469 318.531 318.457 318.544 318.443 318.557 318.429 318.572 318.414 318.588 318.397 318.606 318.379 318.625 318.359 318.645 318.337 318.669 318.312 318.695 318.285 318.724 318.254 318.757 318.217 318.797 318.175 318.843 318.124 318.899 318.061 318.97 317.982 319.061 317.876 319.185 317.729 319.364 317.507 319.647 317.134 320.156 316.406 321.225 315.134 300 
318.634 318.41 318.634 318.411 318.633 318.412 318.633 318.413 318.631 318.414 318.63 318.416 318.628 318.418 318.626 318.42 318.623 318.423 318.62 318.426 318.617 318.43 318.613 318.434 318.609 318.438 318.604 318.443 318.6 318.448 318.594 318.453 318.589 318.459 318.583 318.465 318.576 318.472 318.569 318.479 318.562 318.487 318.554 318.495 318.545 318.504 318.536 318.513 318.527 318.523 318.517 318.533 318.506 318.544 318.494 318.556 318.482 318.569 318.469 318.583 318.455 318.598 318.439 318.614 318.422 318.631 318.404 318.65 318.384 318.671 318.362 318.694 318.338 318.72 318.311 318.749 318.279 318.783 318.243 318.822 318.201 318.868 318.15 318.925 318.087 318.995 318.007 319.086 317.902 319.21 317.754 319.389 317.532 319.671 317.16 320.181 316.433 321.249 315.163 300 
318.66 318.436 318.659 318.436 318.659 318.437 318.658 318.438 318.657 318.439 318.655 318.441 318.653 318.443 318.651 318.446 318.648 318.449 318.645 318.452 318.642 318.455 318.638 318.459 318.634 318.463 318.63 318.468 318.625 318.473 318.62 318.479 318.614 318.484 318.608 318.491 318.602 318.497 318.595 318.505 318.587 318.512 318.579 318.52 318.571 318.529 318.562 318.538 318.552 318.548 318.542 318.559 318.531 318.57 318.52 318.582 318.507 318.595 318.494 318.608 318.48 318.623 318.465 318.639 318.448 318.656 318.43 318.675 318.41 318.696 318.388 318.719 318.364 318.745 318.336 318.775 318.305 318.808 318.269 318.847 318.226 318.894 318.175 318.95 318.113 319.02 318.033 319.111 317.928 319.235 317.78 319.414 317.558 319.696 317.187 320.205 316.459 321.272 315.191 300 
318.685 318.462 318.685 318.462 318.684 318.463 318.683 318.464 318.682 318.465 318.681 318.467 318.679 318.469 318.676 318.471 318.674 318.474 318.671 318.477 318.668 318.481 318.664 318.485 318.66 318.489 318.655 318.494 318.65 318.499 318.645 318.504 318.64 318.51 318.633 318.516 318.627 318.523 318.62 318.53 318.613 318.538 318.605 318.546 318.596 318.555 318.587 318.564 318.578 318.574 318.568 318.584 318.557 318.595 318.545 318.607 318.533 318.62 318.52 318.634 318.506 318.648 318.49 318.664 318.474 318.682 318.455 318.701 318.436 318.722 318.414 318.745 318.389 318.771 318.362 318.8 318.33 318.833 318.294 318.873 318.252 318.919 318.201 318.975 318.138 319.045 318.059 319.136 317.953 319.26 317.806 319.439 317.584 319.721 317.213 320.23 316.486 321.296 315.219 300 
318.71 318.487 318.71 318.487 318.71 318.488 318.709 318.489 318.708 318.491 318.706 318.492 318.704 318.494 318.702 318.497 318.699 318.5 318.696 318.503 318.693 318.506 318.689 318.51 318.685 318.514 318.681 318.519 318.676 318.524 318.671 318.53 318.665 318.535 318.659 318.542 318.652 318.548 318.645 318.556 318.638 318.563 318.63 318.571 318.622 318.58 318.613 318.589 318.603 318.599 318.593 318.61 318.582 318.621 318.571 318.633 318.558 318.645 318.545 318.659 318.531 318.674 318.516 318.69 318.499 318.707 318.481 318.726 318.461 318.747 318.439 318.77 318.415 318.796 318.387 318.825 318.356 318.859 318.32 318.898 318.277 318.944 318.227 319 318.164 319.071 318.084 319.162 317.979 319.285 317.832 319.464 317.61 319.746 317.239 320.254 316.513 321.32 315.247 300 
318.736 318.513 318.736 318.513 318.735 318.514 318.734 318.515 318.733 318.516 318.732 318.518 318.73 318.52 318.727 318.522 318.725 318.525 318.722 318.528 318.718 318.532 318.715 318.536 318.711 318.54 318.706 318.545 318.701 318.55 318.696 318.555 318.69 318.561 318.684 318.567 318.678 318.574 318.671 318.581 318.664 318.589 318.656 318.597 318.647 318.606 318.638 318.615 318.629 318.625 318.619 318.635 318.608 318.646 318.596 318.658 318.584 318.671 318.571 318.685 318.557 318.699 318.541 318.715 318.525 318.733 318.506 318.752 318.487 318.772 318.465 318.796 318.44 318.821 318.413 318.851 318.382 318.884 318.345 318.923 318.303 318.97 318.252 319.026 318.19 319.096 318.11 319.187 318.005 319.31 317.858 319.489 317.636 319.771 317.265 320.279 316.539 321.344 315.276 300 
318.761 318.538 318.761 318.538 318.761 318.539 318.76 318.54 318.758 318.542 318.757 318.543 318.755 318.545 318.753 318.548 318.75 318.551 318.747 318.554 318.744 318.557 318.74 318.561 318.736 318.566 318.732 318.57 318.727 318.575 318.722 318.581 318.716 318.586 318.71 318.593 318.703 318.599 318.696 318.607 318.689 318.614 318.681 318.622 318.673 318.631 318.664 318.64 318.654 318.65 318.644 318.661 318.633 318.672 318.622 318.684 318.609 318.696 318.596 318.71 318.582 318.725 318.567 318.741 318.55 318.758 318.532 318.777 318.512 318.798 318.49 318.821 318.466 318.847 318.438 318.876 318.407 318.91 318.371 318.949 318.329 318.995 318.278 319.051 318.215 319.121 318.136 319.212 318.031 319.335 317.884 319.514 317.662 319.796 317.291 320.304 316.566 321.368 315.304 300 
318.787 318.564 318.787 318.564 318.786 318.565 318.785 318.566 318.784 318.567 318.782 318.569 318.78 318.571 318.778 318.573 318.776 318.576 318.773 318.579 318.769 318.583 318.766 318.587 318.761 318.591 318.757 318.596 318.752 318.601 318.747 318.606 318.741 318.612 318.735 318.618 318.729 318.625 318.722 318.632 318.714 318.64 318.707 318.648 318.698 318.657 318.689 318.666 318.68 318.676 318.67 318.686 318.659 318.697 318.647 318.709 318.635 318.722 318.622 318.736 318.608 318.75 318.592 318.766 318.576 318.784 318.558 318.802 318.538 318.823 318.516 318.846 318.491 318.872 318.464 318.901 318.433 318.935 318.397 318.974 318.354 319.02 318.304 319.076 318.241 319.146 318.162 319.237 318.057 319.361 317.91 319.539 317.688 319.821 317.317 320.328 316.593 321.391 315.332 300 
318.812 318.589 318.812 318.59 318.811 318.59 318.811 318.591 318.809 318.593 318.808 318.594 318.806 318.596 318.804 318.599 318.801 318.602 318.798 318.605 318.795 318.608 318.791 318.612 318.787 318.617 318.782 318.621 318.778 318.626 318.772 318.632 318.767 318.637 318.761 318.644 318.754 318.65 318.747 318.658 318.74 318.665 318.732 318.673 318.724 318.682 318.715 318.691 318.705 318.701 318.695 318.711 318.684 318.723 318.673 318.735 318.66 318.747 318.647 318.761 318.633 318.776 318.618 318.792 318.601 318.809 318.583 318.828 318.563 318.849 318.541 318.872 318.517 318.898 318.49 318.927 318.458 318.96 318.422 318.999 318.38 319.045 318.329 319.102 318.267 319.172 318.187 319.262 318.082 319.386 317.935 319.564 317.714 319.846 317.344 320.353 316.619 321.415 315.361 300 
318.838 318.615 318.837 318.615 318.837 318.616 318.836 318.617 318.835 318.618 318.833 318.62 318.831 318.622 318.829 318.624 318.826 318.627 318.823 318.63 318.82 318.634 318.816 318.638 318.812 318.642 318.808 318.647 318.803 318.652 318.798 318.657 318.792 318.663 318.786 318.669 318.78 318.676 318.773 318.683 318.765 318.691 318.757 318.699 318.749 318.708 318.74 318.717 318.731 318.727 318.721 318.737 318.71 318.748 318.698 318.76 318.686 318.773 318.673 318.786 318.659 318.801 318.643 318.817 318.627 318.834 318.609 318.853 318.589 318.874 318.567 318.897 318.543 318.923 318.515 318.952 318.484 318.986 318.448 319.025 318.406 319.071 318.355 319.127 318.292 319.197 318.213 319.288 318.108 319.411 317.961 319.589 317.74 319.871 317.37 320.377 316.646 321.439 315.389 300 
318.863 318.64 318.863 318.641 318.862 318.641 318.861 318.642 318.86 318.644 318.859 318.645 318.857 318.648 318.854 318.65 318.852 318.653 318.849 318.656 318.846 318.659 318.842 318.663 318.838 318.668 318.833 318.672 318.828 318.677 318.823 318.683 318.818 318.689 318.812 318.695 318.805 318.701 318.798 318.709 318.791 318.716 318.783 318.724 318.775 318.733 318.766 318.742 318.756 318.752 318.746 318.762 318.735 318.774 318.724 318.785 318.711 318.798 318.698 318.812 318.684 318.827 318.669 318.843 318.652 318.86 318.634 318.879 318.614 318.899 318.592 318.923 318.568 318.948 318.541 318.977 318.51 319.011 318.474 319.05 318.431 319.096 318.381 319.152 318.318 319.222 318.239 319.313 318.134 319.436 317.987 319.614 317.766 319.895 317.396 320.402 316.672 321.463 315.417 300 
318.888 318.666 318.888 318.666 318.888 318.667 318.887 318.668 318.886 318.669 318.884 318.671 318.882 318.673 318.88 318.676 318.877 318.678 318.874 318.681 318.871 318.685 318.867 318.689 318.863 318.693 318.859 318.698 318.854 318.703 318.849 318.708 318.843 318.714 318.837 318.72 318.831 318.727 318.824 318.734 318.816 318.742 318.808 318.75 318.8 318.758 318.791 318.768 318.782 318.777 318.772 318.788 318.761 318.799 318.749 318.811 318.737 318.824 318.724 318.837 318.71 318.852 318.694 318.868 318.678 318.885 318.66 318.904 318.64 318.925 318.618 318.948 318.594 318.974 318.566 319.003 318.535 319.036 318.499 319.075 318.457 319.121 318.406 319.177 318.344 319.247 318.265 319.338 318.16 319.461 318.013 319.639 317.792 319.92 317.422 320.427 316.699 321.487 315.446 300 
318.914 318.691 318.914 318.692 318.913 318.692 318.912 318.693 318.911 318.695 318.909 318.697 318.908 318.699 318.905 318.701 318.903 318.704 318.9 318.707 318.896 318.71 318.893 318.714 318.889 318.719 318.884 318.723 318.879 318.728 318.874 318.734 318.869 318.74 318.862 318.746 318.856 318.752 318.849 318.76 318.842 318.767 318.834 318.775 318.826 318.784 318.817 318.793 318.807 318.803 318.797 318.813 318.786 318.824 318.775 318.836 318.762 318.849 318.749 318.863 318.735 318.877 318.72 318.893 318.703 318.911 318.685 318.93 318.665 318.95 318.644 318.973 318.619 318.999 318.592 319.028 318.561 319.062 318.525 319.101 318.483 319.147 318.432 319.203 318.37 319.273 318.29 319.363 318.185 319.486 318.039 319.664 317.818 319.945 317.448 320.451 316.726 321.51 315.474 300 
318.939 318.717 318.939 318.717 318.939 318.718 318.938 318.719 318.936 318.72 318.935 318.722 318.933 318.724 318.931 318.727 318.928 318.729 318.925 318.733 318.922 318.736 318.918 318.74 318.914 318.744 318.91 318.749 318.905 318.754 318.9 318.759 318.894 318.765 318.888 318.771 318.881 318.778 318.875 318.785 318.867 318.793 318.859 318.801 318.851 318.809 318.842 318.819 318.833 318.828 318.823 318.839 318.812 318.85 318.8 318.862 318.788 318.875 318.775 318.888 318.761 318.903 318.745 318.919 318.729 318.936 318.711 318.955 318.691 318.976 318.669 318.999 318.645 319.024 318.617 319.054 318.586 319.087 318.55 319.126 318.508 319.172 318.458 319.228 318.395 319.298 318.316 319.388 318.211 319.511 318.065 319.689 317.844 319.97 317.475 320.476 316.752 321.534 315.502 300 
318.965 318.742 318.964 318.743 318.964 318.743 318.963 318.744 318.962 318.746 318.96 318.748 318.958 318.75 318.956 318.752 318.954 318.755 318.951 318.758 318.947 318.762 318.944 318.765 318.94 318.77 318.935 318.774 318.93 318.779 318.925 318.785 318.919 318.791 318.913 318.797 318.907 318.803 318.9 318.811 318.893 318.818 318.885 318.826 318.876 318.835 318.868 318.844 318.858 318.854 318.848 318.864 318.837 318.875 318.826 318.887 318.813 318.9 318.8 318.914 318.786 318.928 318.771 318.944 318.754 318.962 318.736 318.98 318.717 319.001 318.695 319.024 318.67 319.05 318.643 319.079 318.612 319.112 318.576 319.151 318.534 319.197 318.483 319.253 318.421 319.323 318.342 319.414 318.237 319.537 318.091 319.714 317.87 319.995 317.501 320.5 316.779 321.558 315.53 300 
318.99 318.768 318.99 318.768 318.989 318.769 318.988 318.77 318.987 318.771 318.986 318.773 318.984 318.775 318.982 318.778 318.979 318.78 318.976 318.784 318.973 318.787 318.969 318.791 318.965 318.795 318.961 318.8 318.956 318.805 318.95 318.81 318.945 318.816 318.939 318.822 318.932 318.829 318.925 318.836 318.918 318.844 318.91 318.852 318.902 318.86 318.893 318.87 318.884 318.879 318.873 318.89 318.863 318.901 318.851 318.913 318.839 318.925 318.826 318.939 318.812 318.954 318.796 318.97 318.78 318.987 318.762 319.006 318.742 319.027 318.72 319.05 318.696 319.075 318.669 319.104 318.638 319.138 318.602 319.177 318.559 319.223 318.509 319.279 318.447 319.348 318.367 319.439 318.263 319.562 318.116 319.739 317.896 320.02 317.527 320.525 316.806 321.582 315.559 300 
319.015 318.793 319.015 318.794 319.015 318.795 319.014 318.796 319.013 318.797 319.011 318.799 319.009 318.801 319.007 318.803 319.004 318.806 319.001 318.809 318.998 318.813 318.994 318.816 318.99 318.821 318.986 318.825 318.981 318.83 318.976 318.836 318.97 318.842 318.964 318.848 318.958 318.854 318.951 318.862 318.944 318.869 318.936 318.877 318.927 318.886 318.918 318.895 318.909 318.905 318.899 318.915 318.888 318.926 318.877 318.938 318.864 318.951 318.851 318.965 318.837 318.979 318.822 318.995 318.805 319.012 318.787 319.031 318.768 319.052 318.746 319.075 318.722 319.101 318.694 319.13 318.663 319.163 318.627 319.202 318.585 319.248 318.535 319.304 318.472 319.374 318.393 319.464 318.289 319.587 318.142 319.764 317.922 320.045 317.553 320.55 316.832 321.606 315.587 300 
319.041 318.819 319.041 318.819 319.04 318.82 319.039 318.821 319.038 318.822 319.037 318.824 319.035 318.826 319.032 318.829 319.03 318.831 319.027 318.835 319.024 318.838 319.02 318.842 319.016 318.846 319.011 318.851 319.007 318.856 319.001 318.861 318.996 318.867 318.99 318.873 318.983 318.88 318.976 318.887 318.969 318.895 318.961 318.903 318.953 318.911 318.944 318.921 318.934 318.93 318.924 318.941 318.914 318.952 318.902 318.964 318.89 318.976 318.877 318.99 318.863 319.005 318.847 319.021 318.831 319.038 318.813 319.057 318.793 319.077 318.771 319.1 318.747 319.126 318.72 319.155 318.689 319.188 318.653 319.227 318.611 319.273 318.56 319.329 318.498 319.399 318.419 319.489 318.314 319.612 318.168 319.789 317.948 320.07 317.579 320.574 316.859 321.629 315.615 300 
319.066 318.845 319.066 318.845 319.066 318.846 319.065 318.847 319.064 318.848 319.062 318.85 319.06 318.852 319.058 318.854 319.055 318.857 319.052 318.86 319.049 318.864 319.045 318.868 319.041 318.872 319.037 318.876 319.032 318.881 319.027 318.887 319.021 318.893 319.015 318.899 319.009 318.905 319.002 318.913 318.994 318.92 318.987 318.928 318.978 318.937 318.969 318.946 318.96 318.956 318.95 318.966 318.939 318.977 318.928 318.989 318.915 319.002 318.902 319.015 318.888 319.03 318.873 319.046 318.856 319.063 318.838 319.082 318.819 319.103 318.797 319.126 318.773 319.151 318.745 319.18 318.714 319.214 318.678 319.253 318.636 319.299 318.586 319.354 318.524 319.424 318.445 319.514 318.34 319.637 318.194 319.814 317.974 320.095 317.605 320.599 316.885 321.653 315.643 300 
319.092 318.87 319.092 318.87 319.091 318.871 319.09 318.872 319.089 318.874 319.087 318.875 319.086 318.877 319.083 318.88 319.081 318.883 319.078 318.886 319.074 318.889 319.071 318.893 319.067 318.897 319.062 318.902 319.057 318.907 319.052 318.912 319.047 318.918 319.041 318.924 319.034 318.931 319.027 318.938 319.02 318.946 319.012 318.954 319.004 318.962 318.995 318.972 318.985 318.981 318.975 318.992 318.965 319.003 318.953 319.015 318.941 319.027 318.928 319.041 318.914 319.056 318.898 319.071 318.882 319.089 318.864 319.107 318.844 319.128 318.822 319.151 318.798 319.177 318.771 319.206 318.74 319.239 318.704 319.278 318.662 319.324 318.612 319.38 318.549 319.449 318.47 319.54 318.366 319.662 318.22 319.839 318 320.12 317.632 320.623 316.912 321.677 315.672 300 
319.117 318.896 319.117 318.896 319.116 318.897 319.116 318.898 319.114 318.899 319.113 318.901 319.111 318.903 319.109 318.905 319.106 318.908 319.103 318.911 319.1 318.915 319.096 318.919 319.092 318.923 319.088 318.927 319.083 318.932 319.078 318.938 319.072 318.944 319.066 318.95 319.06 318.956 319.053 318.964 319.045 318.971 319.038 318.979 319.029 318.988 319.02 318.997 319.011 319.007 319.001 319.017 318.99 319.028 318.979 319.04 318.966 319.053 318.953 319.066 318.939 319.081 318.924 319.097 318.907 319.114 318.889 319.133 318.87 319.154 318.848 319.176 318.824 319.202 318.797 319.231 318.766 319.264 318.73 319.303 318.688 319.349 318.637 319.405 318.575 319.475 318.496 319.565 318.392 319.687 318.246 319.864 318.026 320.144 317.658 320.648 316.939 321.701 315.7 300 
319.143 318.921 319.142 318.921 319.142 318.922 319.141 318.923 319.14 318.925 319.138 318.926 319.136 318.928 319.134 318.931 319.132 318.934 319.129 318.937 319.125 318.94 319.122 318.944 319.118 318.948 319.113 318.953 319.108 318.958 319.103 318.963 319.098 318.969 319.092 318.975 319.085 318.982 319.078 318.989 319.071 318.997 319.063 319.005 319.055 319.013 319.046 319.023 319.036 319.032 319.026 319.043 319.016 319.054 319.004 319.066 318.992 319.078 318.979 319.092 318.965 319.106 318.949 319.122 318.933 319.139 318.915 319.158 318.895 319.179 318.874 319.202 318.849 319.228 318.822 319.257 318.791 319.29 318.755 319.328 318.713 319.374 318.663 319.43 318.601 319.5 318.522 319.59 318.417 319.712 318.272 319.89 318.052 320.169 317.684 320.673 316.965 321.725 315.728 300 
319.168 318.947 319.168 318.947 319.167 318.948 319.166 318.949 319.165 318.95 319.164 318.952 319.162 318.954 319.16 318.956 319.157 318.959 319.154 318.962 319.151 318.966 319.147 318.97 319.143 318.974 319.139 318.978 319.134 318.983 319.129 318.989 319.123 318.995 319.117 319.001 319.111 319.008 319.104 319.015 319.096 319.022 319.088 319.03 319.08 319.039 319.071 319.048 319.062 319.058 319.052 319.068 319.041 319.079 319.03 319.091 319.017 319.104 319.004 319.117 318.99 319.132 318.975 319.148 318.959 319.165 318.941 319.184 318.921 319.204 318.899 319.227 318.875 319.253 318.848 319.282 318.817 319.315 318.781 319.354 318.739 319.4 318.688 319.455 318.626 319.525 318.548 319.615 318.443 319.738 318.297 319.915 318.078 320.194 317.71 320.697 316.992 321.749 315.757 300 
319.193 318.972 319.193 318.973 319.193 318.973 319.192 318.974 319.191 318.976 319.189 318.977 319.187 318.979 319.185 318.982 319.182 318.985 319.179 318.988 319.176 318.991 319.172 318.995 319.168 318.999 319.164 319.004 319.159 319.009 319.154 319.014 319.148 319.02 319.142 319.026 319.136 319.033 319.129 319.04 319.122 319.048 319.114 319.056 319.106 319.064 319.097 319.073 319.087 319.083 319.077 319.094 319.067 319.105 319.055 319.116 319.043 319.129 319.03 319.143 319.016 319.157 319.001 319.173 318.984 319.19 318.966 319.209 318.946 319.23 318.925 319.253 318.901 319.278 318.873 319.307 318.842 319.34 318.807 319.379 318.765 319.425 318.714 319.481 318.652 319.55 318.573 319.64 318.469 319.763 318.323 319.94 318.104 320.219 317.736 320.722 317.019 321.772 315.785 300 
319.219 318.998 319.219 318.998 319.218 318.999 319.217 319 319.216 319.001 319.215 319.003 319.213 319.005 319.21 319.007 319.208 319.01 319.205 319.013 319.202 319.017 319.198 319.021 319.194 319.025 319.189 319.029 319.185 319.034 319.179 319.04 319.174 319.046 319.168 319.052 319.161 319.059 319.155 319.066 319.147 319.073 319.139 319.081 319.131 319.09 319.122 319.099 319.113 319.109 319.103 319.119 319.092 319.13 319.081 319.142 319.068 319.155 319.055 319.168 319.041 319.183 319.026 319.199 319.01 319.216 318.992 319.235 318.972 319.255 318.95 319.278 318.926 319.304 318.899 319.333 318.868 319.366 318.832 319.404 318.79 319.45 318.74 319.506 318.678 319.576 318.599 319.666 318.495 319.788 318.349 319.965 318.13 320.244 317.762 320.746 317.045 321.796 315.813 300 
319.244 319.023 319.244 319.024 319.244 319.024 319.243 319.025 319.242 319.027 319.24 319.028 319.238 319.031 319.236 319.033 319.233 319.036 319.23 319.039 319.227 319.042 319.223 319.046 319.219 319.05 319.215 319.055 319.21 319.06 319.205 319.065 319.199 319.071 319.193 319.077 319.187 319.084 319.18 319.091 319.173 319.099 319.165 319.107 319.157 319.115 319.148 319.124 319.138 319.134 319.128 319.145 319.118 319.156 319.106 319.167 319.094 319.18 319.081 319.194 319.067 319.208 319.052 319.224 319.035 319.241 319.017 319.26 318.998 319.281 318.976 319.303 318.952 319.329 318.924 319.358 318.894 319.391 318.858 319.43 318.816 319.476 318.765 319.531 318.704 319.601 318.625 319.691 318.521 319.813 318.375 319.99 318.156 320.269 317.789 320.771 317.072 321.82 315.841 300 
319.27 319.049 319.27 319.049 319.269 319.05 319.268 319.051 319.267 319.052 319.265 319.054 319.264 319.056 319.261 319.058 319.259 319.061 319.256 319.064 319.252 319.068 319.249 319.072 319.245 319.076 319.24 319.081 319.236 319.085 319.23 319.091 319.225 319.097 319.219 319.103 319.212 319.11 319.205 319.117 319.198 319.124 319.19 319.132 319.182 319.141 319.173 319.15 319.164 319.16 319.154 319.17 319.143 319.181 319.132 319.193 319.119 319.205 319.106 319.219 319.092 319.234 319.077 319.249 319.061 319.267 319.043 319.285 319.023 319.306 319.001 319.329 318.977 319.354 318.95 319.383 318.919 319.417 318.883 319.455 318.841 319.501 318.791 319.557 318.729 319.626 318.651 319.716 318.546 319.838 318.401 320.015 318.182 320.294 317.815 320.796 317.098 321.844 315.87 300 
319.295 319.074 319.295 319.075 319.294 319.075 319.294 319.076 319.292 319.078 319.291 319.079 319.289 319.082 319.287 319.084 319.284 319.087 319.281 319.09 319.278 319.093 319.274 319.097 319.27 319.101 319.266 319.106 319.261 319.111 319.256 319.116 319.25 319.122 319.244 319.128 319.238 319.135 319.231 319.142 319.224 319.15 319.216 319.158 319.207 319.166 319.199 319.175 319.189 319.185 319.179 319.195 319.169 319.207 319.157 319.218 319.145 319.231 319.132 319.244 319.118 319.259 319.103 319.275 319.086 319.292 319.068 319.311 319.049 319.331 319.027 319.354 319.003 319.38 318.976 319.409 318.945 319.442 318.909 319.48 318.867 319.526 318.817 319.582 318.755 319.651 318.676 319.741 318.572 319.863 318.427 320.04 318.208 320.319 317.841 320.82 317.125 321.868 315.898 300 
319.321 319.1 319.32 319.1 319.32 319.101 319.319 319.102 319.318 319.103 319.316 319.105 319.314 319.107 319.312 319.11 319.31 319.112 319.307 319.115 319.303 319.119 319.3 319.123 319.296 319.127 319.291 319.132 319.286 319.137 319.281 319.142 319.276 319.148 319.27 319.154 319.263 319.161 319.256 319.168 319.249 319.175 319.241 319.183 319.233 319.192 319.224 319.201 319.215 319.211 319.205 319.221 319.194 319.232 319.183 319.244 319.17 319.256 319.157 319.27 319.143 319.285 319.128 319.3 319.112 319.317 319.094 319.336 319.074 319.357 319.052 319.38 319.028 319.405 319.001 319.434 318.97 319.467 318.935 319.506 318.893 319.552 318.842 319.607 318.781 319.677 318.702 319.766 318.598 319.888 318.453 320.065 318.234 320.344 317.867 320.845 317.152 321.891 315.926 300 
319.346 319.125 319.346 319.126 319.345 319.126 319.344 319.127 319.343 319.129 319.342 319.131 319.34 319.133 319.338 319.135 319.335 319.138 319.332 319.141 319.329 319.144 319.325 319.148 319.321 319.152 319.317 319.157 319.312 319.162 319.307 319.167 319.301 319.173 319.295 319.179 319.289 319.186 319.282 319.193 319.275 319.201 319.267 319.209 319.258 319.217 319.25 319.226 319.24 319.236 319.23 319.246 319.219 319.257 319.208 319.269 319.196 319.282 319.183 319.295 319.169 319.31 319.154 319.326 319.137 319.343 319.119 319.362 319.1 319.382 319.078 319.405 319.054 319.431 319.027 319.459 318.996 319.493 318.96 319.531 318.918 319.577 318.868 319.632 318.806 319.702 318.728 319.792 318.624 319.914 318.478 320.09 318.26 320.368 317.893 320.87 317.178 321.915 315.954 300 
319.371 319.151 319.371 319.151 319.371 319.152 319.37 319.153 319.369 319.154 319.367 319.156 319.365 319.158 319.363 319.161 319.36 319.163 319.357 319.166 319.354 319.17 319.35 319.174 319.346 319.178 319.342 319.183 319.337 319.188 319.332 319.193 319.327 319.199 319.321 319.205 319.314 319.212 319.307 319.219 319.3 319.226 319.292 319.234 319.284 319.243 319.275 319.252 319.266 319.262 319.256 319.272 319.245 319.283 319.234 319.295 319.221 319.307 319.208 319.321 319.194 319.335 319.179 319.351 319.163 319.368 319.145 319.387 319.125 319.408 319.104 319.43 319.079 319.456 319.052 319.485 319.022 319.518 318.986 319.556 318.944 319.602 318.894 319.658 318.832 319.727 318.753 319.817 318.65 319.939 318.504 320.115 318.286 320.393 317.919 320.894 317.205 321.939 315.983 300 
319.397 319.176 319.397 319.177 319.396 319.178 319.395 319.179 319.394 319.18 319.393 319.182 319.391 319.184 319.388 319.186 319.386 319.189 319.383 319.192 319.38 319.195 319.376 319.199 319.372 319.204 319.367 319.208 319.363 319.213 319.358 319.218 319.352 319.224 319.346 319.23 319.34 319.237 319.333 319.244 319.325 319.252 319.318 319.26 319.309 319.268 319.301 319.277 319.291 319.287 319.281 319.297 319.27 319.308 319.259 319.32 319.247 319.333 319.234 319.346 319.22 319.361 319.205 319.377 319.188 319.394 319.17 319.412 319.151 319.433 319.129 319.456 319.105 319.481 319.078 319.51 319.047 319.543 319.011 319.582 318.97 319.628 318.919 319.683 318.858 319.752 318.779 319.842 318.675 319.964 318.53 320.14 318.312 320.418 317.946 320.919 317.232 321.963 316.011 300 
319.422 319.202 319.422 319.202 319.422 319.203 319.421 319.204 319.419 319.205 319.418 319.207 319.416 319.209 319.414 319.212 319.411 319.214 319.408 319.217 319.405 319.221 319.401 319.225 319.397 319.229 319.393 319.234 319.388 319.239 319.383 319.244 319.377 319.25 319.371 319.256 319.365 319.263 319.358 319.27 319.351 319.277 319.343 319.285 319.335 319.294 319.326 319.303 319.317 319.313 319.307 319.323 319.296 319.334 319.285 319.346 319.272 319.358 319.259 319.372 319.245 319.386 319.23 319.402 319.214 319.419 319.196 319.438 319.176 319.458 319.155 319.481 319.131 319.507 319.104 319.536 319.073 319.569 319.037 319.607 318.995 319.653 318.945 319.708 318.883 319.778 318.805 319.867 318.701 319.989 318.556 320.165 318.338 320.443 317.972 320.943 317.258 321.987 316.039 300 
319.448 319.228 319.447 319.228 319.447 319.229 319.446 319.23 319.445 319.231 319.443 319.233 319.441 319.235 319.439 319.237 319.437 319.24 319.434 319.243 319.43 319.246 319.427 319.25 319.423 319.255 319.418 319.259 319.414 319.264 319.408 319.269 319.403 319.275 319.397 319.281 319.39 319.288 319.384 319.295 319.376 319.303 319.369 319.311 319.36 319.319 319.351 319.328 319.342 319.338 319.332 319.348 319.321 319.359 319.31 319.371 319.298 319.384 319.285 319.397 319.271 319.412 319.256 319.427 319.239 319.445 319.221 319.463 319.202 319.484 319.18 319.507 319.156 319.532 319.129 319.561 319.098 319.594 319.063 319.632 319.021 319.678 318.971 319.734 318.909 319.803 318.831 319.892 318.727 320.014 318.582 320.19 318.364 320.468 317.998 320.968 317.285 322.011 316.067 300 
319.473 319.253 319.473 319.253 319.472 319.254 319.472 319.255 319.47 319.257 319.469 319.258 319.467 319.26 319.465 319.263 319.462 319.265 319.459 319.269 319.456 319.272 319.452 319.276 319.448 319.28 319.444 319.285 319.439 319.29 319.434 319.295 319.428 319.301 319.422 319.307 319.416 319.314 319.409 319.321 319.402 319.328 319.394 319.336 319.386 319.345 319.377 319.354 319.368 319.363 319.358 319.374 319.347 319.385 319.336 319.397 319.323 319.409 319.31 319.423 319.296 319.437 319.281 319.453 319.265 319.47 319.247 319.489 319.227 319.509 319.206 319.532 319.182 319.557 319.155 319.586 319.124 319.619 319.088 319.658 319.047 319.703 318.996 319.759 318.935 319.828 318.856 319.918 318.753 320.039 318.608 320.215 318.39 320.493 318.024 320.993 317.311 322.034 316.095 300 
319.498 319.279 319.498 319.279 319.498 319.28 319.497 319.281 319.496 319.282 319.494 319.284 319.492 319.286 319.49 319.288 319.488 319.291 319.485 319.294 319.481 319.298 319.478 319.301 319.474 319.306 319.469 319.31 319.464 319.315 319.459 319.32 319.454 319.326 319.448 319.332 319.441 319.339 319.435 319.346 319.427 319.354 319.419 319.362 319.411 319.37 319.402 319.379 319.393 319.389 319.383 319.399 319.372 319.41 319.361 319.422 319.349 319.435 319.336 319.448 319.322 319.463 319.307 319.478 319.29 319.495 319.273 319.514 319.253 319.535 319.231 319.557 319.207 319.583 319.18 319.612 319.149 319.645 319.114 319.683 319.072 319.729 319.022 319.784 318.96 319.853 318.882 319.943 318.778 320.064 318.634 320.24 318.416 320.518 318.05 321.017 317.338 322.058 316.124 300 
319.524 319.304 319.524 319.304 319.523 319.305 319.522 319.306 319.521 319.308 319.52 319.309 319.518 319.311 319.516 319.314 319.513 319.316 319.51 319.32 319.507 319.323 319.503 319.327 319.499 319.331 319.495 319.336 319.49 319.341 319.485 319.346 319.479 319.352 319.473 319.358 319.467 319.365 319.46 319.372 319.453 319.379 319.445 319.387 319.437 319.396 319.428 319.405 319.419 319.414 319.409 319.425 319.398 319.436 319.387 319.447 319.374 319.46 319.361 319.474 319.347 319.488 319.332 319.504 319.316 319.521 319.298 319.54 319.279 319.56 319.257 319.583 319.233 319.608 319.206 319.637 319.175 319.67 319.14 319.708 319.098 319.754 319.048 319.809 318.986 319.879 318.908 319.968 318.804 320.09 318.659 320.265 318.442 320.543 318.076 321.042 317.365 322.082 316.152 300 
319.549 319.33 319.549 319.33 319.549 319.331 319.548 319.332 319.547 319.333 319.545 319.335 319.543 319.337 319.541 319.339 319.538 319.342 319.535 319.345 319.532 319.349 319.529 319.352 319.525 319.357 319.52 319.361 319.515 319.366 319.51 319.372 319.505 319.377 319.499 319.383 319.492 319.39 319.485 319.397 319.478 319.405 319.47 319.413 319.462 319.421 319.453 319.43 319.444 319.44 319.434 319.45 319.423 319.461 319.412 319.473 319.4 319.485 319.387 319.499 319.373 319.514 319.358 319.529 319.341 319.546 319.324 319.565 319.304 319.585 319.282 319.608 319.258 319.634 319.231 319.662 319.201 319.695 319.165 319.734 319.123 319.779 319.073 319.835 319.012 319.904 318.934 319.993 318.83 320.115 318.685 320.29 318.468 320.568 318.103 321.066 317.391 322.106 316.18 300 
319.575 319.355 319.575 319.356 319.574 319.356 319.573 319.357 319.572 319.359 319.57 319.36 319.569 319.362 319.566 319.365 319.564 319.368 319.561 319.371 319.558 319.374 319.554 319.378 319.55 319.382 319.546 319.387 319.541 319.392 319.536 319.397 319.53 319.403 319.524 319.409 319.518 319.416 319.511 319.423 319.504 319.43 319.496 319.438 319.488 319.447 319.479 319.456 319.469 319.465 319.459 319.476 319.449 319.487 319.438 319.498 319.425 319.511 319.412 319.524 319.398 319.539 319.383 319.555 319.367 319.572 319.349 319.59 319.33 319.611 319.308 319.634 319.284 319.659 319.257 319.688 319.226 319.721 319.191 319.759 319.149 319.805 319.099 319.86 319.037 319.929 318.959 320.018 318.856 320.14 318.711 320.315 318.494 320.593 318.129 321.091 317.418 322.13 316.208 300 
319.6 319.381 319.6 319.381 319.6 319.382 319.599 319.383 319.597 319.384 319.596 319.386 319.594 319.388 319.592 319.39 319.589 319.393 319.586 319.396 319.583 319.4 319.579 319.403 319.575 319.408 319.571 319.412 319.566 319.417 319.561 319.423 319.556 319.428 319.55 319.434 319.543 319.441 319.536 319.448 319.529 319.456 319.521 319.464 319.513 319.472 319.504 319.481 319.495 319.491 319.485 319.501 319.474 319.512 319.463 319.524 319.451 319.536 319.438 319.55 319.424 319.564 319.409 319.58 319.392 319.597 319.375 319.616 319.355 319.636 319.334 319.659 319.31 319.684 319.283 319.713 319.252 319.746 319.216 319.784 319.175 319.83 319.125 319.885 319.063 319.954 318.985 320.044 318.882 320.165 318.737 320.34 318.519 320.618 318.155 321.116 317.444 322.154 316.237 300 
319.626 319.406 319.625 319.407 319.625 319.407 319.624 319.408 319.623 319.41 319.621 319.411 319.619 319.413 319.617 319.416 319.615 319.419 319.612 319.422 319.608 319.425 319.605 319.429 319.601 319.433 319.596 319.438 319.592 319.443 319.587 319.448 319.581 319.454 319.575 319.46 319.569 319.467 319.562 319.474 319.555 319.481 319.547 319.489 319.539 319.498 319.53 319.507 319.52 319.516 319.51 319.527 319.5 319.538 319.488 319.549 319.476 319.562 319.463 319.575 319.449 319.59 319.434 319.606 319.418 319.623 319.4 319.641 319.381 319.662 319.359 319.684 319.335 319.71 319.308 319.739 319.277 319.771 319.242 319.81 319.2 319.855 319.15 319.911 319.089 319.98 319.011 320.069 318.907 320.19 318.763 320.365 318.545 320.642 318.181 321.14 317.471 322.177 316.265 300 
319.651 319.432 319.651 319.432 319.65 319.433 319.649 319.434 319.648 319.435 319.647 319.437 319.645 319.439 319.643 319.441 319.64 319.444 319.637 319.447 319.634 319.451 319.63 319.455 319.626 319.459 319.622 319.463 319.617 319.468 319.612 319.474 319.606 319.479 319.6 319.485 319.594 319.492 319.587 319.499 319.58 319.507 319.572 319.515 319.564 319.523 319.555 319.532 319.546 319.542 319.536 319.552 319.525 319.563 319.514 319.575 319.502 319.587 319.489 319.601 319.475 319.615 319.46 319.631 319.444 319.648 319.426 319.667 319.406 319.687 319.385 319.71 319.361 319.735 319.334 319.764 319.303 319.797 319.268 319.835 319.226 319.881 319.176 319.936 319.115 320.005 319.036 320.094 318.933 320.215 318.789 320.39 318.571 320.667 318.207 321.165 317.498 322.201 316.293 300 
319.676 319.457 319.676 319.458 319.676 319.458 319.675 319.459 319.674 319.461 319.672 319.462 319.67 319.465 319.668 319.467 319.666 319.47 319.663 319.473 319.659 319.476 319.656 319.48 319.652 319.484 319.647 319.489 319.643 319.494 319.637 319.499 319.632 319.505 319.626 319.511 319.62 319.518 319.613 319.525 319.605 319.532 319.598 319.54 319.589 319.549 319.581 319.558 319.571 319.567 319.561 319.578 319.551 319.589 319.539 319.6 319.527 319.613 319.514 319.626 319.5 319.641 319.485 319.656 319.469 319.673 319.451 319.692 319.432 319.712 319.41 319.735 319.386 319.761 319.359 319.789 319.329 319.822 319.293 319.86 319.252 319.906 319.202 319.961 319.14 320.03 319.062 320.119 318.959 320.24 318.815 320.416 318.597 320.692 318.234 321.19 317.524 322.225 316.321 300 
319.702 319.483 319.702 319.483 319.701 319.484 319.7 319.485 319.699 319.486 319.698 319.488 319.696 319.49 319.694 319.492 319.691 319.495 319.688 319.498 319.685 319.502 319.681 319.506 319.677 319.51 319.673 319.514 319.668 319.519 319.663 319.525 319.657 319.53 319.651 319.536 319.645 319.543 319.638 319.55 319.631 319.558 319.623 319.566 319.615 319.574 319.606 319.583 319.597 319.593 319.587 319.603 319.576 319.614 319.565 319.626 319.553 319.638 319.54 319.652 319.526 319.666 319.511 319.682 319.495 319.699 319.477 319.717 319.457 319.738 319.436 319.761 319.412 319.786 319.385 319.815 319.354 319.848 319.319 319.886 319.277 319.931 319.227 319.986 319.166 320.055 319.088 320.144 318.985 320.266 318.84 320.441 318.623 320.717 318.26 321.214 317.551 322.249 316.35 300 
319.727 319.508 319.727 319.509 319.727 319.509 319.726 319.51 319.725 319.512 319.723 319.514 319.721 319.516 319.719 319.518 319.716 319.521 319.713 319.524 319.71 319.527 319.707 319.531 319.703 319.535 319.698 319.54 319.693 319.545 319.688 319.55 319.683 319.556 319.677 319.562 319.67 319.569 319.664 319.576 319.656 319.583 319.649 319.591 319.64 319.6 319.632 319.609 319.622 319.618 319.612 319.629 319.602 319.639 319.59 319.651 319.578 319.664 319.565 319.677 319.551 319.692 319.536 319.707 319.52 319.724 319.502 319.743 319.483 319.763 319.461 319.786 319.437 319.811 319.41 319.84 319.38 319.873 319.344 319.911 319.303 319.957 319.253 320.012 319.192 320.081 319.114 320.17 319.01 320.291 318.866 320.466 318.649 320.742 318.286 321.239 317.578 322.273 316.378 300 
319.753 319.534 319.753 319.534 319.752 319.535 319.751 319.536 319.75 319.537 319.748 319.539 319.747 319.541 319.744 319.543 319.742 319.546 319.739 319.549 319.736 319.553 319.732 319.557 319.728 319.561 319.724 319.565 319.719 319.57 319.714 319.576 319.708 319.581 319.702 319.587 319.696 319.594 319.689 319.601 319.682 319.609 319.674 319.617 319.666 319.625 319.657 319.634 319.648 319.644 319.638 319.654 319.627 319.665 319.616 319.677 319.604 319.689 319.591 319.703 319.577 319.717 319.562 319.733 319.546 319.75 319.528 319.768 319.508 319.789 319.487 319.811 319.463 319.837 319.436 319.865 319.405 319.898 319.37 319.936 319.328 319.982 319.279 320.037 319.217 320.106 319.139 320.195 319.036 320.316 318.892 320.491 318.675 320.767 318.312 321.263 317.604 322.297 316.406 300 
319.778 319.559 319.778 319.56 319.777 319.56 319.777 319.562 319.775 319.563 319.774 319.565 319.772 319.567 319.77 319.569 319.767 319.572 319.764 319.575 319.761 319.578 319.757 319.582 319.753 319.586 319.749 319.591 319.744 319.596 319.739 319.601 319.734 319.607 319.728 319.613 319.721 319.62 319.715 319.627 319.707 319.634 319.7 319.642 319.691 319.651 319.683 319.66 319.673 319.669 319.663 319.679 319.653 319.69 319.641 319.702 319.629 319.715 319.616 319.728 319.602 319.742 319.587 319.758 319.571 319.775 319.553 319.794 319.534 319.814 319.512 319.837 319.489 319.862 319.462 319.891 319.431 319.924 319.396 319.962 319.354 320.007 319.304 320.062 319.243 320.131 319.165 320.22 319.062 320.341 318.918 320.516 318.701 320.792 318.338 321.288 317.631 322.32 316.434 300 
319.804 319.585 319.803 319.585 319.803 319.586 319.802 319.587 319.801 319.588 319.799 319.59 319.797 319.592 319.795 319.595 319.793 319.597 319.79 319.6 319.786 319.604 319.783 319.608 319.779 319.612 319.774 319.616 319.77 319.621 319.765 319.627 319.759 319.632 319.753 319.639 319.747 319.645 319.74 319.652 319.733 319.66 319.725 319.668 319.717 319.676 319.708 319.685 319.699 319.695 319.689 319.705 319.678 319.716 319.667 319.728 319.655 319.74 319.642 319.753 319.628 319.768 319.613 319.784 319.597 319.801 319.579 319.819 319.559 319.84 319.538 319.862 319.514 319.887 319.487 319.916 319.457 319.949 319.421 319.987 319.38 320.032 319.33 320.088 319.269 320.156 319.191 320.245 319.088 320.366 318.944 320.541 318.727 320.817 318.364 321.313 317.657 322.344 316.462 300 
319.829 319.611 319.829 319.611 319.828 319.612 319.827 319.613 319.826 319.614 319.825 319.616 319.823 319.618 319.821 319.62 319.818 319.623 319.815 319.626 319.812 319.629 319.808 319.633 319.804 319.637 319.8 319.642 319.795 319.647 319.79 319.652 319.785 319.658 319.779 319.664 319.772 319.671 319.765 319.678 319.758 319.685 319.75 319.693 319.742 319.702 319.734 319.711 319.724 319.72 319.714 319.73 319.704 319.741 319.692 319.753 319.68 319.766 319.667 319.779 319.653 319.793 319.638 319.809 319.622 319.826 319.604 319.845 319.585 319.865 319.564 319.888 319.54 319.913 319.513 319.941 319.482 319.974 319.447 320.012 319.405 320.058 319.356 320.113 319.294 320.182 319.217 320.271 319.114 320.391 318.97 320.566 318.753 320.842 318.391 321.337 317.684 322.368 316.491 300 
319.854 319.636 319.854 319.636 319.854 319.637 319.853 319.638 319.852 319.639 319.85 319.641 319.848 319.643 319.846 319.646 319.844 319.648 319.841 319.651 319.837 319.655 319.834 319.659 319.83 319.663 319.825 319.667 319.821 319.672 319.815 319.678 319.81 319.683 319.804 319.69 319.798 319.696 319.791 319.703 319.784 319.711 319.776 319.719 319.768 319.727 319.759 319.736 319.75 319.746 319.74 319.756 319.729 319.767 319.718 319.778 319.706 319.791 319.693 319.804 319.679 319.819 319.664 319.834 319.648 319.851 319.63 319.87 319.611 319.89 319.589 319.913 319.565 319.938 319.538 319.967 319.508 320 319.473 320.038 319.431 320.083 319.381 320.138 319.32 320.207 319.242 320.296 319.139 320.416 318.996 320.591 318.779 320.867 318.417 321.362 317.711 322.392 316.519 300 
319.88 319.662 319.88 319.662 319.879 319.663 319.878 319.664 319.877 319.665 319.876 319.667 319.874 319.669 319.872 319.671 319.869 319.674 319.866 319.677 319.863 319.68 319.859 319.684 319.855 319.688 319.851 319.693 319.846 319.698 319.841 319.703 319.835 319.709 319.829 319.715 319.823 319.722 319.816 319.729 319.809 319.736 319.801 319.744 319.793 319.752 319.784 319.762 319.775 319.771 319.765 319.781 319.755 319.792 319.743 319.804 319.731 319.816 319.718 319.83 319.705 319.844 319.69 319.86 319.673 319.877 319.656 319.895 319.636 319.916 319.615 319.938 319.591 319.964 319.564 319.992 319.533 320.025 319.498 320.063 319.457 320.108 319.407 320.163 319.346 320.232 319.268 320.321 319.165 320.442 319.021 320.616 318.805 320.891 318.443 321.386 317.737 322.416 316.547 300 
319.905 319.687 319.905 319.687 319.905 319.688 319.904 319.689 319.903 319.691 319.901 319.692 319.899 319.694 319.897 319.697 319.894 319.699 319.891 319.702 319.888 319.706 319.885 319.71 319.881 319.714 319.876 319.718 319.871 319.723 319.866 319.729 319.861 319.734 319.855 319.741 319.849 319.747 319.842 319.754 319.835 319.762 319.827 319.77 319.819 319.778 319.81 319.787 319.801 319.797 319.791 319.807 319.78 319.818 319.769 319.829 319.757 319.842 319.744 319.855 319.73 319.87 319.715 319.885 319.699 319.902 319.681 319.921 319.662 319.941 319.64 319.964 319.616 319.989 319.59 320.018 319.559 320.05 319.524 320.088 319.482 320.134 319.433 320.189 319.371 320.257 319.294 320.346 319.191 320.467 319.047 320.641 318.831 320.916 318.469 321.411 317.764 322.44 316.575 300 
319.931 319.713 319.931 319.713 319.93 319.714 319.929 319.715 319.928 319.716 319.926 319.718 319.925 319.72 319.922 319.722 319.92 319.725 319.917 319.728 319.914 319.731 319.91 319.735 319.906 319.739 319.902 319.744 319.897 319.749 319.892 319.754 319.886 319.76 319.88 319.766 319.874 319.773 319.867 319.78 319.86 319.787 319.852 319.795 319.844 319.803 319.835 319.812 319.826 319.822 319.816 319.832 319.806 319.843 319.794 319.855 319.782 319.867 319.769 319.881 319.756 319.895 319.741 319.911 319.724 319.928 319.707 319.946 319.687 319.967 319.666 319.989 319.642 320.014 319.615 320.043 319.585 320.076 319.549 320.114 319.508 320.159 319.458 320.214 319.397 320.283 319.319 320.371 319.217 320.492 319.073 320.666 318.857 320.941 318.495 321.436 317.79 322.464 316.603 300 
319.956 319.738 319.956 319.739 319.955 319.739 319.955 319.74 319.953 319.742 319.952 319.743 319.95 319.745 319.948 319.748 319.945 319.75 319.942 319.754 319.939 319.757 319.935 319.761 319.931 319.765 319.927 319.769 319.922 319.774 319.917 319.78 319.912 319.785 319.906 319.792 319.9 319.798 319.893 319.805 319.886 319.813 319.878 319.82 319.87 319.829 319.861 319.838 319.852 319.848 319.842 319.858 319.831 319.869 319.82 319.88 319.808 319.893 319.795 319.906 319.781 319.921 319.766 319.936 319.75 319.953 319.732 319.972 319.713 319.992 319.691 320.015 319.668 320.04 319.641 320.068 319.61 320.101 319.575 320.139 319.534 320.184 319.484 320.239 319.423 320.308 319.345 320.397 319.242 320.517 319.099 320.691 318.883 320.966 318.521 321.46 317.817 322.487 316.632 300 
319.982 319.764 319.981 319.764 319.981 319.765 319.98 319.766 319.979 319.767 319.977 319.769 319.975 319.771 319.973 319.773 319.971 319.776 319.968 319.779 319.964 319.782 319.961 319.786 319.957 319.79 319.953 319.795 319.948 319.8 319.943 319.805 319.937 319.811 319.931 319.817 319.925 319.824 319.918 319.831 319.911 319.838 319.903 319.846 319.895 319.854 319.886 319.863 319.877 319.873 319.867 319.883 319.857 319.894 319.845 319.906 319.833 319.918 319.82 319.932 319.807 319.946 319.792 319.962 319.775 319.979 319.758 319.997 319.738 320.017 319.717 320.04 319.693 320.065 319.666 320.094 319.636 320.126 319.601 320.164 319.559 320.21 319.51 320.265 319.449 320.333 319.371 320.422 319.268 320.542 319.125 320.716 318.909 320.991 318.547 321.485 317.844 322.511 316.66 300 
320.007 319.789 320.007 319.79 320.006 319.79 320.005 319.791 320.004 319.793 320.003 319.794 320.001 319.796 319.999 319.799 319.996 319.801 319.993 319.805 319.99 319.808 319.986 319.812 319.982 319.816 319.978 319.821 319.973 319.825 319.968 319.831 319.963 319.836 319.957 319.843 319.95 319.849 319.944 319.856 319.936 319.864 319.929 319.871 319.921 319.88 319.912 319.889 319.903 319.899 319.893 319.909 319.882 319.92 319.871 319.931 319.859 319.944 319.846 319.957 319.832 319.971 319.817 319.987 319.801 320.004 319.783 320.022 319.764 320.043 319.742 320.065 319.719 320.091 319.692 320.119 319.661 320.152 319.626 320.19 319.585 320.235 319.535 320.29 319.474 320.358 319.397 320.447 319.294 320.567 319.151 320.741 318.935 321.016 318.574 321.51 317.87 322.535 316.688 300 
320.032 319.815 320.032 319.815 320.032 319.816 320.031 319.817 320.03 319.818 320.028 319.82 320.026 319.822 320.024 319.824 320.022 319.827 320.019 319.83 320.015 319.834 320.012 319.837 320.008 319.841 320.003 319.846 319.999 319.851 319.994 319.856 319.988 319.862 319.982 319.868 319.976 319.875 319.969 319.882 319.962 319.889 319.954 319.897 319.946 319.905 319.937 319.914 319.928 319.924 319.918 319.934 319.908 319.945 319.896 319.957 319.884 319.969 319.871 319.983 319.858 319.997 319.843 320.012 319.826 320.029 319.809 320.048 319.789 320.068 319.768 320.091 319.744 320.116 319.717 320.144 319.687 320.177 319.652 320.215 319.61 320.26 319.561 320.315 319.5 320.384 319.422 320.472 319.32 320.592 319.177 320.766 318.961 321.041 318.6 321.534 317.897 322.559 316.716 300 
320.058 319.84 320.058 319.841 320.057 319.841 320.056 319.842 320.055 319.844 320.054 319.845 320.052 319.847 320.05 319.85 320.047 319.853 320.044 319.856 320.041 319.859 320.037 319.863 320.033 319.867 320.029 319.872 320.024 319.876 320.019 319.882 320.014 319.887 320.008 319.894 320.001 319.9 319.995 319.907 319.987 319.915 319.98 319.922 319.971 319.931 319.963 319.94 319.953 319.949 319.944 319.96 319.933 319.971 319.922 319.982 319.91 319.995 319.897 320.008 319.883 320.022 319.868 320.038 319.852 320.055 319.834 320.073 319.815 320.094 319.794 320.116 319.77 320.141 319.743 320.17 319.713 320.202 319.677 320.24 319.636 320.286 319.587 320.34 319.526 320.409 319.448 320.497 319.346 320.618 319.202 320.791 318.987 321.066 318.626 321.559 317.923 322.583 316.744 300 
320.083 319.866 320.083 319.866 320.083 319.867 320.082 319.868 320.081 319.869 320.079 319.871 320.077 319.873 320.075 319.875 320.072 319.878 320.069 319.881 320.066 319.885 320.063 319.888 320.059 319.893 320.054 319.897 320.05 319.902 320.044 319.907 320.039 319.913 320.033 319.919 320.027 319.926 320.02 319.933 320.013 319.94 320.005 319.948 319.997 319.956 319.988 319.965 319.979 319.975 319.969 319.985 319.959 319.996 319.947 320.008 319.935 320.02 319.922 320.033 319.909 320.048 319.894 320.063 319.877 320.08 319.86 320.099 319.84 320.119 319.819 320.141 319.795 320.167 319.769 320.195 319.738 320.228 319.703 320.266 319.662 320.311 319.612 320.366 319.551 320.434 319.474 320.523 319.371 320.643 319.228 320.816 319.013 321.091 318.652 321.583 317.95 322.607 316.773 300 
320.109 319.891 320.108 319.892 320.108 319.892 320.107 319.893 320.106 319.895 320.104 319.896 320.103 319.898 320.1 319.901 320.098 319.904 320.095 319.907 320.092 319.91 320.088 319.914 320.084 319.918 320.08 319.923 320.075 319.927 320.07 319.933 320.064 319.938 320.059 319.945 320.052 319.951 320.045 319.958 320.038 319.966 320.031 319.973 320.022 319.982 320.014 319.991 320.004 320 319.995 320.011 319.984 320.021 319.973 320.033 319.961 320.046 319.948 320.059 319.934 320.073 319.919 320.089 319.903 320.106 319.885 320.124 319.866 320.144 319.845 320.167 319.821 320.192 319.794 320.221 319.764 320.253 319.729 320.291 319.687 320.336 319.638 320.391 319.577 320.459 319.5 320.548 319.397 320.668 319.254 320.841 319.039 321.116 318.678 321.608 317.977 322.631 316.801 300 
320.134 319.917 320.134 319.917 320.133 319.918 320.133 319.919 320.131 319.92 320.13 319.922 320.128 319.924 320.126 319.926 320.123 319.929 320.12 319.932 320.117 319.936 320.113 319.939 320.11 319.944 320.105 319.948 320.1 319.953 320.095 319.958 320.09 319.964 320.084 319.97 320.078 319.977 320.071 319.984 320.064 319.991 320.056 319.999 320.048 320.007 320.039 320.016 320.03 320.026 320.02 320.036 320.01 320.047 319.998 320.059 319.986 320.071 319.973 320.084 319.96 320.099 319.945 320.114 319.928 320.131 319.911 320.15 319.892 320.17 319.87 320.192 319.846 320.217 319.82 320.246 319.789 320.278 319.754 320.316 319.713 320.362 319.664 320.416 319.603 320.485 319.525 320.573 319.423 320.693 319.28 320.866 319.065 321.141 318.704 321.633 318.003 322.654 316.829 300 
320.159 319.942 320.159 319.943 320.159 319.943 320.158 319.944 320.157 319.946 320.155 319.948 320.153 319.95 320.151 319.952 320.149 319.955 320.146 319.958 320.143 319.961 320.139 319.965 320.135 319.969 320.131 319.974 320.126 319.979 320.121 319.984 320.115 319.989 320.109 319.996 320.103 320.002 320.096 320.009 320.089 320.017 320.081 320.024 320.073 320.033 320.065 320.042 320.055 320.051 320.046 320.062 320.035 320.072 320.024 320.084 320.012 320.096 319.999 320.11 319.985 320.124 319.97 320.14 319.954 320.157 319.936 320.175 319.917 320.195 319.896 320.218 319.872 320.243 319.845 320.271 319.815 320.304 319.78 320.342 319.739 320.387 319.689 320.441 319.628 320.51 319.551 320.598 319.449 320.718 319.306 320.892 319.091 321.165 318.731 321.657 318.03 322.678 316.857 300 
320.185 319.968 320.185 319.968 320.184 319.969 320.183 319.97 320.182 319.971 320.181 319.973 320.179 319.975 320.177 319.977 320.174 319.98 320.171 319.983 320.168 319.987 320.164 319.99 320.16 319.995 320.156 319.999 320.151 320.004 320.146 320.009 320.141 320.015 320.135 320.021 320.129 320.028 320.122 320.035 320.115 320.042 320.107 320.05 320.099 320.058 320.09 320.067 320.081 320.077 320.071 320.087 320.061 320.098 320.049 320.109 320.037 320.122 320.024 320.135 320.011 320.15 319.996 320.165 319.98 320.182 319.962 320.2 319.943 320.221 319.921 320.243 319.898 320.268 319.871 320.297 319.841 320.329 319.805 320.367 319.764 320.412 319.715 320.467 319.654 320.535 319.577 320.623 319.475 320.743 319.332 320.917 319.117 321.19 318.757 321.682 318.056 322.702 316.885 300 
320.21 319.994 320.21 319.994 320.21 319.995 320.209 319.996 320.208 319.997 320.206 319.999 320.204 320.001 320.202 320.003 320.2 320.006 320.197 320.009 320.193 320.012 320.19 320.016 320.186 320.02 320.181 320.025 320.177 320.03 320.172 320.035 320.166 320.041 320.16 320.047 320.154 320.053 320.147 320.06 320.14 320.068 320.132 320.075 320.124 320.084 320.116 320.093 320.106 320.102 320.096 320.113 320.086 320.123 320.075 320.135 320.063 320.147 320.05 320.161 320.036 320.175 320.021 320.191 320.005 320.207 319.987 320.226 319.968 320.246 319.947 320.268 319.923 320.294 319.896 320.322 319.866 320.355 319.831 320.392 319.79 320.437 319.74 320.492 319.68 320.56 319.602 320.649 319.5 320.768 319.358 320.942 319.143 321.215 318.783 321.707 318.083 322.726 316.913 300 
320.236 320.019 320.236 320.019 320.235 320.02 320.234 320.021 320.233 320.022 320.232 320.024 320.23 320.026 320.227 320.029 320.225 320.031 320.222 320.034 320.219 320.038 320.215 320.042 320.211 320.046 320.207 320.05 320.202 320.055 320.197 320.06 320.192 320.066 320.186 320.072 320.179 320.079 320.173 320.086 320.166 320.093 320.158 320.101 320.15 320.109 320.141 320.118 320.132 320.128 320.122 320.138 320.111 320.149 320.1 320.16 320.088 320.173 320.075 320.186 320.062 320.2 320.047 320.216 320.031 320.233 320.013 320.251 319.994 320.271 319.972 320.294 319.949 320.319 319.922 320.347 319.892 320.38 319.857 320.418 319.816 320.463 319.766 320.517 319.705 320.586 319.628 320.674 319.526 320.794 319.383 320.967 319.169 321.24 318.809 321.731 318.11 322.75 316.942 300 
320.261 320.045 320.261 320.045 320.261 320.046 320.26 320.047 320.258 320.048 320.257 320.05 320.255 320.052 320.253 320.054 320.25 320.057 320.247 320.06 320.244 320.063 320.241 320.067 320.237 320.071 320.232 320.076 320.228 320.081 320.223 320.086 320.217 320.092 320.211 320.098 320.205 320.104 320.198 320.111 320.191 320.118 320.183 320.126 320.175 320.135 320.167 320.144 320.157 320.153 320.147 320.163 320.137 320.174 320.126 320.186 320.114 320.198 320.101 320.212 320.087 320.226 320.072 320.241 320.056 320.258 320.039 320.277 320.019 320.297 319.998 320.319 319.974 320.344 319.948 320.373 319.917 320.405 319.882 320.443 319.841 320.488 319.792 320.543 319.731 320.611 319.654 320.699 319.552 320.819 319.409 320.992 319.195 321.265 318.835 321.756 318.136 322.774 316.97 300 
320.287 320.07 320.286 320.07 320.286 320.071 320.285 320.072 320.284 320.073 320.282 320.075 320.281 320.077 320.278 320.08 320.276 320.082 320.273 320.085 320.27 320.089 320.266 320.093 320.262 320.097 320.258 320.101 320.253 320.106 320.248 320.111 320.243 320.117 320.237 320.123 320.23 320.13 320.224 320.137 320.216 320.144 320.209 320.152 320.201 320.16 320.192 320.169 320.183 320.179 320.173 320.189 320.162 320.2 320.151 320.211 320.139 320.224 320.126 320.237 320.113 320.251 320.098 320.267 320.082 320.284 320.064 320.302 320.045 320.322 320.024 320.345 320 320.37 319.973 320.398 319.943 320.431 319.908 320.468 319.867 320.513 319.817 320.568 319.757 320.636 319.68 320.724 319.578 320.844 319.435 321.017 319.221 321.29 318.861 321.78 318.163 322.798 316.998 300 
320.312 320.096 320.312 320.096 320.311 320.097 320.311 320.098 320.309 320.099 320.308 320.101 320.306 320.103 320.304 320.105 320.301 320.108 320.298 320.111 320.295 320.114 320.292 320.118 320.288 320.122 320.283 320.127 320.279 320.132 320.273 320.137 320.268 320.143 320.262 320.149 320.256 320.155 320.249 320.162 320.242 320.169 320.234 320.177 320.226 320.186 320.217 320.195 320.208 320.204 320.198 320.214 320.188 320.225 320.177 320.237 320.165 320.249 320.152 320.262 320.138 320.277 320.123 320.292 320.107 320.309 320.09 320.327 320.07 320.348 320.049 320.37 320.025 320.395 319.999 320.423 319.969 320.456 319.934 320.494 319.892 320.539 319.843 320.593 319.782 320.661 319.705 320.749 319.603 320.869 319.461 321.042 319.247 321.315 318.888 321.805 318.189 322.821 317.026 300 
320.337 320.121 320.337 320.122 320.337 320.122 320.336 320.123 320.335 320.125 320.333 320.126 320.331 320.128 320.329 320.131 320.327 320.133 320.324 320.136 320.321 320.14 320.317 320.144 320.313 320.148 320.309 320.152 320.304 320.157 320.299 320.162 320.293 320.168 320.288 320.174 320.281 320.181 320.275 320.188 320.267 320.195 320.26 320.203 320.252 320.211 320.243 320.22 320.234 320.23 320.224 320.24 320.213 320.251 320.202 320.262 320.19 320.275 320.177 320.288 320.164 320.302 320.149 320.318 320.133 320.334 320.115 320.353 320.096 320.373 320.075 320.395 320.051 320.42 320.024 320.449 319.994 320.481 319.959 320.519 319.918 320.564 319.869 320.618 319.808 320.687 319.731 320.775 319.629 320.894 319.487 321.067 319.272 321.34 318.914 321.83 318.216 322.845 317.054 300 
320.363 320.147 320.363 320.147 320.362 320.148 320.361 320.149 320.36 320.15 320.359 320.152 320.357 320.154 320.355 320.156 320.352 320.159 320.349 320.162 320.346 320.165 320.342 320.169 320.338 320.173 320.334 320.178 320.329 320.183 320.324 320.188 320.319 320.194 320.313 320.2 320.307 320.206 320.3 320.213 320.293 320.22 320.285 320.228 320.277 320.237 320.268 320.246 320.259 320.255 320.249 320.265 320.239 320.276 320.228 320.288 320.216 320.3 320.203 320.313 320.189 320.328 320.174 320.343 320.158 320.36 320.141 320.378 320.121 320.398 320.1 320.421 320.077 320.446 320.05 320.474 320.02 320.507 319.985 320.544 319.944 320.589 319.894 320.644 319.834 320.712 319.757 320.8 319.655 320.919 319.513 321.092 319.298 321.365 318.94 321.854 318.243 322.869 317.082 300 
320.388 320.172 320.388 320.173 320.388 320.173 320.387 320.174 320.386 320.176 320.384 320.177 320.382 320.179 320.38 320.182 320.378 320.184 320.375 320.187 320.371 320.191 320.368 320.195 320.364 320.199 320.36 320.203 320.355 320.208 320.35 320.213 320.344 320.219 320.338 320.225 320.332 320.232 320.325 320.239 320.318 320.246 320.311 320.254 320.303 320.262 320.294 320.271 320.285 320.281 320.275 320.291 320.264 320.302 320.253 320.313 320.241 320.326 320.228 320.339 320.215 320.353 320.2 320.369 320.184 320.385 320.166 320.404 320.147 320.424 320.126 320.446 320.102 320.471 320.076 320.5 320.045 320.532 320.01 320.57 319.969 320.615 319.92 320.669 319.859 320.737 319.783 320.825 319.681 320.944 319.538 321.117 319.324 321.39 318.966 321.879 318.269 322.893 317.111 300 
320.414 320.198 320.414 320.198 320.413 320.199 320.412 320.2 320.411 320.201 320.41 320.203 320.408 320.205 320.405 320.207 320.403 320.21 320.4 320.213 320.397 320.216 320.393 320.22 320.389 320.224 320.385 320.229 320.38 320.234 320.375 320.239 320.37 320.245 320.364 320.251 320.358 320.257 320.351 320.264 320.344 320.271 320.336 320.279 320.328 320.288 320.319 320.297 320.31 320.306 320.3 320.316 320.29 320.327 320.279 320.339 320.267 320.351 320.254 320.364 320.24 320.379 320.225 320.394 320.209 320.411 320.192 320.429 320.173 320.449 320.151 320.472 320.128 320.497 320.101 320.525 320.071 320.557 320.036 320.595 319.995 320.64 319.946 320.694 319.885 320.762 319.808 320.85 319.706 320.97 319.564 321.142 319.35 321.415 318.992 321.904 318.296 322.917 317.139 300 
320.439 320.223 320.439 320.224 320.438 320.224 320.438 320.225 320.436 320.227 320.435 320.228 320.433 320.23 320.431 320.233 320.428 320.235 320.425 320.238 320.422 320.242 320.419 320.246 320.415 320.25 320.41 320.254 320.406 320.259 320.401 320.264 320.395 320.27 320.389 320.276 320.383 320.283 320.376 320.29 320.369 320.297 320.362 320.305 320.353 320.313 320.345 320.322 320.336 320.332 320.326 320.342 320.315 320.353 320.304 320.364 320.292 320.376 320.279 320.39 320.266 320.404 320.251 320.419 320.235 320.436 320.217 320.455 320.198 320.475 320.177 320.497 320.153 320.522 320.127 320.55 320.096 320.583 320.062 320.62 320.021 320.665 319.971 320.72 319.911 320.788 319.834 320.875 319.732 320.995 319.59 321.167 319.376 321.439 319.018 321.928 318.322 322.941 317.167 300 
320.465 320.249 320.464 320.249 320.464 320.25 320.463 320.251 320.462 320.252 320.46 320.254 320.459 320.256 320.456 320.258 320.454 320.261 320.451 320.264 320.448 320.267 320.444 320.271 320.44 320.275 320.436 320.28 320.431 320.285 320.426 320.29 320.421 320.296 320.415 320.302 320.409 320.308 320.402 320.315 320.395 320.322 320.387 320.33 320.379 320.339 320.37 320.348 320.361 320.357 320.351 320.367 320.341 320.378 320.33 320.39 320.318 320.402 320.305 320.415 320.291 320.429 320.276 320.445 320.26 320.462 320.243 320.48 320.224 320.5 320.202 320.522 320.179 320.547 320.152 320.576 320.122 320.608 320.087 320.646 320.046 320.691 319.997 320.745 319.937 320.813 319.86 320.901 319.758 321.02 319.616 321.192 319.402 321.464 319.045 321.953 318.349 322.965 317.195 300 
320.49 320.274 320.49 320.275 320.489 320.275 320.488 320.276 320.487 320.278 320.486 320.279 320.484 320.281 320.482 320.284 320.479 320.286 320.476 320.29 320.473 320.293 320.47 320.297 320.466 320.301 320.461 320.305 320.457 320.31 320.452 320.315 320.446 320.321 320.44 320.327 320.434 320.334 320.427 320.341 320.42 320.348 320.413 320.356 320.404 320.364 320.396 320.373 320.387 320.383 320.377 320.393 320.366 320.403 320.355 320.415 320.343 320.427 320.33 320.441 320.317 320.455 320.302 320.47 320.286 320.487 320.268 320.505 320.249 320.525 320.228 320.548 320.204 320.573 320.178 320.601 320.148 320.633 320.113 320.671 320.072 320.716 320.023 320.77 319.962 320.838 319.885 320.926 319.784 321.045 319.642 321.217 319.428 321.489 319.071 321.978 318.376 322.988 317.223 300 
320.515 320.3 320.515 320.3 320.515 320.301 320.514 320.302 320.513 320.303 320.511 320.305 320.509 320.307 320.507 320.309 320.505 320.312 320.502 320.315 320.499 320.318 320.495 320.322 320.491 320.326 320.487 320.331 320.482 320.336 320.477 320.341 320.472 320.347 320.466 320.353 320.459 320.359 320.453 320.366 320.446 320.373 320.438 320.381 320.43 320.39 320.421 320.399 320.412 320.408 320.402 320.418 320.392 320.429 320.381 320.44 320.369 320.453 320.356 320.466 320.342 320.48 320.327 320.496 320.311 320.512 320.294 320.531 320.275 320.551 320.254 320.573 320.23 320.598 320.203 320.626 320.173 320.659 320.138 320.696 320.097 320.741 320.048 320.795 319.988 320.863 319.911 320.951 319.81 321.07 319.668 321.242 319.454 321.514 319.097 322.002 318.402 323.012 317.251 300 
320.541 320.325 320.541 320.326 320.54 320.326 320.539 320.327 320.538 320.329 320.537 320.33 320.535 320.332 320.533 320.335 320.53 320.338 320.527 320.341 320.524 320.344 320.52 320.348 320.516 320.352 320.512 320.356 320.507 320.361 320.502 320.366 320.497 320.372 320.491 320.378 320.485 320.385 320.478 320.392 320.471 320.399 320.463 320.407 320.455 320.415 320.447 320.424 320.438 320.434 320.428 320.444 320.417 320.454 320.406 320.466 320.394 320.478 320.381 320.491 320.368 320.506 320.353 320.521 320.337 320.538 320.319 320.556 320.3 320.576 320.279 320.599 320.256 320.624 320.229 320.652 320.199 320.684 320.164 320.722 320.123 320.767 320.074 320.821 320.014 320.889 319.937 320.976 319.835 321.095 319.694 321.267 319.48 321.539 319.123 322.027 318.429 323.036 317.279 300 
320.566 320.351 320.566 320.351 320.566 320.352 320.565 320.353 320.564 320.354 320.562 320.356 320.56 320.358 320.558 320.36 320.556 320.363 320.553 320.366 320.549 320.37 320.546 320.373 320.542 320.377 320.538 320.382 320.533 320.387 320.528 320.392 320.522 320.398 320.517 320.404 320.51 320.41 320.504 320.417 320.496 320.424 320.489 320.432 320.481 320.441 320.472 320.45 320.463 320.459 320.453 320.469 320.443 320.48 320.432 320.491 320.42 320.504 320.407 320.517 320.393 320.531 320.378 320.547 320.362 320.563 320.345 320.582 320.326 320.602 320.305 320.624 320.281 320.649 320.255 320.677 320.224 320.71 320.19 320.747 320.149 320.792 320.1 320.846 320.039 320.914 319.963 321.001 319.861 321.12 319.719 321.292 319.506 321.564 319.149 322.051 318.455 323.06 317.308 300 
320.592 320.377 320.592 320.377 320.591 320.378 320.59 320.379 320.589 320.38 320.588 320.382 320.586 320.384 320.583 320.386 320.581 320.389 320.578 320.392 320.575 320.395 320.571 320.399 320.567 320.403 320.563 320.407 320.558 320.412 320.553 320.418 320.548 320.423 320.542 320.429 320.536 320.436 320.529 320.443 320.522 320.45 320.514 320.458 320.506 320.466 320.498 320.475 320.488 320.485 320.479 320.495 320.468 320.505 320.457 320.517 320.445 320.529 320.432 320.542 320.419 320.557 320.404 320.572 320.388 320.589 320.37 320.607 320.351 320.627 320.33 320.649 320.307 320.674 320.28 320.703 320.25 320.735 320.215 320.772 320.174 320.817 320.125 320.871 320.065 320.939 319.988 321.027 319.887 321.146 319.745 321.318 319.532 321.589 319.175 322.076 318.482 323.084 317.336 300 
320.617 320.402 320.617 320.402 320.616 320.403 320.616 320.404 320.614 320.405 320.613 320.407 320.611 320.409 320.609 320.411 320.606 320.414 320.604 320.417 320.6 320.421 320.597 320.424 320.593 320.428 320.588 320.433 320.584 320.438 320.579 320.443 320.573 320.449 320.567 320.455 320.561 320.461 320.555 320.468 320.547 320.475 320.54 320.483 320.532 320.492 320.523 320.501 320.514 320.51 320.504 320.52 320.494 320.531 320.483 320.542 320.471 320.555 320.458 320.568 320.444 320.582 320.429 320.597 320.413 320.614 320.396 320.632 320.377 320.653 320.356 320.675 320.332 320.7 320.306 320.728 320.276 320.76 320.241 320.798 320.2 320.842 320.151 320.897 320.091 320.964 320.014 321.052 319.913 321.171 319.771 321.343 319.558 321.614 319.201 322.101 318.509 323.108 317.364 300 
320.643 320.428 320.642 320.428 320.642 320.429 320.641 320.43 320.64 320.431 320.638 320.433 320.637 320.435 320.634 320.437 320.632 320.44 320.629 320.443 320.626 320.446 320.622 320.45 320.618 320.454 320.614 320.458 320.609 320.463 320.604 320.469 320.599 320.474 320.593 320.48 320.587 320.487 320.58 320.494 320.573 320.501 320.565 320.509 320.557 320.517 320.549 320.526 320.539 320.535 320.53 320.546 320.519 320.556 320.508 320.568 320.496 320.58 320.483 320.593 320.47 320.608 320.455 320.623 320.439 320.64 320.422 320.658 320.402 320.678 320.381 320.7 320.358 320.725 320.331 320.753 320.301 320.786 320.266 320.823 320.226 320.868 320.177 320.922 320.116 320.99 320.04 321.077 319.938 321.196 319.797 321.368 319.584 321.639 319.228 322.125 318.535 323.132 317.392 300 
320.668 320.453 320.668 320.453 320.667 320.454 320.666 320.455 320.665 320.456 320.664 320.458 320.662 320.46 320.66 320.462 320.657 320.465 320.654 320.468 320.651 320.472 320.648 320.475 320.644 320.479 320.639 320.484 320.635 320.489 320.63 320.494 320.624 320.5 320.618 320.506 320.612 320.512 320.605 320.519 320.598 320.526 320.591 320.534 320.583 320.543 320.574 320.551 320.565 320.561 320.555 320.571 320.545 320.582 320.534 320.593 320.522 320.606 320.509 320.619 320.495 320.633 320.481 320.648 320.465 320.665 320.447 320.683 320.428 320.703 320.407 320.726 320.383 320.75 320.357 320.779 320.327 320.811 320.292 320.849 320.251 320.893 320.202 320.947 320.142 321.015 320.066 321.102 319.964 321.221 319.823 321.393 319.61 321.664 319.254 322.15 318.562 323.156 317.42 300 
320.693 320.479 320.693 320.479 320.693 320.48 320.692 320.481 320.691 320.482 320.689 320.484 320.687 320.486 320.685 320.488 320.683 320.491 320.68 320.494 320.677 320.497 320.673 320.501 320.669 320.505 320.665 320.509 320.66 320.514 320.655 320.52 320.65 320.525 320.644 320.531 320.638 320.538 320.631 320.545 320.624 320.552 320.616 320.56 320.608 320.568 320.6 320.577 320.59 320.586 320.581 320.596 320.57 320.607 320.559 320.619 320.547 320.631 320.534 320.644 320.521 320.658 320.506 320.674 320.49 320.69 320.473 320.709 320.453 320.729 320.432 320.751 320.409 320.776 320.382 320.804 320.352 320.836 320.318 320.874 320.277 320.918 320.228 320.972 320.168 321.04 320.091 321.128 319.99 321.246 319.849 321.418 319.636 321.689 319.28 322.175 318.588 323.179 317.448 300 
320.719 320.504 320.719 320.505 320.718 320.505 320.717 320.506 320.716 320.508 320.715 320.509 320.713 320.511 320.711 320.514 320.708 320.516 320.705 320.519 320.702 320.523 320.698 320.526 320.695 320.531 320.69 320.535 320.686 320.54 320.681 320.545 320.675 320.551 320.669 320.557 320.663 320.563 320.656 320.57 320.649 320.577 320.642 320.585 320.634 320.594 320.625 320.602 320.616 320.612 320.606 320.622 320.596 320.633 320.585 320.644 320.573 320.656 320.56 320.67 320.546 320.684 320.532 320.699 320.516 320.716 320.498 320.734 320.479 320.754 320.458 320.776 320.434 320.801 320.408 320.829 320.378 320.862 320.343 320.899 320.302 320.944 320.254 320.998 320.193 321.065 320.117 321.153 320.016 321.271 319.874 321.443 319.662 321.713 319.306 322.199 318.615 323.203 317.476 300 
320.744 320.53 320.744 320.53 320.744 320.531 320.743 320.532 320.742 320.533 320.74 320.535 320.738 320.537 320.736 320.539 320.734 320.542 320.731 320.545 320.727 320.548 320.724 320.552 320.72 320.556 320.716 320.56 320.711 320.565 320.706 320.571 320.701 320.576 320.695 320.582 320.688 320.589 320.682 320.596 320.675 320.603 320.667 320.611 320.659 320.619 320.65 320.628 320.641 320.637 320.632 320.647 320.621 320.658 320.61 320.67 320.598 320.682 320.585 320.695 320.572 320.709 320.557 320.725 320.541 320.741 320.524 320.76 320.505 320.78 320.484 320.802 320.46 320.827 320.434 320.855 320.404 320.887 320.369 320.925 320.328 320.969 320.279 321.023 320.219 321.091 320.143 321.178 320.042 321.297 319.9 321.468 319.688 321.738 319.332 322.224 318.641 323.227 317.505 300 
320.77 320.555 320.769 320.556 320.769 320.556 320.768 320.557 320.767 320.559 320.765 320.56 320.764 320.562 320.761 320.565 320.759 320.567 320.756 320.57 320.753 320.574 320.749 320.577 320.745 320.582 320.741 320.586 320.736 320.591 320.731 320.596 320.726 320.602 320.72 320.608 320.714 320.614 320.707 320.621 320.7 320.628 320.693 320.636 320.685 320.645 320.676 320.653 320.667 320.663 320.657 320.673 320.647 320.684 320.636 320.695 320.624 320.707 320.611 320.721 320.597 320.735 320.583 320.75 320.567 320.767 320.549 320.785 320.53 320.805 320.509 320.827 320.486 320.852 320.459 320.88 320.429 320.912 320.394 320.95 320.354 320.994 320.305 321.048 320.245 321.116 320.168 321.203 320.067 321.322 319.926 321.493 319.714 321.763 319.358 322.248 318.668 323.251 317.533 300 
320.795 320.581 320.795 320.581 320.794 320.582 320.794 320.583 320.792 320.584 320.791 320.586 320.789 320.588 320.787 320.59 320.784 320.593 320.782 320.596 320.778 320.599 320.775 320.603 320.771 320.607 320.767 320.612 320.762 320.616 320.757 320.622 320.751 320.627 320.746 320.633 320.739 320.64 320.733 320.647 320.726 320.654 320.718 320.662 320.71 320.67 320.701 320.679 320.692 320.688 320.683 320.698 320.672 320.709 320.661 320.721 320.649 320.733 320.637 320.746 320.623 320.76 320.608 320.776 320.592 320.792 320.575 320.81 320.556 320.83 320.535 320.853 320.511 320.877 320.485 320.905 320.455 320.938 320.42 320.975 320.379 321.02 320.331 321.074 320.27 321.141 320.194 321.228 320.093 321.347 319.952 321.518 319.74 321.788 319.385 322.273 318.695 323.275 317.561 300 
320.82 320.606 320.82 320.607 320.82 320.607 320.819 320.608 320.818 320.61 320.816 320.611 320.814 320.613 320.812 320.616 320.81 320.618 320.807 320.621 320.804 320.625 320.8 320.628 320.796 320.633 320.792 320.637 320.787 320.642 320.782 320.647 320.777 320.653 320.771 320.659 320.765 320.665 320.758 320.672 320.751 320.679 320.744 320.687 320.735 320.696 320.727 320.704 320.718 320.714 320.708 320.724 320.698 320.735 320.687 320.746 320.675 320.758 320.662 320.771 320.648 320.786 320.634 320.801 320.618 320.818 320.6 320.836 320.581 320.856 320.56 320.878 320.537 320.903 320.51 320.931 320.48 320.963 320.446 321.001 320.405 321.045 320.356 321.099 320.296 321.166 320.22 321.254 320.119 321.372 319.978 321.543 319.766 321.813 319.411 322.298 318.721 323.299 317.589 300 
320.846 320.632 320.846 320.632 320.845 320.633 320.844 320.634 320.843 320.635 320.842 320.637 320.84 320.639 320.838 320.641 320.835 320.644 320.832 320.647 320.829 320.65 320.826 320.654 320.822 320.658 320.817 320.663 320.813 320.667 320.808 320.673 320.802 320.678 320.797 320.684 320.79 320.691 320.784 320.698 320.777 320.705 320.769 320.713 320.761 320.721 320.752 320.73 320.743 320.739 320.733 320.749 320.723 320.76 320.712 320.771 320.7 320.784 320.688 320.797 320.674 320.811 320.659 320.826 320.643 320.843 320.626 320.861 320.607 320.881 320.586 320.903 320.562 320.928 320.536 320.956 320.506 320.988 320.471 321.026 320.431 321.07 320.382 321.124 320.322 321.192 320.246 321.279 320.145 321.397 320.004 321.568 319.792 321.838 319.437 322.322 318.748 323.323 317.617 300 
320.871 320.657 320.871 320.658 320.871 320.658 320.87 320.659 320.869 320.661 320.867 320.662 320.865 320.664 320.863 320.667 320.861 320.669 320.858 320.672 320.855 320.676 320.851 320.68 320.847 320.684 320.843 320.688 320.838 320.693 320.833 320.698 320.828 320.704 320.822 320.71 320.816 320.716 320.809 320.723 320.802 320.73 320.794 320.738 320.786 320.747 320.778 320.755 320.769 320.765 320.759 320.775 320.749 320.786 320.738 320.797 320.726 320.809 320.713 320.822 320.699 320.837 320.685 320.852 320.669 320.868 320.651 320.887 320.632 320.907 320.611 320.929 320.588 320.954 320.562 320.982 320.532 321.014 320.497 321.051 320.456 321.096 320.408 321.149 320.348 321.217 320.271 321.304 320.17 321.422 320.03 321.593 319.818 321.863 319.463 322.347 318.774 323.347 317.645 300 
320.897 320.683 320.897 320.683 320.896 320.684 320.895 320.685 320.894 320.686 320.893 320.688 320.891 320.69 320.889 320.692 320.886 320.695 320.883 320.698 320.88 320.701 320.876 320.705 320.873 320.709 320.868 320.714 320.864 320.718 320.859 320.724 320.853 320.729 320.847 320.735 320.841 320.742 320.835 320.749 320.827 320.756 320.82 320.764 320.812 320.772 320.803 320.781 320.794 320.79 320.784 320.8 320.774 320.811 320.763 320.822 320.751 320.835 320.739 320.848 320.725 320.862 320.71 320.877 320.694 320.894 320.677 320.912 320.658 320.932 320.637 320.954 320.613 320.979 320.587 321.007 320.557 321.039 320.523 321.077 320.482 321.121 320.433 321.175 320.373 321.242 320.297 321.329 320.196 321.447 320.055 321.618 319.844 321.888 319.489 322.372 318.801 323.37 317.673 300 
320.922 320.708 320.922 320.709 320.922 320.709 320.921 320.71 320.92 320.712 320.918 320.713 320.916 320.715 320.914 320.718 320.912 320.72 320.909 320.723 320.905 320.727 320.902 320.731 320.898 320.735 320.894 320.739 320.889 320.744 320.884 320.749 320.879 320.755 320.873 320.761 320.867 320.767 320.86 320.774 320.853 320.781 320.845 320.789 320.837 320.797 320.829 320.806 320.82 320.816 320.81 320.826 320.8 320.836 320.789 320.848 320.777 320.86 320.764 320.873 320.75 320.887 320.736 320.903 320.72 320.919 320.702 320.937 320.683 320.957 320.662 320.98 320.639 321.004 320.613 321.032 320.583 321.064 320.548 321.102 320.508 321.146 320.459 321.2 320.399 321.267 320.323 321.354 320.222 321.473 320.081 321.643 319.87 321.913 319.515 322.396 318.828 323.394 317.701 300 
320.948 320.734 320.947 320.734 320.947 320.735 320.946 320.736 320.945 320.737 320.943 320.739 320.942 320.741 320.939 320.743 320.937 320.746 320.934 320.749 320.931 320.752 320.927 320.756 320.923 320.76 320.919 320.765 320.915 320.769 320.91 320.775 320.904 320.78 320.898 320.786 320.892 320.793 320.885 320.8 320.878 320.807 320.871 320.815 320.863 320.823 320.854 320.832 320.845 320.841 320.835 320.851 320.825 320.862 320.814 320.873 320.802 320.886 320.79 320.899 320.776 320.913 320.761 320.928 320.745 320.945 320.728 320.963 320.709 320.983 320.688 321.005 320.665 321.03 320.638 321.058 320.608 321.09 320.574 321.127 320.533 321.172 320.484 321.225 320.425 321.293 320.348 321.38 320.248 321.498 320.107 321.668 319.895 321.938 319.541 322.421 318.854 323.418 317.729 300 
320.973 320.759 320.973 320.76 320.972 320.76 320.972 320.761 320.97 320.763 320.969 320.764 320.967 320.766 320.965 320.769 320.962 320.771 320.96 320.775 320.956 320.778 320.953 320.782 320.949 320.786 320.945 320.79 320.94 320.795 320.935 320.8 320.93 320.806 320.924 320.812 320.918 320.818 320.911 320.825 320.904 320.832 320.896 320.84 320.888 320.848 320.88 320.857 320.871 320.867 320.861 320.877 320.851 320.887 320.839 320.899 320.828 320.911 320.815 320.924 320.801 320.938 320.787 320.954 320.771 320.97 320.753 320.988 320.734 321.008 320.713 321.03 320.69 321.055 320.664 321.083 320.634 321.115 320.599 321.153 320.559 321.197 320.51 321.251 320.45 321.318 320.374 321.405 320.274 321.523 320.133 321.693 319.921 321.963 319.568 322.446 318.881 323.442 317.758 300 
320.998 320.785 320.998 320.785 320.998 320.786 320.997 320.787 320.996 320.788 320.994 320.79 320.992 320.792 320.99 320.794 320.988 320.797 320.985 320.8 320.982 320.803 320.978 320.807 320.974 320.811 320.97 320.816 320.965 320.82 320.96 320.826 320.955 320.831 320.949 320.837 320.943 320.844 320.936 320.851 320.929 320.858 320.922 320.866 320.914 320.874 320.905 320.883 320.896 320.892 320.886 320.902 320.876 320.913 320.865 320.924 320.853 320.936 320.841 320.95 320.827 320.964 320.812 320.979 320.796 320.996 320.779 321.014 320.76 321.034 320.739 321.056 320.716 321.08 320.689 321.108 320.66 321.141 320.625 321.178 320.584 321.222 320.536 321.276 320.476 321.343 320.4 321.43 320.299 321.548 320.159 321.718 319.947 321.988 319.594 322.47 318.907 323.466 317.786 300 
321.024 320.811 321.024 320.811 321.023 320.812 321.022 320.813 321.021 320.814 321.02 320.816 321.018 320.818 321.016 320.82 321.013 320.823 321.01 320.826 321.007 320.829 321.004 320.833 321 320.837 320.995 320.841 320.991 320.846 320.986 320.851 320.98 320.857 320.975 320.863 320.968 320.869 320.962 320.876 320.955 320.883 320.947 320.891 320.939 320.899 320.931 320.908 320.922 320.918 320.912 320.928 320.901 320.938 320.89 320.95 320.879 320.962 320.866 320.975 320.852 320.989 320.838 321.004 320.822 321.021 320.805 321.039 320.786 321.059 320.765 321.081 320.741 321.106 320.715 321.134 320.685 321.166 320.651 321.203 320.61 321.247 320.561 321.301 320.502 321.368 320.426 321.455 320.325 321.573 320.185 321.744 319.973 322.012 319.62 322.495 318.934 323.49 317.814 300 
321.049 320.836 321.049 320.836 321.049 320.837 321.048 320.838 321.047 320.839 321.045 320.841 321.043 320.843 321.041 320.845 321.039 320.848 321.036 320.851 321.033 320.854 321.029 320.858 321.025 320.862 321.021 320.867 321.016 320.872 321.011 320.877 321.006 320.882 321 320.888 320.994 320.895 320.987 320.902 320.98 320.909 320.973 320.917 320.965 320.925 320.956 320.934 320.947 320.943 320.937 320.953 320.927 320.964 320.916 320.975 320.904 320.987 320.892 321 320.878 321.015 320.863 321.03 320.847 321.046 320.83 321.065 320.811 321.084 320.79 321.107 320.767 321.131 320.741 321.159 320.711 321.191 320.676 321.229 320.636 321.273 320.587 321.327 320.527 321.394 320.451 321.48 320.351 321.598 320.21 321.769 319.999 322.037 319.646 322.52 318.96 323.514 317.842 300 
321.075 320.862 321.075 320.862 321.074 320.863 321.073 320.864 321.072 320.865 321.071 320.867 321.069 320.869 321.067 320.871 321.064 320.874 321.061 320.877 321.058 320.88 321.055 320.884 321.051 320.888 321.046 320.892 321.042 320.897 321.037 320.902 321.031 320.908 321.026 320.914 321.019 320.92 321.013 320.927 321.006 320.934 320.998 320.942 320.99 320.95 320.982 320.959 320.972 320.969 320.963 320.979 320.952 320.989 320.941 321.001 320.93 321.013 320.917 321.026 320.903 321.04 320.889 321.055 320.873 321.072 320.856 321.09 320.837 321.11 320.816 321.132 320.792 321.157 320.766 321.185 320.736 321.217 320.702 321.254 320.661 321.298 320.613 321.352 320.553 321.419 320.477 321.506 320.377 321.623 320.236 321.794 320.025 322.062 319.672 322.544 318.987 323.538 317.87 300 
321.1 320.887 321.1 320.887 321.099 320.888 321.099 320.889 321.098 320.89 321.096 320.892 321.094 320.894 321.092 320.896 321.09 320.899 321.087 320.902 321.083 320.905 321.08 320.909 321.076 320.913 321.072 320.918 321.067 320.923 321.062 320.928 321.057 320.933 321.051 320.939 321.045 320.946 321.038 320.953 321.031 320.96 321.024 320.968 321.016 320.976 321.007 320.985 320.998 320.994 320.988 321.004 320.978 321.015 320.967 321.026 320.955 321.038 320.943 321.051 320.929 321.065 320.914 321.081 320.898 321.097 320.881 321.115 320.862 321.135 320.841 321.157 320.818 321.182 320.792 321.21 320.762 321.242 320.727 321.279 320.687 321.323 320.638 321.377 320.579 321.444 320.503 321.531 320.402 321.649 320.262 321.819 320.051 322.087 319.698 322.569 319.014 323.561 317.898 300 
321.126 320.913 321.125 320.913 321.125 320.914 321.124 320.915 321.123 320.916 321.121 320.918 321.12 320.92 321.117 320.922 321.115 320.925 321.112 320.928 321.109 320.931 321.105 320.935 321.102 320.939 321.097 320.943 321.093 320.948 321.088 320.953 321.082 320.959 321.076 320.965 321.07 320.971 321.064 320.978 321.057 320.985 321.049 320.993 321.041 321.001 321.033 321.01 321.023 321.02 321.014 321.03 321.003 321.04 320.992 321.052 320.981 321.064 320.968 321.077 320.954 321.091 320.94 321.106 320.924 321.123 320.907 321.141 320.888 321.161 320.867 321.183 320.844 321.207 320.817 321.235 320.787 321.267 320.753 321.305 320.713 321.349 320.664 321.402 320.604 321.469 320.529 321.556 320.428 321.674 320.288 321.844 320.077 322.112 319.725 322.593 319.04 323.585 317.926 300 
321.151 320.938 321.151 320.939 321.15 320.939 321.15 320.94 321.148 320.942 321.147 320.943 321.145 320.945 321.143 320.947 321.14 320.95 321.138 320.953 321.134 320.957 321.131 320.96 321.127 320.964 321.123 320.969 321.118 320.974 321.113 320.979 321.108 320.984 321.102 320.99 321.096 320.997 321.089 321.004 321.082 321.011 321.075 321.019 321.067 321.027 321.058 321.036 321.049 321.045 321.039 321.055 321.029 321.066 321.018 321.077 321.006 321.089 320.994 321.102 320.98 321.116 320.965 321.132 320.949 321.148 320.932 321.166 320.913 321.186 320.892 321.208 320.869 321.233 320.843 321.261 320.813 321.293 320.779 321.33 320.738 321.374 320.69 321.428 320.63 321.495 320.554 321.581 320.454 321.699 320.314 321.869 320.103 322.137 319.751 322.618 319.067 323.609 317.954 300 
321.176 320.964 321.176 320.964 321.176 320.965 321.175 320.966 321.174 320.967 321.172 320.969 321.17 320.971 321.168 320.973 321.166 320.976 321.163 320.979 321.16 320.982 321.156 320.986 321.152 320.99 321.148 320.994 321.144 320.999 321.139 321.004 321.133 321.01 321.127 321.016 321.121 321.022 321.115 321.029 321.107 321.036 321.1 321.044 321.092 321.052 321.083 321.061 321.074 321.071 321.065 321.08 321.054 321.091 321.043 321.102 321.032 321.115 321.019 321.128 321.005 321.142 320.991 321.157 320.975 321.174 320.958 321.192 320.939 321.212 320.918 321.234 320.895 321.258 320.868 321.286 320.839 321.318 320.804 321.355 320.764 321.399 320.715 321.453 320.656 321.52 320.58 321.606 320.48 321.724 320.34 321.894 320.129 322.162 319.777 322.643 319.093 323.633 317.982 300 
321.202 320.989 321.202 320.99 321.201 320.99 321.2 320.991 321.199 320.993 321.198 320.994 321.196 320.996 321.194 320.999 321.191 321.001 321.188 321.004 321.185 321.008 321.182 321.011 321.178 321.015 321.174 321.02 321.169 321.025 321.164 321.03 321.159 321.035 321.153 321.041 321.147 321.048 321.14 321.055 321.133 321.062 321.125 321.07 321.117 321.078 321.109 321.087 321.1 321.096 321.09 321.106 321.08 321.117 321.069 321.128 321.057 321.14 321.045 321.153 321.031 321.167 321.016 321.182 321.001 321.199 320.983 321.217 320.964 321.237 320.943 321.259 320.92 321.284 320.894 321.311 320.864 321.343 320.83 321.381 320.789 321.425 320.741 321.478 320.681 321.545 320.606 321.632 320.505 321.749 320.366 321.919 320.155 322.187 319.803 322.667 319.12 323.657 318.01 300 
321.227 321.015 321.227 321.015 321.227 321.016 321.226 321.017 321.225 321.018 321.223 321.02 321.221 321.022 321.219 321.024 321.217 321.027 321.214 321.03 321.211 321.033 321.207 321.037 321.203 321.041 321.199 321.045 321.194 321.05 321.189 321.055 321.184 321.061 321.178 321.067 321.172 321.073 321.165 321.08 321.158 321.087 321.151 321.095 321.143 321.103 321.134 321.112 321.125 321.121 321.116 321.131 321.105 321.142 321.094 321.153 321.083 321.166 321.07 321.179 321.057 321.193 321.042 321.208 321.026 321.224 321.009 321.242 320.99 321.262 320.969 321.284 320.946 321.309 320.92 321.337 320.89 321.369 320.855 321.406 320.815 321.45 320.767 321.504 320.707 321.57 320.631 321.657 320.531 321.774 320.391 321.944 320.181 322.212 319.829 322.692 319.147 323.681 318.039 300 
321.253 321.04 321.253 321.041 321.252 321.041 321.251 321.042 321.25 321.044 321.249 321.045 321.247 321.047 321.245 321.05 321.242 321.052 321.239 321.055 321.236 321.059 321.233 321.062 321.229 321.066 321.224 321.071 321.22 321.076 321.215 321.081 321.209 321.086 321.204 321.092 321.198 321.099 321.191 321.106 321.184 321.113 321.176 321.121 321.168 321.129 321.16 321.138 321.151 321.147 321.141 321.157 321.131 321.168 321.12 321.179 321.108 321.191 321.096 321.204 321.082 321.218 321.067 321.233 321.052 321.25 321.034 321.268 321.015 321.288 320.995 321.31 320.971 321.334 320.945 321.362 320.915 321.394 320.881 321.431 320.841 321.475 320.792 321.529 320.733 321.596 320.657 321.682 320.557 321.8 320.417 321.969 320.207 322.237 319.855 322.717 319.173 323.705 318.067 300 
321.278 321.066 321.278 321.066 321.277 321.067 321.277 321.068 321.275 321.069 321.274 321.071 321.272 321.073 321.27 321.075 321.268 321.078 321.265 321.081 321.262 321.084 321.258 321.088 321.254 321.092 321.25 321.096 321.245 321.101 321.24 321.106 321.235 321.112 321.229 321.118 321.223 321.124 321.216 321.131 321.209 321.138 321.202 321.146 321.194 321.154 321.185 321.163 321.176 321.172 321.167 321.182 321.156 321.193 321.145 321.204 321.134 321.216 321.121 321.23 321.108 321.244 321.093 321.259 321.077 321.275 321.06 321.293 321.041 321.313 321.02 321.335 320.997 321.36 320.971 321.388 320.941 321.419 320.907 321.457 320.866 321.501 320.818 321.554 320.758 321.621 320.683 321.707 320.583 321.825 320.443 321.994 320.233 322.262 319.881 322.741 319.2 323.729 318.095 300 
321.304 321.091 321.303 321.092 321.303 321.092 321.302 321.093 321.301 321.095 321.299 321.096 321.298 321.098 321.295 321.101 321.293 321.103 321.29 321.106 321.287 321.11 321.283 321.113 321.28 321.117 321.275 321.122 321.271 321.127 321.266 321.132 321.26 321.137 321.255 321.143 321.248 321.15 321.242 321.157 321.235 321.164 321.227 321.172 321.219 321.18 321.211 321.189 321.202 321.198 321.192 321.208 321.182 321.218 321.171 321.23 321.159 321.242 321.147 321.255 321.133 321.269 321.118 321.284 321.103 321.301 321.085 321.319 321.067 321.339 321.046 321.361 321.022 321.385 320.996 321.413 320.967 321.445 320.932 321.482 320.892 321.526 320.844 321.579 320.784 321.646 320.709 321.733 320.609 321.85 320.469 322.019 320.259 322.287 319.908 322.766 319.226 323.753 318.123 300 
321.329 321.117 321.329 321.117 321.328 321.118 321.327 321.119 321.326 321.12 321.325 321.122 321.323 321.124 321.321 321.126 321.318 321.129 321.316 321.132 321.312 321.135 321.309 321.139 321.305 321.143 321.301 321.147 321.296 321.152 321.291 321.157 321.286 321.163 321.28 321.169 321.274 321.175 321.267 321.182 321.26 321.189 321.253 321.197 321.245 321.205 321.236 321.214 321.227 321.223 321.218 321.233 321.207 321.244 321.196 321.255 321.185 321.267 321.172 321.28 321.159 321.294 321.144 321.31 321.128 321.326 321.111 321.344 321.092 321.364 321.071 321.386 321.048 321.41 321.022 321.438 320.992 321.47 320.958 321.507 320.918 321.551 320.869 321.605 320.81 321.671 320.734 321.758 320.634 321.875 320.495 322.044 320.285 322.312 319.934 322.791 319.253 323.777 318.151 300 
321.354 321.142 321.354 321.143 321.354 321.143 321.353 321.144 321.352 321.146 321.35 321.147 321.348 321.149 321.346 321.152 321.344 321.154 321.341 321.157 321.338 321.161 321.334 321.164 321.33 321.168 321.326 321.173 321.322 321.178 321.317 321.183 321.311 321.188 321.305 321.194 321.299 321.201 321.293 321.208 321.286 321.215 321.278 321.223 321.27 321.231 321.262 321.24 321.253 321.249 321.243 321.259 321.233 321.269 321.222 321.281 321.21 321.293 321.198 321.306 321.184 321.32 321.169 321.335 321.154 321.352 321.136 321.37 321.118 321.389 321.097 321.411 321.074 321.436 321.047 321.464 321.018 321.496 320.984 321.533 320.943 321.577 320.895 321.63 320.835 321.697 320.76 321.783 320.66 321.9 320.521 322.069 320.311 322.336 319.96 322.815 319.279 323.8 318.179 300 
321.38 321.168 321.38 321.168 321.379 321.169 321.378 321.17 321.377 321.171 321.376 321.173 321.374 321.175 321.372 321.177 321.369 321.18 321.366 321.183 321.363 321.186 321.36 321.19 321.356 321.194 321.352 321.198 321.347 321.203 321.342 321.208 321.337 321.214 321.331 321.22 321.325 321.226 321.318 321.233 321.311 321.24 321.304 321.248 321.296 321.256 321.287 321.265 321.278 321.274 321.269 321.284 321.258 321.295 321.247 321.306 321.236 321.318 321.223 321.331 321.21 321.345 321.195 321.361 321.179 321.377 321.162 321.395 321.143 321.415 321.122 321.437 321.099 321.461 321.073 321.489 321.043 321.521 321.009 321.558 320.969 321.602 320.921 321.655 320.861 321.722 320.786 321.808 320.686 321.925 320.546 322.094 320.337 322.361 319.986 322.84 319.306 323.824 318.207 300 
321.405 321.194 321.405 321.194 321.405 321.195 321.404 321.195 321.403 321.197 321.401 321.198 321.399 321.2 321.397 321.203 321.395 321.205 321.392 321.208 321.389 321.212 321.385 321.215 321.381 321.219 321.377 321.224 321.372 321.229 321.367 321.234 321.362 321.239 321.356 321.245 321.35 321.252 321.344 321.259 321.337 321.266 321.329 321.274 321.321 321.282 321.313 321.29 321.304 321.3 321.294 321.31 321.284 321.32 321.273 321.332 321.261 321.344 321.249 321.357 321.235 321.371 321.22 321.386 321.205 321.402 321.188 321.42 321.169 321.44 321.148 321.462 321.125 321.487 321.099 321.514 321.069 321.546 321.035 321.583 320.994 321.627 320.946 321.681 320.887 321.747 320.811 321.833 320.712 321.95 320.572 322.119 320.363 322.386 320.012 322.865 319.333 323.848 318.235 300 
321.431 321.219 321.431 321.219 321.43 321.22 321.429 321.221 321.428 321.222 321.427 321.224 321.425 321.226 321.423 321.228 321.42 321.231 321.417 321.234 321.414 321.237 321.411 321.241 321.407 321.245 321.403 321.249 321.398 321.254 321.393 321.259 321.388 321.265 321.382 321.271 321.376 321.277 321.369 321.284 321.362 321.291 321.355 321.299 321.347 321.307 321.338 321.316 321.329 321.325 321.32 321.335 321.309 321.346 321.298 321.357 321.287 321.369 321.274 321.382 321.261 321.396 321.246 321.411 321.23 321.428 321.213 321.446 321.194 321.466 321.173 321.488 321.15 321.512 321.124 321.54 321.095 321.572 321.06 321.609 321.02 321.653 320.972 321.706 320.913 321.772 320.837 321.859 320.737 321.976 320.598 322.145 320.389 322.411 320.038 322.889 319.359 323.872 318.263 300 
321.456 321.245 321.456 321.245 321.455 321.246 321.455 321.247 321.453 321.248 321.452 321.25 321.45 321.251 321.448 321.254 321.446 321.256 321.443 321.259 321.44 321.263 321.436 321.266 321.432 321.271 321.428 321.275 321.423 321.28 321.418 321.285 321.413 321.29 321.407 321.296 321.401 321.303 321.395 321.31 321.388 321.317 321.38 321.324 321.372 321.333 321.364 321.341 321.355 321.351 321.345 321.361 321.335 321.371 321.324 321.383 321.312 321.395 321.3 321.408 321.286 321.422 321.272 321.437 321.256 321.453 321.239 321.471 321.22 321.491 321.199 321.513 321.176 321.537 321.15 321.565 321.12 321.597 321.086 321.634 321.046 321.678 320.998 321.731 320.938 321.798 320.863 321.884 320.763 322.001 320.624 322.17 320.415 322.436 320.064 322.914 319.386 323.896 318.291 300 
321.482 321.27 321.481 321.27 321.481 321.271 321.48 321.272 321.479 321.273 321.477 321.275 321.476 321.277 321.473 321.279 321.471 321.282 321.468 321.285 321.465 321.288 321.461 321.292 321.458 321.296 321.453 321.3 321.449 321.305 321.444 321.31 321.438 321.316 321.433 321.322 321.427 321.328 321.42 321.335 321.413 321.342 321.406 321.35 321.398 321.358 321.389 321.367 321.38 321.376 321.37 321.386 321.36 321.397 321.349 321.408 321.338 321.42 321.325 321.433 321.312 321.447 321.297 321.462 321.281 321.479 321.264 321.497 321.245 321.516 321.225 321.538 321.201 321.563 321.175 321.591 321.146 321.622 321.112 321.659 321.071 321.703 321.023 321.756 320.964 321.823 320.889 321.909 320.789 322.026 320.65 322.195 320.441 322.461 320.091 322.938 319.412 323.92 318.319 300 
321.507 321.296 321.507 321.296 321.506 321.297 321.505 321.298 321.504 321.299 321.503 321.301 321.501 321.303 321.499 321.305 321.496 321.308 321.494 321.311 321.49 321.314 321.487 321.318 321.483 321.322 321.479 321.326 321.474 321.331 321.469 321.336 321.464 321.341 321.458 321.347 321.452 321.354 321.445 321.361 321.438 321.368 321.431 321.375 321.423 321.384 321.415 321.392 321.406 321.402 321.396 321.412 321.386 321.422 321.375 321.434 321.363 321.446 321.351 321.459 321.337 321.473 321.323 321.488 321.307 321.504 321.29 321.522 321.271 321.542 321.25 321.564 321.227 321.588 321.201 321.616 321.171 321.648 321.137 321.685 321.097 321.728 321.049 321.782 320.99 321.848 320.914 321.934 320.815 322.051 320.676 322.22 320.466 322.486 320.117 322.963 319.439 323.944 318.347 300 
321.532 321.321 321.532 321.322 321.532 321.322 321.531 321.323 321.53 321.324 321.528 321.326 321.526 321.328 321.524 321.33 321.522 321.333 321.519 321.336 321.516 321.339 321.512 321.343 321.508 321.347 321.504 321.351 321.5 321.356 321.495 321.361 321.489 321.367 321.484 321.373 321.477 321.379 321.471 321.386 321.464 321.393 321.456 321.401 321.448 321.409 321.44 321.418 321.431 321.427 321.421 321.437 321.411 321.448 321.4 321.459 321.389 321.471 321.376 321.484 321.363 321.498 321.348 321.513 321.332 321.53 321.315 321.547 321.296 321.567 321.276 321.589 321.253 321.614 321.227 321.641 321.197 321.673 321.163 321.71 321.123 321.754 321.074 321.807 321.015 321.873 320.94 321.959 320.841 322.076 320.701 322.245 320.492 322.511 320.143 322.988 319.465 323.968 318.375 300 
321.558 321.347 321.558 321.347 321.557 321.348 321.556 321.349 321.555 321.35 321.554 321.352 321.552 321.354 321.55 321.356 321.547 321.359 321.544 321.362 321.541 321.365 321.538 321.369 321.534 321.373 321.53 321.377 321.525 321.382 321.52 321.387 321.515 321.392 321.509 321.398 321.503 321.405 321.496 321.412 321.489 321.419 321.482 321.426 321.474 321.435 321.466 321.443 321.456 321.453 321.447 321.463 321.437 321.473 321.426 321.484 321.414 321.497 321.402 321.509 321.388 321.523 321.374 321.539 321.358 321.555 321.341 321.573 321.322 321.593 321.301 321.614 321.278 321.639 321.252 321.667 321.223 321.698 321.188 321.735 321.148 321.779 321.1 321.832 321.041 321.899 320.966 321.985 320.866 322.101 320.727 322.27 320.518 322.536 320.169 323.012 319.492 323.992 318.403 300 
321.583 321.372 321.583 321.373 321.583 321.373 321.582 321.374 321.581 321.376 321.579 321.377 321.577 321.379 321.575 321.381 321.573 321.384 321.57 321.387 321.567 321.39 321.563 321.394 321.559 321.398 321.555 321.403 321.551 321.407 321.546 321.412 321.54 321.418 321.535 321.424 321.528 321.43 321.522 321.437 321.515 321.444 321.507 321.452 321.499 321.46 321.491 321.469 321.482 321.478 321.472 321.488 321.462 321.499 321.451 321.51 321.44 321.522 321.427 321.535 321.414 321.549 321.399 321.564 321.383 321.58 321.366 321.598 321.347 321.618 321.327 321.64 321.304 321.664 321.278 321.692 321.248 321.724 321.214 321.761 321.174 321.804 321.126 321.858 321.067 321.924 320.991 322.01 320.892 322.126 320.753 322.295 320.544 322.561 320.195 323.037 319.519 324.016 318.431 300 
321.609 321.398 321.608 321.398 321.608 321.399 321.607 321.4 321.606 321.401 321.605 321.403 321.603 321.405 321.601 321.407 321.598 321.41 321.595 321.413 321.592 321.416 321.589 321.42 321.585 321.424 321.581 321.428 321.576 321.433 321.571 321.438 321.566 321.443 321.56 321.449 321.554 321.456 321.547 321.463 321.54 321.47 321.533 321.477 321.525 321.486 321.516 321.494 321.507 321.504 321.498 321.514 321.488 321.524 321.477 321.535 321.465 321.547 321.453 321.56 321.439 321.574 321.425 321.589 321.409 321.606 321.392 321.624 321.373 321.643 321.352 321.665 321.329 321.69 321.303 321.717 321.274 321.749 321.24 321.786 321.2 321.83 321.151 321.883 321.092 321.949 321.017 322.035 320.918 322.152 320.779 322.32 320.57 322.586 320.221 323.062 319.545 324.039 318.46 300 
321.634 321.423 321.634 321.424 321.633 321.424 321.633 321.425 321.631 321.427 321.63 321.428 321.628 321.43 321.626 321.432 321.624 321.435 321.621 321.438 321.618 321.441 321.614 321.445 321.61 321.449 321.606 321.454 321.601 321.458 321.596 321.463 321.591 321.469 321.585 321.475 321.579 321.481 321.573 321.488 321.566 321.495 321.558 321.503 321.55 321.511 321.542 321.52 321.533 321.529 321.523 321.539 321.513 321.55 321.502 321.561 321.491 321.573 321.478 321.586 321.465 321.6 321.45 321.615 321.434 321.631 321.417 321.649 321.399 321.669 321.378 321.691 321.355 321.715 321.329 321.743 321.299 321.774 321.265 321.811 321.225 321.855 321.177 321.908 321.118 321.974 321.043 322.06 320.944 322.177 320.805 322.345 320.596 322.611 320.247 323.086 319.572 324.063 318.488 300 
321.659 321.449 321.659 321.449 321.659 321.45 321.658 321.451 321.657 321.452 321.655 321.454 321.654 321.456 321.651 321.458 321.649 321.461 321.646 321.464 321.643 321.467 321.64 321.471 321.636 321.475 321.631 321.479 321.627 321.484 321.622 321.489 321.617 321.494 321.611 321.5 321.605 321.507 321.598 321.514 321.591 321.521 321.584 321.528 321.576 321.537 321.567 321.545 321.558 321.555 321.549 321.564 321.539 321.575 321.528 321.586 321.516 321.598 321.504 321.611 321.49 321.625 321.476 321.64 321.46 321.657 321.443 321.675 321.424 321.694 321.403 321.716 321.38 321.741 321.354 321.768 321.325 321.8 321.291 321.837 321.251 321.88 321.203 321.933 321.144 322 321.069 322.086 320.969 322.202 320.831 322.37 320.622 322.636 320.274 323.111 319.598 324.087 318.516 300 
321.685 321.474 321.685 321.475 321.684 321.475 321.683 321.476 321.682 321.478 321.681 321.479 321.679 321.481 321.677 321.484 321.674 321.486 321.672 321.489 321.668 321.492 321.665 321.496 321.661 321.5 321.657 321.505 321.652 321.509 321.647 321.514 321.642 321.52 321.636 321.526 321.63 321.532 321.624 321.539 321.617 321.546 321.609 321.554 321.601 321.562 321.593 321.571 321.584 321.58 321.574 321.59 321.564 321.6 321.553 321.612 321.542 321.624 321.529 321.637 321.516 321.651 321.501 321.666 321.485 321.682 321.468 321.7 321.45 321.72 321.429 321.741 321.406 321.766 321.38 321.794 321.35 321.825 321.316 321.862 321.276 321.906 321.228 321.959 321.169 322.025 321.094 322.111 320.995 322.227 320.857 322.395 320.648 322.66 320.3 323.136 319.625 324.111 318.544 300 
321.71 321.5 321.71 321.5 321.71 321.501 321.709 321.502 321.708 321.503 321.706 321.505 321.704 321.507 321.702 321.509 321.7 321.512 321.697 321.515 321.694 321.518 321.69 321.522 321.687 321.526 321.682 321.53 321.678 321.535 321.673 321.54 321.667 321.546 321.662 321.551 321.656 321.558 321.649 321.565 321.642 321.572 321.635 321.579 321.627 321.588 321.618 321.596 321.609 321.606 321.6 321.615 321.59 321.626 321.579 321.637 321.567 321.649 321.555 321.662 321.541 321.676 321.527 321.691 321.511 321.708 321.494 321.725 321.475 321.745 321.454 321.767 321.431 321.791 321.406 321.819 321.376 321.85 321.342 321.887 321.302 321.931 321.254 321.984 321.195 322.05 321.12 322.136 321.021 322.252 320.882 322.42 320.674 322.685 320.326 323.16 319.651 324.135 318.572 300 
321.736 321.525 321.736 321.526 321.735 321.526 321.734 321.527 321.733 321.529 321.732 321.53 321.73 321.532 321.728 321.535 321.725 321.537 321.722 321.54 321.719 321.544 321.716 321.547 321.712 321.551 321.708 321.556 321.703 321.56 321.698 321.566 321.693 321.571 321.687 321.577 321.681 321.583 321.675 321.59 321.668 321.597 321.66 321.605 321.652 321.613 321.644 321.622 321.635 321.631 321.625 321.641 321.615 321.651 321.604 321.663 321.593 321.675 321.58 321.688 321.567 321.702 321.552 321.717 321.537 321.733 321.519 321.751 321.501 321.77 321.48 321.792 321.457 321.817 321.431 321.844 321.402 321.876 321.368 321.913 321.328 321.956 321.28 322.009 321.221 322.075 321.146 322.161 321.047 322.277 320.908 322.445 320.7 322.71 320.352 323.185 319.678 324.159 318.6 300 
321.761 321.551 321.761 321.551 321.761 321.552 321.76 321.553 321.759 321.554 321.757 321.556 321.755 321.558 321.753 321.56 321.751 321.563 321.748 321.566 321.745 321.569 321.741 321.573 321.737 321.577 321.733 321.581 321.729 321.586 321.724 321.591 321.718 321.597 321.713 321.602 321.707 321.609 321.7 321.616 321.693 321.623 321.686 321.63 321.678 321.639 321.669 321.647 321.66 321.657 321.651 321.666 321.641 321.677 321.63 321.688 321.618 321.7 321.606 321.713 321.592 321.727 321.578 321.742 321.562 321.758 321.545 321.776 321.526 321.796 321.506 321.818 321.483 321.842 321.457 321.87 321.427 321.901 321.393 321.938 321.353 321.982 321.305 322.035 321.246 322.101 321.172 322.186 321.072 322.303 320.934 322.47 320.726 322.735 320.378 323.21 319.704 324.183 318.628 300 
321.787 321.576 321.786 321.577 321.786 321.577 321.785 321.578 321.784 321.58 321.783 321.581 321.781 321.583 321.779 321.586 321.776 321.588 321.773 321.591 321.77 321.595 321.767 321.598 321.763 321.602 321.759 321.607 321.754 321.611 321.749 321.617 321.744 321.622 321.738 321.628 321.732 321.634 321.725 321.641 321.719 321.648 321.711 321.656 321.703 321.664 321.695 321.673 321.686 321.682 321.676 321.692 321.666 321.702 321.655 321.714 321.644 321.726 321.631 321.739 321.618 321.752 321.603 321.767 321.588 321.784 321.571 321.802 321.552 321.821 321.531 321.843 321.508 321.867 321.482 321.895 321.453 321.927 321.419 321.963 321.379 322.007 321.331 322.06 321.272 322.126 321.197 322.212 321.098 322.328 320.96 322.495 320.752 322.76 320.404 323.234 319.731 324.207 318.656 300 
321.812 321.602 321.812 321.602 321.811 321.603 321.811 321.604 321.809 321.605 321.808 321.607 321.806 321.609 321.804 321.611 321.802 321.614 321.799 321.617 321.796 321.62 321.792 321.624 321.788 321.628 321.784 321.632 321.78 321.637 321.775 321.642 321.769 321.648 321.764 321.653 321.757 321.66 321.751 321.667 321.744 321.674 321.737 321.681 321.729 321.69 321.72 321.698 321.711 321.707 321.702 321.717 321.692 321.728 321.681 321.739 321.669 321.751 321.657 321.764 321.643 321.778 321.629 321.793 321.613 321.809 321.596 321.827 321.577 321.847 321.557 321.868 321.534 321.893 321.508 321.92 321.478 321.952 321.444 321.989 321.405 322.032 321.357 322.085 321.298 322.151 321.223 322.237 321.124 322.353 320.986 322.521 320.778 322.785 320.43 323.259 319.758 324.231 318.684 300 
321.837 321.628 321.837 321.628 321.837 321.629 321.836 321.629 321.835 321.631 321.833 321.632 321.832 321.634 321.829 321.637 321.827 321.639 321.824 321.642 321.821 321.646 321.818 321.649 321.814 321.653 321.81 321.658 321.805 321.662 321.8 321.668 321.795 321.673 321.789 321.679 321.783 321.685 321.776 321.692 321.769 321.699 321.762 321.707 321.754 321.715 321.746 321.724 321.737 321.733 321.727 321.743 321.717 321.753 321.706 321.765 321.695 321.777 321.682 321.789 321.669 321.803 321.654 321.818 321.639 321.835 321.622 321.853 321.603 321.872 321.582 321.894 321.559 321.918 321.533 321.946 321.504 321.977 321.47 322.014 321.43 322.058 321.382 322.11 321.323 322.177 321.249 322.262 321.15 322.378 321.012 322.546 320.804 322.81 320.457 323.284 319.784 324.255 318.712 300 
321.863 321.653 321.863 321.653 321.862 321.654 321.861 321.655 321.86 321.656 321.859 321.658 321.857 321.66 321.855 321.662 321.852 321.665 321.85 321.668 321.846 321.671 321.843 321.675 321.839 321.679 321.835 321.683 321.83 321.688 321.825 321.693 321.82 321.699 321.814 321.704 321.808 321.711 321.802 321.718 321.795 321.725 321.787 321.732 321.78 321.741 321.771 321.749 321.762 321.758 321.753 321.768 321.742 321.779 321.732 321.79 321.72 321.802 321.708 321.815 321.694 321.829 321.68 321.844 321.664 321.86 321.647 321.878 321.628 321.898 321.608 321.919 321.585 321.944 321.559 321.971 321.53 322.003 321.496 322.039 321.456 322.083 321.408 322.136 321.349 322.202 321.274 322.287 321.176 322.403 321.037 322.571 320.83 322.835 320.483 323.308 319.811 324.279 318.74 300 
321.888 321.679 321.888 321.679 321.888 321.68 321.887 321.681 321.886 321.682 321.884 321.683 321.882 321.685 321.88 321.688 321.878 321.69 321.875 321.693 321.872 321.697 321.868 321.7 321.865 321.704 321.86 321.709 321.856 321.713 321.851 321.719 321.846 321.724 321.84 321.73 321.834 321.736 321.827 321.743 321.82 321.75 321.813 321.758 321.805 321.766 321.797 321.775 321.788 321.784 321.778 321.794 321.768 321.804 321.757 321.815 321.746 321.827 321.733 321.84 321.72 321.854 321.705 321.869 321.69 321.886 321.673 321.903 321.654 321.923 321.633 321.945 321.61 321.969 321.585 321.996 321.555 322.028 321.521 322.065 321.481 322.108 321.434 322.161 321.375 322.227 321.3 322.312 321.201 322.428 321.063 322.596 320.856 322.86 320.509 323.333 319.837 324.302 318.768 300 
321.914 321.704 321.914 321.704 321.913 321.705 321.912 321.706 321.911 321.707 321.91 321.709 321.908 321.711 321.906 321.713 321.903 321.716 321.9 321.719 321.897 321.722 321.894 321.726 321.89 321.73 321.886 321.734 321.881 321.739 321.876 321.744 321.871 321.75 321.865 321.755 321.859 321.762 321.853 321.769 321.846 321.776 321.838 321.783 321.83 321.791 321.822 321.8 321.813 321.809 321.804 321.819 321.793 321.83 321.783 321.841 321.771 321.853 321.759 321.866 321.745 321.88 321.731 321.895 321.715 321.911 321.698 321.929 321.68 321.948 321.659 321.97 321.636 321.994 321.61 322.022 321.581 322.053 321.547 322.09 321.507 322.134 321.459 322.186 321.4 322.252 321.326 322.338 321.227 322.453 321.089 322.621 320.882 322.885 320.535 323.358 319.864 324.326 318.796 300 
321.939 321.73 321.939 321.73 321.939 321.731 321.938 321.732 321.937 321.733 321.935 321.735 321.933 321.737 321.931 321.739 321.929 321.741 321.926 321.744 321.923 321.748 321.919 321.751 321.915 321.755 321.911 321.76 321.907 321.764 321.902 321.77 321.897 321.775 321.891 321.781 321.885 321.787 321.878 321.794 321.871 321.801 321.864 321.809 321.856 321.817 321.848 321.826 321.839 321.835 321.829 321.845 321.819 321.855 321.808 321.866 321.797 321.878 321.784 321.891 321.771 321.905 321.756 321.92 321.741 321.936 321.724 321.954 321.705 321.974 321.684 321.995 321.662 322.02 321.636 322.047 321.606 322.079 321.572 322.115 321.533 322.159 321.485 322.212 321.426 322.278 321.352 322.363 321.253 322.479 321.115 322.646 320.908 322.91 320.561 323.382 319.89 324.35 318.824 300 
321.965 321.755 321.964 321.756 321.964 321.756 321.963 321.757 321.962 321.758 321.961 321.76 321.959 321.762 321.957 321.764 321.954 321.767 321.951 321.77 321.948 321.773 321.945 321.777 321.941 321.781 321.937 321.785 321.932 321.79 321.927 321.795 321.922 321.801 321.916 321.806 321.91 321.813 321.904 321.82 321.897 321.827 321.889 321.834 321.881 321.842 321.873 321.851 321.864 321.86 321.855 321.87 321.844 321.881 321.834 321.892 321.822 321.904 321.81 321.917 321.796 321.931 321.782 321.946 321.766 321.962 321.749 321.98 321.731 321.999 321.71 322.021 321.687 322.045 321.661 322.073 321.632 322.104 321.598 322.141 321.558 322.184 321.511 322.237 321.452 322.303 321.377 322.388 321.279 322.504 321.141 322.671 320.934 322.935 320.587 323.407 319.917 324.374 318.852 300 
321.99 321.781 321.99 321.781 321.989 321.782 321.989 321.783 321.987 321.784 321.986 321.786 321.984 321.788 321.982 321.79 321.98 321.792 321.977 321.795 321.974 321.799 321.97 321.802 321.966 321.806 321.962 321.811 321.958 321.816 321.953 321.821 321.947 321.826 321.942 321.832 321.936 321.838 321.929 321.845 321.922 321.852 321.915 321.86 321.907 321.868 321.899 321.877 321.89 321.886 321.88 321.896 321.87 321.906 321.859 321.917 321.848 321.929 321.835 321.942 321.822 321.956 321.807 321.971 321.792 321.987 321.775 322.005 321.756 322.025 321.736 322.046 321.713 322.071 321.687 322.098 321.658 322.129 321.624 322.166 321.584 322.209 321.536 322.262 321.478 322.328 321.403 322.413 321.304 322.529 321.167 322.696 320.959 322.96 320.613 323.432 319.944 324.398 318.88 300 
322.015 321.806 322.015 321.807 322.015 321.807 322.014 321.808 322.013 321.81 322.011 321.811 322.01 321.813 322.007 321.815 322.005 321.818 322.002 321.821 321.999 321.824 321.996 321.828 321.992 321.832 321.988 321.836 321.983 321.841 321.978 321.846 321.973 321.852 321.967 321.857 321.961 321.864 321.955 321.871 321.948 321.878 321.94 321.885 321.932 321.893 321.924 321.902 321.915 321.911 321.906 321.921 321.895 321.932 321.885 321.943 321.873 321.955 321.861 321.968 321.847 321.981 321.833 321.996 321.817 322.013 321.8 322.03 321.782 322.05 321.761 322.072 321.738 322.096 321.712 322.123 321.683 322.155 321.649 322.191 321.61 322.235 321.562 322.288 321.503 322.353 321.429 322.439 321.33 322.554 321.192 322.721 320.985 322.985 320.639 323.456 319.97 324.422 318.908 300 
322.041 321.832 322.041 321.832 322.04 321.833 322.039 321.834 322.038 321.835 322.037 321.837 322.035 321.839 322.033 321.841 322.03 321.844 322.028 321.846 322.025 321.85 322.021 321.853 322.017 321.857 322.013 321.862 322.008 321.867 322.004 321.872 321.998 321.877 321.993 321.883 321.987 321.889 321.98 321.896 321.973 321.903 321.966 321.911 321.958 321.919 321.949 321.928 321.941 321.937 321.931 321.947 321.921 321.957 321.91 321.968 321.899 321.98 321.886 321.993 321.873 322.007 321.858 322.022 321.843 322.038 321.826 322.056 321.807 322.075 321.787 322.097 321.764 322.121 321.738 322.149 321.709 322.18 321.675 322.217 321.635 322.26 321.588 322.313 321.529 322.379 321.454 322.464 321.356 322.579 321.218 322.746 321.011 323.009 320.666 323.481 319.997 324.446 318.936 300 
322.066 321.857 322.066 321.858 322.066 321.858 322.065 321.859 322.064 321.861 322.062 321.862 322.06 321.864 322.058 321.866 322.056 321.869 322.053 321.872 322.05 321.875 322.046 321.879 322.043 321.883 322.038 321.887 322.034 321.892 322.029 321.897 322.024 321.903 322.018 321.908 322.012 321.915 322.005 321.921 321.999 321.929 321.991 321.936 321.983 321.944 321.975 321.953 321.966 321.962 321.956 321.972 321.946 321.983 321.936 321.994 321.924 322.006 321.912 322.018 321.898 322.032 321.884 322.047 321.868 322.064 321.851 322.081 321.833 322.101 321.812 322.122 321.789 322.147 321.764 322.174 321.734 322.205 321.701 322.242 321.661 322.285 321.613 322.338 321.555 322.404 321.48 322.489 321.382 322.604 321.244 322.771 321.037 323.034 320.692 323.506 320.023 324.47 318.964 300 
322.092 321.883 322.092 321.883 322.091 321.884 322.09 321.885 322.089 321.886 322.088 321.888 322.086 321.89 322.084 321.892 322.081 321.895 322.079 321.898 322.075 321.901 322.072 321.904 322.068 321.908 322.064 321.913 322.059 321.918 322.054 321.923 322.049 321.928 322.044 321.934 322.037 321.94 322.031 321.947 322.024 321.954 322.017 321.962 322.009 321.97 322 321.979 321.991 321.988 321.982 321.998 321.972 322.008 321.961 322.019 321.949 322.031 321.937 322.044 321.924 322.058 321.909 322.073 321.894 322.089 321.877 322.107 321.858 322.126 321.838 322.148 321.815 322.172 321.789 322.199 321.76 322.231 321.726 322.267 321.686 322.311 321.639 322.363 321.58 322.429 321.506 322.514 321.407 322.63 321.27 322.796 321.063 323.059 320.718 323.53 320.05 324.494 318.992 300 
322.117 321.908 322.117 321.909 322.116 321.909 322.116 321.91 322.115 321.912 322.113 321.913 322.111 321.915 322.109 321.917 322.107 321.92 322.104 321.923 322.101 321.926 322.097 321.93 322.094 321.934 322.089 321.938 322.085 321.943 322.08 321.948 322.075 321.954 322.069 321.96 322.063 321.966 322.056 321.972 322.049 321.98 322.042 321.987 322.034 321.995 322.026 322.004 322.017 322.013 322.007 322.023 321.997 322.033 321.987 322.045 321.975 322.057 321.963 322.069 321.949 322.083 321.935 322.098 321.919 322.114 321.902 322.132 321.884 322.152 321.863 322.173 321.84 322.197 321.815 322.225 321.786 322.256 321.752 322.293 321.712 322.336 321.664 322.389 321.606 322.454 321.532 322.539 321.433 322.655 321.296 322.821 321.089 323.084 320.744 323.555 320.076 324.518 319.02 300 
322.143 321.934 322.142 321.934 322.142 321.935 322.141 321.936 322.14 321.937 322.139 321.939 322.137 321.941 322.135 321.943 322.132 321.946 322.129 321.949 322.126 321.952 322.123 321.956 322.119 321.96 322.115 321.964 322.11 321.969 322.105 321.974 322.1 321.979 322.094 321.985 322.088 321.991 322.082 321.998 322.075 322.005 322.068 322.013 322.06 322.021 322.051 322.029 322.042 322.039 322.033 322.048 322.023 322.059 322.012 322.07 322 322.082 321.988 322.095 321.975 322.109 321.96 322.124 321.945 322.14 321.928 322.158 321.909 322.177 321.889 322.199 321.866 322.223 321.84 322.25 321.811 322.282 321.777 322.318 321.738 322.361 321.69 322.414 321.632 322.48 321.557 322.565 321.459 322.68 321.322 322.846 321.115 323.109 320.77 323.579 320.103 324.542 319.048 300 
322.168 321.959 322.168 321.96 322.167 321.96 322.167 321.961 322.165 321.963 322.164 321.964 322.162 321.966 322.16 321.969 322.158 321.971 322.155 321.974 322.152 321.977 322.148 321.981 322.144 321.985 322.14 321.989 322.136 321.994 322.131 321.999 322.126 322.005 322.12 322.011 322.114 322.017 322.107 322.023 322.1 322.031 322.093 322.038 322.085 322.046 322.077 322.055 322.068 322.064 322.058 322.074 322.048 322.084 322.038 322.096 322.026 322.107 322.014 322.12 322 322.134 321.986 322.149 321.97 322.165 321.953 322.183 321.935 322.202 321.914 322.224 321.892 322.248 321.866 322.276 321.837 322.307 321.803 322.343 321.763 322.387 321.716 322.439 321.657 322.505 321.583 322.59 321.485 322.705 321.347 322.872 321.141 323.134 320.796 323.604 320.129 324.566 319.076 300 
322.193 321.985 322.193 321.985 322.193 321.986 322.192 321.987 322.191 321.988 322.189 321.99 322.188 321.992 322.185 321.994 322.183 321.997 322.18 322 322.177 322.003 322.174 322.007 322.17 322.011 322.166 322.015 322.161 322.02 322.156 322.025 322.151 322.03 322.145 322.036 322.139 322.042 322.133 322.049 322.126 322.056 322.118 322.064 322.111 322.072 322.102 322.08 322.093 322.09 322.084 322.099 322.074 322.11 322.063 322.121 322.051 322.133 322.039 322.146 322.026 322.16 322.011 322.174 321.996 322.191 321.979 322.208 321.96 322.228 321.94 322.249 321.917 322.274 321.891 322.301 321.862 322.332 321.829 322.369 321.789 322.412 321.741 322.465 321.683 322.53 321.609 322.615 321.51 322.73 321.373 322.897 321.167 323.159 320.822 323.629 320.156 324.589 319.104 300 
322.219 322.01 322.219 322.011 322.218 322.011 322.217 322.012 322.216 322.014 322.215 322.015 322.213 322.017 322.211 322.02 322.208 322.022 322.206 322.025 322.203 322.028 322.199 322.032 322.195 322.036 322.191 322.04 322.187 322.045 322.182 322.05 322.176 322.056 322.171 322.062 322.165 322.068 322.158 322.074 322.151 322.082 322.144 322.089 322.136 322.097 322.128 322.106 322.119 322.115 322.109 322.125 322.099 322.135 322.089 322.146 322.077 322.158 322.065 322.171 322.051 322.185 322.037 322.2 322.021 322.216 322.005 322.234 321.986 322.253 321.966 322.275 321.943 322.299 321.917 322.326 321.888 322.358 321.854 322.394 321.815 322.437 321.767 322.49 321.709 322.555 321.634 322.64 321.536 322.755 321.399 322.922 321.193 323.184 320.849 323.653 320.183 324.613 319.132 300 
322.244 322.036 322.244 322.036 322.244 322.037 322.243 322.038 322.242 322.039 322.24 322.041 322.238 322.043 322.236 322.045 322.234 322.048 322.231 322.051 322.228 322.054 322.225 322.058 322.221 322.062 322.217 322.066 322.212 322.071 322.207 322.076 322.202 322.081 322.196 322.087 322.19 322.093 322.184 322.1 322.177 322.107 322.169 322.115 322.162 322.123 322.153 322.131 322.144 322.141 322.135 322.15 322.125 322.161 322.114 322.172 322.102 322.184 322.09 322.197 322.077 322.21 322.063 322.225 322.047 322.242 322.03 322.259 322.012 322.279 321.991 322.3 321.968 322.324 321.943 322.352 321.913 322.383 321.88 322.419 321.84 322.463 321.793 322.515 321.734 322.581 321.66 322.665 321.562 322.781 321.425 322.947 321.219 323.209 320.875 323.678 320.209 324.637 319.16 300 
322.27 322.062 322.27 322.062 322.269 322.063 322.268 322.063 322.267 322.065 322.266 322.066 322.264 322.068 322.262 322.071 322.259 322.073 322.257 322.076 322.253 322.079 322.25 322.083 322.246 322.087 322.242 322.091 322.237 322.096 322.233 322.101 322.227 322.107 322.222 322.113 322.216 322.119 322.209 322.125 322.202 322.133 322.195 322.14 322.187 322.148 322.179 322.157 322.17 322.166 322.16 322.176 322.15 322.186 322.139 322.197 322.128 322.209 322.116 322.222 322.102 322.236 322.088 322.251 322.073 322.267 322.056 322.285 322.037 322.304 322.017 322.326 321.994 322.35 321.968 322.377 321.939 322.408 321.905 322.445 321.866 322.488 321.818 322.54 321.76 322.606 321.686 322.691 321.588 322.806 321.451 322.972 321.245 323.234 320.901 323.703 320.236 324.661 319.188 300 
322.295 322.087 322.295 322.087 322.294 322.088 322.294 322.089 322.293 322.09 322.291 322.092 322.289 322.094 322.287 322.096 322.285 322.099 322.282 322.102 322.279 322.105 322.275 322.109 322.272 322.113 322.267 322.117 322.263 322.122 322.258 322.127 322.253 322.132 322.247 322.138 322.241 322.144 322.235 322.151 322.228 322.158 322.22 322.166 322.212 322.174 322.204 322.182 322.195 322.192 322.186 322.201 322.176 322.212 322.165 322.223 322.153 322.235 322.141 322.248 322.128 322.261 322.114 322.276 322.098 322.292 322.081 322.31 322.063 322.33 322.042 322.351 322.019 322.375 321.994 322.402 321.965 322.434 321.931 322.47 321.891 322.513 321.844 322.566 321.786 322.631 321.712 322.716 321.614 322.831 321.477 322.997 321.271 323.259 320.927 323.727 320.262 324.685 319.216 300 
322.321 322.113 322.32 322.113 322.32 322.114 322.319 322.115 322.318 322.116 322.317 322.117 322.315 322.119 322.313 322.122 322.31 322.124 322.307 322.127 322.304 322.131 322.301 322.134 322.297 322.138 322.293 322.142 322.288 322.147 322.283 322.152 322.278 322.158 322.273 322.164 322.266 322.17 322.26 322.176 322.253 322.184 322.246 322.191 322.238 322.199 322.23 322.208 322.221 322.217 322.211 322.227 322.201 322.237 322.19 322.248 322.179 322.26 322.167 322.273 322.153 322.287 322.139 322.302 322.124 322.318 322.107 322.335 322.088 322.355 322.068 322.376 322.045 322.401 322.019 322.428 321.99 322.459 321.957 322.495 321.917 322.539 321.87 322.591 321.811 322.656 321.737 322.741 321.639 322.856 321.502 323.022 321.297 323.284 320.953 323.752 320.289 324.709 319.244 300 
322.346 322.138 322.346 322.138 322.345 322.139 322.345 322.14 322.343 322.141 322.342 322.143 322.34 322.145 322.338 322.147 322.336 322.15 322.333 322.153 322.33 322.156 322.326 322.16 322.322 322.164 322.318 322.168 322.314 322.173 322.309 322.178 322.304 322.183 322.298 322.189 322.292 322.195 322.285 322.202 322.279 322.209 322.271 322.217 322.263 322.225 322.255 322.233 322.246 322.243 322.237 322.252 322.227 322.263 322.216 322.274 322.204 322.286 322.192 322.298 322.179 322.312 322.165 322.327 322.149 322.343 322.132 322.361 322.114 322.38 322.093 322.402 322.071 322.426 322.045 322.453 322.016 322.484 321.982 322.521 321.943 322.564 321.895 322.616 321.837 322.682 321.763 322.766 321.665 322.881 321.528 323.047 321.323 323.309 320.979 323.777 320.315 324.733 319.272 300 
322.371 322.164 322.371 322.164 322.371 322.165 322.37 322.166 322.369 322.167 322.367 322.169 322.366 322.17 322.363 322.173 322.361 322.175 322.358 322.178 322.355 322.182 322.352 322.185 322.348 322.189 322.344 322.194 322.339 322.198 322.334 322.203 322.329 322.209 322.323 322.215 322.317 322.221 322.311 322.227 322.304 322.235 322.297 322.242 322.289 322.25 322.281 322.259 322.272 322.268 322.262 322.278 322.252 322.288 322.241 322.299 322.23 322.311 322.218 322.324 322.204 322.338 322.19 322.353 322.175 322.369 322.158 322.386 322.139 322.406 322.119 322.427 322.096 322.451 322.071 322.479 322.041 322.51 322.008 322.546 321.968 322.589 321.921 322.642 321.863 322.707 321.789 322.792 321.691 322.906 321.554 323.072 321.349 323.334 321.005 323.801 320.342 324.757 319.3 300 
322.397 322.189 322.397 322.19 322.396 322.19 322.395 322.191 322.394 322.192 322.393 322.194 322.391 322.196 322.389 322.198 322.386 322.201 322.384 322.204 322.381 322.207 322.377 322.211 322.373 322.215 322.369 322.219 322.365 322.224 322.36 322.229 322.355 322.234 322.349 322.24 322.343 322.246 322.336 322.253 322.33 322.26 322.322 322.268 322.314 322.276 322.306 322.284 322.297 322.293 322.288 322.303 322.278 322.314 322.267 322.325 322.255 322.337 322.243 322.349 322.23 322.363 322.216 322.378 322.2 322.394 322.183 322.412 322.165 322.431 322.144 322.453 322.122 322.477 322.096 322.504 322.067 322.535 322.033 322.571 321.994 322.615 321.947 322.667 321.888 322.732 321.814 322.817 321.717 322.931 321.58 323.097 321.375 323.358 321.031 323.826 320.368 324.781 319.328 300 
322.422 322.215 322.422 322.215 322.422 322.216 322.421 322.217 322.42 322.218 322.418 322.22 322.416 322.222 322.414 322.224 322.412 322.226 322.409 322.229 322.406 322.233 322.403 322.236 322.399 322.24 322.395 322.245 322.39 322.249 322.385 322.254 322.38 322.26 322.374 322.266 322.368 322.272 322.362 322.278 322.355 322.286 322.348 322.293 322.34 322.301 322.331 322.31 322.323 322.319 322.313 322.329 322.303 322.339 322.292 322.35 322.281 322.362 322.269 322.375 322.255 322.389 322.241 322.403 322.226 322.42 322.209 322.437 322.19 322.457 322.17 322.478 322.147 322.502 322.122 322.529 322.093 322.561 322.059 322.597 322.02 322.64 321.972 322.692 321.914 322.757 321.84 322.842 321.742 322.957 321.606 323.122 321.401 323.383 321.058 323.851 320.395 324.805 319.356 300 
322.448 322.24 322.448 322.241 322.447 322.241 322.446 322.242 322.445 322.243 322.444 322.245 322.442 322.247 322.44 322.249 322.437 322.252 322.435 322.255 322.431 322.258 322.428 322.262 322.424 322.266 322.42 322.27 322.416 322.275 322.411 322.28 322.405 322.285 322.4 322.291 322.394 322.297 322.387 322.304 322.38 322.311 322.373 322.319 322.365 322.327 322.357 322.335 322.348 322.344 322.339 322.354 322.329 322.365 322.318 322.376 322.306 322.388 322.294 322.4 322.281 322.414 322.267 322.429 322.251 322.445 322.234 322.463 322.216 322.482 322.195 322.503 322.173 322.527 322.147 322.555 322.118 322.586 322.085 322.622 322.045 322.665 321.998 322.717 321.94 322.783 321.866 322.867 321.768 322.982 321.632 323.147 321.426 323.408 321.084 323.875 320.422 324.829 319.384 300 
322.473 322.266 322.473 322.266 322.472 322.267 322.472 322.268 322.471 322.269 322.469 322.271 322.467 322.273 322.465 322.275 322.463 322.277 322.46 322.28 322.457 322.284 322.453 322.287 322.45 322.291 322.445 322.296 322.441 322.3 322.436 322.305 322.431 322.311 322.425 322.317 322.419 322.323 322.413 322.329 322.406 322.337 322.399 322.344 322.391 322.352 322.382 322.361 322.374 322.37 322.364 322.38 322.354 322.39 322.343 322.401 322.332 322.413 322.32 322.426 322.306 322.439 322.292 322.454 322.277 322.47 322.26 322.488 322.241 322.507 322.221 322.529 322.198 322.553 322.173 322.58 322.144 322.611 322.11 322.647 322.071 322.691 322.024 322.743 321.965 322.808 321.892 322.892 321.794 323.007 321.657 323.172 321.452 323.433 321.11 323.9 320.448 324.853 319.412 300 
322.499 322.291 322.498 322.292 322.498 322.292 322.497 322.293 322.496 322.295 322.495 322.296 322.493 322.298 322.491 322.3 322.488 322.303 322.485 322.306 322.482 322.309 322.479 322.313 322.475 322.317 322.471 322.321 322.466 322.326 322.462 322.331 322.456 322.336 322.451 322.342 322.445 322.348 322.438 322.355 322.431 322.362 322.424 322.37 322.416 322.378 322.408 322.386 322.399 322.395 322.39 322.405 322.38 322.415 322.369 322.427 322.357 322.438 322.345 322.451 322.332 322.465 322.318 322.48 322.302 322.496 322.285 322.513 322.267 322.533 322.247 322.554 322.224 322.578 322.198 322.605 322.169 322.637 322.136 322.673 322.096 322.716 322.049 322.768 321.991 322.833 321.917 322.918 321.82 323.032 321.683 323.197 321.478 323.458 321.136 323.925 320.475 324.877 319.44 300 
322.524 322.317 322.524 322.317 322.523 322.318 322.523 322.319 322.521 322.32 322.52 322.322 322.518 322.324 322.516 322.326 322.514 322.328 322.511 322.331 322.508 322.335 322.504 322.338 322.501 322.342 322.496 322.347 322.492 322.351 322.487 322.356 322.482 322.362 322.476 322.368 322.47 322.374 322.464 322.38 322.457 322.388 322.449 322.395 322.442 322.403 322.433 322.412 322.425 322.421 322.415 322.431 322.405 322.441 322.394 322.452 322.383 322.464 322.371 322.477 322.357 322.49 322.343 322.505 322.328 322.521 322.311 322.539 322.292 322.558 322.272 322.58 322.249 322.604 322.224 322.631 322.195 322.662 322.161 322.698 322.122 322.741 322.075 322.793 322.017 322.859 321.943 322.943 321.845 323.057 321.709 323.223 321.504 323.483 321.162 323.949 320.501 324.901 319.468 300 
322.549 322.342 322.549 322.343 322.549 322.343 322.548 322.344 322.547 322.346 322.545 322.347 322.544 322.349 322.541 322.351 322.539 322.354 322.536 322.357 322.533 322.36 322.53 322.364 322.526 322.368 322.522 322.372 322.517 322.377 322.512 322.382 322.507 322.387 322.502 322.393 322.496 322.399 322.489 322.406 322.482 322.413 322.475 322.421 322.467 322.429 322.459 322.437 322.45 322.446 322.441 322.456 322.431 322.466 322.42 322.477 322.408 322.489 322.396 322.502 322.383 322.516 322.369 322.531 322.353 322.547 322.336 322.564 322.318 322.584 322.298 322.605 322.275 322.629 322.25 322.656 322.221 322.687 322.187 322.724 322.148 322.766 322.101 322.819 322.042 322.884 321.969 322.968 321.871 323.082 321.735 323.248 321.53 323.508 321.188 323.974 320.528 324.925 319.496 300 
322.575 322.368 322.575 322.368 322.574 322.369 322.573 322.37 322.572 322.371 322.571 322.373 322.569 322.375 322.567 322.377 322.564 322.38 322.562 322.382 322.559 322.386 322.555 322.389 322.551 322.393 322.547 322.398 322.543 322.402 322.538 322.407 322.533 322.413 322.527 322.419 322.521 322.425 322.515 322.431 322.508 322.439 322.5 322.446 322.493 322.454 322.484 322.463 322.475 322.472 322.466 322.482 322.456 322.492 322.445 322.503 322.434 322.515 322.422 322.528 322.408 322.541 322.394 322.556 322.379 322.572 322.362 322.59 322.344 322.609 322.323 322.63 322.301 322.654 322.275 322.682 322.246 322.713 322.213 322.749 322.173 322.792 322.126 322.844 322.068 322.909 321.994 322.993 321.897 323.108 321.761 323.273 321.556 323.533 321.214 323.999 320.554 324.948 319.524 300 
322.6 322.393 322.6 322.394 322.6 322.394 322.599 322.395 322.598 322.397 322.596 322.398 322.594 322.4 322.592 322.402 322.59 322.405 322.587 322.408 322.584 322.411 322.581 322.415 322.577 322.419 322.573 322.423 322.568 322.428 322.563 322.433 322.558 322.438 322.552 322.444 322.546 322.45 322.54 322.457 322.533 322.464 322.526 322.472 322.518 322.48 322.51 322.488 322.501 322.497 322.492 322.507 322.482 322.517 322.471 322.528 322.459 322.54 322.447 322.553 322.434 322.567 322.42 322.581 322.404 322.598 322.388 322.615 322.369 322.634 322.349 322.656 322.326 322.68 322.301 322.707 322.272 322.738 322.238 322.774 322.199 322.817 322.152 322.869 322.094 322.934 322.02 323.019 321.923 323.133 321.787 323.298 321.582 323.558 321.241 324.023 320.581 324.972 319.552 300 
322.626 322.419 322.625 322.419 322.625 322.42 322.624 322.421 322.623 322.422 322.622 322.424 322.62 322.426 322.618 322.428 322.615 322.431 322.613 322.434 322.609 322.437 322.606 322.44 322.602 322.444 322.598 322.449 322.594 322.453 322.589 322.458 322.584 322.464 322.578 322.47 322.572 322.476 322.565 322.482 322.559 322.49 322.551 322.497 322.544 322.505 322.535 322.514 322.526 322.523 322.517 322.532 322.507 322.543 322.496 322.554 322.485 322.566 322.473 322.578 322.459 322.592 322.445 322.607 322.43 322.623 322.413 322.641 322.395 322.66 322.374 322.681 322.352 322.705 322.326 322.732 322.297 322.763 322.264 322.8 322.225 322.842 322.177 322.895 322.119 322.96 322.046 323.044 321.948 323.158 321.812 323.323 321.608 323.583 321.267 324.048 320.607 324.996 319.58 300 
322.651 322.445 322.651 322.445 322.65 322.445 322.65 322.446 322.649 322.448 322.647 322.449 322.645 322.451 322.643 322.454 322.641 322.456 322.638 322.459 322.635 322.462 322.631 322.466 322.628 322.47 322.624 322.474 322.619 322.479 322.614 322.484 322.609 322.489 322.603 322.495 322.597 322.501 322.591 322.508 322.584 322.515 322.577 322.523 322.569 322.531 322.561 322.539 322.552 322.548 322.543 322.558 322.533 322.568 322.522 322.579 322.51 322.591 322.498 322.604 322.485 322.618 322.471 322.632 322.455 322.648 322.439 322.666 322.42 322.685 322.4 322.707 322.377 322.731 322.352 322.758 322.323 322.789 322.289 322.825 322.25 322.868 322.203 322.92 322.145 322.985 322.072 323.069 321.974 323.183 321.838 323.348 321.634 323.608 321.293 324.073 320.634 325.02 319.608 300 
322.677 322.47 322.676 322.47 322.676 322.471 322.675 322.472 322.674 322.473 322.672 322.475 322.671 322.477 322.669 322.479 322.666 322.482 322.663 322.485 322.66 322.488 322.657 322.491 322.653 322.495 322.649 322.5 322.645 322.504 322.64 322.509 322.634 322.515 322.629 322.521 322.623 322.527 322.616 322.533 322.61 322.541 322.602 322.548 322.594 322.556 322.586 322.565 322.577 322.574 322.568 322.583 322.558 322.594 322.547 322.605 322.536 322.617 322.524 322.629 322.51 322.643 322.496 322.658 322.481 322.674 322.464 322.691 322.446 322.711 322.425 322.732 322.403 322.756 322.377 322.783 322.348 322.814 322.315 322.85 322.276 322.893 322.229 322.945 322.171 323.01 322.097 323.094 322 323.208 321.864 323.373 321.66 323.633 321.319 324.097 320.66 325.044 319.636 300 
322.702 322.496 322.702 322.496 322.701 322.497 322.7 322.497 322.699 322.499 322.698 322.5 322.696 322.502 322.694 322.505 322.692 322.507 322.689 322.51 322.686 322.513 322.682 322.517 322.679 322.521 322.674 322.525 322.67 322.53 322.665 322.535 322.66 322.54 322.654 322.546 322.648 322.552 322.642 322.559 322.635 322.566 322.628 322.574 322.62 322.582 322.612 322.59 322.603 322.599 322.593 322.609 322.583 322.619 322.573 322.63 322.561 322.642 322.549 322.655 322.536 322.668 322.522 322.683 322.506 322.699 322.49 322.717 322.471 322.736 322.451 322.757 322.428 322.781 322.403 322.808 322.374 322.839 322.341 322.876 322.301 322.918 322.254 322.97 322.197 323.035 322.123 323.119 322.026 323.233 321.89 323.398 321.686 323.658 321.345 324.122 320.687 325.068 319.664 300 
322.727 322.521 322.727 322.521 322.727 322.522 322.726 322.523 322.725 322.524 322.723 322.526 322.722 322.528 322.719 322.53 322.717 322.533 322.714 322.536 322.711 322.539 322.708 322.542 322.704 322.546 322.7 322.551 322.695 322.555 322.691 322.56 322.685 322.566 322.68 322.572 322.674 322.578 322.667 322.584 322.66 322.592 322.653 322.599 322.645 322.607 322.637 322.616 322.628 322.625 322.619 322.634 322.609 322.645 322.598 322.656 322.587 322.668 322.575 322.68 322.562 322.694 322.547 322.709 322.532 322.725 322.515 322.742 322.497 322.761 322.477 322.783 322.454 322.807 322.429 322.834 322.4 322.865 322.366 322.901 322.327 322.944 322.28 322.996 322.222 323.061 322.149 323.145 322.052 323.259 321.916 323.423 321.712 323.683 321.371 324.147 320.714 325.092 319.692 300 
322.753 322.547 322.753 322.547 322.752 322.548 322.751 322.549 322.75 322.55 322.749 322.551 322.747 322.553 322.745 322.556 322.742 322.558 322.74 322.561 322.737 322.564 322.733 322.568 322.729 322.572 322.725 322.576 322.721 322.581 322.716 322.586 322.711 322.591 322.705 322.597 322.699 322.603 322.693 322.61 322.686 322.617 322.679 322.625 322.671 322.633 322.663 322.641 322.654 322.65 322.644 322.66 322.634 322.67 322.624 322.681 322.612 322.693 322.6 322.706 322.587 322.719 322.573 322.734 322.557 322.75 322.541 322.768 322.522 322.787 322.502 322.808 322.48 322.832 322.454 322.859 322.425 322.89 322.392 322.926 322.353 322.969 322.306 323.021 322.248 323.086 322.174 323.17 322.077 323.284 321.942 323.448 321.738 323.708 321.397 324.171 320.74 325.116 319.72 300 
322.778 322.572 322.778 322.572 322.778 322.573 322.777 322.574 322.776 322.575 322.774 322.577 322.772 322.579 322.77 322.581 322.768 322.584 322.765 322.587 322.762 322.59 322.759 322.593 322.755 322.597 322.751 322.602 322.746 322.606 322.741 322.611 322.736 322.617 322.731 322.623 322.725 322.629 322.718 322.635 322.711 322.643 322.704 322.65 322.696 322.658 322.688 322.667 322.679 322.676 322.67 322.685 322.66 322.696 322.649 322.707 322.638 322.718 322.626 322.731 322.613 322.745 322.598 322.76 322.583 322.776 322.566 322.793 322.548 322.812 322.528 322.834 322.505 322.858 322.48 322.885 322.451 322.916 322.417 322.952 322.378 322.994 322.331 323.046 322.274 323.111 322.2 323.195 322.103 323.309 321.967 323.473 321.764 323.733 321.423 324.196 320.767 325.14 319.748 300 
322.804 322.598 322.803 322.598 322.803 322.599 322.802 322.6 322.801 322.601 322.8 322.602 322.798 322.604 322.796 322.607 322.793 322.609 322.791 322.612 322.788 322.615 322.784 322.619 322.78 322.623 322.776 322.627 322.772 322.632 322.767 322.637 322.762 322.642 322.756 322.648 322.75 322.654 322.744 322.661 322.737 322.668 322.73 322.676 322.722 322.684 322.714 322.692 322.705 322.701 322.695 322.711 322.685 322.721 322.675 322.732 322.663 322.744 322.651 322.757 322.638 322.77 322.624 322.785 322.608 322.801 322.592 322.818 322.573 322.838 322.553 322.859 322.531 322.883 322.505 322.91 322.476 322.941 322.443 322.977 322.404 323.02 322.357 323.072 322.299 323.136 322.226 323.22 322.129 323.334 321.993 323.498 321.79 323.757 321.45 324.221 320.793 325.164 319.776 300 
322.829 322.623 322.829 322.624 322.828 322.624 322.828 322.625 322.827 322.626 322.825 322.628 322.823 322.63 322.821 322.632 322.819 322.635 322.816 322.638 322.813 322.641 322.81 322.645 322.806 322.648 322.802 322.653 322.797 322.657 322.792 322.662 322.787 322.668 322.782 322.674 322.776 322.68 322.769 322.686 322.762 322.693 322.755 322.701 322.747 322.709 322.739 322.718 322.73 322.727 322.721 322.736 322.711 322.747 322.7 322.758 322.689 322.769 322.677 322.782 322.664 322.796 322.649 322.81 322.634 322.826 322.617 322.844 322.599 322.863 322.579 322.884 322.556 322.908 322.531 322.935 322.502 322.966 322.469 323.002 322.43 323.045 322.383 323.097 322.325 323.162 322.252 323.245 322.155 323.359 322.019 323.523 321.816 323.782 321.476 324.245 320.82 325.188 319.804 300 
322.854 322.649 322.854 322.649 322.854 322.65 322.853 322.651 322.852 322.652 322.85 322.654 322.849 322.655 322.847 322.658 322.844 322.66 322.841 322.663 322.838 322.666 322.835 322.67 322.831 322.674 322.827 322.678 322.823 322.683 322.818 322.688 322.813 322.693 322.807 322.699 322.801 322.705 322.795 322.712 322.788 322.719 322.78 322.727 322.773 322.734 322.764 322.743 322.756 322.752 322.746 322.762 322.736 322.772 322.726 322.783 322.714 322.795 322.702 322.807 322.689 322.821 322.675 322.836 322.66 322.852 322.643 322.869 322.625 322.889 322.604 322.91 322.582 322.934 322.556 322.961 322.528 322.992 322.494 323.028 322.455 323.07 322.408 323.122 322.351 323.187 322.277 323.271 322.18 323.384 322.045 323.549 321.842 323.807 321.502 324.27 320.846 325.212 319.831 300 
322.88 322.674 322.88 322.675 322.879 322.675 322.878 322.676 322.877 322.677 322.876 322.679 322.874 322.681 322.872 322.683 322.87 322.686 322.867 322.689 322.864 322.692 322.86 322.696 322.857 322.7 322.853 322.704 322.848 322.708 322.843 322.713 322.838 322.719 322.832 322.725 322.826 322.731 322.82 322.737 322.813 322.744 322.806 322.752 322.798 322.76 322.79 322.768 322.781 322.778 322.772 322.787 322.762 322.797 322.751 322.808 322.74 322.82 322.728 322.833 322.715 322.847 322.7 322.861 322.685 322.877 322.668 322.895 322.65 322.914 322.63 322.935 322.607 322.959 322.582 322.986 322.553 323.017 322.52 323.053 322.481 323.096 322.434 323.147 322.376 323.212 322.303 323.296 322.206 323.41 322.071 323.574 321.867 323.832 321.528 324.295 320.873 325.236 319.859 300 
322.905 322.7 322.905 322.7 322.905 322.701 322.904 322.702 322.903 322.703 322.901 322.705 322.9 322.707 322.897 322.709 322.895 322.711 322.892 322.714 322.889 322.718 322.886 322.721 322.882 322.725 322.878 322.729 322.874 322.734 322.869 322.739 322.863 322.744 322.858 322.75 322.852 322.756 322.846 322.763 322.839 322.77 322.831 322.777 322.824 322.785 322.815 322.794 322.807 322.803 322.797 322.813 322.787 322.823 322.777 322.834 322.765 322.846 322.753 322.858 322.74 322.872 322.726 322.887 322.711 322.903 322.694 322.92 322.676 322.939 322.655 322.961 322.633 322.984 322.608 323.011 322.579 323.042 322.546 323.078 322.506 323.121 322.46 323.173 322.402 323.237 322.329 323.321 322.232 323.435 322.097 323.599 321.893 323.857 321.554 324.319 320.899 325.26 319.887 300 
322.931 322.725 322.931 322.726 322.93 322.726 322.929 322.727 322.928 322.729 322.927 322.73 322.925 322.732 322.923 322.734 322.921 322.737 322.918 322.74 322.915 322.743 322.911 322.747 322.908 322.751 322.903 322.755 322.899 322.759 322.894 322.764 322.889 322.77 322.883 322.776 322.877 322.782 322.871 322.788 322.864 322.795 322.857 322.803 322.849 322.811 322.841 322.819 322.832 322.829 322.823 322.838 322.813 322.848 322.802 322.859 322.791 322.871 322.779 322.884 322.766 322.897 322.751 322.912 322.736 322.928 322.719 322.946 322.701 322.965 322.681 322.986 322.658 323.01 322.633 323.037 322.604 323.068 322.571 323.104 322.532 323.146 322.485 323.198 322.428 323.263 322.354 323.346 322.258 323.46 322.122 323.624 321.919 323.882 321.58 324.344 320.926 325.284 319.915 300 
322.956 322.751 322.956 322.751 322.956 322.752 322.955 322.753 322.954 322.754 322.952 322.756 322.95 322.758 322.948 322.76 322.946 322.762 322.943 322.765 322.94 322.769 322.937 322.772 322.933 322.776 322.929 322.78 322.924 322.785 322.92 322.79 322.914 322.795 322.909 322.801 322.903 322.807 322.896 322.814 322.89 322.821 322.882 322.828 322.875 322.836 322.866 322.845 322.858 322.854 322.848 322.864 322.838 322.874 322.828 322.885 322.816 322.897 322.804 322.909 322.791 322.923 322.777 322.938 322.762 322.954 322.745 322.971 322.727 322.99 322.706 323.011 322.684 323.035 322.659 323.062 322.63 323.093 322.597 323.129 322.558 323.172 322.511 323.223 322.453 323.288 322.38 323.372 322.283 323.485 322.148 323.649 321.945 323.907 321.606 324.369 320.952 325.308 319.943 300 
322.982 322.776 322.981 322.777 322.981 322.777 322.98 322.778 322.979 322.78 322.978 322.781 322.976 322.783 322.974 322.785 322.971 322.788 322.969 322.791 322.966 322.794 322.962 322.798 322.958 322.802 322.954 322.806 322.95 322.81 322.945 322.816 322.94 322.821 322.934 322.827 322.928 322.833 322.922 322.839 322.915 322.846 322.908 322.854 322.9 322.862 322.892 322.87 322.883 322.879 322.874 322.889 322.864 322.899 322.853 322.91 322.842 322.922 322.83 322.935 322.817 322.948 322.802 322.963 322.787 322.979 322.77 322.996 322.752 323.016 322.732 323.037 322.71 323.061 322.684 323.088 322.656 323.118 322.622 323.154 322.583 323.197 322.537 323.249 322.479 323.313 322.406 323.397 322.309 323.51 322.174 323.674 321.971 323.932 321.632 324.393 320.979 325.332 319.971 300 
323.007 322.802 323.007 322.802 323.006 322.803 323.006 322.804 323.004 322.805 323.003 322.807 323.001 322.809 322.999 322.811 322.997 322.813 322.994 322.816 322.991 322.82 322.988 322.823 322.984 322.827 322.98 322.831 322.975 322.836 322.97 322.841 322.965 322.846 322.96 322.852 322.954 322.858 322.947 322.865 322.941 322.872 322.933 322.879 322.926 322.887 322.917 322.896 322.909 322.905 322.899 322.915 322.889 322.925 322.879 322.936 322.867 322.948 322.855 322.96 322.842 322.974 322.828 322.988 322.813 323.004 322.796 323.022 322.778 323.041 322.758 323.062 322.735 323.086 322.71 323.113 322.681 323.144 322.648 323.18 322.609 323.222 322.562 323.274 322.505 323.338 322.432 323.422 322.335 323.535 322.2 323.699 321.997 323.957 321.659 324.418 321.005 325.356 319.999 300 
323.032 322.827 323.032 322.828 323.032 322.828 323.031 322.829 323.03 322.831 323.028 322.832 323.027 322.834 323.025 322.836 323.022 322.839 323.019 322.842 323.016 322.845 323.013 322.849 323.009 322.853 323.005 322.857 323.001 322.862 322.996 322.867 322.991 322.872 322.985 322.878 322.979 322.884 322.973 322.89 322.966 322.897 322.959 322.905 322.951 322.913 322.943 322.921 322.934 322.93 322.925 322.94 322.915 322.95 322.904 322.961 322.893 322.973 322.881 322.986 322.868 322.999 322.853 323.014 322.838 323.03 322.822 323.047 322.803 323.066 322.783 323.088 322.761 323.111 322.735 323.138 322.707 323.169 322.674 323.205 322.635 323.248 322.588 323.299 322.53 323.364 322.457 323.447 322.361 323.561 322.226 323.724 322.023 323.982 321.685 324.443 321.032 325.38 320.027 300 
323.058 322.853 323.058 322.853 323.057 322.854 323.056 322.855 323.055 322.856 323.054 322.858 323.052 322.86 323.05 322.862 323.048 322.864 323.045 322.867 323.042 322.871 323.038 322.874 323.035 322.878 323.031 322.882 323.026 322.887 323.021 322.892 323.016 322.897 323.011 322.903 323.005 322.909 322.998 322.916 322.991 322.923 322.984 322.93 322.976 322.938 322.968 322.947 322.96 322.956 322.95 322.966 322.94 322.976 322.93 322.987 322.918 322.998 322.906 323.011 322.893 323.025 322.879 323.039 322.864 323.055 322.847 323.073 322.829 323.092 322.809 323.113 322.786 323.137 322.761 323.164 322.732 323.194 322.699 323.23 322.66 323.273 322.613 323.325 322.556 323.389 322.483 323.472 322.386 323.586 322.252 323.749 322.049 324.007 321.711 324.467 321.059 325.403 320.055 300 
323.083 322.879 323.083 322.879 323.083 322.879 323.082 322.88 323.081 322.882 323.079 322.883 323.078 322.885 323.076 322.887 323.073 322.89 323.07 322.893 323.067 322.896 323.064 322.9 323.06 322.904 323.056 322.908 323.052 322.913 323.047 322.918 323.042 322.923 323.036 322.929 323.03 322.935 323.024 322.941 323.017 322.948 323.01 322.956 323.002 322.964 322.994 322.972 322.985 322.981 322.976 322.991 322.966 323.001 322.955 323.012 322.944 323.024 322.932 323.037 322.919 323.05 322.905 323.065 322.889 323.081 322.873 323.098 322.854 323.117 322.834 323.138 322.812 323.162 322.787 323.189 322.758 323.22 322.725 323.256 322.686 323.298 322.639 323.35 322.582 323.414 322.509 323.498 322.412 323.611 322.277 323.774 322.075 324.032 321.737 324.492 321.085 325.427 320.083 300 
323.109 322.904 323.109 322.904 323.108 322.905 323.107 322.906 323.106 322.907 323.105 322.909 323.103 322.911 323.101 322.913 323.099 322.916 323.096 322.918 323.093 322.922 323.089 322.925 323.086 322.929 323.081 322.933 323.077 322.938 323.072 322.943 323.067 322.948 323.061 322.954 323.056 322.96 323.049 322.967 323.042 322.974 323.035 322.981 323.027 322.989 323.019 322.998 323.01 323.007 323.001 323.016 322.991 323.027 322.981 323.038 322.969 323.049 322.957 323.062 322.944 323.076 322.93 323.09 322.915 323.106 322.898 323.124 322.88 323.143 322.86 323.164 322.837 323.188 322.812 323.214 322.783 323.245 322.75 323.281 322.711 323.324 322.665 323.375 322.607 323.44 322.534 323.523 322.438 323.636 322.303 323.799 322.101 324.057 321.763 324.517 321.112 325.451 320.111 300 
323.134 322.93 323.134 322.93 323.134 322.931 323.133 322.931 323.132 322.933 323.13 322.934 323.128 322.936 323.126 322.938 323.124 322.941 323.121 322.944 323.118 322.947 323.115 322.951 323.111 322.955 323.107 322.959 323.102 322.964 323.098 322.969 323.092 322.974 323.087 322.98 323.081 322.986 323.075 322.992 323.068 322.999 323.061 323.007 323.053 323.015 323.045 323.023 323.036 323.032 323.027 323.042 323.017 323.052 323.006 323.063 322.995 323.075 322.983 323.087 322.97 323.101 322.956 323.116 322.94 323.132 322.924 323.149 322.905 323.168 322.885 323.189 322.863 323.213 322.838 323.24 322.809 323.271 322.776 323.306 322.737 323.349 322.69 323.4 322.633 323.465 322.56 323.548 322.464 323.661 322.329 323.824 322.127 324.082 321.789 324.542 321.138 325.475 320.139 300 
323.16 322.955 323.159 322.955 323.159 322.956 323.158 322.957 323.157 322.958 323.156 322.96 323.154 322.962 323.152 322.964 323.149 322.967 323.147 322.969 323.144 322.973 323.14 322.976 323.136 322.98 323.132 322.984 323.128 322.989 323.123 322.994 323.118 322.999 323.112 323.005 323.106 323.011 323.1 323.018 323.093 323.025 323.086 323.032 323.078 323.04 323.07 323.049 323.061 323.058 323.052 323.067 323.042 323.078 323.032 323.089 323.02 323.1 323.008 323.113 322.995 323.126 322.981 323.141 322.966 323.157 322.949 323.174 322.931 323.193 322.911 323.215 322.888 323.238 322.863 323.265 322.835 323.296 322.802 323.332 322.763 323.374 322.716 323.426 322.659 323.49 322.586 323.573 322.489 323.686 322.355 323.849 322.153 324.107 321.815 324.566 321.165 325.499 320.167 300 
323.185 322.981 323.185 322.981 323.184 322.982 323.184 322.983 323.182 322.984 323.181 322.985 323.179 322.987 323.177 322.99 323.175 322.992 323.172 322.995 323.169 322.998 323.166 323.002 323.162 323.006 323.158 323.01 323.153 323.015 323.149 323.02 323.143 323.025 323.138 323.031 323.132 323.037 323.126 323.043 323.119 323.05 323.112 323.058 323.104 323.066 323.096 323.074 323.087 323.083 323.078 323.093 323.068 323.103 323.057 323.114 323.046 323.126 323.034 323.138 323.021 323.152 323.007 323.166 322.991 323.182 322.975 323.2 322.957 323.219 322.936 323.24 322.914 323.264 322.889 323.291 322.86 323.321 322.827 323.357 322.788 323.399 322.742 323.451 322.684 323.515 322.612 323.599 322.515 323.711 322.381 323.875 322.179 324.132 321.841 324.591 321.191 325.523 320.195 300 
323.21 323.006 323.21 323.006 323.21 323.007 323.209 323.008 323.208 323.009 323.206 323.011 323.205 323.013 323.203 323.015 323.2 323.018 323.198 323.021 323.194 323.024 323.191 323.027 323.187 323.031 323.183 323.035 323.179 323.04 323.174 323.045 323.169 323.05 323.163 323.056 323.157 323.062 323.151 323.069 323.144 323.076 323.137 323.083 323.129 323.091 323.121 323.1 323.112 323.109 323.103 323.118 323.093 323.129 323.083 323.14 323.071 323.151 323.059 323.164 323.046 323.177 323.032 323.192 323.017 323.208 323 323.225 322.982 323.244 322.962 323.265 322.94 323.289 322.914 323.316 322.886 323.347 322.853 323.382 322.814 323.425 322.767 323.476 322.71 323.541 322.637 323.624 322.541 323.737 322.407 323.9 322.205 324.157 321.868 324.616 321.218 325.547 320.222 300 
323.236 323.032 323.236 323.032 323.235 323.033 323.234 323.034 323.233 323.035 323.232 323.036 323.23 323.038 323.228 323.041 323.226 323.043 323.223 323.046 323.22 323.049 323.217 323.053 323.213 323.057 323.209 323.061 323.204 323.066 323.199 323.071 323.194 323.076 323.189 323.082 323.183 323.088 323.176 323.094 323.17 323.101 323.162 323.109 323.155 323.117 323.147 323.125 323.138 323.134 323.129 323.144 323.119 323.154 323.108 323.165 323.097 323.177 323.085 323.189 323.072 323.203 323.058 323.217 323.042 323.233 323.026 323.251 323.008 323.27 322.988 323.291 322.965 323.315 322.94 323.341 322.911 323.372 322.878 323.408 322.84 323.45 322.793 323.502 322.736 323.566 322.663 323.649 322.567 323.762 322.432 323.925 322.231 324.181 321.894 324.64 321.244 325.571 320.25 300 
323.261 323.057 323.261 323.058 323.261 323.058 323.26 323.059 323.259 323.06 323.257 323.062 323.256 323.064 323.254 323.066 323.251 323.069 323.248 323.072 323.245 323.075 323.242 323.078 323.238 323.082 323.234 323.087 323.23 323.091 323.225 323.096 323.22 323.101 323.214 323.107 323.208 323.113 323.202 323.12 323.195 323.127 323.188 323.134 323.18 323.142 323.172 323.151 323.163 323.16 323.154 323.169 323.144 323.18 323.134 323.19 323.122 323.202 323.11 323.215 323.097 323.228 323.083 323.243 323.068 323.259 323.051 323.276 323.033 323.295 323.013 323.316 322.991 323.34 322.966 323.367 322.937 323.397 322.904 323.433 322.865 323.475 322.819 323.527 322.761 323.591 322.689 323.674 322.593 323.787 322.458 323.95 322.257 324.206 321.92 324.665 321.271 325.595 320.278 300 
323.287 323.083 323.287 323.083 323.286 323.084 323.285 323.085 323.284 323.086 323.283 323.087 323.281 323.089 323.279 323.092 323.277 323.094 323.274 323.097 323.271 323.1 323.267 323.104 323.264 323.108 323.26 323.112 323.255 323.117 323.25 323.122 323.245 323.127 323.24 323.133 323.234 323.139 323.227 323.145 323.221 323.152 323.213 323.16 323.206 323.168 323.197 323.176 323.189 323.185 323.18 323.195 323.17 323.205 323.159 323.216 323.148 323.228 323.136 323.24 323.123 323.254 323.109 323.268 323.093 323.284 323.077 323.301 323.059 323.321 323.039 323.342 323.016 323.365 322.991 323.392 322.963 323.423 322.93 323.458 322.891 323.501 322.844 323.552 322.787 323.616 322.714 323.699 322.618 323.812 322.484 323.975 322.282 324.231 321.946 324.69 321.297 325.619 320.306 300 
323.312 323.108 323.312 323.109 323.312 323.109 323.311 323.11 323.31 323.111 323.308 323.113 323.306 323.115 323.304 323.117 323.302 323.12 323.299 323.123 323.296 323.126 323.293 323.129 323.289 323.133 323.285 323.138 323.281 323.142 323.276 323.147 323.271 323.152 323.265 323.158 323.259 323.164 323.253 323.171 323.246 323.178 323.239 323.185 323.231 323.193 323.223 323.202 323.214 323.211 323.205 323.22 323.195 323.23 323.185 323.241 323.173 323.253 323.161 323.266 323.148 323.279 323.134 323.294 323.119 323.31 323.102 323.327 323.084 323.346 323.064 323.367 323.042 323.391 323.017 323.417 322.988 323.448 322.955 323.484 322.916 323.526 322.87 323.577 322.813 323.642 322.74 323.725 322.644 323.837 322.51 324 322.308 324.256 321.972 324.714 321.324 325.643 320.334 300 
323.338 323.134 323.337 323.134 323.337 323.135 323.336 323.136 323.335 323.137 323.334 323.139 323.332 323.14 323.33 323.143 323.327 323.145 323.325 323.148 323.322 323.151 323.318 323.155 323.315 323.159 323.31 323.163 323.306 323.168 323.301 323.173 323.296 323.178 323.291 323.184 323.285 323.19 323.278 323.196 323.271 323.203 323.264 323.211 323.257 323.219 323.248 323.227 323.24 323.236 323.23 323.246 323.221 323.256 323.21 323.267 323.199 323.278 323.187 323.291 323.174 323.305 323.16 323.319 323.144 323.335 323.128 323.352 323.11 323.371 323.09 323.392 323.067 323.416 323.042 323.443 323.014 323.473 322.981 323.509 322.942 323.551 322.896 323.603 322.838 323.667 322.766 323.75 322.67 323.862 322.536 324.025 322.334 324.281 321.998 324.739 321.35 325.667 320.362 300 
323.363 323.159 323.363 323.16 323.362 323.16 323.362 323.161 323.36 323.162 323.359 323.164 323.357 323.166 323.355 323.168 323.353 323.171 323.35 323.174 323.347 323.177 323.344 323.18 323.34 323.184 323.336 323.189 323.331 323.193 323.327 323.198 323.322 323.203 323.316 323.209 323.31 323.215 323.304 323.222 323.297 323.229 323.29 323.236 323.282 323.244 323.274 323.253 323.265 323.262 323.256 323.271 323.246 323.281 323.236 323.292 323.224 323.304 323.212 323.316 323.199 323.33 323.185 323.345 323.17 323.36 323.153 323.378 323.135 323.397 323.115 323.418 323.093 323.441 323.068 323.468 323.039 323.499 323.006 323.534 322.968 323.577 322.921 323.628 322.864 323.692 322.792 323.775 322.696 323.888 322.562 324.05 322.36 324.306 322.024 324.764 321.377 325.691 320.39 300 
323.388 323.185 323.388 323.185 323.388 323.186 323.387 323.187 323.386 323.188 323.384 323.19 323.383 323.192 323.381 323.194 323.378 323.196 323.376 323.199 323.373 323.202 323.369 323.206 323.365 323.21 323.361 323.214 323.357 323.219 323.352 323.224 323.347 323.229 323.341 323.235 323.336 323.241 323.329 323.247 323.322 323.254 323.315 323.262 323.308 323.27 323.299 323.278 323.291 323.287 323.281 323.297 323.272 323.307 323.261 323.318 323.25 323.329 323.238 323.342 323.225 323.355 323.211 323.37 323.196 323.386 323.179 323.403 323.161 323.422 323.141 323.443 323.119 323.467 323.093 323.494 323.065 323.524 323.032 323.56 322.993 323.602 322.947 323.653 322.89 323.717 322.817 323.8 322.721 323.913 322.587 324.075 322.386 324.331 322.05 324.788 321.403 325.715 320.418 300 
323.414 323.21 323.414 323.211 323.413 323.211 323.412 323.212 323.411 323.214 323.41 323.215 323.408 323.217 323.406 323.219 323.404 323.222 323.401 323.225 323.398 323.228 323.395 323.231 323.391 323.235 323.387 323.24 323.382 323.244 323.378 323.249 323.372 323.255 323.367 323.26 323.361 323.266 323.355 323.273 323.348 323.28 323.341 323.287 323.333 323.295 323.325 323.304 323.316 323.313 323.307 323.322 323.297 323.332 323.287 323.343 323.275 323.355 323.263 323.367 323.25 323.381 323.236 323.395 323.221 323.411 323.205 323.429 323.186 323.448 323.166 323.469 323.144 323.492 323.119 323.519 323.091 323.55 323.058 323.585 323.019 323.627 322.973 323.679 322.915 323.743 322.843 323.826 322.747 323.938 322.613 324.1 322.412 324.356 322.076 324.813 321.43 325.739 320.446 300 
323.439 323.236 323.439 323.236 323.439 323.237 323.438 323.238 323.437 323.239 323.435 323.241 323.434 323.243 323.432 323.245 323.429 323.247 323.426 323.25 323.423 323.253 323.42 323.257 323.416 323.261 323.412 323.265 323.408 323.27 323.403 323.275 323.398 323.28 323.392 323.286 323.386 323.292 323.38 323.298 323.373 323.305 323.366 323.313 323.358 323.321 323.35 323.329 323.342 323.338 323.332 323.348 323.323 323.358 323.312 323.369 323.301 323.38 323.289 323.393 323.276 323.406 323.262 323.421 323.247 323.437 323.23 323.454 323.212 323.473 323.192 323.494 323.17 323.518 323.145 323.544 323.116 323.575 323.083 323.61 323.045 323.653 322.998 323.704 322.941 323.768 322.869 323.851 322.773 323.963 322.639 324.125 322.438 324.381 322.103 324.838 321.456 325.763 320.474 300 
323.465 323.261 323.465 323.262 323.464 323.262 323.463 323.263 323.462 323.265 323.461 323.266 323.459 323.268 323.457 323.27 323.455 323.273 323.452 323.276 323.449 323.279 323.445 323.283 323.442 323.286 323.438 323.291 323.433 323.295 323.428 323.3 323.423 323.306 323.418 323.311 323.412 323.317 323.406 323.324 323.399 323.331 323.392 323.338 323.384 323.346 323.376 323.355 323.367 323.364 323.358 323.373 323.348 323.383 323.338 323.394 323.326 323.406 323.314 323.418 323.301 323.432 323.287 323.446 323.272 323.462 323.256 323.479 323.237 323.498 323.217 323.519 323.195 323.543 323.17 323.57 323.142 323.6 323.109 323.636 323.07 323.678 323.024 323.729 322.967 323.793 322.894 323.876 322.799 323.988 322.665 324.15 322.464 324.406 322.129 324.862 321.483 325.787 320.502 300 
323.49 323.287 323.49 323.287 323.49 323.288 323.489 323.289 323.488 323.29 323.486 323.292 323.484 323.294 323.482 323.296 323.48 323.298 323.477 323.301 323.474 323.304 323.471 323.308 323.467 323.312 323.463 323.316 323.459 323.321 323.454 323.326 323.449 323.331 323.443 323.337 323.437 323.343 323.431 323.349 323.424 323.356 323.417 323.364 323.409 323.372 323.401 323.38 323.393 323.389 323.383 323.399 323.374 323.409 323.363 323.42 323.352 323.431 323.34 323.444 323.327 323.457 323.313 323.472 323.298 323.488 323.281 323.505 323.263 323.524 323.243 323.545 323.221 323.568 323.196 323.595 323.167 323.626 323.134 323.661 323.096 323.703 323.049 323.755 322.992 323.818 322.92 323.901 322.824 324.013 322.691 324.176 322.49 324.431 322.155 324.887 321.51 325.811 320.529 300 
323.516 323.312 323.515 323.313 323.515 323.313 323.514 323.314 323.513 323.316 323.512 323.317 323.51 323.319 323.508 323.321 323.505 323.324 323.503 323.327 323.5 323.33 323.496 323.334 323.493 323.337 323.489 323.342 323.484 323.346 323.479 323.351 323.474 323.357 323.469 323.362 323.463 323.368 323.456 323.375 323.45 323.382 323.443 323.389 323.435 323.397 323.427 323.406 323.418 323.415 323.409 323.424 323.399 323.434 323.388 323.445 323.377 323.457 323.365 323.469 323.352 323.483 323.338 323.497 323.323 323.513 323.307 323.53 323.289 323.549 323.269 323.57 323.246 323.594 323.221 323.62 323.193 323.651 323.16 323.687 323.121 323.729 323.075 323.78 323.018 323.844 322.946 323.926 322.85 324.039 322.717 324.201 322.516 324.456 322.181 324.912 321.536 325.835 320.557 300 
323.541 323.338 323.541 323.338 323.54 323.339 323.54 323.34 323.538 323.341 323.537 323.343 323.535 323.345 323.533 323.347 323.531 323.349 323.528 323.352 323.525 323.356 323.522 323.359 323.518 323.363 323.514 323.367 323.51 323.372 323.505 323.377 323.5 323.382 323.494 323.388 323.488 323.394 323.482 323.4 323.475 323.407 323.468 323.415 323.46 323.423 323.452 323.431 323.444 323.44 323.434 323.45 323.424 323.46 323.414 323.471 323.403 323.482 323.391 323.495 323.378 323.508 323.364 323.523 323.349 323.538 323.332 323.556 323.314 323.575 323.294 323.596 323.272 323.619 323.247 323.646 323.218 323.676 323.186 323.712 323.147 323.754 323.101 323.805 323.044 323.869 322.972 323.952 322.876 324.064 322.742 324.226 322.542 324.481 322.207 324.936 321.563 325.859 320.585 300 
323.566 323.364 323.566 323.364 323.566 323.364 323.565 323.365 323.564 323.367 323.562 323.368 323.561 323.37 323.559 323.372 323.556 323.375 323.554 323.378 323.551 323.381 323.547 323.385 323.543 323.388 323.539 323.393 323.535 323.397 323.53 323.402 323.525 323.408 323.52 323.413 323.514 323.419 323.507 323.426 323.501 323.433 323.493 323.44 323.486 323.448 323.478 323.457 323.469 323.465 323.46 323.475 323.45 323.485 323.439 323.496 323.428 323.508 323.416 323.52 323.403 323.534 323.389 323.548 323.374 323.564 323.358 323.581 323.34 323.6 323.32 323.621 323.297 323.645 323.272 323.671 323.244 323.702 323.211 323.737 323.173 323.779 323.126 323.83 323.069 323.894 322.997 323.977 322.902 324.089 322.768 324.251 322.568 324.506 322.233 324.961 321.589 325.883 320.613 300 
323.592 323.389 323.592 323.389 323.591 323.39 323.59 323.391 323.589 323.392 323.588 323.394 323.586 323.396 323.584 323.398 323.582 323.4 323.579 323.403 323.576 323.407 323.573 323.41 323.569 323.414 323.565 323.418 323.56 323.423 323.556 323.428 323.551 323.433 323.545 323.439 323.539 323.445 323.533 323.451 323.526 323.458 323.519 323.466 323.511 323.474 323.503 323.482 323.494 323.491 323.485 323.5 323.475 323.511 323.465 323.521 323.454 323.533 323.442 323.546 323.429 323.559 323.415 323.573 323.4 323.589 323.383 323.606 323.365 323.625 323.345 323.646 323.323 323.67 323.298 323.697 323.27 323.727 323.237 323.763 323.198 323.805 323.152 323.856 323.095 323.92 323.023 324.002 322.927 324.114 322.794 324.276 322.594 324.531 322.259 324.986 321.616 325.907 320.641 300 
323.617 323.415 323.617 323.415 323.617 323.416 323.616 323.416 323.615 323.418 323.613 323.419 323.612 323.421 323.61 323.423 323.607 323.426 323.604 323.429 323.601 323.432 323.598 323.436 323.594 323.439 323.59 323.444 323.586 323.448 323.581 323.453 323.576 323.459 323.57 323.464 323.565 323.47 323.558 323.477 323.552 323.484 323.544 323.491 323.537 323.499 323.529 323.507 323.52 323.516 323.511 323.526 323.501 323.536 323.49 323.547 323.479 323.559 323.467 323.571 323.454 323.584 323.44 323.599 323.425 323.615 323.409 323.632 323.391 323.651 323.371 323.672 323.349 323.695 323.324 323.722 323.295 323.752 323.262 323.788 323.224 323.83 323.178 323.881 323.121 323.945 323.049 324.027 322.953 324.139 322.82 324.301 322.62 324.556 322.285 325.01 321.642 325.931 320.669 300 
323.643 323.44 323.643 323.44 323.642 323.441 323.641 323.442 323.64 323.443 323.639 323.445 323.637 323.447 323.635 323.449 323.633 323.452 323.63 323.454 323.627 323.458 323.623 323.461 323.62 323.465 323.616 323.469 323.611 323.474 323.607 323.479 323.601 323.484 323.596 323.49 323.59 323.496 323.584 323.502 323.577 323.509 323.57 323.517 323.562 323.525 323.554 323.533 323.545 323.542 323.536 323.551 323.526 323.562 323.516 323.572 323.505 323.584 323.493 323.596 323.48 323.61 323.466 323.624 323.451 323.64 323.434 323.657 323.416 323.676 323.396 323.697 323.374 323.721 323.349 323.747 323.321 323.778 323.288 323.813 323.249 323.855 323.203 323.906 323.147 323.97 323.074 324.053 322.979 324.164 322.846 324.326 322.646 324.581 322.312 325.035 321.669 325.955 320.697 300 
323.668 323.466 323.668 323.466 323.668 323.467 323.667 323.468 323.666 323.469 323.664 323.47 323.662 323.472 323.66 323.475 323.658 323.477 323.655 323.48 323.652 323.483 323.649 323.487 323.645 323.491 323.641 323.495 323.637 323.499 323.632 323.504 323.627 323.51 323.621 323.515 323.615 323.521 323.609 323.528 323.602 323.535 323.595 323.542 323.588 323.55 323.58 323.558 323.571 323.567 323.562 323.577 323.552 323.587 323.541 323.598 323.53 323.609 323.518 323.622 323.505 323.635 323.491 323.65 323.476 323.666 323.46 323.683 323.442 323.702 323.422 323.723 323.4 323.746 323.375 323.773 323.346 323.803 323.314 323.839 323.275 323.881 323.229 323.932 323.172 323.995 323.1 324.078 323.005 324.19 322.872 324.351 322.671 324.606 322.338 325.06 321.695 325.979 320.725 300 
323.694 323.491 323.693 323.492 323.693 323.492 323.692 323.493 323.691 323.494 323.69 323.496 323.688 323.498 323.686 323.5 323.683 323.503 323.681 323.505 323.678 323.509 323.674 323.512 323.671 323.516 323.667 323.52 323.662 323.525 323.657 323.53 323.652 323.535 323.647 323.541 323.641 323.547 323.635 323.553 323.628 323.56 323.621 323.568 323.613 323.576 323.605 323.584 323.596 323.593 323.587 323.602 323.577 323.612 323.567 323.623 323.556 323.635 323.544 323.647 323.531 323.661 323.517 323.675 323.502 323.691 323.485 323.708 323.467 323.727 323.447 323.748 323.425 323.772 323.4 323.798 323.372 323.828 323.339 323.864 323.301 323.906 323.255 323.957 323.198 324.021 323.126 324.103 323.03 324.215 322.897 324.376 322.697 324.63 322.364 325.084 321.722 326.003 320.752 300 
323.719 323.517 323.719 323.517 323.718 323.518 323.718 323.519 323.716 323.52 323.715 323.521 323.713 323.523 323.711 323.526 323.709 323.528 323.706 323.531 323.703 323.534 323.7 323.538 323.696 323.542 323.692 323.546 323.688 323.55 323.683 323.555 323.678 323.561 323.672 323.566 323.666 323.572 323.66 323.579 323.653 323.586 323.646 323.593 323.639 323.601 323.631 323.609 323.622 323.618 323.613 323.628 323.603 323.638 323.592 323.649 323.581 323.66 323.569 323.673 323.556 323.686 323.542 323.701 323.527 323.716 323.511 323.734 323.493 323.753 323.473 323.773 323.451 323.797 323.426 323.823 323.398 323.854 323.365 323.889 323.326 323.931 323.28 323.982 323.224 324.046 323.151 324.128 323.056 324.24 322.923 324.401 322.723 324.655 322.39 325.109 321.748 326.027 320.78 300 
323.744 323.542 323.744 323.543 323.744 323.543 323.743 323.544 323.742 323.545 323.74 323.547 323.739 323.549 323.737 323.551 323.734 323.554 323.732 323.556 323.729 323.56 323.725 323.563 323.722 323.567 323.717 323.571 323.713 323.576 323.708 323.581 323.703 323.586 323.698 323.592 323.692 323.598 323.686 323.604 323.679 323.611 323.672 323.619 323.664 323.627 323.656 323.635 323.647 323.644 323.638 323.653 323.628 323.663 323.618 323.674 323.607 323.686 323.595 323.698 323.582 323.712 323.568 323.726 323.553 323.742 323.536 323.759 323.518 323.778 323.499 323.799 323.476 323.822 323.451 323.849 323.423 323.879 323.39 323.915 323.352 323.957 323.306 324.008 323.249 324.071 323.177 324.153 323.082 324.265 322.949 324.426 322.749 324.68 322.416 325.134 321.775 326.051 320.808 300 
323.77 323.568 323.77 323.568 323.769 323.569 323.768 323.57 323.767 323.571 323.766 323.572 323.764 323.574 323.762 323.577 323.76 323.579 323.757 323.582 323.754 323.585 323.751 323.589 323.747 323.593 323.743 323.597 323.739 323.601 323.734 323.606 323.729 323.612 323.723 323.617 323.717 323.623 323.711 323.63 323.704 323.637 323.697 323.644 323.69 323.652 323.681 323.66 323.673 323.669 323.664 323.679 323.654 323.689 323.643 323.7 323.632 323.711 323.62 323.724 323.607 323.737 323.593 323.752 323.578 323.767 323.562 323.784 323.544 323.803 323.524 323.824 323.502 323.848 323.477 323.874 323.449 323.905 323.416 323.94 323.378 323.982 323.332 324.033 323.275 324.096 323.203 324.179 323.108 324.29 322.975 324.451 322.775 324.705 322.442 325.159 321.801 326.075 320.836 300 
323.795 323.593 323.795 323.594 323.795 323.594 323.794 323.595 323.793 323.596 323.791 323.598 323.79 323.6 323.788 323.602 323.785 323.605 323.782 323.608 323.779 323.611 323.776 323.614 323.772 323.618 323.768 323.622 323.764 323.627 323.759 323.632 323.754 323.637 323.749 323.643 323.743 323.649 323.736 323.655 323.73 323.662 323.723 323.67 323.715 323.678 323.707 323.686 323.698 323.695 323.689 323.704 323.679 323.714 323.669 323.725 323.658 323.737 323.646 323.749 323.633 323.763 323.619 323.777 323.604 323.793 323.587 323.81 323.569 323.829 323.55 323.85 323.527 323.873 323.503 323.9 323.474 323.93 323.442 323.965 323.403 324.007 323.357 324.058 323.301 324.122 323.229 324.204 323.133 324.315 323.001 324.476 322.801 324.73 322.468 325.183 321.828 326.099 320.864 300 
323.821 323.619 323.821 323.619 323.82 323.62 323.819 323.621 323.818 323.622 323.817 323.624 323.815 323.625 323.813 323.628 323.811 323.63 323.808 323.633 323.805 323.636 323.802 323.64 323.798 323.644 323.794 323.648 323.789 323.652 323.785 323.657 323.78 323.663 323.774 323.668 323.768 323.674 323.762 323.681 323.755 323.688 323.748 323.695 323.74 323.703 323.732 323.711 323.724 323.72 323.715 323.73 323.705 323.74 323.694 323.751 323.683 323.762 323.671 323.775 323.658 323.788 323.644 323.802 323.629 323.818 323.613 323.835 323.595 323.854 323.575 323.875 323.553 323.898 323.528 323.925 323.5 323.955 323.467 323.991 323.429 324.033 323.383 324.083 323.326 324.147 323.254 324.229 323.159 324.341 323.026 324.502 322.827 324.755 322.494 325.208 321.854 326.123 320.892 300 
323.846 323.644 323.846 323.645 323.845 323.645 323.845 323.646 323.844 323.648 323.842 323.649 323.84 323.651 323.838 323.653 323.836 323.656 323.833 323.659 323.83 323.662 323.827 323.665 323.823 323.669 323.819 323.673 323.815 323.678 323.81 323.683 323.805 323.688 323.8 323.694 323.794 323.7 323.787 323.706 323.781 323.713 323.774 323.721 323.766 323.728 323.758 323.737 323.749 323.746 323.74 323.755 323.73 323.765 323.72 323.776 323.709 323.788 323.697 323.8 323.684 323.813 323.67 323.828 323.655 323.844 323.639 323.861 323.621 323.88 323.601 323.9 323.579 323.924 323.554 323.95 323.525 323.981 323.493 324.016 323.454 324.058 323.408 324.109 323.352 324.172 323.28 324.254 323.185 324.366 323.052 324.527 322.853 324.78 322.52 325.233 321.881 326.146 320.92 300 
323.872 323.67 323.871 323.67 323.871 323.671 323.87 323.672 323.869 323.673 323.868 323.675 323.866 323.676 323.864 323.679 323.861 323.681 323.859 323.684 323.856 323.687 323.852 323.691 323.849 323.695 323.845 323.699 323.84 323.703 323.836 323.708 323.83 323.714 323.825 323.719 323.819 323.725 323.813 323.732 323.806 323.739 323.799 323.746 323.791 323.754 323.783 323.762 323.775 323.771 323.766 323.781 323.756 323.791 323.745 323.802 323.734 323.813 323.722 323.825 323.709 323.839 323.695 323.853 323.68 323.869 323.664 323.886 323.646 323.905 323.626 323.926 323.604 323.949 323.579 323.976 323.551 324.006 323.518 324.041 323.48 324.083 323.434 324.134 323.378 324.197 323.306 324.28 323.211 324.391 323.078 324.552 322.879 324.805 322.547 325.257 321.907 326.17 320.948 300 
323.897 323.695 323.897 323.696 323.896 323.696 323.896 323.697 323.894 323.699 323.893 323.7 323.891 323.702 323.889 323.704 323.887 323.707 323.884 323.71 323.881 323.713 323.878 323.716 323.874 323.72 323.87 323.724 323.866 323.729 323.861 323.734 323.856 323.739 323.85 323.745 323.845 323.751 323.838 323.757 323.832 323.764 323.824 323.772 323.817 323.779 323.809 323.788 323.8 323.797 323.791 323.806 323.781 323.816 323.771 323.827 323.76 323.839 323.748 323.851 323.735 323.864 323.721 323.879 323.706 323.894 323.69 323.912 323.672 323.93 323.652 323.951 323.63 323.975 323.605 324.001 323.577 324.031 323.544 324.067 323.506 324.109 323.46 324.159 323.403 324.223 323.331 324.305 323.236 324.416 323.104 324.577 322.905 324.83 322.573 325.282 321.934 326.194 320.975 300 
323.922 323.721 323.922 323.721 323.922 323.722 323.921 323.723 323.92 323.724 323.918 323.726 323.917 323.728 323.915 323.73 323.912 323.732 323.91 323.735 323.907 323.738 323.903 323.742 323.9 323.746 323.896 323.75 323.891 323.754 323.886 323.759 323.881 323.765 323.876 323.77 323.87 323.776 323.864 323.783 323.857 323.79 323.85 323.797 323.842 323.805 323.834 323.813 323.826 323.822 323.817 323.832 323.807 323.842 323.796 323.852 323.785 323.864 323.773 323.876 323.76 323.89 323.747 323.904 323.731 323.92 323.715 323.937 323.697 323.956 323.677 323.977 323.655 324 323.63 324.026 323.602 324.057 323.57 324.092 323.531 324.134 323.485 324.185 323.429 324.248 323.357 324.33 323.262 324.441 323.13 324.602 322.931 324.855 322.599 325.307 321.96 326.218 321.003 300 
323.948 323.746 323.948 323.747 323.947 323.747 323.946 323.748 323.945 323.75 323.944 323.751 323.942 323.753 323.94 323.755 323.938 323.758 323.935 323.761 323.932 323.764 323.929 323.767 323.925 323.771 323.921 323.775 323.917 323.78 323.912 323.785 323.907 323.79 323.901 323.796 323.895 323.802 323.889 323.808 323.883 323.815 323.875 323.823 323.868 323.83 323.86 323.839 323.851 323.848 323.842 323.857 323.832 323.867 323.822 323.878 323.811 323.889 323.799 323.902 323.786 323.915 323.772 323.93 323.757 323.945 323.741 323.962 323.723 323.981 323.703 324.002 323.681 324.025 323.656 324.052 323.628 324.082 323.595 324.117 323.557 324.159 323.511 324.21 323.455 324.273 323.383 324.355 323.288 324.466 323.156 324.627 322.957 324.88 322.625 325.331 321.987 326.242 321.031 300 
323.973 323.772 323.973 323.772 323.973 323.773 323.972 323.774 323.971 323.775 323.969 323.777 323.968 323.779 323.966 323.781 323.963 323.783 323.961 323.786 323.958 323.789 323.954 323.793 323.95 323.797 323.946 323.801 323.942 323.805 323.937 323.81 323.932 323.816 323.927 323.821 323.921 323.827 323.915 323.834 323.908 323.841 323.901 323.848 323.893 323.856 323.885 323.864 323.877 323.873 323.867 323.883 323.858 323.893 323.847 323.903 323.836 323.915 323.824 323.927 323.811 323.941 323.798 323.955 323.783 323.971 323.766 323.988 323.748 324.007 323.728 324.027 323.706 324.051 323.682 324.077 323.653 324.107 323.621 324.143 323.583 324.184 323.537 324.235 323.48 324.299 323.409 324.38 323.314 324.492 323.181 324.652 322.983 324.905 322.651 325.356 322.013 326.266 321.059 300 
323.999 323.798 323.999 323.798 323.998 323.798 323.997 323.799 323.996 323.801 323.995 323.802 323.993 323.804 323.991 323.806 323.989 323.809 323.986 323.812 323.983 323.815 323.98 323.818 323.976 323.822 323.972 323.826 323.968 323.831 323.963 323.836 323.958 323.841 323.952 323.847 323.946 323.853 323.94 323.859 323.933 323.866 323.926 323.874 323.919 323.881 323.911 323.89 323.902 323.899 323.893 323.908 323.883 323.918 323.873 323.929 323.862 323.94 323.85 323.953 323.837 323.966 323.823 323.98 323.808 323.996 323.792 324.013 323.774 324.032 323.754 324.053 323.732 324.076 323.707 324.103 323.679 324.133 323.646 324.168 323.608 324.21 323.562 324.26 323.506 324.324 323.434 324.406 323.34 324.517 323.207 324.677 323.009 324.93 322.677 325.381 322.04 326.29 321.087 300 
324.024 323.823 324.024 323.823 324.023 323.824 324.023 323.825 324.022 323.826 324.02 323.828 324.018 323.83 324.016 323.832 324.014 323.834 324.011 323.837 324.008 323.84 324.005 323.844 324.001 323.848 323.997 323.852 323.993 323.856 323.988 323.861 323.983 323.867 323.978 323.872 323.972 323.878 323.966 323.885 323.959 323.892 323.952 323.899 323.944 323.907 323.936 323.915 323.928 323.924 323.918 323.934 323.909 323.944 323.898 323.954 323.887 323.966 323.875 323.978 323.862 323.992 323.849 324.006 323.834 324.022 323.817 324.039 323.799 324.057 323.78 324.078 323.758 324.102 323.733 324.128 323.705 324.158 323.672 324.193 323.634 324.235 323.588 324.286 323.532 324.349 323.46 324.431 323.365 324.542 323.233 324.702 323.034 324.955 322.703 325.405 322.066 326.314 321.115 300 
324.05 323.849 324.049 323.849 324.049 323.85 324.048 323.85 324.047 323.852 324.046 323.853 324.044 323.855 324.042 323.857 324.04 323.86 324.037 323.863 324.034 323.866 324.03 323.869 324.027 323.873 324.023 323.877 324.018 323.882 324.014 323.887 324.009 323.892 324.003 323.898 323.997 323.904 323.991 323.91 323.984 323.917 323.977 323.925 323.97 323.932 323.962 323.941 323.953 323.95 323.944 323.959 323.934 323.969 323.924 323.98 323.913 323.991 323.901 324.004 323.888 324.017 323.874 324.031 323.859 324.047 323.843 324.064 323.825 324.083 323.805 324.104 323.783 324.127 323.758 324.153 323.73 324.184 323.698 324.219 323.659 324.26 323.614 324.311 323.557 324.374 323.486 324.456 323.391 324.567 323.259 324.727 323.06 324.98 322.729 325.43 322.093 326.338 321.143 300 
324.075 323.874 324.075 323.874 324.074 323.875 324.074 323.876 324.072 323.877 324.071 323.879 324.069 323.881 324.067 323.883 324.065 323.885 324.062 323.888 324.059 323.891 324.056 323.895 324.052 323.899 324.048 323.903 324.044 323.908 324.039 323.912 324.034 323.918 324.029 323.923 324.023 323.929 324.016 323.936 324.01 323.943 324.003 323.95 323.995 323.958 323.987 323.966 323.979 323.975 323.969 323.984 323.96 323.995 323.949 324.005 323.938 324.017 323.926 324.029 323.913 324.042 323.9 324.057 323.885 324.072 323.868 324.089 323.85 324.108 323.831 324.129 323.809 324.152 323.784 324.179 323.756 324.209 323.723 324.244 323.685 324.286 323.639 324.336 323.583 324.4 323.511 324.481 323.417 324.592 323.285 324.752 323.086 325.005 322.755 325.455 322.119 326.362 321.17 300 
324.1 323.9 324.1 323.9 324.1 323.901 324.099 323.902 324.098 323.903 324.096 323.904 324.095 323.906 324.093 323.908 324.09 323.911 324.088 323.914 324.085 323.917 324.081 323.92 324.078 323.924 324.074 323.928 324.069 323.933 324.065 323.938 324.059 323.943 324.054 323.949 324.048 323.955 324.042 323.961 324.035 323.968 324.028 323.976 324.021 323.983 324.013 323.992 324.004 324 323.995 324.01 323.985 324.02 323.975 324.031 323.964 324.042 323.952 324.055 323.939 324.068 323.925 324.082 323.91 324.098 323.894 324.115 323.876 324.134 323.856 324.154 323.834 324.178 323.809 324.204 323.781 324.234 323.749 324.269 323.711 324.311 323.665 324.362 323.609 324.425 323.537 324.507 323.443 324.617 323.311 324.778 323.112 325.03 322.782 325.479 322.146 326.386 321.198 300 
324.126 323.925 324.126 323.925 324.125 323.926 324.124 323.927 324.123 323.928 324.122 323.93 324.12 323.932 324.118 323.934 324.116 323.936 324.113 323.939 324.11 323.942 324.107 323.946 324.103 323.95 324.099 323.954 324.095 323.959 324.09 323.963 324.085 323.969 324.079 323.974 324.074 323.98 324.067 323.987 324.061 323.994 324.054 324.001 324.046 324.009 324.038 324.017 324.029 324.026 324.02 324.035 324.011 324.045 324 324.056 323.989 324.068 323.977 324.08 323.964 324.093 323.951 324.108 323.936 324.123 323.919 324.14 323.901 324.159 323.882 324.18 323.86 324.203 323.835 324.229 323.807 324.26 323.774 324.295 323.736 324.336 323.691 324.387 323.634 324.45 323.563 324.532 323.468 324.643 323.336 324.803 323.138 325.055 322.808 325.504 322.173 326.41 321.226 300 
324.151 323.951 324.151 323.951 324.151 323.952 324.15 323.953 324.149 323.954 324.147 323.955 324.146 323.957 324.144 323.959 324.141 323.962 324.139 323.965 324.136 323.968 324.132 323.971 324.129 323.975 324.125 323.98 324.12 323.984 324.115 323.989 324.11 323.994 324.105 324 324.099 324.006 324.093 324.012 324.086 324.019 324.079 324.027 324.072 324.034 324.064 324.043 324.055 324.051 324.046 324.061 324.036 324.071 324.026 324.082 324.015 324.093 324.003 324.105 323.99 324.119 323.976 324.133 323.961 324.149 323.945 324.166 323.927 324.185 323.907 324.205 323.885 324.229 323.861 324.255 323.833 324.285 323.8 324.32 323.762 324.362 323.716 324.412 323.66 324.475 323.589 324.557 323.494 324.668 323.362 324.828 323.164 325.08 322.834 325.529 322.199 326.434 321.254 300 
324.177 323.976 324.177 323.977 324.176 323.977 324.175 323.978 324.174 323.979 324.173 323.981 324.171 323.983 324.169 323.985 324.167 323.988 324.164 323.99 324.161 323.994 324.158 323.997 324.154 324.001 324.15 324.005 324.146 324.01 324.141 324.014 324.136 324.02 324.13 324.025 324.125 324.031 324.118 324.038 324.112 324.045 324.105 324.052 324.097 324.06 324.089 324.068 324.08 324.077 324.071 324.086 324.062 324.096 324.051 324.107 324.04 324.119 324.028 324.131 324.015 324.144 324.002 324.159 323.987 324.174 323.97 324.191 323.953 324.21 323.933 324.231 323.911 324.254 323.886 324.28 323.858 324.31 323.826 324.345 323.788 324.387 323.742 324.438 323.686 324.501 323.614 324.582 323.52 324.693 323.388 324.853 323.19 325.104 322.86 325.554 322.226 326.458 321.282 300 
324.202 324.002 324.202 324.002 324.201 324.003 324.201 324.004 324.2 324.005 324.198 324.006 324.196 324.008 324.194 324.011 324.192 324.013 324.189 324.016 324.186 324.019 324.183 324.023 324.179 324.026 324.175 324.031 324.171 324.035 324.166 324.04 324.161 324.045 324.156 324.051 324.15 324.057 324.144 324.063 324.137 324.07 324.13 324.078 324.122 324.085 324.114 324.094 324.106 324.102 324.097 324.112 324.087 324.122 324.077 324.133 324.066 324.144 324.054 324.156 324.041 324.17 324.027 324.184 324.012 324.2 323.996 324.217 323.978 324.235 323.958 324.256 323.936 324.279 323.912 324.306 323.884 324.336 323.851 324.371 323.813 324.412 323.767 324.463 323.711 324.526 323.64 324.608 323.546 324.718 323.414 324.878 323.216 325.129 322.886 325.578 322.252 326.482 321.31 300 
324.228 324.027 324.227 324.028 324.227 324.028 324.226 324.029 324.225 324.03 324.224 324.032 324.222 324.034 324.22 324.036 324.218 324.039 324.215 324.041 324.212 324.045 324.209 324.048 324.205 324.052 324.201 324.056 324.197 324.061 324.192 324.065 324.187 324.071 324.181 324.076 324.175 324.082 324.169 324.089 324.163 324.096 324.155 324.103 324.148 324.111 324.14 324.119 324.131 324.128 324.122 324.137 324.113 324.147 324.102 324.158 324.091 324.17 324.079 324.182 324.066 324.195 324.053 324.209 324.038 324.225 324.021 324.242 324.004 324.261 323.984 324.281 323.962 324.305 323.937 324.331 323.909 324.361 323.877 324.396 323.839 324.438 323.793 324.488 323.737 324.551 323.666 324.633 323.571 324.743 323.44 324.903 323.242 325.154 322.912 325.603 322.279 326.506 321.337 300 
324.253 324.053 324.253 324.053 324.252 324.054 324.252 324.055 324.25 324.056 324.249 324.057 324.247 324.059 324.245 324.062 324.243 324.064 324.24 324.067 324.237 324.07 324.234 324.074 324.23 324.077 324.226 324.082 324.222 324.086 324.217 324.091 324.212 324.096 324.207 324.102 324.201 324.108 324.195 324.114 324.188 324.121 324.181 324.128 324.173 324.136 324.165 324.145 324.157 324.153 324.148 324.163 324.138 324.173 324.128 324.183 324.117 324.195 324.105 324.207 324.092 324.221 324.078 324.235 324.063 324.25 324.047 324.267 324.029 324.286 324.009 324.307 323.988 324.33 323.963 324.356 323.935 324.386 323.902 324.421 323.864 324.463 323.819 324.513 323.763 324.576 323.691 324.658 323.597 324.768 323.465 324.928 323.268 325.179 322.938 325.628 322.305 326.53 321.365 300 
324.278 324.078 324.278 324.079 324.278 324.079 324.277 324.08 324.276 324.081 324.274 324.083 324.273 324.085 324.271 324.087 324.268 324.09 324.266 324.092 324.263 324.096 324.259 324.099 324.256 324.103 324.252 324.107 324.247 324.112 324.243 324.116 324.238 324.122 324.232 324.127 324.226 324.133 324.22 324.14 324.213 324.147 324.206 324.154 324.199 324.162 324.191 324.17 324.182 324.179 324.173 324.188 324.164 324.198 324.153 324.209 324.142 324.22 324.13 324.233 324.117 324.246 324.104 324.26 324.089 324.276 324.073 324.293 324.055 324.312 324.035 324.332 324.013 324.356 323.988 324.382 323.96 324.412 323.928 324.447 323.89 324.488 323.844 324.539 323.788 324.602 323.717 324.683 323.623 324.794 323.491 324.953 323.294 325.204 322.964 325.652 322.332 326.554 321.393 300 
324.304 324.104 324.304 324.104 324.303 324.105 324.302 324.106 324.301 324.107 324.3 324.109 324.298 324.11 324.296 324.113 324.294 324.115 324.291 324.118 324.288 324.121 324.285 324.125 324.281 324.128 324.277 324.133 324.273 324.137 324.268 324.142 324.263 324.147 324.258 324.153 324.252 324.159 324.246 324.165 324.239 324.172 324.232 324.179 324.224 324.187 324.216 324.196 324.208 324.204 324.199 324.214 324.189 324.224 324.179 324.234 324.168 324.246 324.156 324.258 324.143 324.271 324.129 324.286 324.114 324.301 324.098 324.318 324.08 324.337 324.061 324.358 324.039 324.381 324.014 324.407 323.986 324.437 323.954 324.472 323.916 324.514 323.87 324.564 323.814 324.627 323.743 324.708 323.649 324.819 323.517 324.978 323.32 325.229 322.99 325.677 322.358 326.578 321.421 300 
324.329 324.129 324.329 324.13 324.329 324.13 324.328 324.131 324.327 324.133 324.325 324.134 324.324 324.136 324.322 324.138 324.319 324.141 324.317 324.143 324.314 324.147 324.31 324.15 324.307 324.154 324.303 324.158 324.298 324.163 324.294 324.168 324.289 324.173 324.283 324.178 324.277 324.184 324.271 324.191 324.264 324.198 324.257 324.205 324.25 324.213 324.242 324.221 324.233 324.23 324.224 324.239 324.214 324.249 324.204 324.26 324.193 324.271 324.181 324.284 324.168 324.297 324.155 324.311 324.14 324.327 324.124 324.344 324.106 324.362 324.086 324.383 324.064 324.406 324.04 324.433 324.012 324.463 323.979 324.498 323.941 324.539 323.896 324.589 323.84 324.652 323.768 324.734 323.674 324.844 323.543 325.003 323.346 325.254 323.017 325.702 322.385 326.602 321.449 300 
324.355 324.155 324.355 324.155 324.354 324.156 324.353 324.157 324.352 324.158 324.351 324.16 324.349 324.161 324.347 324.164 324.345 324.166 324.342 324.169 324.339 324.172 324.336 324.176 324.332 324.179 324.328 324.184 324.324 324.188 324.319 324.193 324.314 324.198 324.309 324.204 324.303 324.21 324.297 324.216 324.29 324.223 324.283 324.23 324.275 324.238 324.267 324.246 324.259 324.255 324.25 324.265 324.24 324.275 324.23 324.285 324.219 324.297 324.207 324.309 324.194 324.322 324.18 324.337 324.165 324.352 324.149 324.369 324.131 324.388 324.112 324.409 324.09 324.432 324.065 324.458 324.037 324.488 324.005 324.523 323.967 324.564 323.921 324.615 323.865 324.678 323.794 324.759 323.7 324.869 323.569 325.028 323.372 325.279 323.043 325.726 322.411 326.626 321.477 300 
324.38 324.18 324.38 324.181 324.379 324.181 324.379 324.182 324.378 324.184 324.376 324.185 324.374 324.187 324.372 324.189 324.37 324.192 324.367 324.195 324.364 324.198 324.361 324.201 324.357 324.205 324.353 324.209 324.349 324.214 324.344 324.219 324.339 324.224 324.334 324.229 324.328 324.235 324.322 324.242 324.315 324.249 324.308 324.256 324.301 324.264 324.293 324.272 324.284 324.281 324.275 324.29 324.265 324.3 324.255 324.311 324.244 324.322 324.232 324.335 324.219 324.348 324.206 324.362 324.191 324.378 324.175 324.395 324.157 324.413 324.137 324.434 324.115 324.457 324.091 324.483 324.063 324.513 324.03 324.548 323.993 324.59 323.947 324.64 323.891 324.703 323.82 324.784 323.726 324.894 323.595 325.053 323.397 325.304 323.069 325.751 322.438 326.65 321.504 300 
324.406 324.206 324.405 324.206 324.405 324.207 324.404 324.208 324.403 324.209 324.402 324.211 324.4 324.213 324.398 324.215 324.396 324.217 324.393 324.22 324.39 324.223 324.387 324.227 324.383 324.23 324.379 324.235 324.375 324.239 324.37 324.244 324.365 324.249 324.359 324.255 324.354 324.261 324.347 324.267 324.341 324.274 324.334 324.281 324.326 324.289 324.318 324.297 324.31 324.306 324.301 324.316 324.291 324.326 324.281 324.336 324.27 324.348 324.258 324.36 324.245 324.373 324.231 324.387 324.216 324.403 324.2 324.42 324.182 324.439 324.163 324.459 324.141 324.482 324.116 324.509 324.088 324.539 324.056 324.574 324.018 324.615 323.973 324.665 323.917 324.728 323.846 324.809 323.752 324.92 323.62 325.079 323.423 325.329 323.095 325.776 322.464 326.674 321.532 300 
324.431 324.232 324.431 324.232 324.43 324.232 324.43 324.233 324.428 324.235 324.427 324.236 324.425 324.238 324.423 324.24 324.421 324.243 324.418 324.246 324.415 324.249 324.412 324.252 324.408 324.256 324.404 324.26 324.4 324.265 324.395 324.27 324.39 324.275 324.385 324.28 324.379 324.286 324.373 324.293 324.366 324.3 324.359 324.307 324.352 324.315 324.344 324.323 324.335 324.332 324.326 324.341 324.316 324.351 324.306 324.362 324.295 324.373 324.283 324.385 324.271 324.399 324.257 324.413 324.242 324.428 324.226 324.445 324.208 324.464 324.188 324.485 324.166 324.508 324.142 324.534 324.114 324.564 324.082 324.599 324.044 324.64 323.998 324.691 323.942 324.753 323.871 324.835 323.777 324.945 323.646 325.104 323.449 325.354 323.121 325.8 322.491 326.698 321.56 300 
324.456 324.257 324.456 324.257 324.456 324.258 324.455 324.259 324.454 324.26 324.452 324.262 324.451 324.264 324.449 324.266 324.446 324.268 324.444 324.271 324.441 324.274 324.437 324.278 324.434 324.282 324.43 324.286 324.425 324.29 324.421 324.295 324.416 324.3 324.41 324.306 324.405 324.312 324.398 324.318 324.392 324.325 324.385 324.332 324.377 324.34 324.369 324.348 324.361 324.357 324.352 324.367 324.342 324.377 324.332 324.387 324.321 324.399 324.309 324.411 324.296 324.424 324.282 324.438 324.267 324.454 324.251 324.471 324.233 324.489 324.214 324.51 324.192 324.533 324.167 324.559 324.14 324.589 324.107 324.624 324.069 324.666 324.024 324.716 323.968 324.779 323.897 324.86 323.803 324.97 323.672 325.129 323.475 325.379 323.147 325.825 322.517 326.722 321.588 300 
324.482 324.283 324.482 324.283 324.481 324.283 324.48 324.284 324.479 324.286 324.478 324.287 324.476 324.289 324.474 324.291 324.472 324.294 324.469 324.297 324.466 324.3 324.463 324.303 324.459 324.307 324.455 324.311 324.451 324.316 324.446 324.321 324.441 324.326 324.436 324.331 324.43 324.337 324.424 324.344 324.417 324.351 324.41 324.358 324.403 324.366 324.395 324.374 324.386 324.383 324.377 324.392 324.367 324.402 324.357 324.413 324.346 324.424 324.334 324.436 324.322 324.45 324.308 324.464 324.293 324.479 324.277 324.496 324.259 324.515 324.239 324.536 324.218 324.559 324.193 324.585 324.165 324.615 324.133 324.65 324.095 324.691 324.05 324.741 323.994 324.804 323.923 324.885 323.829 324.995 323.698 325.154 323.501 325.404 323.173 325.85 322.544 326.746 321.616 300 
324.507 324.308 324.507 324.308 324.507 324.309 324.506 324.31 324.505 324.311 324.503 324.313 324.502 324.315 324.5 324.317 324.497 324.319 324.495 324.322 324.492 324.325 324.488 324.329 324.485 324.333 324.481 324.337 324.476 324.341 324.472 324.346 324.467 324.351 324.461 324.357 324.455 324.363 324.449 324.369 324.443 324.376 324.436 324.383 324.428 324.391 324.42 324.399 324.412 324.408 324.403 324.417 324.393 324.427 324.383 324.438 324.372 324.45 324.36 324.462 324.347 324.475 324.333 324.489 324.318 324.505 324.302 324.522 324.285 324.54 324.265 324.561 324.243 324.584 324.219 324.61 324.191 324.64 324.158 324.675 324.121 324.716 324.075 324.766 324.019 324.829 323.948 324.91 323.855 325.02 323.724 325.179 323.527 325.429 323.199 325.875 322.57 326.77 321.643 300 
324.533 324.334 324.532 324.334 324.532 324.335 324.531 324.335 324.53 324.337 324.529 324.338 324.527 324.34 324.525 324.342 324.523 324.345 324.52 324.348 324.517 324.351 324.514 324.354 324.51 324.358 324.506 324.362 324.502 324.367 324.497 324.372 324.492 324.377 324.487 324.382 324.481 324.388 324.475 324.395 324.468 324.402 324.461 324.409 324.454 324.417 324.446 324.425 324.437 324.434 324.428 324.443 324.418 324.453 324.408 324.464 324.397 324.475 324.385 324.487 324.373 324.5 324.359 324.515 324.344 324.53 324.328 324.547 324.31 324.566 324.291 324.586 324.269 324.609 324.244 324.636 324.216 324.665 324.184 324.7 324.146 324.742 324.101 324.792 324.045 324.854 323.974 324.935 323.88 325.045 323.75 325.204 323.553 325.454 323.225 325.899 322.597 326.794 321.671 300 
324.558 324.359 324.558 324.359 324.557 324.36 324.557 324.361 324.556 324.362 324.554 324.364 324.553 324.366 324.55 324.368 324.548 324.37 324.545 324.373 324.543 324.376 324.539 324.38 324.536 324.384 324.532 324.388 324.527 324.392 324.523 324.397 324.518 324.402 324.512 324.408 324.506 324.414 324.5 324.42 324.494 324.427 324.487 324.434 324.479 324.442 324.471 324.45 324.463 324.459 324.453 324.468 324.444 324.478 324.434 324.489 324.423 324.5 324.411 324.513 324.398 324.526 324.384 324.54 324.37 324.556 324.353 324.573 324.336 324.591 324.316 324.612 324.294 324.635 324.27 324.661 324.242 324.691 324.21 324.726 324.172 324.767 324.126 324.817 324.071 324.88 324 324.961 323.906 325.071 323.775 325.229 323.579 325.479 323.251 325.924 322.623 326.818 321.699 300 
324.584 324.385 324.583 324.385 324.583 324.386 324.582 324.387 324.581 324.388 324.58 324.389 324.578 324.391 324.576 324.393 324.574 324.396 324.571 324.399 324.568 324.402 324.565 324.405 324.561 324.409 324.557 324.413 324.553 324.418 324.548 324.423 324.543 324.428 324.538 324.433 324.532 324.439 324.526 324.446 324.519 324.453 324.512 324.46 324.504 324.468 324.497 324.476 324.488 324.485 324.479 324.494 324.469 324.504 324.459 324.515 324.448 324.526 324.436 324.538 324.424 324.551 324.41 324.566 324.395 324.581 324.379 324.598 324.361 324.617 324.342 324.637 324.32 324.66 324.295 324.686 324.267 324.716 324.235 324.751 324.197 324.792 324.152 324.842 324.096 324.905 324.026 324.986 323.932 325.096 323.801 325.254 323.605 325.504 323.278 325.949 322.65 326.842 321.727 300 
324.609 324.41 324.609 324.411 324.608 324.411 324.608 324.412 324.606 324.413 324.605 324.415 324.603 324.417 324.601 324.419 324.599 324.421 324.596 324.424 324.593 324.427 324.59 324.431 324.586 324.435 324.582 324.439 324.578 324.443 324.573 324.448 324.568 324.453 324.563 324.459 324.557 324.465 324.551 324.471 324.544 324.478 324.537 324.485 324.53 324.493 324.522 324.501 324.513 324.51 324.504 324.519 324.495 324.529 324.485 324.54 324.474 324.551 324.462 324.564 324.449 324.577 324.435 324.591 324.421 324.606 324.404 324.623 324.387 324.642 324.367 324.663 324.345 324.686 324.321 324.712 324.293 324.742 324.261 324.776 324.223 324.818 324.178 324.868 324.122 324.93 324.051 325.011 323.958 325.121 323.827 325.279 323.631 325.529 323.304 325.973 322.676 326.866 321.755 300 
324.634 324.436 324.634 324.436 324.634 324.437 324.633 324.438 324.632 324.439 324.631 324.44 324.629 324.442 324.627 324.444 324.624 324.447 324.622 324.45 324.619 324.453 324.616 324.456 324.612 324.46 324.608 324.464 324.604 324.469 324.599 324.474 324.594 324.479 324.588 324.484 324.583 324.49 324.577 324.497 324.57 324.504 324.563 324.511 324.555 324.519 324.547 324.527 324.539 324.536 324.53 324.545 324.52 324.555 324.51 324.565 324.499 324.577 324.487 324.589 324.475 324.602 324.461 324.616 324.446 324.632 324.43 324.649 324.412 324.667 324.393 324.688 324.371 324.711 324.346 324.737 324.319 324.767 324.286 324.802 324.249 324.843 324.203 324.893 324.148 324.955 324.077 325.036 323.983 325.146 323.853 325.304 323.657 325.554 323.33 325.998 322.703 326.89 321.782 300 
324.66 324.461 324.66 324.462 324.659 324.462 324.658 324.463 324.657 324.464 324.656 324.466 324.654 324.468 324.652 324.47 324.65 324.472 324.647 324.475 324.644 324.478 324.641 324.482 324.637 324.486 324.633 324.49 324.629 324.494 324.624 324.499 324.619 324.504 324.614 324.51 324.608 324.516 324.602 324.522 324.595 324.529 324.588 324.536 324.581 324.544 324.573 324.552 324.564 324.561 324.555 324.57 324.546 324.58 324.536 324.591 324.525 324.602 324.513 324.614 324.5 324.628 324.486 324.642 324.472 324.657 324.455 324.674 324.438 324.693 324.418 324.713 324.397 324.736 324.372 324.762 324.344 324.792 324.312 324.827 324.274 324.868 324.229 324.918 324.173 324.981 324.103 325.062 324.009 325.171 323.879 325.329 323.683 325.579 323.356 326.023 322.729 326.914 321.81 300 
324.685 324.487 324.685 324.487 324.685 324.488 324.684 324.489 324.683 324.49 324.681 324.491 324.68 324.493 324.678 324.495 324.675 324.498 324.673 324.501 324.67 324.504 324.666 324.507 324.663 324.511 324.659 324.515 324.654 324.52 324.65 324.525 324.645 324.53 324.639 324.535 324.634 324.541 324.627 324.548 324.621 324.555 324.614 324.562 324.606 324.57 324.598 324.578 324.59 324.586 324.581 324.596 324.571 324.606 324.561 324.616 324.55 324.628 324.538 324.64 324.526 324.653 324.512 324.667 324.497 324.683 324.481 324.7 324.463 324.718 324.444 324.739 324.422 324.762 324.398 324.788 324.37 324.818 324.338 324.852 324.3 324.894 324.255 324.944 324.199 325.006 324.128 325.087 324.035 325.196 323.904 325.355 323.709 325.604 323.382 326.047 322.756 326.938 321.838 300 
324.711 324.512 324.71 324.513 324.71 324.513 324.709 324.514 324.708 324.515 324.707 324.517 324.705 324.519 324.703 324.521 324.701 324.523 324.698 324.526 324.695 324.529 324.692 324.533 324.688 324.537 324.684 324.541 324.68 324.545 324.675 324.55 324.67 324.555 324.665 324.561 324.659 324.567 324.653 324.573 324.646 324.58 324.639 324.587 324.632 324.595 324.624 324.603 324.615 324.612 324.606 324.621 324.597 324.631 324.586 324.642 324.576 324.653 324.564 324.665 324.551 324.679 324.537 324.693 324.523 324.708 324.507 324.725 324.489 324.744 324.469 324.764 324.448 324.787 324.423 324.813 324.395 324.843 324.363 324.878 324.326 324.919 324.28 324.969 324.225 325.031 324.154 325.112 324.061 325.222 323.93 325.38 323.734 325.629 323.408 326.072 322.782 326.962 321.866 300 
324.736 324.538 324.736 324.538 324.735 324.539 324.735 324.54 324.734 324.541 324.732 324.542 324.731 324.544 324.729 324.547 324.726 324.549 324.724 324.552 324.721 324.555 324.717 324.558 324.714 324.562 324.71 324.566 324.705 324.571 324.701 324.576 324.696 324.581 324.69 324.586 324.685 324.592 324.678 324.599 324.672 324.606 324.665 324.613 324.657 324.621 324.649 324.629 324.641 324.637 324.632 324.647 324.622 324.657 324.612 324.667 324.601 324.679 324.589 324.691 324.577 324.704 324.563 324.718 324.548 324.734 324.532 324.75 324.514 324.769 324.495 324.79 324.473 324.813 324.449 324.839 324.421 324.868 324.389 324.903 324.351 324.944 324.306 324.994 324.25 325.057 324.18 325.137 324.086 325.247 323.956 325.405 323.76 325.654 323.434 326.097 322.809 326.986 321.894 300 
324.762 324.563 324.761 324.564 324.761 324.564 324.76 324.565 324.759 324.566 324.758 324.568 324.756 324.57 324.754 324.572 324.752 324.575 324.749 324.577 324.746 324.58 324.743 324.584 324.739 324.588 324.735 324.592 324.731 324.596 324.726 324.601 324.721 324.606 324.716 324.612 324.71 324.618 324.704 324.624 324.697 324.631 324.69 324.638 324.683 324.646 324.675 324.654 324.666 324.663 324.657 324.672 324.648 324.682 324.637 324.693 324.627 324.704 324.615 324.716 324.602 324.729 324.588 324.744 324.574 324.759 324.558 324.776 324.54 324.794 324.52 324.815 324.499 324.838 324.474 324.864 324.447 324.894 324.414 324.928 324.377 324.97 324.332 325.019 324.276 325.082 324.205 325.163 324.112 325.272 323.982 325.43 323.786 325.678 323.46 326.122 322.835 327.01 321.921 300 
324.787 324.589 324.787 324.589 324.786 324.59 324.786 324.591 324.784 324.592 324.783 324.594 324.781 324.595 324.779 324.598 324.777 324.6 324.774 324.603 324.771 324.606 324.768 324.609 324.765 324.613 324.761 324.617 324.756 324.622 324.752 324.627 324.747 324.632 324.741 324.637 324.735 324.643 324.729 324.65 324.723 324.657 324.716 324.664 324.708 324.671 324.7 324.68 324.692 324.688 324.683 324.698 324.673 324.708 324.663 324.718 324.652 324.73 324.64 324.742 324.628 324.755 324.614 324.769 324.599 324.784 324.583 324.801 324.565 324.82 324.546 324.84 324.524 324.863 324.5 324.889 324.472 324.919 324.44 324.954 324.402 324.995 324.357 325.045 324.302 325.107 324.231 325.188 324.138 325.297 324.008 325.455 323.812 325.703 323.486 326.146 322.862 327.034 321.949 300 
324.812 324.614 324.812 324.615 324.812 324.615 324.811 324.616 324.81 324.618 324.809 324.619 324.807 324.621 324.805 324.623 324.802 324.626 324.8 324.628 324.797 324.631 324.794 324.635 324.79 324.639 324.786 324.643 324.782 324.647 324.777 324.652 324.772 324.657 324.767 324.663 324.761 324.669 324.755 324.675 324.748 324.682 324.741 324.689 324.734 324.697 324.726 324.705 324.717 324.714 324.708 324.723 324.699 324.733 324.688 324.744 324.677 324.755 324.666 324.767 324.653 324.78 324.639 324.794 324.625 324.81 324.609 324.827 324.591 324.845 324.572 324.866 324.55 324.889 324.525 324.915 324.498 324.944 324.466 324.979 324.428 325.02 324.383 325.07 324.327 325.132 324.257 325.213 324.164 325.322 324.034 325.48 323.838 325.728 323.513 326.171 322.888 327.058 321.977 300 
324.838 324.64 324.838 324.64 324.837 324.641 324.836 324.642 324.835 324.643 324.834 324.645 324.832 324.646 324.83 324.649 324.828 324.651 324.825 324.654 324.822 324.657 324.819 324.66 324.815 324.664 324.811 324.668 324.807 324.673 324.802 324.678 324.797 324.683 324.792 324.688 324.786 324.694 324.78 324.701 324.774 324.708 324.767 324.715 324.759 324.722 324.751 324.731 324.743 324.739 324.734 324.749 324.724 324.759 324.714 324.769 324.703 324.78 324.691 324.793 324.679 324.806 324.665 324.82 324.65 324.835 324.634 324.852 324.617 324.871 324.597 324.891 324.575 324.914 324.551 324.94 324.523 324.97 324.491 325.004 324.454 325.046 324.409 325.095 324.353 325.158 324.283 325.238 324.189 325.347 324.059 325.505 323.864 325.753 323.539 326.196 322.915 327.082 322.005 300 
324.863 324.665 324.863 324.666 324.863 324.666 324.862 324.667 324.861 324.669 324.859 324.67 324.858 324.672 324.856 324.674 324.853 324.677 324.851 324.679 324.848 324.683 324.844 324.686 324.841 324.69 324.837 324.694 324.833 324.698 324.828 324.703 324.823 324.708 324.818 324.714 324.812 324.72 324.806 324.726 324.799 324.733 324.792 324.74 324.785 324.748 324.777 324.756 324.768 324.765 324.759 324.774 324.75 324.784 324.739 324.795 324.728 324.806 324.717 324.818 324.704 324.831 324.691 324.845 324.676 324.861 324.66 324.878 324.642 324.896 324.623 324.917 324.601 324.939 324.577 324.965 324.549 324.995 324.517 325.03 324.479 325.071 324.434 325.121 324.379 325.183 324.308 325.263 324.215 325.373 324.085 325.53 323.89 325.778 323.565 326.22 322.941 327.106 322.032 300 
324.889 324.691 324.888 324.691 324.888 324.692 324.887 324.693 324.886 324.694 324.885 324.696 324.883 324.697 324.881 324.7 324.879 324.702 324.876 324.705 324.873 324.708 324.87 324.711 324.866 324.715 324.862 324.719 324.858 324.724 324.853 324.729 324.848 324.734 324.843 324.739 324.837 324.745 324.831 324.752 324.825 324.759 324.818 324.766 324.81 324.773 324.802 324.782 324.794 324.79 324.785 324.8 324.775 324.81 324.765 324.82 324.754 324.831 324.742 324.844 324.73 324.857 324.716 324.871 324.701 324.886 324.685 324.903 324.668 324.921 324.648 324.942 324.627 324.965 324.602 324.991 324.574 325.021 324.542 325.055 324.505 325.096 324.46 325.146 324.404 325.208 324.334 325.289 324.241 325.398 324.111 325.555 323.916 325.803 323.591 326.245 322.968 327.13 322.06 300 
324.914 324.717 324.914 324.717 324.913 324.717 324.913 324.718 324.912 324.72 324.91 324.721 324.909 324.723 324.907 324.725 324.904 324.728 324.902 324.73 324.899 324.734 324.895 324.737 324.892 324.741 324.888 324.745 324.883 324.749 324.879 324.754 324.874 324.759 324.868 324.765 324.863 324.771 324.857 324.777 324.85 324.784 324.843 324.791 324.836 324.799 324.828 324.807 324.819 324.816 324.81 324.825 324.801 324.835 324.79 324.846 324.779 324.857 324.768 324.869 324.755 324.882 324.742 324.896 324.727 324.912 324.711 324.928 324.693 324.947 324.674 324.967 324.652 324.99 324.628 325.016 324.6 325.046 324.568 325.08 324.531 325.122 324.485 325.171 324.43 325.233 324.36 325.314 324.267 325.423 324.137 325.58 323.942 325.828 323.617 326.27 322.994 327.154 322.088 300 
324.939 324.742 324.939 324.742 324.939 324.743 324.938 324.744 324.937 324.745 324.936 324.747 324.934 324.749 324.932 324.751 324.93 324.753 324.927 324.756 324.924 324.759 324.921 324.763 324.917 324.766 324.913 324.77 324.909 324.775 324.904 324.78 324.899 324.785 324.894 324.79 324.888 324.796 324.882 324.803 324.875 324.81 324.868 324.817 324.861 324.824 324.853 324.833 324.845 324.841 324.836 324.851 324.826 324.86 324.816 324.871 324.805 324.882 324.793 324.894 324.781 324.908 324.767 324.922 324.752 324.937 324.736 324.954 324.719 324.972 324.699 324.993 324.678 325.016 324.653 325.042 324.626 325.071 324.594 325.106 324.556 325.147 324.511 325.197 324.456 325.259 324.385 325.339 324.292 325.448 324.163 325.605 323.968 325.853 323.643 326.294 323.021 327.178 322.116 300 
324.965 324.768 324.965 324.768 324.964 324.769 324.964 324.769 324.962 324.771 324.961 324.772 324.959 324.774 324.957 324.776 324.955 324.779 324.952 324.781 324.949 324.785 324.946 324.788 324.943 324.792 324.939 324.796 324.934 324.8 324.93 324.805 324.925 324.81 324.919 324.816 324.914 324.822 324.907 324.828 324.901 324.835 324.894 324.842 324.886 324.85 324.879 324.858 324.87 324.867 324.861 324.876 324.852 324.886 324.841 324.896 324.83 324.908 324.819 324.92 324.806 324.933 324.793 324.947 324.778 324.962 324.762 324.979 324.744 324.998 324.725 325.018 324.703 325.041 324.679 325.067 324.651 325.097 324.619 325.131 324.582 325.172 324.537 325.222 324.481 325.284 324.411 325.364 324.318 325.473 324.188 325.631 323.994 325.878 323.669 326.319 323.047 327.203 322.144 300 
324.99 324.793 324.99 324.793 324.99 324.794 324.989 324.795 324.988 324.796 324.987 324.798 324.985 324.8 324.983 324.802 324.981 324.804 324.978 324.807 324.975 324.81 324.972 324.814 324.968 324.817 324.964 324.821 324.96 324.826 324.955 324.831 324.95 324.836 324.945 324.841 324.939 324.847 324.933 324.854 324.926 324.861 324.919 324.868 324.912 324.875 324.904 324.884 324.896 324.892 324.887 324.901 324.877 324.911 324.867 324.922 324.856 324.933 324.844 324.945 324.832 324.958 324.818 324.973 324.803 324.988 324.787 325.005 324.77 325.023 324.75 325.044 324.729 325.066 324.704 325.092 324.677 325.122 324.645 325.157 324.607 325.197 324.562 325.247 324.507 325.309 324.437 325.39 324.344 325.498 324.214 325.656 324.02 325.903 323.695 326.344 323.074 327.227 322.171 300 
325.016 324.819 325.016 324.819 325.015 324.82 325.014 324.82 325.013 324.822 325.012 324.823 325.01 324.825 325.008 324.827 325.006 324.83 325.003 324.833 325 324.836 324.997 324.839 324.993 324.843 324.99 324.847 324.985 324.851 324.981 324.856 324.976 324.861 324.97 324.867 324.965 324.873 324.958 324.879 324.952 324.886 324.945 324.893 324.937 324.901 324.93 324.909 324.921 324.918 324.912 324.927 324.903 324.937 324.892 324.947 324.881 324.959 324.87 324.971 324.857 324.984 324.844 324.998 324.829 325.013 324.813 325.03 324.795 325.049 324.776 325.069 324.754 325.092 324.73 325.118 324.702 325.147 324.67 325.182 324.633 325.223 324.588 325.272 324.533 325.335 324.463 325.415 324.37 325.524 324.24 325.681 324.045 325.928 323.721 326.369 323.1 327.251 322.199 300 
325.041 324.844 325.041 324.844 325.041 324.845 325.04 324.846 325.039 324.847 325.037 324.849 325.036 324.851 325.034 324.853 325.031 324.855 325.029 324.858 325.026 324.861 325.023 324.865 325.019 324.868 325.015 324.872 325.011 324.877 325.006 324.882 325.001 324.887 324.996 324.892 324.99 324.898 324.984 324.905 324.977 324.911 324.97 324.919 324.963 324.926 324.955 324.935 324.947 324.943 324.938 324.952 324.928 324.962 324.918 324.973 324.907 324.984 324.895 324.996 324.883 325.009 324.869 325.023 324.854 325.039 324.838 325.056 324.821 325.074 324.801 325.094 324.78 325.117 324.756 325.143 324.728 325.173 324.696 325.207 324.659 325.248 324.614 325.298 324.558 325.36 324.488 325.44 324.395 325.549 324.266 325.706 324.071 325.953 323.747 326.393 323.127 327.275 322.227 300 
325.067 324.87 325.066 324.87 325.066 324.871 325.065 324.872 325.064 324.873 325.063 324.874 325.061 324.876 325.059 324.878 325.057 324.881 325.054 324.884 325.051 324.887 325.048 324.89 325.044 324.894 325.04 324.898 325.036 324.902 325.031 324.907 325.027 324.912 325.021 324.918 325.015 324.924 325.009 324.93 325.003 324.937 324.996 324.944 324.988 324.952 324.98 324.96 324.972 324.969 324.963 324.978 324.954 324.988 324.943 324.998 324.932 325.01 324.921 325.022 324.908 325.035 324.895 325.049 324.88 325.064 324.864 325.081 324.846 325.099 324.827 325.12 324.805 325.143 324.781 325.168 324.754 325.198 324.722 325.233 324.684 325.273 324.639 325.323 324.584 325.385 324.514 325.465 324.421 325.574 324.292 325.731 324.097 325.978 323.774 326.418 323.153 327.299 322.255 300 
325.092 324.895 325.092 324.896 325.091 324.896 325.091 324.897 325.09 324.898 325.088 324.9 325.087 324.902 325.085 324.904 325.082 324.906 325.08 324.909 325.077 324.912 325.073 324.916 325.07 324.919 325.066 324.924 325.062 324.928 325.057 324.933 325.052 324.938 325.047 324.943 325.041 324.949 325.035 324.956 325.028 324.962 325.021 324.97 325.014 324.977 325.006 324.985 324.998 324.994 324.989 325.003 324.979 325.013 324.969 325.024 324.958 325.035 324.946 325.047 324.934 325.06 324.92 325.074 324.905 325.09 324.889 325.106 324.872 325.125 324.853 325.145 324.831 325.168 324.807 325.194 324.779 325.223 324.747 325.258 324.71 325.299 324.665 325.348 324.61 325.41 324.54 325.491 324.447 325.599 324.318 325.756 324.123 326.003 323.8 326.443 323.18 327.323 322.282 300 
325.117 324.921 325.117 324.921 325.117 324.922 325.116 324.923 325.115 324.924 325.114 324.925 325.112 324.927 325.11 324.929 325.108 324.932 325.105 324.935 325.102 324.938 325.099 324.941 325.095 324.945 325.091 324.949 325.087 324.953 325.082 324.958 325.077 324.963 325.072 324.969 325.066 324.975 325.06 324.981 325.054 324.988 325.047 324.995 325.039 325.003 325.031 325.011 325.023 325.02 325.014 325.029 325.005 325.039 324.994 325.049 324.983 325.061 324.972 325.073 324.959 325.086 324.946 325.1 324.931 325.115 324.915 325.132 324.897 325.15 324.878 325.171 324.857 325.193 324.832 325.219 324.805 325.249 324.773 325.283 324.735 325.324 324.691 325.374 324.635 325.436 324.565 325.516 324.473 325.624 324.343 325.781 324.149 326.028 323.826 326.467 323.206 327.347 322.31 300 
325.143 324.946 325.143 324.947 325.142 324.947 325.142 324.948 325.14 324.949 325.139 324.951 325.137 324.953 325.135 324.955 325.133 324.957 325.13 324.96 325.128 324.963 325.124 324.967 325.121 324.97 325.117 324.975 325.112 324.979 325.108 324.984 325.103 324.989 325.098 324.994 325.092 325 325.086 325.007 325.079 325.013 325.072 325.021 325.065 325.028 325.057 325.036 325.048 325.045 325.04 325.054 325.03 325.064 325.02 325.075 325.009 325.086 324.997 325.098 324.985 325.111 324.971 325.125 324.956 325.14 324.941 325.157 324.923 325.176 324.904 325.196 324.882 325.219 324.858 325.245 324.83 325.274 324.798 325.309 324.761 325.349 324.716 325.399 324.661 325.461 324.591 325.541 324.498 325.65 324.369 325.806 324.175 326.053 323.852 326.492 323.233 327.371 322.338 300 
325.168 324.972 325.168 324.972 325.168 324.973 325.167 324.974 325.166 324.975 325.165 324.976 325.163 324.978 325.161 324.98 325.159 324.983 325.156 324.986 325.153 324.989 325.15 324.992 325.146 324.996 325.142 325 325.138 325.004 325.133 325.009 325.128 325.014 325.123 325.02 325.117 325.026 325.111 325.032 325.105 325.039 325.098 325.046 325.09 325.054 325.082 325.062 325.074 325.071 325.065 325.08 325.055 325.09 325.045 325.1 325.034 325.111 325.023 325.124 325.01 325.137 324.997 325.151 324.982 325.166 324.966 325.183 324.949 325.201 324.929 325.221 324.908 325.244 324.883 325.27 324.856 325.3 324.824 325.334 324.787 325.375 324.742 325.424 324.687 325.486 324.617 325.566 324.524 325.675 324.395 325.831 324.201 326.078 323.878 326.517 323.259 327.395 322.366 300 
325.194 324.997 325.194 324.998 325.193 324.998 325.192 324.999 325.191 325 325.19 325.002 325.188 325.004 325.186 325.006 325.184 325.008 325.181 325.011 325.178 325.014 325.175 325.018 325.172 325.021 325.168 325.026 325.163 325.03 325.159 325.035 325.154 325.04 325.148 325.045 325.143 325.051 325.137 325.058 325.13 325.064 325.123 325.072 325.116 325.079 325.108 325.087 325.099 325.096 325.09 325.105 325.081 325.115 325.071 325.126 325.06 325.137 325.048 325.149 325.036 325.162 325.022 325.176 325.008 325.191 324.992 325.208 324.974 325.226 324.955 325.247 324.933 325.27 324.909 325.295 324.881 325.325 324.85 325.359 324.812 325.4 324.768 325.45 324.712 325.511 324.642 325.591 324.55 325.7 324.421 325.856 324.227 326.103 323.904 326.542 323.286 327.419 322.393 300 
325.219 325.023 325.219 325.023 325.219 325.024 325.218 325.025 325.217 325.026 325.215 325.027 325.214 325.029 325.212 325.031 325.209 325.034 325.207 325.037 325.204 325.04 325.201 325.043 325.197 325.047 325.193 325.051 325.189 325.056 325.184 325.06 325.179 325.065 325.174 325.071 325.168 325.077 325.162 325.083 325.156 325.09 325.149 325.097 325.141 325.105 325.133 325.113 325.125 325.122 325.116 325.131 325.106 325.141 325.096 325.151 325.085 325.162 325.074 325.174 325.061 325.187 325.048 325.202 325.033 325.217 325.017 325.233 325 325.252 324.98 325.272 324.959 325.295 324.935 325.321 324.907 325.35 324.875 325.385 324.838 325.425 324.793 325.475 324.738 325.537 324.668 325.617 324.576 325.725 324.447 325.881 324.253 326.128 323.93 326.566 323.312 327.443 322.421 300 
325.245 325.048 325.244 325.049 325.244 325.049 325.243 325.05 325.242 325.051 325.241 325.053 325.239 325.055 325.237 325.057 325.235 325.059 325.232 325.062 325.229 325.065 325.226 325.069 325.222 325.072 325.218 325.077 325.214 325.081 325.21 325.086 325.205 325.091 325.199 325.096 325.194 325.102 325.187 325.109 325.181 325.115 325.174 325.123 325.167 325.13 325.159 325.138 325.15 325.147 325.141 325.156 325.132 325.166 325.122 325.177 325.111 325.188 325.099 325.2 325.087 325.213 325.073 325.227 325.059 325.242 325.043 325.259 325.025 325.277 325.006 325.298 324.984 325.32 324.96 325.346 324.933 325.376 324.901 325.41 324.864 325.451 324.819 325.5 324.764 325.562 324.694 325.642 324.601 325.75 324.472 325.907 324.279 326.153 323.956 326.591 323.339 327.467 322.449 300 
325.27 325.074 325.27 325.074 325.269 325.075 325.269 325.076 325.268 325.077 325.266 325.078 325.265 325.08 325.263 325.082 325.26 325.085 325.258 325.088 325.255 325.091 325.251 325.094 325.248 325.098 325.244 325.102 325.24 325.107 325.235 325.111 325.23 325.116 325.225 325.122 325.219 325.128 325.213 325.134 325.206 325.141 325.199 325.148 325.192 325.156 325.184 325.164 325.176 325.172 325.167 325.182 325.157 325.192 325.147 325.202 325.136 325.213 325.125 325.225 325.112 325.238 325.099 325.252 325.084 325.268 325.068 325.284 325.051 325.303 325.031 325.323 325.01 325.346 324.986 325.372 324.958 325.401 324.926 325.435 324.889 325.476 324.844 325.526 324.789 325.587 324.72 325.667 324.627 325.775 324.498 325.932 324.305 326.178 323.982 326.616 323.365 327.491 322.477 300 
325.295 325.099 325.295 325.1 325.295 325.1 325.294 325.101 325.293 325.102 325.292 325.104 325.29 325.106 325.288 325.108 325.286 325.11 325.283 325.113 325.28 325.116 325.277 325.12 325.273 325.124 325.269 325.128 325.265 325.132 325.261 325.137 325.256 325.142 325.25 325.148 325.244 325.153 325.238 325.16 325.232 325.166 325.225 325.174 325.218 325.181 325.21 325.189 325.201 325.198 325.192 325.207 325.183 325.217 325.173 325.227 325.162 325.239 325.15 325.251 325.138 325.264 325.124 325.278 325.11 325.293 325.094 325.31 325.076 325.328 325.057 325.348 325.035 325.371 325.011 325.397 324.984 325.426 324.952 325.461 324.915 325.501 324.87 325.551 324.815 325.613 324.745 325.692 324.653 325.801 324.524 325.957 324.331 326.203 324.008 326.64 323.391 327.515 322.504 300 
325.321 325.125 325.321 325.125 325.32 325.126 325.32 325.127 325.318 325.128 325.317 325.13 325.315 325.131 325.313 325.134 325.311 325.136 325.309 325.139 325.306 325.142 325.302 325.145 325.299 325.149 325.295 325.153 325.291 325.158 325.286 325.162 325.281 325.167 325.276 325.173 325.27 325.179 325.264 325.185 325.257 325.192 325.25 325.199 325.243 325.207 325.235 325.215 325.227 325.223 325.218 325.233 325.208 325.242 325.198 325.253 325.187 325.264 325.176 325.276 325.163 325.289 325.15 325.303 325.135 325.319 325.119 325.335 325.102 325.354 325.082 325.374 325.061 325.397 325.037 325.422 325.009 325.452 324.978 325.486 324.94 325.527 324.896 325.576 324.841 325.638 324.771 325.718 324.679 325.826 324.55 325.982 324.357 326.228 324.034 326.665 323.418 327.539 322.532 300 
325.346 325.151 325.346 325.151 325.346 325.151 325.345 325.152 325.344 325.154 325.343 325.155 325.341 325.157 325.339 325.159 325.337 325.162 325.334 325.164 325.331 325.167 325.328 325.171 325.324 325.175 325.32 325.179 325.316 325.183 325.311 325.188 325.306 325.193 325.301 325.199 325.295 325.204 325.289 325.211 325.283 325.217 325.276 325.225 325.268 325.232 325.261 325.24 325.252 325.249 325.243 325.258 325.234 325.268 325.224 325.278 325.213 325.29 325.201 325.302 325.189 325.315 325.175 325.329 325.161 325.344 325.145 325.361 325.127 325.379 325.108 325.399 325.087 325.422 325.062 325.448 325.035 325.477 325.003 325.511 324.966 325.552 324.921 325.601 324.866 325.663 324.797 325.743 324.704 325.851 324.576 326.007 324.382 326.253 324.061 326.69 323.444 327.563 322.56 300 
325.372 325.176 325.372 325.176 325.371 325.177 325.37 325.178 325.369 325.179 325.368 325.181 325.366 325.182 325.364 325.185 325.362 325.187 325.359 325.19 325.356 325.193 325.353 325.196 325.35 325.2 325.346 325.204 325.341 325.209 325.337 325.213 325.332 325.219 325.327 325.224 325.321 325.23 325.315 325.236 325.308 325.243 325.301 325.25 325.294 325.258 325.286 325.266 325.278 325.274 325.269 325.284 325.259 325.293 325.249 325.304 325.238 325.315 325.227 325.327 325.214 325.34 325.201 325.354 325.186 325.369 325.17 325.386 325.153 325.404 325.134 325.425 325.112 325.447 325.088 325.473 325.061 325.502 325.029 325.537 324.992 325.577 324.947 325.627 324.892 325.688 324.822 325.768 324.73 325.876 324.601 326.032 324.408 326.278 324.087 326.715 323.471 327.587 322.588 300 
325.397 325.202 325.397 325.202 325.397 325.202 325.396 325.203 325.395 325.205 325.393 325.206 325.392 325.208 325.39 325.21 325.387 325.213 325.385 325.215 325.382 325.218 325.379 325.222 325.375 325.226 325.371 325.23 325.367 325.234 325.362 325.239 325.357 325.244 325.352 325.25 325.346 325.255 325.34 325.262 325.334 325.268 325.327 325.276 325.319 325.283 325.312 325.291 325.303 325.3 325.294 325.309 325.285 325.319 325.275 325.329 325.264 325.341 325.252 325.353 325.24 325.366 325.226 325.38 325.212 325.395 325.196 325.411 325.178 325.43 325.159 325.45 325.138 325.473 325.114 325.498 325.086 325.528 325.054 325.562 325.017 325.603 324.973 325.652 324.918 325.714 324.848 325.793 324.756 325.901 324.627 326.057 324.434 326.302 324.113 326.739 323.497 327.611 322.615 300 
325.423 325.227 325.422 325.227 325.422 325.228 325.421 325.229 325.42 325.23 325.419 325.232 325.417 325.233 325.415 325.236 325.413 325.238 325.41 325.241 325.407 325.244 325.404 325.247 325.4 325.251 325.397 325.255 325.392 325.26 325.388 325.264 325.383 325.27 325.377 325.275 325.372 325.281 325.366 325.287 325.359 325.294 325.352 325.301 325.345 325.309 325.337 325.317 325.329 325.325 325.32 325.335 325.31 325.344 325.3 325.355 325.289 325.366 325.278 325.378 325.265 325.391 325.252 325.405 325.237 325.42 325.221 325.437 325.204 325.455 325.185 325.475 325.163 325.498 325.139 325.524 325.112 325.553 325.08 325.587 325.043 325.628 324.998 325.677 324.943 325.739 324.874 325.819 324.782 325.926 324.653 326.082 324.46 326.327 324.139 326.764 323.524 327.635 322.643 300 
325.448 325.253 325.448 325.253 325.447 325.254 325.447 325.254 325.446 325.256 325.444 325.257 325.443 325.259 325.441 325.261 325.438 325.264 325.436 325.266 325.433 325.269 325.43 325.273 325.426 325.277 325.422 325.281 325.418 325.285 325.413 325.29 325.408 325.295 325.403 325.301 325.397 325.306 325.391 325.313 325.385 325.319 325.378 325.327 325.37 325.334 325.363 325.342 325.354 325.351 325.345 325.36 325.336 325.37 325.326 325.38 325.315 325.391 325.303 325.403 325.291 325.416 325.277 325.43 325.263 325.446 325.247 325.462 325.229 325.481 325.21 325.501 325.189 325.524 325.165 325.549 325.137 325.579 325.106 325.613 325.068 325.653 325.024 325.703 324.969 325.764 324.899 325.844 324.807 325.952 324.679 326.107 324.486 326.352 324.165 326.789 323.55 327.659 322.671 300 
325.473 325.278 325.473 325.278 325.473 325.279 325.472 325.28 325.471 325.281 325.47 325.283 325.468 325.285 325.466 325.287 325.464 325.289 325.461 325.292 325.458 325.295 325.455 325.298 325.451 325.302 325.447 325.306 325.443 325.311 325.439 325.315 325.434 325.321 325.428 325.326 325.423 325.332 325.417 325.338 325.41 325.345 325.403 325.352 325.396 325.36 325.388 325.368 325.38 325.376 325.371 325.385 325.361 325.395 325.351 325.406 325.34 325.417 325.329 325.429 325.316 325.442 325.303 325.456 325.288 325.471 325.272 325.488 325.255 325.506 325.236 325.526 325.214 325.549 325.19 325.575 325.163 325.604 325.131 325.638 325.094 325.679 325.05 325.728 324.995 325.789 324.925 325.869 324.833 325.977 324.705 326.132 324.512 326.377 324.191 326.813 323.577 327.683 322.699 300 
325.499 325.304 325.499 325.304 325.498 325.305 325.498 325.305 325.496 325.307 325.495 325.308 325.493 325.31 325.491 325.312 325.489 325.315 325.487 325.317 325.484 325.32 325.48 325.324 325.477 325.328 325.473 325.332 325.469 325.336 325.464 325.341 325.459 325.346 325.454 325.352 325.448 325.357 325.442 325.364 325.436 325.37 325.429 325.378 325.421 325.385 325.413 325.393 325.405 325.402 325.396 325.411 325.387 325.421 325.377 325.431 325.366 325.442 325.354 325.454 325.342 325.467 325.328 325.481 325.314 325.497 325.298 325.513 325.281 325.531 325.261 325.552 325.24 325.574 325.216 325.6 325.188 325.629 325.157 325.663 325.12 325.704 325.075 325.753 325.02 325.815 324.951 325.894 324.859 326.002 324.731 326.158 324.538 326.402 324.217 326.838 323.603 327.707 322.726 300 
325.524 325.329 325.524 325.329 325.524 325.33 325.523 325.331 325.522 325.332 325.521 325.334 325.519 325.336 325.517 325.338 325.515 325.34 325.512 325.343 325.509 325.346 325.506 325.349 325.502 325.353 325.498 325.357 325.494 325.362 325.49 325.366 325.485 325.372 325.479 325.377 325.474 325.383 325.468 325.389 325.461 325.396 325.454 325.403 325.447 325.411 325.439 325.419 325.431 325.427 325.422 325.436 325.412 325.446 325.402 325.457 325.391 325.468 325.38 325.48 325.367 325.493 325.354 325.507 325.339 325.522 325.323 325.539 325.306 325.557 325.287 325.577 325.265 325.6 325.241 325.625 325.214 325.655 325.182 325.689 325.145 325.729 325.101 325.779 325.046 325.84 324.977 325.919 324.885 326.027 324.756 326.183 324.564 326.427 324.243 326.863 323.63 327.731 322.754 300 
325.55 325.355 325.55 325.355 325.549 325.356 325.548 325.357 325.547 325.358 325.546 325.359 325.544 325.361 325.542 325.363 325.54 325.366 325.537 325.368 325.535 325.372 325.531 325.375 325.528 325.379 325.524 325.383 325.52 325.387 325.515 325.392 325.51 325.397 325.505 325.403 325.499 325.408 325.493 325.415 325.486 325.421 325.48 325.428 325.472 325.436 325.464 325.444 325.456 325.453 325.447 325.462 325.438 325.472 325.428 325.482 325.417 325.493 325.405 325.505 325.393 325.518 325.379 325.532 325.365 325.547 325.349 325.564 325.332 325.582 325.312 325.602 325.291 325.625 325.267 325.651 325.24 325.68 325.208 325.714 325.171 325.755 325.126 325.804 325.072 325.865 325.002 325.945 324.91 326.052 324.782 326.208 324.59 326.452 324.269 326.887 323.656 327.755 322.782 300 
