300.003, 300.002, 300.002, 300.002, 300.002, 300.002, 300.002, 300.002, 300.001, 300.001, 300.001, 300, 300, 300, 299.999, 299.999, 299.999, 299.999, 299.998, 299.998, 299.998, 299.998, 299.997, 299.997, 299.997, 299.997, 299.997, 299.997, 299.997, 299.998, 299.998, 299.998, 299.998, 299.999, 299.999, 299.999, 300, 300, 300, 300.001, 300.001, 300.002, 300.002, 300.002, 300.003, 300.003, 300.003, 300.003, 300.003, 300.004, 300.004, 300.004, 300.004, 300.003, 300.003, 300.003, 300.003, 300.002, 300.002, 300.001, 300.001, 300, 300, 299.999, 299.999, 299.998, 299.997, 299.997, 299.996, 299.996, 299.995, 299.995, 299.994, 299.994, 299.993, 299.993, 299.993, 299.993, 299.993, 299.993, 299.994, 299.994, 299.995, 299.996, 299.997, 299.998, 299.999, 300.001, 300.003, 300.005, 300.008, 300.011, 300.015, 300.02, 300.026, 300.036, 300.05, 300.078, 300.152, 300, 
300.028, 300.028, 300.028, 300.028, 300.028, 300.027, 300.027, 300.027, 300.027, 300.027, 300.026, 300.026, 300.026, 300.025, 300.025, 300.025, 300.024, 300.024, 300.024, 300.024, 300.023, 300.023, 300.023, 300.023, 300.023, 300.023, 300.023, 300.023, 300.023, 300.023, 300.023, 300.023, 300.024, 300.024, 300.024, 300.025, 300.025, 300.025, 300.026, 300.026, 300.027, 300.027, 300.027, 300.028, 300.028, 300.028, 300.029, 300.029, 300.029, 300.029, 300.029, 300.029, 300.029, 300.029, 300.029, 300.028, 300.028, 300.028, 300.027, 300.027, 300.026, 300.026, 300.025, 300.025, 300.024, 300.024, 300.023, 300.022, 300.022, 300.021, 300.021, 300.02, 300.02, 300.019, 300.019, 300.019, 300.019, 300.019, 300.019, 300.019, 300.019, 300.02, 300.02, 300.021, 300.022, 300.023, 300.025, 300.026, 300.028, 300.031, 300.033, 300.036, 300.04, 300.045, 300.052, 300.061, 300.075, 300.103, 300.176, 300, 
300.053, 300.053, 300.053, 300.053, 300.053, 300.053, 300.053, 300.053, 300.052, 300.052, 300.052, 300.051, 300.051, 300.051, 300.05, 300.05, 300.05, 300.05, 300.049, 300.049, 300.049, 300.049, 300.048, 300.048, 300.048, 300.048, 300.048, 300.048, 300.048, 300.049, 300.049, 300.049, 300.049, 300.05, 300.05, 300.05, 300.051, 300.051, 300.051, 300.052, 300.052, 300.052, 300.053, 300.053, 300.053, 300.054, 300.054, 300.054, 300.054, 300.054, 300.054, 300.054, 300.054, 300.054, 300.054, 300.054, 300.054, 300.053, 300.053, 300.052, 300.052, 300.051, 300.051, 300.05, 300.05, 300.049, 300.048, 300.048, 300.047, 300.047, 300.046, 300.046, 300.045, 300.045, 300.045, 300.044, 300.044, 300.044, 300.044, 300.044, 300.045, 300.045, 300.046, 300.047, 300.048, 300.049, 300.05, 300.052, 300.054, 300.056, 300.059, 300.062, 300.066, 300.071, 300.077, 300.086, 300.1, 300.128, 300.2, 300, 
300.079, 300.079, 300.079, 300.079, 300.079, 300.078, 300.078, 300.078, 300.078, 300.077, 300.077, 300.077, 300.077, 300.076, 300.076, 300.076, 300.075, 300.075, 300.075, 300.075, 300.074, 300.074, 300.074, 300.074, 300.074, 300.074, 300.074, 300.074, 300.074, 300.074, 300.074, 300.074, 300.075, 300.075, 300.075, 300.076, 300.076, 300.076, 300.077, 300.077, 300.078, 300.078, 300.078, 300.079, 300.079, 300.079, 300.079, 300.08, 300.08, 300.08, 300.08, 300.08, 300.08, 300.08, 300.08, 300.079, 300.079, 300.079, 300.078, 300.078, 300.077, 300.077, 300.076, 300.076, 300.075, 300.075, 300.074, 300.073, 300.073, 300.072, 300.072, 300.071, 300.071, 300.07, 300.07, 300.07, 300.07, 300.07, 300.07, 300.07, 300.07, 300.071, 300.071, 300.072, 300.073, 300.074, 300.076, 300.077, 300.079, 300.081, 300.084, 300.087, 300.091, 300.096, 300.102, 300.111, 300.126, 300.152, 300.224, 300, 
300.104, 300.104, 300.104, 300.104, 300.104, 300.104, 300.104, 300.103, 300.103, 300.103, 300.103, 300.102, 300.102, 300.102, 300.101, 300.101, 300.101, 300.101, 300.1, 300.1, 300.1, 300.1, 300.099, 300.099, 300.099, 300.099, 300.099, 300.099, 300.099, 300.1, 300.1, 300.1, 300.1, 300.101, 300.101, 300.101, 300.102, 300.102, 300.102, 300.103, 300.103, 300.103, 300.104, 300.104, 300.104, 300.105, 300.105, 300.105, 300.105, 300.105, 300.105, 300.105, 300.105, 300.105, 300.105, 300.105, 300.105, 300.104, 300.104, 300.103, 300.103, 300.102, 300.102, 300.101, 300.101, 300.1, 300.099, 300.099, 300.098, 300.098, 300.097, 300.097, 300.096, 300.096, 300.096, 300.095, 300.095, 300.095, 300.095, 300.096, 300.096, 300.096, 300.097, 300.098, 300.099, 300.1, 300.101, 300.103, 300.105, 300.107, 300.109, 300.113, 300.116, 300.121, 300.128, 300.136, 300.151, 300.177, 300.249, 300, 
300.13, 300.13, 300.13, 300.13, 300.13, 300.129, 300.129, 300.129, 300.129, 300.128, 300.128, 300.128, 300.128, 300.127, 300.127, 300.127, 300.126, 300.126, 300.126, 300.125, 300.125, 300.125, 300.125, 300.125, 300.125, 300.125, 300.125, 300.125, 300.125, 300.125, 300.125, 300.125, 300.126, 300.126, 300.126, 300.127, 300.127, 300.127, 300.128, 300.128, 300.128, 300.129, 300.129, 300.13, 300.13, 300.13, 300.13, 300.131, 300.131, 300.131, 300.131, 300.131, 300.131, 300.131, 300.13, 300.13, 300.13, 300.13, 300.129, 300.129, 300.128, 300.128, 300.127, 300.127, 300.126, 300.126, 300.125, 300.124, 300.124, 300.123, 300.123, 300.122, 300.122, 300.121, 300.121, 300.121, 300.121, 300.121, 300.121, 300.121, 300.121, 300.122, 300.122, 300.123, 300.124, 300.125, 300.127, 300.128, 300.13, 300.132, 300.135, 300.138, 300.142, 300.146, 300.153, 300.162, 300.176, 300.202, 300.273, 300, 
300.155, 300.155, 300.155, 300.155, 300.155, 300.155, 300.155, 300.154, 300.154, 300.154, 300.154, 300.153, 300.153, 300.153, 300.152, 300.152, 300.152, 300.151, 300.151, 300.151, 300.151, 300.151, 300.15, 300.15, 300.15, 300.15, 300.15, 300.15, 300.15, 300.151, 300.151, 300.151, 300.151, 300.151, 300.152, 300.152, 300.152, 300.153, 300.153, 300.154, 300.154, 300.154, 300.155, 300.155, 300.155, 300.156, 300.156, 300.156, 300.156, 300.156, 300.156, 300.156, 300.156, 300.156, 300.156, 300.156, 300.155, 300.155, 300.155, 300.154, 300.154, 300.153, 300.153, 300.152, 300.152, 300.151, 300.15, 300.15, 300.149, 300.149, 300.148, 300.148, 300.147, 300.147, 300.147, 300.146, 300.146, 300.146, 300.146, 300.147, 300.147, 300.147, 300.148, 300.149, 300.15, 300.151, 300.152, 300.154, 300.156, 300.158, 300.16, 300.163, 300.167, 300.172, 300.178, 300.187, 300.201, 300.227, 300.297, 300, 
300.181, 300.181, 300.181, 300.181, 300.18, 300.18, 300.18, 300.18, 300.18, 300.179, 300.179, 300.179, 300.178, 300.178, 300.178, 300.178, 300.177, 300.177, 300.177, 300.176, 300.176, 300.176, 300.176, 300.176, 300.176, 300.176, 300.176, 300.176, 300.176, 300.176, 300.176, 300.176, 300.177, 300.177, 300.177, 300.178, 300.178, 300.178, 300.179, 300.179, 300.179, 300.18, 300.18, 300.18, 300.181, 300.181, 300.181, 300.181, 300.182, 300.182, 300.182, 300.182, 300.182, 300.182, 300.181, 300.181, 300.181, 300.181, 300.18, 300.18, 300.179, 300.179, 300.178, 300.178, 300.177, 300.177, 300.176, 300.175, 300.175, 300.174, 300.174, 300.173, 300.173, 300.172, 300.172, 300.172, 300.172, 300.172, 300.172, 300.172, 300.172, 300.173, 300.173, 300.174, 300.175, 300.176, 300.178, 300.179, 300.181, 300.183, 300.186, 300.189, 300.192, 300.197, 300.203, 300.212, 300.226, 300.252, 300.321, 300, 
300.206, 300.206, 300.206, 300.206, 300.206, 300.206, 300.206, 300.205, 300.205, 300.205, 300.205, 300.204, 300.204, 300.204, 300.203, 300.203, 300.203, 300.202, 300.202, 300.202, 300.202, 300.202, 300.201, 300.201, 300.201, 300.201, 300.201, 300.201, 300.201, 300.202, 300.202, 300.202, 300.202, 300.202, 300.203, 300.203, 300.203, 300.204, 300.204, 300.205, 300.205, 300.205, 300.206, 300.206, 300.206, 300.206, 300.207, 300.207, 300.207, 300.207, 300.207, 300.207, 300.207, 300.207, 300.207, 300.207, 300.206, 300.206, 300.206, 300.205, 300.205, 300.204, 300.204, 300.203, 300.203, 300.202, 300.201, 300.201, 300.2, 300.2, 300.199, 300.199, 300.198, 300.198, 300.198, 300.198, 300.197, 300.197, 300.197, 300.198, 300.198, 300.198, 300.199, 300.2, 300.201, 300.202, 300.203, 300.205, 300.206, 300.209, 300.211, 300.214, 300.218, 300.222, 300.229, 300.237, 300.251, 300.277, 300.346, 300, 
300.232, 300.232, 300.232, 300.231, 300.231, 300.231, 300.231, 300.231, 300.231, 300.23, 300.23, 300.23, 300.229, 300.229, 300.229, 300.229, 300.228, 300.228, 300.228, 300.227, 300.227, 300.227, 300.227, 300.227, 300.227, 300.227, 300.227, 300.227, 300.227, 300.227, 300.227, 300.227, 300.228, 300.228, 300.228, 300.229, 300.229, 300.229, 300.23, 300.23, 300.23, 300.231, 300.231, 300.231, 300.232, 300.232, 300.232, 300.232, 300.232, 300.233, 300.233, 300.233, 300.233, 300.232, 300.232, 300.232, 300.232, 300.231, 300.231, 300.231, 300.23, 300.23, 300.229, 300.229, 300.228, 300.228, 300.227, 300.226, 300.226, 300.225, 300.225, 300.224, 300.224, 300.224, 300.223, 300.223, 300.223, 300.223, 300.223, 300.223, 300.223, 300.224, 300.225, 300.225, 300.226, 300.227, 300.229, 300.23, 300.232, 300.234, 300.237, 300.24, 300.243, 300.248, 300.254, 300.263, 300.276, 300.302, 300.37, 300, 
300.257, 300.257, 300.257, 300.257, 300.257, 300.257, 300.256, 300.256, 300.256, 300.256, 300.255, 300.255, 300.255, 300.255, 300.254, 300.254, 300.254, 300.253, 300.253, 300.253, 300.253, 300.253, 300.252, 300.252, 300.252, 300.252, 300.252, 300.252, 300.252, 300.253, 300.253, 300.253, 300.253, 300.253, 300.254, 300.254, 300.254, 300.255, 300.255, 300.255, 300.256, 300.256, 300.257, 300.257, 300.257, 300.257, 300.258, 300.258, 300.258, 300.258, 300.258, 300.258, 300.258, 300.258, 300.258, 300.258, 300.257, 300.257, 300.257, 300.256, 300.256, 300.255, 300.255, 300.254, 300.254, 300.253, 300.252, 300.252, 300.251, 300.251, 300.25, 300.25, 300.249, 300.249, 300.249, 300.249, 300.248, 300.248, 300.248, 300.249, 300.249, 300.249, 300.25, 300.251, 300.252, 300.253, 300.254, 300.256, 300.257, 300.259, 300.262, 300.265, 300.269, 300.273, 300.279, 300.288, 300.301, 300.327, 300.394, 300, 
300.283, 300.283, 300.282, 300.282, 300.282, 300.282, 300.282, 300.282, 300.281, 300.281, 300.281, 300.281, 300.28, 300.28, 300.28, 300.279, 300.279, 300.279, 300.279, 300.278, 300.278, 300.278, 300.278, 300.278, 300.278, 300.278, 300.278, 300.278, 300.278, 300.278, 300.278, 300.278, 300.279, 300.279, 300.279, 300.28, 300.28, 300.28, 300.281, 300.281, 300.281, 300.282, 300.282, 300.282, 300.283, 300.283, 300.283, 300.283, 300.283, 300.283, 300.284, 300.284, 300.283, 300.283, 300.283, 300.283, 300.283, 300.282, 300.282, 300.282, 300.281, 300.281, 300.28, 300.28, 300.279, 300.278, 300.278, 300.277, 300.277, 300.276, 300.276, 300.275, 300.275, 300.275, 300.274, 300.274, 300.274, 300.274, 300.274, 300.274, 300.275, 300.275, 300.276, 300.276, 300.277, 300.278, 300.28, 300.281, 300.283, 300.285, 300.287, 300.29, 300.294, 300.298, 300.304, 300.313, 300.326, 300.351, 300.419, 300, 
300.308, 300.308, 300.308, 300.308, 300.308, 300.308, 300.307, 300.307, 300.307, 300.307, 300.306, 300.306, 300.306, 300.306, 300.305, 300.305, 300.305, 300.304, 300.304, 300.304, 300.304, 300.304, 300.303, 300.303, 300.303, 300.303, 300.303, 300.303, 300.303, 300.304, 300.304, 300.304, 300.304, 300.304, 300.305, 300.305, 300.305, 300.306, 300.306, 300.306, 300.307, 300.307, 300.307, 300.308, 300.308, 300.308, 300.309, 300.309, 300.309, 300.309, 300.309, 300.309, 300.309, 300.309, 300.309, 300.308, 300.308, 300.308, 300.307, 300.307, 300.307, 300.306, 300.306, 300.305, 300.305, 300.304, 300.303, 300.303, 300.302, 300.302, 300.301, 300.301, 300.3, 300.3, 300.3, 300.3, 300.299, 300.299, 300.3, 300.3, 300.3, 300.3, 300.301, 300.302, 300.303, 300.304, 300.305, 300.307, 300.308, 300.31, 300.313, 300.316, 300.319, 300.324, 300.33, 300.338, 300.351, 300.376, 300.443, 300, 
300.333, 300.333, 300.333, 300.333, 300.333, 300.333, 300.333, 300.333, 300.332, 300.332, 300.332, 300.332, 300.331, 300.331, 300.331, 300.33, 300.33, 300.33, 300.33, 300.329, 300.329, 300.329, 300.329, 300.329, 300.329, 300.329, 300.329, 300.329, 300.329, 300.329, 300.329, 300.329, 300.33, 300.33, 300.33, 300.331, 300.331, 300.331, 300.332, 300.332, 300.332, 300.333, 300.333, 300.333, 300.333, 300.334, 300.334, 300.334, 300.334, 300.334, 300.334, 300.334, 300.334, 300.334, 300.334, 300.334, 300.334, 300.333, 300.333, 300.333, 300.332, 300.332, 300.331, 300.331, 300.33, 300.329, 300.329, 300.328, 300.328, 300.327, 300.327, 300.326, 300.326, 300.326, 300.325, 300.325, 300.325, 300.325, 300.325, 300.325, 300.326, 300.326, 300.327, 300.327, 300.328, 300.329, 300.331, 300.332, 300.334, 300.336, 300.338, 300.341, 300.345, 300.349, 300.355, 300.363, 300.377, 300.401, 300.467, 300, 
300.359, 300.359, 300.359, 300.359, 300.359, 300.359, 300.358, 300.358, 300.358, 300.358, 300.357, 300.357, 300.357, 300.357, 300.356, 300.356, 300.356, 300.355, 300.355, 300.355, 300.355, 300.355, 300.354, 300.354, 300.354, 300.354, 300.354, 300.354, 300.354, 300.355, 300.355, 300.355, 300.355, 300.355, 300.356, 300.356, 300.356, 300.357, 300.357, 300.357, 300.358, 300.358, 300.358, 300.359, 300.359, 300.359, 300.359, 300.36, 300.36, 300.36, 300.36, 300.36, 300.36, 300.36, 300.36, 300.359, 300.359, 300.359, 300.358, 300.358, 300.358, 300.357, 300.357, 300.356, 300.356, 300.355, 300.354, 300.354, 300.353, 300.353, 300.352, 300.352, 300.351, 300.351, 300.351, 300.351, 300.351, 300.351, 300.351, 300.351, 300.351, 300.352, 300.352, 300.353, 300.354, 300.355, 300.356, 300.358, 300.359, 300.361, 300.364, 300.367, 300.37, 300.374, 300.38, 300.389, 300.402, 300.426, 300.492, 300, 
300.384, 300.384, 300.384, 300.384, 300.384, 300.384, 300.384, 300.384, 300.383, 300.383, 300.383, 300.383, 300.382, 300.382, 300.382, 300.381, 300.381, 300.381, 300.381, 300.38, 300.38, 300.38, 300.38, 300.38, 300.38, 300.38, 300.38, 300.38, 300.38, 300.38, 300.38, 300.38, 300.381, 300.381, 300.381, 300.381, 300.382, 300.382, 300.382, 300.383, 300.383, 300.383, 300.384, 300.384, 300.384, 300.385, 300.385, 300.385, 300.385, 300.385, 300.385, 300.385, 300.385, 300.385, 300.385, 300.385, 300.385, 300.384, 300.384, 300.383, 300.383, 300.383, 300.382, 300.382, 300.381, 300.38, 300.38, 300.379, 300.379, 300.378, 300.378, 300.377, 300.377, 300.377, 300.376, 300.376, 300.376, 300.376, 300.376, 300.376, 300.377, 300.377, 300.378, 300.378, 300.379, 300.38, 300.382, 300.383, 300.385, 300.387, 300.389, 300.392, 300.395, 300.4, 300.406, 300.414, 300.427, 300.451, 300.516, 300, 
300.41, 300.41, 300.41, 300.41, 300.41, 300.409, 300.409, 300.409, 300.409, 300.409, 300.408, 300.408, 300.408, 300.407, 300.407, 300.407, 300.407, 300.406, 300.406, 300.406, 300.406, 300.406, 300.405, 300.405, 300.405, 300.405, 300.405, 300.405, 300.405, 300.406, 300.406, 300.406, 300.406, 300.406, 300.407, 300.407, 300.407, 300.408, 300.408, 300.408, 300.409, 300.409, 300.409, 300.41, 300.41, 300.41, 300.41, 300.411, 300.411, 300.411, 300.411, 300.411, 300.411, 300.411, 300.41, 300.41, 300.41, 300.41, 300.409, 300.409, 300.409, 300.408, 300.408, 300.407, 300.406, 300.406, 300.405, 300.405, 300.404, 300.404, 300.403, 300.403, 300.403, 300.402, 300.402, 300.402, 300.402, 300.402, 300.402, 300.402, 300.402, 300.403, 300.403, 300.404, 300.405, 300.406, 300.407, 300.408, 300.41, 300.412, 300.415, 300.417, 300.421, 300.425, 300.431, 300.439, 300.452, 300.476, 300.54, 300, 
300.435, 300.435, 300.435, 300.435, 300.435, 300.435, 300.435, 300.435, 300.434, 300.434, 300.434, 300.434, 300.433, 300.433, 300.433, 300.432, 300.432, 300.432, 300.432, 300.431, 300.431, 300.431, 300.431, 300.431, 300.431, 300.431, 300.431, 300.431, 300.431, 300.431, 300.431, 300.431, 300.432, 300.432, 300.432, 300.432, 300.433, 300.433, 300.433, 300.434, 300.434, 300.434, 300.435, 300.435, 300.435, 300.436, 300.436, 300.436, 300.436, 300.436, 300.436, 300.436, 300.436, 300.436, 300.436, 300.436, 300.435, 300.435, 300.435, 300.434, 300.434, 300.434, 300.433, 300.433, 300.432, 300.431, 300.431, 300.43, 300.43, 300.429, 300.429, 300.428, 300.428, 300.428, 300.427, 300.427, 300.427, 300.427, 300.427, 300.427, 300.428, 300.428, 300.429, 300.429, 300.43, 300.431, 300.432, 300.434, 300.436, 300.438, 300.44, 300.443, 300.446, 300.45, 300.456, 300.464, 300.477, 300.501, 300.565, 300, 
300.461, 300.461, 300.461, 300.461, 300.461, 300.46, 300.46, 300.46, 300.46, 300.46, 300.459, 300.459, 300.459, 300.458, 300.458, 300.458, 300.458, 300.457, 300.457, 300.457, 300.457, 300.457, 300.456, 300.456, 300.456, 300.456, 300.456, 300.456, 300.456, 300.457, 300.457, 300.457, 300.457, 300.457, 300.458, 300.458, 300.458, 300.459, 300.459, 300.459, 300.46, 300.46, 300.46, 300.461, 300.461, 300.461, 300.461, 300.461, 300.462, 300.462, 300.462, 300.462, 300.462, 300.462, 300.461, 300.461, 300.461, 300.461, 300.46, 300.46, 300.459, 300.459, 300.459, 300.458, 300.457, 300.457, 300.456, 300.456, 300.455, 300.455, 300.454, 300.454, 300.454, 300.453, 300.453, 300.453, 300.453, 300.453, 300.453, 300.453, 300.453, 300.454, 300.454, 300.455, 300.456, 300.457, 300.458, 300.459, 300.461, 300.463, 300.465, 300.468, 300.472, 300.476, 300.482, 300.49, 300.502, 300.526, 300.589, 300, 
300.486, 300.486, 300.486, 300.486, 300.486, 300.486, 300.486, 300.485, 300.485, 300.485, 300.485, 300.484, 300.484, 300.484, 300.484, 300.483, 300.483, 300.483, 300.483, 300.482, 300.482, 300.482, 300.482, 300.482, 300.482, 300.482, 300.482, 300.482, 300.482, 300.482, 300.482, 300.482, 300.483, 300.483, 300.483, 300.483, 300.484, 300.484, 300.484, 300.485, 300.485, 300.485, 300.486, 300.486, 300.486, 300.486, 300.487, 300.487, 300.487, 300.487, 300.487, 300.487, 300.487, 300.487, 300.487, 300.487, 300.486, 300.486, 300.486, 300.485, 300.485, 300.484, 300.484, 300.483, 300.483, 300.482, 300.482, 300.481, 300.481, 300.48, 300.48, 300.479, 300.479, 300.479, 300.478, 300.478, 300.478, 300.478, 300.478, 300.478, 300.479, 300.479, 300.48, 300.48, 300.481, 300.482, 300.483, 300.485, 300.487, 300.488, 300.491, 300.494, 300.497, 300.501, 300.507, 300.515, 300.527, 300.551, 300.614, 300, 
300.512, 300.512, 300.512, 300.512, 300.511, 300.511, 300.511, 300.511, 300.511, 300.51, 300.51, 300.51, 300.51, 300.509, 300.509, 300.509, 300.509, 300.508, 300.508, 300.508, 300.508, 300.508, 300.507, 300.507, 300.507, 300.507, 300.507, 300.507, 300.507, 300.508, 300.508, 300.508, 300.508, 300.508, 300.509, 300.509, 300.509, 300.51, 300.51, 300.51, 300.511, 300.511, 300.511, 300.511, 300.512, 300.512, 300.512, 300.512, 300.512, 300.513, 300.513, 300.513, 300.513, 300.512, 300.512, 300.512, 300.512, 300.512, 300.511, 300.511, 300.51, 300.51, 300.509, 300.509, 300.508, 300.508, 300.507, 300.507, 300.506, 300.506, 300.505, 300.505, 300.505, 300.504, 300.504, 300.504, 300.504, 300.504, 300.504, 300.504, 300.504, 300.505, 300.505, 300.506, 300.507, 300.508, 300.509, 300.51, 300.512, 300.514, 300.516, 300.519, 300.522, 300.527, 300.532, 300.54, 300.552, 300.576, 300.638, 300, 
300.537, 300.537, 300.537, 300.537, 300.537, 300.537, 300.537, 300.536, 300.536, 300.536, 300.536, 300.535, 300.535, 300.535, 300.535, 300.534, 300.534, 300.534, 300.534, 300.533, 300.533, 300.533, 300.533, 300.533, 300.533, 300.533, 300.533, 300.533, 300.533, 300.533, 300.533, 300.533, 300.534, 300.534, 300.534, 300.534, 300.535, 300.535, 300.535, 300.536, 300.536, 300.536, 300.537, 300.537, 300.537, 300.537, 300.538, 300.538, 300.538, 300.538, 300.538, 300.538, 300.538, 300.538, 300.538, 300.538, 300.537, 300.537, 300.537, 300.536, 300.536, 300.535, 300.535, 300.534, 300.534, 300.533, 300.533, 300.532, 300.532, 300.531, 300.531, 300.53, 300.53, 300.53, 300.53, 300.529, 300.529, 300.529, 300.529, 300.529, 300.53, 300.53, 300.531, 300.531, 300.532, 300.533, 300.534, 300.536, 300.537, 300.539, 300.542, 300.544, 300.548, 300.552, 300.557, 300.565, 300.578, 300.601, 300.662, 300, 
300.563, 300.563, 300.563, 300.562, 300.562, 300.562, 300.562, 300.562, 300.562, 300.561, 300.561, 300.561, 300.561, 300.56, 300.56, 300.56, 300.56, 300.559, 300.559, 300.559, 300.559, 300.559, 300.558, 300.558, 300.558, 300.558, 300.558, 300.558, 300.558, 300.558, 300.559, 300.559, 300.559, 300.559, 300.56, 300.56, 300.56, 300.56, 300.561, 300.561, 300.561, 300.562, 300.562, 300.562, 300.563, 300.563, 300.563, 300.563, 300.563, 300.563, 300.564, 300.564, 300.563, 300.563, 300.563, 300.563, 300.563, 300.562, 300.562, 300.562, 300.561, 300.561, 300.56, 300.56, 300.559, 300.559, 300.558, 300.558, 300.557, 300.557, 300.556, 300.556, 300.556, 300.555, 300.555, 300.555, 300.555, 300.555, 300.555, 300.555, 300.555, 300.556, 300.556, 300.557, 300.558, 300.559, 300.56, 300.561, 300.563, 300.565, 300.567, 300.57, 300.573, 300.577, 300.583, 300.59, 300.603, 300.626, 300.687, 300, 
300.588, 300.588, 300.588, 300.588, 300.588, 300.588, 300.588, 300.587, 300.587, 300.587, 300.587, 300.586, 300.586, 300.586, 300.586, 300.585, 300.585, 300.585, 300.585, 300.584, 300.584, 300.584, 300.584, 300.584, 300.584, 300.584, 300.584, 300.584, 300.584, 300.584, 300.584, 300.584, 300.585, 300.585, 300.585, 300.585, 300.586, 300.586, 300.586, 300.587, 300.587, 300.587, 300.588, 300.588, 300.588, 300.588, 300.589, 300.589, 300.589, 300.589, 300.589, 300.589, 300.589, 300.589, 300.589, 300.588, 300.588, 300.588, 300.588, 300.587, 300.587, 300.586, 300.586, 300.585, 300.585, 300.584, 300.584, 300.583, 300.583, 300.582, 300.582, 300.582, 300.581, 300.581, 300.581, 300.58, 300.58, 300.58, 300.58, 300.581, 300.581, 300.581, 300.582, 300.582, 300.583, 300.584, 300.585, 300.587, 300.588, 300.59, 300.592, 300.595, 300.598, 300.603, 300.608, 300.616, 300.628, 300.651, 300.711, 300, 
300.614, 300.614, 300.613, 300.613, 300.613, 300.613, 300.613, 300.613, 300.613, 300.612, 300.612, 300.612, 300.612, 300.611, 300.611, 300.611, 300.611, 300.61, 300.61, 300.61, 300.61, 300.61, 300.609, 300.609, 300.609, 300.609, 300.609, 300.609, 300.609, 300.609, 300.61, 300.61, 300.61, 300.61, 300.611, 300.611, 300.611, 300.611, 300.612, 300.612, 300.612, 300.613, 300.613, 300.613, 300.614, 300.614, 300.614, 300.614, 300.614, 300.614, 300.614, 300.614, 300.614, 300.614, 300.614, 300.614, 300.614, 300.613, 300.613, 300.613, 300.612, 300.612, 300.611, 300.611, 300.61, 300.61, 300.609, 300.609, 300.608, 300.608, 300.607, 300.607, 300.607, 300.606, 300.606, 300.606, 300.606, 300.606, 300.606, 300.606, 300.606, 300.607, 300.607, 300.608, 300.609, 300.61, 300.611, 300.612, 300.614, 300.616, 300.618, 300.621, 300.624, 300.628, 300.633, 300.641, 300.653, 300.676, 300.736, 300, 
300.639, 300.639, 300.639, 300.639, 300.639, 300.639, 300.638, 300.638, 300.638, 300.638, 300.638, 300.637, 300.637, 300.637, 300.637, 300.636, 300.636, 300.636, 300.636, 300.635, 300.635, 300.635, 300.635, 300.635, 300.635, 300.635, 300.635, 300.635, 300.635, 300.635, 300.635, 300.635, 300.636, 300.636, 300.636, 300.636, 300.637, 300.637, 300.637, 300.638, 300.638, 300.638, 300.638, 300.639, 300.639, 300.639, 300.639, 300.64, 300.64, 300.64, 300.64, 300.64, 300.64, 300.64, 300.64, 300.639, 300.639, 300.639, 300.639, 300.638, 300.638, 300.637, 300.637, 300.636, 300.636, 300.635, 300.635, 300.634, 300.634, 300.633, 300.633, 300.633, 300.632, 300.632, 300.632, 300.631, 300.631, 300.631, 300.631, 300.632, 300.632, 300.632, 300.633, 300.633, 300.634, 300.635, 300.636, 300.638, 300.639, 300.641, 300.643, 300.646, 300.649, 300.653, 300.659, 300.666, 300.678, 300.701, 300.76, 300, 
300.664, 300.664, 300.664, 300.664, 300.664, 300.664, 300.664, 300.664, 300.664, 300.663, 300.663, 300.663, 300.663, 300.662, 300.662, 300.662, 300.661, 300.661, 300.661, 300.661, 300.661, 300.66, 300.66, 300.66, 300.66, 300.66, 300.66, 300.66, 300.66, 300.66, 300.661, 300.661, 300.661, 300.661, 300.662, 300.662, 300.662, 300.662, 300.663, 300.663, 300.663, 300.664, 300.664, 300.664, 300.664, 300.665, 300.665, 300.665, 300.665, 300.665, 300.665, 300.665, 300.665, 300.665, 300.665, 300.665, 300.665, 300.664, 300.664, 300.664, 300.663, 300.663, 300.662, 300.662, 300.661, 300.661, 300.66, 300.66, 300.659, 300.659, 300.658, 300.658, 300.658, 300.657, 300.657, 300.657, 300.657, 300.657, 300.657, 300.657, 300.657, 300.658, 300.658, 300.659, 300.66, 300.661, 300.662, 300.663, 300.665, 300.667, 300.669, 300.671, 300.675, 300.679, 300.684, 300.691, 300.703, 300.726, 300.784, 300, 
300.69, 300.69, 300.69, 300.69, 300.69, 300.69, 300.689, 300.689, 300.689, 300.689, 300.689, 300.688, 300.688, 300.688, 300.687, 300.687, 300.687, 300.687, 300.687, 300.686, 300.686, 300.686, 300.686, 300.686, 300.686, 300.686, 300.686, 300.686, 300.686, 300.686, 300.686, 300.686, 300.686, 300.687, 300.687, 300.687, 300.688, 300.688, 300.688, 300.688, 300.689, 300.689, 300.689, 300.69, 300.69, 300.69, 300.69, 300.691, 300.691, 300.691, 300.691, 300.691, 300.691, 300.691, 300.69, 300.69, 300.69, 300.69, 300.689, 300.689, 300.689, 300.688, 300.688, 300.687, 300.687, 300.686, 300.686, 300.685, 300.685, 300.684, 300.684, 300.684, 300.683, 300.683, 300.683, 300.682, 300.682, 300.682, 300.682, 300.683, 300.683, 300.683, 300.684, 300.684, 300.685, 300.686, 300.687, 300.689, 300.69, 300.692, 300.694, 300.697, 300.7, 300.704, 300.709, 300.717, 300.728, 300.751, 300.809, 300, 
300.715, 300.715, 300.715, 300.715, 300.715, 300.715, 300.715, 300.715, 300.714, 300.714, 300.714, 300.714, 300.713, 300.713, 300.713, 300.713, 300.712, 300.712, 300.712, 300.712, 300.712, 300.711, 300.711, 300.711, 300.711, 300.711, 300.711, 300.711, 300.711, 300.711, 300.712, 300.712, 300.712, 300.712, 300.712, 300.713, 300.713, 300.713, 300.714, 300.714, 300.714, 300.715, 300.715, 300.715, 300.715, 300.716, 300.716, 300.716, 300.716, 300.716, 300.716, 300.716, 300.716, 300.716, 300.716, 300.716, 300.716, 300.715, 300.715, 300.715, 300.714, 300.714, 300.713, 300.713, 300.712, 300.712, 300.711, 300.711, 300.71, 300.71, 300.709, 300.709, 300.709, 300.708, 300.708, 300.708, 300.708, 300.708, 300.708, 300.708, 300.708, 300.709, 300.709, 300.71, 300.711, 300.712, 300.713, 300.714, 300.716, 300.717, 300.72, 300.722, 300.725, 300.729, 300.735, 300.742, 300.754, 300.776, 300.833, 300, 
300.741, 300.741, 300.741, 300.741, 300.741, 300.74, 300.74, 300.74, 300.74, 300.74, 300.739, 300.739, 300.739, 300.739, 300.738, 300.738, 300.738, 300.738, 300.737, 300.737, 300.737, 300.737, 300.737, 300.737, 300.737, 300.737, 300.737, 300.737, 300.737, 300.737, 300.737, 300.737, 300.737, 300.738, 300.738, 300.738, 300.739, 300.739, 300.739, 300.739, 300.74, 300.74, 300.74, 300.741, 300.741, 300.741, 300.741, 300.741, 300.742, 300.742, 300.742, 300.742, 300.742, 300.742, 300.741, 300.741, 300.741, 300.741, 300.74, 300.74, 300.74, 300.739, 300.739, 300.738, 300.738, 300.737, 300.737, 300.736, 300.736, 300.735, 300.735, 300.735, 300.734, 300.734, 300.734, 300.734, 300.733, 300.733, 300.733, 300.734, 300.734, 300.734, 300.735, 300.735, 300.736, 300.737, 300.738, 300.74, 300.741, 300.743, 300.745, 300.748, 300.751, 300.755, 300.76, 300.767, 300.779, 300.8, 300.858, 300, 
300.766, 300.766, 300.766, 300.766, 300.766, 300.766, 300.766, 300.766, 300.765, 300.765, 300.765, 300.765, 300.764, 300.764, 300.764, 300.764, 300.763, 300.763, 300.763, 300.763, 300.763, 300.762, 300.762, 300.762, 300.762, 300.762, 300.762, 300.762, 300.762, 300.762, 300.763, 300.763, 300.763, 300.763, 300.763, 300.764, 300.764, 300.764, 300.765, 300.765, 300.765, 300.766, 300.766, 300.766, 300.766, 300.767, 300.767, 300.767, 300.767, 300.767, 300.767, 300.767, 300.767, 300.767, 300.767, 300.767, 300.766, 300.766, 300.766, 300.766, 300.765, 300.765, 300.764, 300.764, 300.763, 300.763, 300.762, 300.762, 300.761, 300.761, 300.76, 300.76, 300.76, 300.759, 300.759, 300.759, 300.759, 300.759, 300.759, 300.759, 300.759, 300.76, 300.76, 300.761, 300.762, 300.763, 300.764, 300.765, 300.767, 300.768, 300.77, 300.773, 300.776, 300.78, 300.785, 300.792, 300.804, 300.825, 300.882, 300, 
300.792, 300.792, 300.792, 300.792, 300.792, 300.791, 300.791, 300.791, 300.791, 300.791, 300.79, 300.79, 300.79, 300.79, 300.789, 300.789, 300.789, 300.789, 300.788, 300.788, 300.788, 300.788, 300.788, 300.788, 300.788, 300.788, 300.788, 300.788, 300.788, 300.788, 300.788, 300.788, 300.788, 300.789, 300.789, 300.789, 300.789, 300.79, 300.79, 300.79, 300.791, 300.791, 300.791, 300.792, 300.792, 300.792, 300.792, 300.792, 300.792, 300.793, 300.793, 300.793, 300.793, 300.792, 300.792, 300.792, 300.792, 300.792, 300.791, 300.791, 300.791, 300.79, 300.79, 300.789, 300.789, 300.788, 300.788, 300.787, 300.787, 300.786, 300.786, 300.786, 300.785, 300.785, 300.785, 300.785, 300.784, 300.784, 300.785, 300.785, 300.785, 300.785, 300.786, 300.786, 300.787, 300.788, 300.789, 300.791, 300.792, 300.794, 300.796, 300.798, 300.801, 300.805, 300.81, 300.818, 300.829, 300.85, 300.907, 300, 
300.817, 300.817, 300.817, 300.817, 300.817, 300.817, 300.817, 300.817, 300.816, 300.816, 300.816, 300.816, 300.815, 300.815, 300.815, 300.815, 300.814, 300.814, 300.814, 300.814, 300.814, 300.813, 300.813, 300.813, 300.813, 300.813, 300.813, 300.813, 300.813, 300.813, 300.814, 300.814, 300.814, 300.814, 300.814, 300.815, 300.815, 300.815, 300.816, 300.816, 300.816, 300.816, 300.817, 300.817, 300.817, 300.817, 300.818, 300.818, 300.818, 300.818, 300.818, 300.818, 300.818, 300.818, 300.818, 300.818, 300.817, 300.817, 300.817, 300.816, 300.816, 300.816, 300.815, 300.815, 300.814, 300.814, 300.813, 300.813, 300.812, 300.812, 300.812, 300.811, 300.811, 300.81, 300.81, 300.81, 300.81, 300.81, 300.81, 300.81, 300.81, 300.811, 300.811, 300.812, 300.813, 300.814, 300.815, 300.816, 300.818, 300.819, 300.821, 300.824, 300.827, 300.831, 300.836, 300.843, 300.854, 300.875, 300.931, 300, 
300.843, 300.843, 300.843, 300.843, 300.842, 300.842, 300.842, 300.842, 300.842, 300.842, 300.841, 300.841, 300.841, 300.841, 300.84, 300.84, 300.84, 300.84, 300.839, 300.839, 300.839, 300.839, 300.839, 300.839, 300.839, 300.839, 300.839, 300.839, 300.839, 300.839, 300.839, 300.839, 300.839, 300.84, 300.84, 300.84, 300.84, 300.841, 300.841, 300.841, 300.842, 300.842, 300.842, 300.842, 300.843, 300.843, 300.843, 300.843, 300.843, 300.843, 300.844, 300.844, 300.843, 300.843, 300.843, 300.843, 300.843, 300.843, 300.842, 300.842, 300.842, 300.841, 300.841, 300.84, 300.84, 300.839, 300.839, 300.838, 300.838, 300.837, 300.837, 300.837, 300.836, 300.836, 300.836, 300.836, 300.835, 300.835, 300.836, 300.836, 300.836, 300.836, 300.837, 300.837, 300.838, 300.839, 300.84, 300.841, 300.843, 300.845, 300.847, 300.849, 300.852, 300.856, 300.861, 300.868, 300.879, 300.9, 300.956, 300, 
300.868, 300.868, 300.868, 300.868, 300.868, 300.868, 300.868, 300.867, 300.867, 300.867, 300.867, 300.867, 300.866, 300.866, 300.866, 300.866, 300.865, 300.865, 300.865, 300.865, 300.865, 300.864, 300.864, 300.864, 300.864, 300.864, 300.864, 300.864, 300.864, 300.864, 300.865, 300.865, 300.865, 300.865, 300.865, 300.866, 300.866, 300.866, 300.867, 300.867, 300.867, 300.867, 300.868, 300.868, 300.868, 300.868, 300.869, 300.869, 300.869, 300.869, 300.869, 300.869, 300.869, 300.869, 300.869, 300.869, 300.868, 300.868, 300.868, 300.867, 300.867, 300.867, 300.866, 300.866, 300.865, 300.865, 300.864, 300.864, 300.863, 300.863, 300.863, 300.862, 300.862, 300.862, 300.861, 300.861, 300.861, 300.861, 300.861, 300.861, 300.861, 300.862, 300.862, 300.863, 300.864, 300.865, 300.866, 300.867, 300.868, 300.87, 300.872, 300.875, 300.878, 300.881, 300.886, 300.894, 300.905, 300.925, 300.98, 300, 
300.894, 300.894, 300.894, 300.893, 300.893, 300.893, 300.893, 300.893, 300.893, 300.893, 300.892, 300.892, 300.892, 300.892, 300.891, 300.891, 300.891, 300.891, 300.89, 300.89, 300.89, 300.89, 300.89, 300.89, 300.89, 300.89, 300.89, 300.89, 300.89, 300.89, 300.89, 300.89, 300.89, 300.891, 300.891, 300.891, 300.891, 300.892, 300.892, 300.892, 300.893, 300.893, 300.893, 300.893, 300.894, 300.894, 300.894, 300.894, 300.894, 300.894, 300.894, 300.894, 300.894, 300.894, 300.894, 300.894, 300.894, 300.893, 300.893, 300.893, 300.892, 300.892, 300.892, 300.891, 300.891, 300.89, 300.89, 300.889, 300.889, 300.888, 300.888, 300.888, 300.887, 300.887, 300.887, 300.887, 300.887, 300.887, 300.887, 300.887, 300.887, 300.887, 300.888, 300.888, 300.889, 300.89, 300.891, 300.892, 300.894, 300.896, 300.898, 300.9, 300.903, 300.907, 300.912, 300.919, 300.93, 300.95, 301.005, 300, 
300.919, 300.919, 300.919, 300.919, 300.919, 300.919, 300.919, 300.918, 300.918, 300.918, 300.918, 300.918, 300.917, 300.917, 300.917, 300.917, 300.916, 300.916, 300.916, 300.916, 300.916, 300.915, 300.915, 300.915, 300.915, 300.915, 300.915, 300.915, 300.915, 300.915, 300.916, 300.916, 300.916, 300.916, 300.916, 300.917, 300.917, 300.917, 300.917, 300.918, 300.918, 300.918, 300.919, 300.919, 300.919, 300.919, 300.919, 300.92, 300.92, 300.92, 300.92, 300.92, 300.92, 300.92, 300.92, 300.919, 300.919, 300.919, 300.919, 300.918, 300.918, 300.918, 300.917, 300.917, 300.916, 300.916, 300.915, 300.915, 300.914, 300.914, 300.914, 300.913, 300.913, 300.913, 300.912, 300.912, 300.912, 300.912, 300.912, 300.912, 300.913, 300.913, 300.913, 300.914, 300.915, 300.916, 300.917, 300.918, 300.919, 300.921, 300.923, 300.925, 300.928, 300.932, 300.937, 300.944, 300.955, 300.975, 301.029, 300, 
300.945, 300.945, 300.944, 300.944, 300.944, 300.944, 300.944, 300.944, 300.944, 300.943, 300.943, 300.943, 300.943, 300.943, 300.942, 300.942, 300.942, 300.942, 300.941, 300.941, 300.941, 300.941, 300.941, 300.941, 300.941, 300.941, 300.941, 300.941, 300.941, 300.941, 300.941, 300.941, 300.941, 300.942, 300.942, 300.942, 300.942, 300.943, 300.943, 300.943, 300.944, 300.944, 300.944, 300.944, 300.945, 300.945, 300.945, 300.945, 300.945, 300.945, 300.945, 300.945, 300.945, 300.945, 300.945, 300.945, 300.945, 300.944, 300.944, 300.944, 300.943, 300.943, 300.943, 300.942, 300.942, 300.941, 300.941, 300.94, 300.94, 300.939, 300.939, 300.939, 300.938, 300.938, 300.938, 300.938, 300.938, 300.938, 300.938, 300.938, 300.938, 300.938, 300.939, 300.939, 300.94, 300.941, 300.942, 300.943, 300.945, 300.947, 300.949, 300.951, 300.954, 300.958, 300.962, 300.969, 300.98, 301, 301.054, 300, 
300.97, 300.97, 300.97, 300.97, 300.97, 300.97, 300.97, 300.969, 300.969, 300.969, 300.969, 300.968, 300.968, 300.968, 300.968, 300.968, 300.967, 300.967, 300.967, 300.967, 300.967, 300.966, 300.966, 300.966, 300.966, 300.966, 300.966, 300.966, 300.966, 300.966, 300.967, 300.967, 300.967, 300.967, 300.967, 300.968, 300.968, 300.968, 300.968, 300.969, 300.969, 300.969, 300.97, 300.97, 300.97, 300.97, 300.97, 300.971, 300.971, 300.971, 300.971, 300.971, 300.971, 300.971, 300.971, 300.97, 300.97, 300.97, 300.97, 300.969, 300.969, 300.968, 300.968, 300.968, 300.967, 300.967, 300.966, 300.966, 300.965, 300.965, 300.965, 300.964, 300.964, 300.964, 300.963, 300.963, 300.963, 300.963, 300.963, 300.963, 300.964, 300.964, 300.964, 300.965, 300.966, 300.967, 300.968, 300.969, 300.97, 300.972, 300.974, 300.976, 300.979, 300.983, 300.988, 300.995, 301.005, 301.025, 301.078, 300, 
300.995, 300.995, 300.995, 300.995, 300.995, 300.995, 300.995, 300.995, 300.995, 300.994, 300.994, 300.994, 300.994, 300.993, 300.993, 300.993, 300.993, 300.993, 300.992, 300.992, 300.992, 300.992, 300.992, 300.992, 300.992, 300.992, 300.992, 300.992, 300.992, 300.992, 300.992, 300.992, 300.992, 300.993, 300.993, 300.993, 300.993, 300.994, 300.994, 300.994, 300.994, 300.995, 300.995, 300.995, 300.995, 300.996, 300.996, 300.996, 300.996, 300.996, 300.996, 300.996, 300.996, 300.996, 300.996, 300.996, 300.996, 300.995, 300.995, 300.995, 300.994, 300.994, 300.994, 300.993, 300.993, 300.992, 300.992, 300.991, 300.991, 300.99, 300.99, 300.99, 300.989, 300.989, 300.989, 300.989, 300.989, 300.989, 300.989, 300.989, 300.989, 300.989, 300.99, 300.99, 300.991, 300.992, 300.993, 300.994, 300.996, 300.997, 300.999, 301.002, 301.005, 301.008, 301.013, 301.02, 301.031, 301.051, 301.103, 300, 
301.021, 301.021, 301.021, 301.021, 301.021, 301.021, 301.02, 301.02, 301.02, 301.02, 301.02, 301.019, 301.019, 301.019, 301.019, 301.018, 301.018, 301.018, 301.018, 301.018, 301.018, 301.017, 301.017, 301.017, 301.017, 301.017, 301.017, 301.017, 301.017, 301.017, 301.017, 301.018, 301.018, 301.018, 301.018, 301.019, 301.019, 301.019, 301.019, 301.02, 301.02, 301.02, 301.02, 301.021, 301.021, 301.021, 301.021, 301.021, 301.022, 301.022, 301.022, 301.022, 301.022, 301.022, 301.021, 301.021, 301.021, 301.021, 301.021, 301.02, 301.02, 301.019, 301.019, 301.019, 301.018, 301.018, 301.017, 301.017, 301.016, 301.016, 301.016, 301.015, 301.015, 301.015, 301.014, 301.014, 301.014, 301.014, 301.014, 301.014, 301.015, 301.015, 301.015, 301.016, 301.017, 301.018, 301.019, 301.02, 301.021, 301.023, 301.025, 301.027, 301.03, 301.034, 301.038, 301.045, 301.056, 301.076, 301.128, 300, 
301.046, 301.046, 301.046, 301.046, 301.046, 301.046, 301.046, 301.046, 301.046, 301.045, 301.045, 301.045, 301.045, 301.044, 301.044, 301.044, 301.044, 301.044, 301.043, 301.043, 301.043, 301.043, 301.043, 301.043, 301.043, 301.043, 301.043, 301.043, 301.043, 301.043, 301.043, 301.043, 301.043, 301.044, 301.044, 301.044, 301.044, 301.045, 301.045, 301.045, 301.045, 301.046, 301.046, 301.046, 301.046, 301.047, 301.047, 301.047, 301.047, 301.047, 301.047, 301.047, 301.047, 301.047, 301.047, 301.047, 301.047, 301.046, 301.046, 301.046, 301.045, 301.045, 301.045, 301.044, 301.044, 301.043, 301.043, 301.042, 301.042, 301.041, 301.041, 301.041, 301.04, 301.04, 301.04, 301.04, 301.04, 301.04, 301.04, 301.04, 301.04, 301.04, 301.041, 301.041, 301.042, 301.043, 301.044, 301.045, 301.047, 301.048, 301.05, 301.053, 301.055, 301.059, 301.064, 301.07, 301.081, 301.101, 301.152, 300, 
301.072, 301.072, 301.072, 301.072, 301.072, 301.072, 301.071, 301.071, 301.071, 301.071, 301.071, 301.07, 301.07, 301.07, 301.07, 301.069, 301.069, 301.069, 301.069, 301.069, 301.069, 301.068, 301.068, 301.068, 301.068, 301.068, 301.068, 301.068, 301.068, 301.068, 301.068, 301.069, 301.069, 301.069, 301.069, 301.07, 301.07, 301.07, 301.07, 301.071, 301.071, 301.071, 301.071, 301.072, 301.072, 301.072, 301.072, 301.072, 301.073, 301.073, 301.073, 301.073, 301.073, 301.072, 301.072, 301.072, 301.072, 301.072, 301.071, 301.071, 301.071, 301.07, 301.07, 301.07, 301.069, 301.069, 301.068, 301.068, 301.067, 301.067, 301.067, 301.066, 301.066, 301.066, 301.065, 301.065, 301.065, 301.065, 301.065, 301.065, 301.066, 301.066, 301.066, 301.067, 301.068, 301.069, 301.07, 301.071, 301.072, 301.074, 301.076, 301.078, 301.081, 301.084, 301.089, 301.096, 301.106, 301.126, 301.177, 300, 
301.097, 301.097, 301.097, 301.097, 301.097, 301.097, 301.097, 301.097, 301.096, 301.096, 301.096, 301.096, 301.096, 301.095, 301.095, 301.095, 301.095, 301.095, 301.094, 301.094, 301.094, 301.094, 301.094, 301.094, 301.094, 301.094, 301.094, 301.094, 301.094, 301.094, 301.094, 301.094, 301.094, 301.095, 301.095, 301.095, 301.095, 301.096, 301.096, 301.096, 301.096, 301.097, 301.097, 301.097, 301.097, 301.098, 301.098, 301.098, 301.098, 301.098, 301.098, 301.098, 301.098, 301.098, 301.098, 301.098, 301.097, 301.097, 301.097, 301.097, 301.096, 301.096, 301.095, 301.095, 301.095, 301.094, 301.094, 301.093, 301.093, 301.092, 301.092, 301.092, 301.091, 301.091, 301.091, 301.091, 301.091, 301.091, 301.091, 301.091, 301.091, 301.091, 301.092, 301.093, 301.093, 301.094, 301.095, 301.096, 301.098, 301.099, 301.101, 301.103, 301.106, 301.11, 301.114, 301.121, 301.131, 301.151, 301.201, 300, 
301.123, 301.123, 301.123, 301.123, 301.123, 301.122, 301.122, 301.122, 301.122, 301.122, 301.122, 301.121, 301.121, 301.121, 301.121, 301.12, 301.12, 301.12, 301.12, 301.12, 301.119, 301.119, 301.119, 301.119, 301.119, 301.119, 301.119, 301.119, 301.119, 301.119, 301.119, 301.12, 301.12, 301.12, 301.12, 301.12, 301.121, 301.121, 301.121, 301.122, 301.122, 301.122, 301.122, 301.123, 301.123, 301.123, 301.123, 301.123, 301.123, 301.123, 301.124, 301.124, 301.123, 301.123, 301.123, 301.123, 301.123, 301.123, 301.122, 301.122, 301.122, 301.121, 301.121, 301.121, 301.12, 301.12, 301.119, 301.119, 301.118, 301.118, 301.118, 301.117, 301.117, 301.117, 301.116, 301.116, 301.116, 301.116, 301.116, 301.116, 301.117, 301.117, 301.117, 301.118, 301.119, 301.12, 301.121, 301.122, 301.123, 301.125, 301.127, 301.129, 301.132, 301.135, 301.14, 301.146, 301.156, 301.176, 301.226, 300, 
301.148, 301.148, 301.148, 301.148, 301.148, 301.148, 301.148, 301.148, 301.147, 301.147, 301.147, 301.147, 301.147, 301.146, 301.146, 301.146, 301.146, 301.145, 301.145, 301.145, 301.145, 301.145, 301.145, 301.145, 301.145, 301.145, 301.145, 301.145, 301.145, 301.145, 301.145, 301.145, 301.145, 301.145, 301.146, 301.146, 301.146, 301.146, 301.147, 301.147, 301.147, 301.148, 301.148, 301.148, 301.148, 301.148, 301.149, 301.149, 301.149, 301.149, 301.149, 301.149, 301.149, 301.149, 301.149, 301.149, 301.148, 301.148, 301.148, 301.148, 301.147, 301.147, 301.146, 301.146, 301.146, 301.145, 301.145, 301.144, 301.144, 301.143, 301.143, 301.143, 301.142, 301.142, 301.142, 301.142, 301.142, 301.142, 301.142, 301.142, 301.142, 301.142, 301.143, 301.144, 301.144, 301.145, 301.146, 301.147, 301.149, 301.15, 301.152, 301.154, 301.157, 301.16, 301.165, 301.171, 301.182, 301.201, 301.25, 300, 
301.174, 301.174, 301.174, 301.174, 301.173, 301.173, 301.173, 301.173, 301.173, 301.173, 301.172, 301.172, 301.172, 301.172, 301.172, 301.171, 301.171, 301.171, 301.171, 301.171, 301.17, 301.17, 301.17, 301.17, 301.17, 301.17, 301.17, 301.17, 301.17, 301.17, 301.17, 301.171, 301.171, 301.171, 301.171, 301.171, 301.172, 301.172, 301.172, 301.172, 301.173, 301.173, 301.173, 301.174, 301.174, 301.174, 301.174, 301.174, 301.174, 301.174, 301.174, 301.174, 301.174, 301.174, 301.174, 301.174, 301.174, 301.174, 301.173, 301.173, 301.173, 301.172, 301.172, 301.171, 301.171, 301.171, 301.17, 301.17, 301.169, 301.169, 301.169, 301.168, 301.168, 301.168, 301.167, 301.167, 301.167, 301.167, 301.167, 301.167, 301.168, 301.168, 301.168, 301.169, 301.17, 301.171, 301.171, 301.173, 301.174, 301.176, 301.177, 301.18, 301.182, 301.186, 301.19, 301.197, 301.207, 301.226, 301.275, 300, 
301.199, 301.199, 301.199, 301.199, 301.199, 301.199, 301.199, 301.199, 301.198, 301.198, 301.198, 301.198, 301.198, 301.197, 301.197, 301.197, 301.197, 301.196, 301.196, 301.196, 301.196, 301.196, 301.196, 301.196, 301.196, 301.196, 301.196, 301.196, 301.196, 301.196, 301.196, 301.196, 301.196, 301.196, 301.197, 301.197, 301.197, 301.197, 301.198, 301.198, 301.198, 301.198, 301.199, 301.199, 301.199, 301.199, 301.2, 301.2, 301.2, 301.2, 301.2, 301.2, 301.2, 301.2, 301.2, 301.199, 301.199, 301.199, 301.199, 301.198, 301.198, 301.198, 301.197, 301.197, 301.197, 301.196, 301.196, 301.195, 301.195, 301.194, 301.194, 301.194, 301.193, 301.193, 301.193, 301.193, 301.193, 301.193, 301.193, 301.193, 301.193, 301.194, 301.194, 301.195, 301.195, 301.196, 301.197, 301.198, 301.199, 301.201, 301.203, 301.205, 301.208, 301.211, 301.216, 301.222, 301.232, 301.251, 301.3, 300, 
301.225, 301.225, 301.225, 301.225, 301.224, 301.224, 301.224, 301.224, 301.224, 301.224, 301.223, 301.223, 301.223, 301.223, 301.223, 301.222, 301.222, 301.222, 301.222, 301.222, 301.221, 301.221, 301.221, 301.221, 301.221, 301.221, 301.221, 301.221, 301.221, 301.221, 301.221, 301.222, 301.222, 301.222, 301.222, 301.222, 301.223, 301.223, 301.223, 301.223, 301.224, 301.224, 301.224, 301.224, 301.225, 301.225, 301.225, 301.225, 301.225, 301.225, 301.225, 301.225, 301.225, 301.225, 301.225, 301.225, 301.225, 301.225, 301.224, 301.224, 301.224, 301.223, 301.223, 301.222, 301.222, 301.222, 301.221, 301.221, 301.22, 301.22, 301.22, 301.219, 301.219, 301.219, 301.218, 301.218, 301.218, 301.218, 301.218, 301.218, 301.219, 301.219, 301.219, 301.22, 301.221, 301.221, 301.222, 301.224, 301.225, 301.226, 301.228, 301.23, 301.233, 301.237, 301.241, 301.247, 301.257, 301.276, 301.324, 300, 
301.25, 301.25, 301.25, 301.25, 301.25, 301.25, 301.25, 301.249, 301.249, 301.249, 301.249, 301.249, 301.248, 301.248, 301.248, 301.248, 301.248, 301.247, 301.247, 301.247, 301.247, 301.247, 301.247, 301.247, 301.247, 301.247, 301.247, 301.247, 301.247, 301.247, 301.247, 301.247, 301.247, 301.247, 301.248, 301.248, 301.248, 301.248, 301.249, 301.249, 301.249, 301.249, 301.25, 301.25, 301.25, 301.25, 301.25, 301.251, 301.251, 301.251, 301.251, 301.251, 301.251, 301.251, 301.251, 301.25, 301.25, 301.25, 301.25, 301.249, 301.249, 301.249, 301.248, 301.248, 301.248, 301.247, 301.247, 301.246, 301.246, 301.245, 301.245, 301.245, 301.244, 301.244, 301.244, 301.244, 301.244, 301.244, 301.244, 301.244, 301.244, 301.245, 301.245, 301.246, 301.246, 301.247, 301.248, 301.249, 301.25, 301.252, 301.254, 301.256, 301.259, 301.262, 301.266, 301.273, 301.282, 301.301, 301.349, 300, 
301.276, 301.276, 301.276, 301.275, 301.275, 301.275, 301.275, 301.275, 301.275, 301.275, 301.274, 301.274, 301.274, 301.274, 301.274, 301.273, 301.273, 301.273, 301.273, 301.273, 301.272, 301.272, 301.272, 301.272, 301.272, 301.272, 301.272, 301.272, 301.272, 301.272, 301.272, 301.273, 301.273, 301.273, 301.273, 301.273, 301.274, 301.274, 301.274, 301.274, 301.275, 301.275, 301.275, 301.275, 301.276, 301.276, 301.276, 301.276, 301.276, 301.276, 301.276, 301.276, 301.276, 301.276, 301.276, 301.276, 301.276, 301.275, 301.275, 301.275, 301.275, 301.274, 301.274, 301.273, 301.273, 301.273, 301.272, 301.272, 301.271, 301.271, 301.271, 301.27, 301.27, 301.27, 301.27, 301.269, 301.269, 301.269, 301.269, 301.269, 301.27, 301.27, 301.27, 301.271, 301.272, 301.272, 301.273, 301.275, 301.276, 301.277, 301.279, 301.281, 301.284, 301.287, 301.292, 301.298, 301.308, 301.326, 301.374, 300, 
301.301, 301.301, 301.301, 301.301, 301.301, 301.301, 301.301, 301.3, 301.3, 301.3, 301.3, 301.3, 301.299, 301.299, 301.299, 301.299, 301.299, 301.298, 301.298, 301.298, 301.298, 301.298, 301.298, 301.298, 301.298, 301.298, 301.298, 301.298, 301.298, 301.298, 301.298, 301.298, 301.298, 301.298, 301.299, 301.299, 301.299, 301.299, 301.3, 301.3, 301.3, 301.3, 301.301, 301.301, 301.301, 301.301, 301.301, 301.302, 301.302, 301.302, 301.302, 301.302, 301.302, 301.302, 301.302, 301.301, 301.301, 301.301, 301.301, 301.3, 301.3, 301.3, 301.299, 301.299, 301.298, 301.298, 301.298, 301.297, 301.297, 301.296, 301.296, 301.296, 301.295, 301.295, 301.295, 301.295, 301.295, 301.295, 301.295, 301.295, 301.295, 301.296, 301.296, 301.297, 301.297, 301.298, 301.299, 301.3, 301.301, 301.303, 301.305, 301.307, 301.309, 301.313, 301.317, 301.323, 301.333, 301.351, 301.398, 300, 
301.326, 301.326, 301.326, 301.326, 301.326, 301.326, 301.326, 301.326, 301.326, 301.326, 301.325, 301.325, 301.325, 301.325, 301.324, 301.324, 301.324, 301.324, 301.324, 301.324, 301.323, 301.323, 301.323, 301.323, 301.323, 301.323, 301.323, 301.323, 301.323, 301.323, 301.323, 301.324, 301.324, 301.324, 301.324, 301.324, 301.325, 301.325, 301.325, 301.325, 301.326, 301.326, 301.326, 301.326, 301.327, 301.327, 301.327, 301.327, 301.327, 301.327, 301.327, 301.327, 301.327, 301.327, 301.327, 301.327, 301.327, 301.326, 301.326, 301.326, 301.325, 301.325, 301.325, 301.324, 301.324, 301.324, 301.323, 301.323, 301.322, 301.322, 301.322, 301.321, 301.321, 301.321, 301.321, 301.32, 301.32, 301.32, 301.32, 301.321, 301.321, 301.321, 301.321, 301.322, 301.323, 301.323, 301.324, 301.325, 301.327, 301.328, 301.33, 301.332, 301.335, 301.338, 301.342, 301.348, 301.358, 301.376, 301.423, 300, 
301.352, 301.352, 301.352, 301.352, 301.352, 301.352, 301.352, 301.351, 301.351, 301.351, 301.351, 301.351, 301.35, 301.35, 301.35, 301.35, 301.35, 301.349, 301.349, 301.349, 301.349, 301.349, 301.349, 301.349, 301.349, 301.349, 301.349, 301.349, 301.349, 301.349, 301.349, 301.349, 301.349, 301.349, 301.35, 301.35, 301.35, 301.35, 301.351, 301.351, 301.351, 301.351, 301.352, 301.352, 301.352, 301.352, 301.352, 301.352, 301.353, 301.353, 301.353, 301.353, 301.353, 301.353, 301.352, 301.352, 301.352, 301.352, 301.352, 301.351, 301.351, 301.351, 301.35, 301.35, 301.349, 301.349, 301.349, 301.348, 301.348, 301.347, 301.347, 301.347, 301.347, 301.346, 301.346, 301.346, 301.346, 301.346, 301.346, 301.346, 301.346, 301.347, 301.347, 301.348, 301.348, 301.349, 301.35, 301.351, 301.352, 301.354, 301.355, 301.358, 301.36, 301.363, 301.368, 301.374, 301.383, 301.401, 301.447, 300, 
301.377, 301.377, 301.377, 301.377, 301.377, 301.377, 301.377, 301.377, 301.377, 301.376, 301.376, 301.376, 301.376, 301.376, 301.375, 301.375, 301.375, 301.375, 301.375, 301.375, 301.374, 301.374, 301.374, 301.374, 301.374, 301.374, 301.374, 301.374, 301.374, 301.374, 301.374, 301.375, 301.375, 301.375, 301.375, 301.375, 301.376, 301.376, 301.376, 301.376, 301.377, 301.377, 301.377, 301.377, 301.377, 301.378, 301.378, 301.378, 301.378, 301.378, 301.378, 301.378, 301.378, 301.378, 301.378, 301.378, 301.378, 301.377, 301.377, 301.377, 301.376, 301.376, 301.376, 301.375, 301.375, 301.375, 301.374, 301.374, 301.373, 301.373, 301.373, 301.372, 301.372, 301.372, 301.372, 301.371, 301.371, 301.371, 301.371, 301.372, 301.372, 301.372, 301.372, 301.373, 301.374, 301.374, 301.375, 301.376, 301.378, 301.379, 301.381, 301.383, 301.386, 301.389, 301.393, 301.399, 301.409, 301.426, 301.472, 300, 
301.403, 301.403, 301.403, 301.403, 301.403, 301.403, 301.402, 301.402, 301.402, 301.402, 301.402, 301.402, 301.401, 301.401, 301.401, 301.401, 301.401, 301.4, 301.4, 301.4, 301.4, 301.4, 301.4, 301.4, 301.4, 301.4, 301.4, 301.4, 301.4, 301.4, 301.4, 301.4, 301.4, 301.4, 301.401, 301.401, 301.401, 301.401, 301.401, 301.402, 301.402, 301.402, 301.402, 301.403, 301.403, 301.403, 301.403, 301.403, 301.403, 301.404, 301.404, 301.404, 301.404, 301.403, 301.403, 301.403, 301.403, 301.403, 301.403, 301.402, 301.402, 301.402, 301.401, 301.401, 301.4, 301.4, 301.4, 301.399, 301.399, 301.398, 301.398, 301.398, 301.398, 301.397, 301.397, 301.397, 301.397, 301.397, 301.397, 301.397, 301.397, 301.398, 301.398, 301.399, 301.399, 301.4, 301.401, 301.402, 301.403, 301.405, 301.406, 301.408, 301.411, 301.414, 301.418, 301.424, 301.434, 301.451, 301.497, 300, 
301.428, 301.428, 301.428, 301.428, 301.428, 301.428, 301.428, 301.428, 301.428, 301.427, 301.427, 301.427, 301.427, 301.427, 301.426, 301.426, 301.426, 301.426, 301.426, 301.425, 301.425, 301.425, 301.425, 301.425, 301.425, 301.425, 301.425, 301.425, 301.425, 301.425, 301.425, 301.425, 301.426, 301.426, 301.426, 301.426, 301.426, 301.427, 301.427, 301.427, 301.427, 301.428, 301.428, 301.428, 301.428, 301.429, 301.429, 301.429, 301.429, 301.429, 301.429, 301.429, 301.429, 301.429, 301.429, 301.429, 301.428, 301.428, 301.428, 301.428, 301.427, 301.427, 301.427, 301.426, 301.426, 301.426, 301.425, 301.425, 301.424, 301.424, 301.424, 301.423, 301.423, 301.423, 301.423, 301.422, 301.422, 301.422, 301.422, 301.423, 301.423, 301.423, 301.424, 301.424, 301.425, 301.425, 301.426, 301.427, 301.429, 301.43, 301.432, 301.434, 301.436, 301.44, 301.444, 301.45, 301.459, 301.476, 301.521, 300, 
301.454, 301.454, 301.454, 301.454, 301.454, 301.454, 301.453, 301.453, 301.453, 301.453, 301.453, 301.453, 301.452, 301.452, 301.452, 301.452, 301.451, 301.451, 301.451, 301.451, 301.451, 301.451, 301.451, 301.451, 301.451, 301.451, 301.451, 301.451, 301.451, 301.451, 301.451, 301.451, 301.451, 301.451, 301.452, 301.452, 301.452, 301.452, 301.452, 301.453, 301.453, 301.453, 301.453, 301.454, 301.454, 301.454, 301.454, 301.454, 301.454, 301.454, 301.454, 301.454, 301.454, 301.454, 301.454, 301.454, 301.454, 301.454, 301.453, 301.453, 301.453, 301.453, 301.452, 301.452, 301.451, 301.451, 301.451, 301.45, 301.45, 301.449, 301.449, 301.449, 301.449, 301.448, 301.448, 301.448, 301.448, 301.448, 301.448, 301.448, 301.448, 301.449, 301.449, 301.45, 301.45, 301.451, 301.452, 301.453, 301.454, 301.456, 301.457, 301.459, 301.462, 301.465, 301.469, 301.475, 301.484, 301.501, 301.546, 300, 
301.479, 301.479, 301.479, 301.479, 301.479, 301.479, 301.479, 301.479, 301.479, 301.478, 301.478, 301.478, 301.478, 301.478, 301.477, 301.477, 301.477, 301.477, 301.477, 301.476, 301.476, 301.476, 301.476, 301.476, 301.476, 301.476, 301.476, 301.476, 301.476, 301.476, 301.476, 301.476, 301.477, 301.477, 301.477, 301.477, 301.477, 301.478, 301.478, 301.478, 301.478, 301.479, 301.479, 301.479, 301.479, 301.479, 301.48, 301.48, 301.48, 301.48, 301.48, 301.48, 301.48, 301.48, 301.48, 301.48, 301.479, 301.479, 301.479, 301.479, 301.478, 301.478, 301.478, 301.477, 301.477, 301.476, 301.476, 301.476, 301.475, 301.475, 301.475, 301.474, 301.474, 301.474, 301.474, 301.473, 301.473, 301.473, 301.473, 301.474, 301.474, 301.474, 301.475, 301.475, 301.476, 301.476, 301.477, 301.478, 301.48, 301.481, 301.483, 301.485, 301.487, 301.49, 301.494, 301.5, 301.509, 301.527, 301.571, 300, 
301.505, 301.505, 301.505, 301.505, 301.505, 301.504, 301.504, 301.504, 301.504, 301.504, 301.504, 301.503, 301.503, 301.503, 301.503, 301.503, 301.502, 301.502, 301.502, 301.502, 301.502, 301.502, 301.502, 301.502, 301.502, 301.501, 301.501, 301.502, 301.502, 301.502, 301.502, 301.502, 301.502, 301.502, 301.502, 301.503, 301.503, 301.503, 301.503, 301.504, 301.504, 301.504, 301.504, 301.505, 301.505, 301.505, 301.505, 301.505, 301.505, 301.505, 301.505, 301.505, 301.505, 301.505, 301.505, 301.505, 301.505, 301.505, 301.504, 301.504, 301.504, 301.503, 301.503, 301.503, 301.502, 301.502, 301.502, 301.501, 301.501, 301.5, 301.5, 301.5, 301.5, 301.499, 301.499, 301.499, 301.499, 301.499, 301.499, 301.499, 301.499, 301.5, 301.5, 301.501, 301.501, 301.502, 301.503, 301.504, 301.505, 301.506, 301.508, 301.51, 301.513, 301.516, 301.52, 301.526, 301.535, 301.552, 301.595, 300, 
301.53, 301.53, 301.53, 301.53, 301.53, 301.53, 301.53, 301.53, 301.529, 301.529, 301.529, 301.529, 301.529, 301.529, 301.528, 301.528, 301.528, 301.528, 301.528, 301.527, 301.527, 301.527, 301.527, 301.527, 301.527, 301.527, 301.527, 301.527, 301.527, 301.527, 301.527, 301.527, 301.528, 301.528, 301.528, 301.528, 301.528, 301.529, 301.529, 301.529, 301.529, 301.53, 301.53, 301.53, 301.53, 301.53, 301.531, 301.531, 301.531, 301.531, 301.531, 301.531, 301.531, 301.531, 301.531, 301.531, 301.53, 301.53, 301.53, 301.53, 301.529, 301.529, 301.529, 301.528, 301.528, 301.527, 301.527, 301.527, 301.526, 301.526, 301.526, 301.525, 301.525, 301.525, 301.525, 301.525, 301.524, 301.524, 301.524, 301.525, 301.525, 301.525, 301.526, 301.526, 301.527, 301.527, 301.528, 301.529, 301.53, 301.532, 301.534, 301.536, 301.538, 301.541, 301.545, 301.551, 301.56, 301.577, 301.62, 300, 
301.556, 301.556, 301.556, 301.556, 301.555, 301.555, 301.555, 301.555, 301.555, 301.555, 301.555, 301.554, 301.554, 301.554, 301.554, 301.554, 301.553, 301.553, 301.553, 301.553, 301.553, 301.553, 301.553, 301.553, 301.552, 301.552, 301.552, 301.553, 301.553, 301.553, 301.553, 301.553, 301.553, 301.553, 301.553, 301.554, 301.554, 301.554, 301.554, 301.555, 301.555, 301.555, 301.555, 301.555, 301.556, 301.556, 301.556, 301.556, 301.556, 301.556, 301.556, 301.556, 301.556, 301.556, 301.556, 301.556, 301.556, 301.556, 301.555, 301.555, 301.555, 301.554, 301.554, 301.554, 301.553, 301.553, 301.553, 301.552, 301.552, 301.551, 301.551, 301.551, 301.551, 301.55, 301.55, 301.55, 301.55, 301.55, 301.55, 301.55, 301.55, 301.551, 301.551, 301.552, 301.552, 301.553, 301.554, 301.555, 301.556, 301.557, 301.559, 301.561, 301.563, 301.566, 301.57, 301.576, 301.585, 301.602, 301.645, 300, 
301.581, 301.581, 301.581, 301.581, 301.581, 301.581, 301.581, 301.581, 301.58, 301.58, 301.58, 301.58, 301.58, 301.579, 301.579, 301.579, 301.579, 301.579, 301.579, 301.578, 301.578, 301.578, 301.578, 301.578, 301.578, 301.578, 301.578, 301.578, 301.578, 301.578, 301.578, 301.578, 301.579, 301.579, 301.579, 301.579, 301.579, 301.58, 301.58, 301.58, 301.58, 301.581, 301.581, 301.581, 301.581, 301.581, 301.581, 301.582, 301.582, 301.582, 301.582, 301.582, 301.582, 301.582, 301.582, 301.581, 301.581, 301.581, 301.581, 301.581, 301.58, 301.58, 301.58, 301.579, 301.579, 301.578, 301.578, 301.578, 301.577, 301.577, 301.577, 301.576, 301.576, 301.576, 301.576, 301.576, 301.575, 301.575, 301.575, 301.576, 301.576, 301.576, 301.577, 301.577, 301.578, 301.578, 301.579, 301.58, 301.581, 301.583, 301.584, 301.586, 301.589, 301.592, 301.596, 301.601, 301.61, 301.627, 301.67, 300, 
301.607, 301.607, 301.607, 301.607, 301.606, 301.606, 301.606, 301.606, 301.606, 301.606, 301.606, 301.605, 301.605, 301.605, 301.605, 301.605, 301.604, 301.604, 301.604, 301.604, 301.604, 301.604, 301.604, 301.604, 301.603, 301.603, 301.603, 301.603, 301.604, 301.604, 301.604, 301.604, 301.604, 301.604, 301.604, 301.605, 301.605, 301.605, 301.605, 301.606, 301.606, 301.606, 301.606, 301.606, 301.607, 301.607, 301.607, 301.607, 301.607, 301.607, 301.607, 301.607, 301.607, 301.607, 301.607, 301.607, 301.607, 301.607, 301.606, 301.606, 301.606, 301.605, 301.605, 301.605, 301.604, 301.604, 301.604, 301.603, 301.603, 301.602, 301.602, 301.602, 301.602, 301.601, 301.601, 301.601, 301.601, 301.601, 301.601, 301.601, 301.601, 301.602, 301.602, 301.603, 301.603, 301.604, 301.605, 301.606, 301.607, 301.608, 301.61, 301.612, 301.614, 301.617, 301.621, 301.627, 301.636, 301.652, 301.694, 300, 
301.632, 301.632, 301.632, 301.632, 301.632, 301.632, 301.632, 301.632, 301.631, 301.631, 301.631, 301.631, 301.631, 301.63, 301.63, 301.63, 301.63, 301.63, 301.63, 301.629, 301.629, 301.629, 301.629, 301.629, 301.629, 301.629, 301.629, 301.629, 301.629, 301.629, 301.629, 301.629, 301.63, 301.63, 301.63, 301.63, 301.63, 301.631, 301.631, 301.631, 301.631, 301.631, 301.632, 301.632, 301.632, 301.632, 301.632, 301.633, 301.633, 301.633, 301.633, 301.633, 301.633, 301.633, 301.632, 301.632, 301.632, 301.632, 301.632, 301.631, 301.631, 301.631, 301.631, 301.63, 301.63, 301.629, 301.629, 301.629, 301.628, 301.628, 301.628, 301.627, 301.627, 301.627, 301.627, 301.627, 301.626, 301.626, 301.627, 301.627, 301.627, 301.627, 301.628, 301.628, 301.629, 301.629, 301.63, 301.631, 301.632, 301.634, 301.635, 301.637, 301.64, 301.643, 301.647, 301.652, 301.661, 301.677, 301.719, 300, 
301.658, 301.658, 301.657, 301.657, 301.657, 301.657, 301.657, 301.657, 301.657, 301.657, 301.656, 301.656, 301.656, 301.656, 301.656, 301.656, 301.655, 301.655, 301.655, 301.655, 301.655, 301.655, 301.655, 301.654, 301.654, 301.654, 301.654, 301.654, 301.655, 301.655, 301.655, 301.655, 301.655, 301.655, 301.655, 301.656, 301.656, 301.656, 301.656, 301.656, 301.657, 301.657, 301.657, 301.657, 301.658, 301.658, 301.658, 301.658, 301.658, 301.658, 301.658, 301.658, 301.658, 301.658, 301.658, 301.658, 301.658, 301.657, 301.657, 301.657, 301.657, 301.656, 301.656, 301.656, 301.655, 301.655, 301.655, 301.654, 301.654, 301.653, 301.653, 301.653, 301.653, 301.652, 301.652, 301.652, 301.652, 301.652, 301.652, 301.652, 301.652, 301.653, 301.653, 301.654, 301.654, 301.655, 301.656, 301.657, 301.658, 301.659, 301.661, 301.663, 301.665, 301.668, 301.672, 301.677, 301.686, 301.702, 301.744, 300, 
301.683, 301.683, 301.683, 301.683, 301.683, 301.683, 301.683, 301.682, 301.682, 301.682, 301.682, 301.682, 301.682, 301.681, 301.681, 301.681, 301.681, 301.681, 301.681, 301.68, 301.68, 301.68, 301.68, 301.68, 301.68, 301.68, 301.68, 301.68, 301.68, 301.68, 301.68, 301.68, 301.681, 301.681, 301.681, 301.681, 301.681, 301.682, 301.682, 301.682, 301.682, 301.682, 301.683, 301.683, 301.683, 301.683, 301.683, 301.683, 301.684, 301.684, 301.684, 301.684, 301.684, 301.684, 301.683, 301.683, 301.683, 301.683, 301.683, 301.682, 301.682, 301.682, 301.681, 301.681, 301.681, 301.68, 301.68, 301.68, 301.679, 301.679, 301.679, 301.678, 301.678, 301.678, 301.678, 301.678, 301.677, 301.677, 301.678, 301.678, 301.678, 301.678, 301.679, 301.679, 301.68, 301.68, 301.681, 301.682, 301.683, 301.685, 301.686, 301.688, 301.69, 301.693, 301.697, 301.703, 301.711, 301.727, 301.768, 300, 
301.708, 301.708, 301.708, 301.708, 301.708, 301.708, 301.708, 301.708, 301.708, 301.708, 301.707, 301.707, 301.707, 301.707, 301.707, 301.707, 301.706, 301.706, 301.706, 301.706, 301.706, 301.706, 301.706, 301.705, 301.705, 301.705, 301.705, 301.705, 301.706, 301.706, 301.706, 301.706, 301.706, 301.706, 301.706, 301.707, 301.707, 301.707, 301.707, 301.707, 301.708, 301.708, 301.708, 301.708, 301.708, 301.709, 301.709, 301.709, 301.709, 301.709, 301.709, 301.709, 301.709, 301.709, 301.709, 301.709, 301.709, 301.708, 301.708, 301.708, 301.708, 301.707, 301.707, 301.707, 301.706, 301.706, 301.706, 301.705, 301.705, 301.704, 301.704, 301.704, 301.704, 301.703, 301.703, 301.703, 301.703, 301.703, 301.703, 301.703, 301.703, 301.704, 301.704, 301.705, 301.705, 301.706, 301.707, 301.708, 301.709, 301.71, 301.712, 301.714, 301.716, 301.719, 301.723, 301.728, 301.737, 301.752, 301.793, 300, 
301.734, 301.734, 301.734, 301.734, 301.734, 301.734, 301.734, 301.733, 301.733, 301.733, 301.733, 301.733, 301.733, 301.732, 301.732, 301.732, 301.732, 301.732, 301.731, 301.731, 301.731, 301.731, 301.731, 301.731, 301.731, 301.731, 301.731, 301.731, 301.731, 301.731, 301.731, 301.731, 301.731, 301.732, 301.732, 301.732, 301.732, 301.732, 301.733, 301.733, 301.733, 301.733, 301.734, 301.734, 301.734, 301.734, 301.734, 301.734, 301.734, 301.735, 301.735, 301.735, 301.735, 301.734, 301.734, 301.734, 301.734, 301.734, 301.734, 301.733, 301.733, 301.733, 301.732, 301.732, 301.732, 301.731, 301.731, 301.731, 301.73, 301.73, 301.73, 301.729, 301.729, 301.729, 301.729, 301.729, 301.729, 301.729, 301.729, 301.729, 301.729, 301.729, 301.73, 301.73, 301.731, 301.731, 301.732, 301.733, 301.734, 301.736, 301.737, 301.739, 301.741, 301.744, 301.748, 301.753, 301.762, 301.778, 301.818, 300, 
301.759, 301.759, 301.759, 301.759, 301.759, 301.759, 301.759, 301.759, 301.759, 301.759, 301.758, 301.758, 301.758, 301.758, 301.758, 301.757, 301.757, 301.757, 301.757, 301.757, 301.757, 301.757, 301.757, 301.756, 301.756, 301.756, 301.756, 301.756, 301.756, 301.757, 301.757, 301.757, 301.757, 301.757, 301.757, 301.758, 301.758, 301.758, 301.758, 301.758, 301.759, 301.759, 301.759, 301.759, 301.759, 301.76, 301.76, 301.76, 301.76, 301.76, 301.76, 301.76, 301.76, 301.76, 301.76, 301.76, 301.76, 301.759, 301.759, 301.759, 301.759, 301.758, 301.758, 301.758, 301.757, 301.757, 301.756, 301.756, 301.756, 301.755, 301.755, 301.755, 301.755, 301.754, 301.754, 301.754, 301.754, 301.754, 301.754, 301.754, 301.754, 301.755, 301.755, 301.756, 301.756, 301.757, 301.758, 301.759, 301.76, 301.761, 301.763, 301.764, 301.767, 301.769, 301.773, 301.779, 301.787, 301.803, 301.843, 300, 
301.785, 301.785, 301.785, 301.785, 301.785, 301.785, 301.784, 301.784, 301.784, 301.784, 301.784, 301.784, 301.784, 301.783, 301.783, 301.783, 301.783, 301.783, 301.782, 301.782, 301.782, 301.782, 301.782, 301.782, 301.782, 301.782, 301.782, 301.782, 301.782, 301.782, 301.782, 301.782, 301.782, 301.783, 301.783, 301.783, 301.783, 301.783, 301.784, 301.784, 301.784, 301.784, 301.785, 301.785, 301.785, 301.785, 301.785, 301.785, 301.785, 301.785, 301.785, 301.785, 301.785, 301.785, 301.785, 301.785, 301.785, 301.785, 301.785, 301.784, 301.784, 301.784, 301.783, 301.783, 301.783, 301.782, 301.782, 301.782, 301.781, 301.781, 301.781, 301.78, 301.78, 301.78, 301.78, 301.78, 301.78, 301.78, 301.78, 301.78, 301.78, 301.78, 301.781, 301.781, 301.782, 301.782, 301.783, 301.784, 301.785, 301.786, 301.788, 301.79, 301.792, 301.795, 301.799, 301.804, 301.812, 301.828, 301.867, 300, 
301.81, 301.81, 301.81, 301.81, 301.81, 301.81, 301.81, 301.81, 301.81, 301.81, 301.809, 301.809, 301.809, 301.809, 301.809, 301.808, 301.808, 301.808, 301.808, 301.808, 301.808, 301.808, 301.807, 301.807, 301.807, 301.807, 301.807, 301.807, 301.807, 301.808, 301.808, 301.808, 301.808, 301.808, 301.808, 301.808, 301.809, 301.809, 301.809, 301.809, 301.81, 301.81, 301.81, 301.81, 301.81, 301.811, 301.811, 301.811, 301.811, 301.811, 301.811, 301.811, 301.811, 301.811, 301.811, 301.811, 301.81, 301.81, 301.81, 301.81, 301.809, 301.809, 301.809, 301.809, 301.808, 301.808, 301.807, 301.807, 301.807, 301.806, 301.806, 301.806, 301.806, 301.805, 301.805, 301.805, 301.805, 301.805, 301.805, 301.805, 301.805, 301.806, 301.806, 301.807, 301.807, 301.808, 301.809, 301.809, 301.811, 301.812, 301.813, 301.815, 301.817, 301.82, 301.824, 301.829, 301.838, 301.853, 301.892, 300, 
301.836, 301.836, 301.836, 301.836, 301.836, 301.836, 301.835, 301.835, 301.835, 301.835, 301.835, 301.835, 301.834, 301.834, 301.834, 301.834, 301.834, 301.834, 301.833, 301.833, 301.833, 301.833, 301.833, 301.833, 301.833, 301.833, 301.833, 301.833, 301.833, 301.833, 301.833, 301.833, 301.833, 301.834, 301.834, 301.834, 301.834, 301.834, 301.835, 301.835, 301.835, 301.835, 301.835, 301.836, 301.836, 301.836, 301.836, 301.836, 301.836, 301.836, 301.836, 301.836, 301.836, 301.836, 301.836, 301.836, 301.836, 301.836, 301.835, 301.835, 301.835, 301.835, 301.834, 301.834, 301.834, 301.833, 301.833, 301.833, 301.832, 301.832, 301.832, 301.831, 301.831, 301.831, 301.831, 301.831, 301.831, 301.831, 301.831, 301.831, 301.831, 301.831, 301.832, 301.832, 301.833, 301.833, 301.834, 301.835, 301.836, 301.837, 301.839, 301.841, 301.843, 301.846, 301.849, 301.855, 301.863, 301.878, 301.917, 300, 
301.861, 301.861, 301.861, 301.861, 301.861, 301.861, 301.861, 301.861, 301.861, 301.86, 301.86, 301.86, 301.86, 301.86, 301.86, 301.859, 301.859, 301.859, 301.859, 301.859, 301.859, 301.859, 301.858, 301.858, 301.858, 301.858, 301.858, 301.858, 301.858, 301.859, 301.859, 301.859, 301.859, 301.859, 301.859, 301.859, 301.86, 301.86, 301.86, 301.86, 301.86, 301.861, 301.861, 301.861, 301.861, 301.861, 301.862, 301.862, 301.862, 301.862, 301.862, 301.862, 301.862, 301.862, 301.862, 301.862, 301.861, 301.861, 301.861, 301.861, 301.86, 301.86, 301.86, 301.859, 301.859, 301.859, 301.858, 301.858, 301.858, 301.857, 301.857, 301.857, 301.857, 301.856, 301.856, 301.856, 301.856, 301.856, 301.856, 301.856, 301.856, 301.857, 301.857, 301.857, 301.858, 301.859, 301.86, 301.86, 301.862, 301.863, 301.864, 301.866, 301.868, 301.871, 301.875, 301.88, 301.888, 301.903, 301.942, 300, 
301.887, 301.887, 301.887, 301.887, 301.887, 301.886, 301.886, 301.886, 301.886, 301.886, 301.886, 301.886, 301.885, 301.885, 301.885, 301.885, 301.885, 301.885, 301.884, 301.884, 301.884, 301.884, 301.884, 301.884, 301.884, 301.884, 301.884, 301.884, 301.884, 301.884, 301.884, 301.884, 301.884, 301.885, 301.885, 301.885, 301.885, 301.885, 301.886, 301.886, 301.886, 301.886, 301.886, 301.887, 301.887, 301.887, 301.887, 301.887, 301.887, 301.887, 301.887, 301.887, 301.887, 301.887, 301.887, 301.887, 301.887, 301.887, 301.886, 301.886, 301.886, 301.886, 301.885, 301.885, 301.885, 301.884, 301.884, 301.884, 301.883, 301.883, 301.883, 301.882, 301.882, 301.882, 301.882, 301.882, 301.882, 301.882, 301.882, 301.882, 301.882, 301.882, 301.883, 301.883, 301.884, 301.884, 301.885, 301.886, 301.887, 301.888, 301.89, 301.892, 301.894, 301.896, 301.9, 301.905, 301.913, 301.928, 301.967, 300, 
301.912, 301.912, 301.912, 301.912, 301.912, 301.912, 301.912, 301.912, 301.912, 301.911, 301.911, 301.911, 301.911, 301.911, 301.911, 301.91, 301.91, 301.91, 301.91, 301.91, 301.91, 301.91, 301.909, 301.909, 301.909, 301.909, 301.909, 301.909, 301.909, 301.91, 301.91, 301.91, 301.91, 301.91, 301.91, 301.91, 301.911, 301.911, 301.911, 301.911, 301.911, 301.912, 301.912, 301.912, 301.912, 301.912, 301.913, 301.913, 301.913, 301.913, 301.913, 301.913, 301.913, 301.913, 301.913, 301.912, 301.912, 301.912, 301.912, 301.912, 301.911, 301.911, 301.911, 301.91, 301.91, 301.91, 301.909, 301.909, 301.909, 301.908, 301.908, 301.908, 301.908, 301.907, 301.907, 301.907, 301.907, 301.907, 301.907, 301.907, 301.907, 301.908, 301.908, 301.908, 301.909, 301.91, 301.91, 301.911, 301.912, 301.914, 301.915, 301.917, 301.919, 301.922, 301.925, 301.931, 301.939, 301.953, 301.991, 300, 
301.938, 301.938, 301.938, 301.938, 301.938, 301.937, 301.937, 301.937, 301.937, 301.937, 301.937, 301.937, 301.936, 301.936, 301.936, 301.936, 301.936, 301.936, 301.935, 301.935, 301.935, 301.935, 301.935, 301.935, 301.935, 301.935, 301.935, 301.935, 301.935, 301.935, 301.935, 301.935, 301.935, 301.936, 301.936, 301.936, 301.936, 301.936, 301.936, 301.937, 301.937, 301.937, 301.937, 301.938, 301.938, 301.938, 301.938, 301.938, 301.938, 301.938, 301.938, 301.938, 301.938, 301.938, 301.938, 301.938, 301.938, 301.938, 301.937, 301.937, 301.937, 301.937, 301.936, 301.936, 301.936, 301.935, 301.935, 301.935, 301.934, 301.934, 301.934, 301.933, 301.933, 301.933, 301.933, 301.933, 301.933, 301.933, 301.933, 301.933, 301.933, 301.933, 301.934, 301.934, 301.935, 301.935, 301.936, 301.937, 301.938, 301.939, 301.941, 301.942, 301.945, 301.947, 301.951, 301.956, 301.964, 301.979, 302.016, 300, 
301.963, 301.963, 301.963, 301.963, 301.963, 301.963, 301.963, 301.963, 301.963, 301.962, 301.962, 301.962, 301.962, 301.962, 301.961, 301.961, 301.961, 301.961, 301.961, 301.961, 301.961, 301.961, 301.96, 301.96, 301.96, 301.96, 301.96, 301.96, 301.96, 301.96, 301.961, 301.961, 301.961, 301.961, 301.961, 301.961, 301.962, 301.962, 301.962, 301.962, 301.962, 301.963, 301.963, 301.963, 301.963, 301.963, 301.963, 301.964, 301.964, 301.964, 301.964, 301.964, 301.964, 301.964, 301.964, 301.963, 301.963, 301.963, 301.963, 301.963, 301.962, 301.962, 301.962, 301.961, 301.961, 301.961, 301.96, 301.96, 301.96, 301.959, 301.959, 301.959, 301.959, 301.958, 301.958, 301.958, 301.958, 301.958, 301.958, 301.958, 301.958, 301.959, 301.959, 301.959, 301.96, 301.961, 301.961, 301.962, 301.963, 301.965, 301.966, 301.968, 301.97, 301.973, 301.976, 301.981, 301.989, 302.004, 302.041, 300, 
301.989, 301.989, 301.989, 301.989, 301.988, 301.988, 301.988, 301.988, 301.988, 301.988, 301.988, 301.987, 301.987, 301.987, 301.987, 301.987, 301.987, 301.986, 301.986, 301.986, 301.986, 301.986, 301.986, 301.986, 301.986, 301.986, 301.986, 301.986, 301.986, 301.986, 301.986, 301.986, 301.986, 301.986, 301.987, 301.987, 301.987, 301.987, 301.987, 301.988, 301.988, 301.988, 301.988, 301.988, 301.989, 301.989, 301.989, 301.989, 301.989, 301.989, 301.989, 301.989, 301.989, 301.989, 301.989, 301.989, 301.989, 301.989, 301.988, 301.988, 301.988, 301.988, 301.987, 301.987, 301.987, 301.986, 301.986, 301.986, 301.985, 301.985, 301.985, 301.984, 301.984, 301.984, 301.984, 301.984, 301.984, 301.984, 301.984, 301.984, 301.984, 301.984, 301.985, 301.985, 301.986, 301.986, 301.987, 301.988, 301.989, 301.99, 301.991, 301.993, 301.995, 301.998, 302.002, 302.007, 302.014, 302.029, 302.066, 300, 
302.014, 302.014, 302.014, 302.014, 302.014, 302.014, 302.014, 302.014, 302.013, 302.013, 302.013, 302.013, 302.013, 302.013, 302.012, 302.012, 302.012, 302.012, 302.012, 302.012, 302.012, 302.011, 302.011, 302.011, 302.011, 302.011, 302.011, 302.011, 302.011, 302.011, 302.012, 302.012, 302.012, 302.012, 302.012, 302.012, 302.013, 302.013, 302.013, 302.013, 302.013, 302.014, 302.014, 302.014, 302.014, 302.014, 302.014, 302.014, 302.015, 302.015, 302.015, 302.015, 302.015, 302.015, 302.014, 302.014, 302.014, 302.014, 302.014, 302.014, 302.013, 302.013, 302.013, 302.012, 302.012, 302.012, 302.011, 302.011, 302.011, 302.01, 302.01, 302.01, 302.01, 302.009, 302.009, 302.009, 302.009, 302.009, 302.009, 302.009, 302.009, 302.01, 302.01, 302.01, 302.011, 302.012, 302.012, 302.013, 302.014, 302.016, 302.017, 302.019, 302.021, 302.023, 302.027, 302.032, 302.04, 302.054, 302.091, 300, 
302.04, 302.04, 302.039, 302.039, 302.039, 302.039, 302.039, 302.039, 302.039, 302.039, 302.039, 302.038, 302.038, 302.038, 302.038, 302.038, 302.038, 302.037, 302.037, 302.037, 302.037, 302.037, 302.037, 302.037, 302.037, 302.037, 302.037, 302.037, 302.037, 302.037, 302.037, 302.037, 302.037, 302.037, 302.038, 302.038, 302.038, 302.038, 302.038, 302.039, 302.039, 302.039, 302.039, 302.039, 302.04, 302.04, 302.04, 302.04, 302.04, 302.04, 302.04, 302.04, 302.04, 302.04, 302.04, 302.04, 302.04, 302.039, 302.039, 302.039, 302.039, 302.038, 302.038, 302.038, 302.038, 302.037, 302.037, 302.037, 302.036, 302.036, 302.036, 302.035, 302.035, 302.035, 302.035, 302.035, 302.035, 302.035, 302.035, 302.035, 302.035, 302.035, 302.036, 302.036, 302.036, 302.037, 302.038, 302.039, 302.04, 302.041, 302.042, 302.044, 302.046, 302.049, 302.052, 302.057, 302.065, 302.079, 302.115, 300, 
302.065, 302.065, 302.065, 302.065, 302.065, 302.065, 302.065, 302.065, 302.064, 302.064, 302.064, 302.064, 302.064, 302.064, 302.063, 302.063, 302.063, 302.063, 302.063, 302.063, 302.063, 302.062, 302.062, 302.062, 302.062, 302.062, 302.062, 302.062, 302.062, 302.062, 302.063, 302.063, 302.063, 302.063, 302.063, 302.063, 302.063, 302.064, 302.064, 302.064, 302.064, 302.064, 302.065, 302.065, 302.065, 302.065, 302.065, 302.065, 302.065, 302.066, 302.066, 302.066, 302.066, 302.065, 302.065, 302.065, 302.065, 302.065, 302.065, 302.064, 302.064, 302.064, 302.064, 302.063, 302.063, 302.063, 302.062, 302.062, 302.062, 302.061, 302.061, 302.061, 302.061, 302.06, 302.06, 302.06, 302.06, 302.06, 302.06, 302.06, 302.06, 302.061, 302.061, 302.061, 302.062, 302.063, 302.063, 302.064, 302.065, 302.066, 302.068, 302.07, 302.072, 302.074, 302.078, 302.082, 302.09, 302.104, 302.14, 300, 
302.09, 302.09, 302.09, 302.09, 302.09, 302.09, 302.09, 302.09, 302.09, 302.09, 302.09, 302.089, 302.089, 302.089, 302.089, 302.089, 302.089, 302.088, 302.088, 302.088, 302.088, 302.088, 302.088, 302.088, 302.088, 302.088, 302.088, 302.088, 302.088, 302.088, 302.088, 302.088, 302.088, 302.088, 302.089, 302.089, 302.089, 302.089, 302.089, 302.09, 302.09, 302.09, 302.09, 302.09, 302.09, 302.091, 302.091, 302.091, 302.091, 302.091, 302.091, 302.091, 302.091, 302.091, 302.091, 302.091, 302.091, 302.09, 302.09, 302.09, 302.09, 302.089, 302.089, 302.089, 302.088, 302.088, 302.088, 302.088, 302.087, 302.087, 302.087, 302.086, 302.086, 302.086, 302.086, 302.086, 302.086, 302.086, 302.086, 302.086, 302.086, 302.086, 302.087, 302.087, 302.087, 302.088, 302.089, 302.09, 302.091, 302.092, 302.093, 302.095, 302.097, 302.1, 302.103, 302.108, 302.115, 302.129, 302.165, 300, 
302.116, 302.116, 302.116, 302.116, 302.116, 302.116, 302.116, 302.115, 302.115, 302.115, 302.115, 302.115, 302.115, 302.115, 302.114, 302.114, 302.114, 302.114, 302.114, 302.114, 302.114, 302.113, 302.113, 302.113, 302.113, 302.113, 302.113, 302.113, 302.113, 302.113, 302.114, 302.114, 302.114, 302.114, 302.114, 302.114, 302.114, 302.115, 302.115, 302.115, 302.115, 302.115, 302.116, 302.116, 302.116, 302.116, 302.116, 302.116, 302.116, 302.116, 302.116, 302.116, 302.116, 302.116, 302.116, 302.116, 302.116, 302.116, 302.116, 302.115, 302.115, 302.115, 302.115, 302.114, 302.114, 302.114, 302.113, 302.113, 302.113, 302.112, 302.112, 302.112, 302.112, 302.111, 302.111, 302.111, 302.111, 302.111, 302.111, 302.111, 302.111, 302.112, 302.112, 302.112, 302.113, 302.114, 302.114, 302.115, 302.116, 302.117, 302.119, 302.12, 302.122, 302.125, 302.128, 302.133, 302.141, 302.155, 302.19, 300, 
302.141, 302.141, 302.141, 302.141, 302.141, 302.141, 302.141, 302.141, 302.141, 302.141, 302.141, 302.14, 302.14, 302.14, 302.14, 302.14, 302.14, 302.139, 302.139, 302.139, 302.139, 302.139, 302.139, 302.139, 302.139, 302.139, 302.139, 302.139, 302.139, 302.139, 302.139, 302.139, 302.139, 302.139, 302.14, 302.14, 302.14, 302.14, 302.14, 302.141, 302.141, 302.141, 302.141, 302.141, 302.141, 302.142, 302.142, 302.142, 302.142, 302.142, 302.142, 302.142, 302.142, 302.142, 302.142, 302.142, 302.141, 302.141, 302.141, 302.141, 302.141, 302.14, 302.14, 302.14, 302.139, 302.139, 302.139, 302.139, 302.138, 302.138, 302.138, 302.137, 302.137, 302.137, 302.137, 302.137, 302.137, 302.137, 302.137, 302.137, 302.137, 302.137, 302.138, 302.138, 302.138, 302.139, 302.14, 302.141, 302.142, 302.143, 302.144, 302.146, 302.148, 302.15, 302.154, 302.158, 302.166, 302.18, 302.215, 300, 
302.167, 302.167, 302.167, 302.167, 302.167, 302.167, 302.167, 302.166, 302.166, 302.166, 302.166, 302.166, 302.166, 302.166, 302.165, 302.165, 302.165, 302.165, 302.165, 302.165, 302.165, 302.164, 302.164, 302.164, 302.164, 302.164, 302.164, 302.164, 302.164, 302.164, 302.164, 302.165, 302.165, 302.165, 302.165, 302.165, 302.165, 302.166, 302.166, 302.166, 302.166, 302.166, 302.167, 302.167, 302.167, 302.167, 302.167, 302.167, 302.167, 302.167, 302.167, 302.167, 302.167, 302.167, 302.167, 302.167, 302.167, 302.167, 302.167, 302.166, 302.166, 302.166, 302.166, 302.165, 302.165, 302.165, 302.164, 302.164, 302.164, 302.163, 302.163, 302.163, 302.163, 302.162, 302.162, 302.162, 302.162, 302.162, 302.162, 302.162, 302.162, 302.163, 302.163, 302.163, 302.164, 302.165, 302.165, 302.166, 302.167, 302.168, 302.17, 302.171, 302.173, 302.176, 302.179, 302.184, 302.191, 302.205, 302.24, 300, 
302.192, 302.192, 302.192, 302.192, 302.192, 302.192, 302.192, 302.192, 302.192, 302.192, 302.191, 302.191, 302.191, 302.191, 302.191, 302.191, 302.191, 302.19, 302.19, 302.19, 302.19, 302.19, 302.19, 302.19, 302.19, 302.19, 302.19, 302.19, 302.19, 302.19, 302.19, 302.19, 302.19, 302.19, 302.191, 302.191, 302.191, 302.191, 302.191, 302.191, 302.192, 302.192, 302.192, 302.192, 302.192, 302.192, 302.193, 302.193, 302.193, 302.193, 302.193, 302.193, 302.193, 302.193, 302.193, 302.193, 302.192, 302.192, 302.192, 302.192, 302.192, 302.191, 302.191, 302.191, 302.19, 302.19, 302.19, 302.189, 302.189, 302.189, 302.189, 302.188, 302.188, 302.188, 302.188, 302.188, 302.188, 302.188, 302.188, 302.188, 302.188, 302.188, 302.189, 302.189, 302.189, 302.19, 302.191, 302.192, 302.193, 302.194, 302.195, 302.197, 302.199, 302.201, 302.204, 302.209, 302.216, 302.23, 302.264, 300, 
302.218, 302.218, 302.218, 302.218, 302.218, 302.218, 302.217, 302.217, 302.217, 302.217, 302.217, 302.217, 302.217, 302.216, 302.216, 302.216, 302.216, 302.216, 302.216, 302.216, 302.215, 302.215, 302.215, 302.215, 302.215, 302.215, 302.215, 302.215, 302.215, 302.215, 302.215, 302.216, 302.216, 302.216, 302.216, 302.216, 302.216, 302.217, 302.217, 302.217, 302.217, 302.217, 302.217, 302.218, 302.218, 302.218, 302.218, 302.218, 302.218, 302.218, 302.218, 302.218, 302.218, 302.218, 302.218, 302.218, 302.218, 302.218, 302.218, 302.217, 302.217, 302.217, 302.217, 302.216, 302.216, 302.216, 302.215, 302.215, 302.215, 302.214, 302.214, 302.214, 302.214, 302.213, 302.213, 302.213, 302.213, 302.213, 302.213, 302.213, 302.213, 302.214, 302.214, 302.214, 302.215, 302.216, 302.216, 302.217, 302.218, 302.219, 302.221, 302.222, 302.224, 302.227, 302.23, 302.234, 302.242, 302.255, 302.289, 300, 
302.243, 302.243, 302.243, 302.243, 302.243, 302.243, 302.243, 302.243, 302.243, 302.243, 302.242, 302.242, 302.242, 302.242, 302.242, 302.242, 302.241, 302.241, 302.241, 302.241, 302.241, 302.241, 302.241, 302.241, 302.241, 302.241, 302.241, 302.241, 302.241, 302.241, 302.241, 302.241, 302.241, 302.241, 302.241, 302.242, 302.242, 302.242, 302.242, 302.242, 302.243, 302.243, 302.243, 302.243, 302.243, 302.243, 302.244, 302.244, 302.244, 302.244, 302.244, 302.244, 302.244, 302.244, 302.244, 302.244, 302.243, 302.243, 302.243, 302.243, 302.243, 302.242, 302.242, 302.242, 302.241, 302.241, 302.241, 302.24, 302.24, 302.24, 302.24, 302.239, 302.239, 302.239, 302.239, 302.239, 302.239, 302.239, 302.239, 302.239, 302.239, 302.239, 302.24, 302.24, 302.24, 302.241, 302.242, 302.243, 302.243, 302.245, 302.246, 302.248, 302.25, 302.252, 302.255, 302.26, 302.267, 302.28, 302.314, 300, 
302.269, 302.269, 302.269, 302.269, 302.269, 302.269, 302.268, 302.268, 302.268, 302.268, 302.268, 302.268, 302.268, 302.267, 302.267, 302.267, 302.267, 302.267, 302.267, 302.267, 302.266, 302.266, 302.266, 302.266, 302.266, 302.266, 302.266, 302.266, 302.266, 302.266, 302.266, 302.267, 302.267, 302.267, 302.267, 302.267, 302.267, 302.267, 302.268, 302.268, 302.268, 302.268, 302.268, 302.269, 302.269, 302.269, 302.269, 302.269, 302.269, 302.269, 302.269, 302.269, 302.269, 302.269, 302.269, 302.269, 302.269, 302.269, 302.268, 302.268, 302.268, 302.268, 302.267, 302.267, 302.267, 302.267, 302.266, 302.266, 302.266, 302.265, 302.265, 302.265, 302.265, 302.264, 302.264, 302.264, 302.264, 302.264, 302.264, 302.264, 302.264, 302.265, 302.265, 302.265, 302.266, 302.267, 302.267, 302.268, 302.269, 302.27, 302.271, 302.273, 302.275, 302.277, 302.281, 302.285, 302.292, 302.306, 302.339, 300, 
302.294, 302.294, 302.294, 302.294, 302.294, 302.294, 302.294, 302.294, 302.294, 302.294, 302.293, 302.293, 302.293, 302.293, 302.293, 302.293, 302.292, 302.292, 302.292, 302.292, 302.292, 302.292, 302.292, 302.292, 302.292, 302.292, 302.292, 302.292, 302.292, 302.292, 302.292, 302.292, 302.292, 302.292, 302.292, 302.293, 302.293, 302.293, 302.293, 302.293, 302.294, 302.294, 302.294, 302.294, 302.294, 302.294, 302.294, 302.295, 302.295, 302.295, 302.295, 302.295, 302.295, 302.295, 302.295, 302.294, 302.294, 302.294, 302.294, 302.294, 302.293, 302.293, 302.293, 302.293, 302.292, 302.292, 302.292, 302.291, 302.291, 302.291, 302.291, 302.29, 302.29, 302.29, 302.29, 302.29, 302.29, 302.29, 302.29, 302.29, 302.29, 302.29, 302.291, 302.291, 302.291, 302.292, 302.293, 302.293, 302.294, 302.296, 302.297, 302.298, 302.3, 302.303, 302.306, 302.31, 302.318, 302.331, 302.364, 300, 
302.32, 302.32, 302.32, 302.32, 302.32, 302.319, 302.319, 302.319, 302.319, 302.319, 302.319, 302.319, 302.319, 302.318, 302.318, 302.318, 302.318, 302.318, 302.318, 302.318, 302.317, 302.317, 302.317, 302.317, 302.317, 302.317, 302.317, 302.317, 302.317, 302.317, 302.317, 302.318, 302.318, 302.318, 302.318, 302.318, 302.318, 302.318, 302.319, 302.319, 302.319, 302.319, 302.319, 302.32, 302.32, 302.32, 302.32, 302.32, 302.32, 302.32, 302.32, 302.32, 302.32, 302.32, 302.32, 302.32, 302.32, 302.32, 302.319, 302.319, 302.319, 302.319, 302.318, 302.318, 302.318, 302.318, 302.317, 302.317, 302.317, 302.316, 302.316, 302.316, 302.316, 302.315, 302.315, 302.315, 302.315, 302.315, 302.315, 302.315, 302.315, 302.316, 302.316, 302.316, 302.317, 302.317, 302.318, 302.319, 302.32, 302.321, 302.322, 302.324, 302.326, 302.328, 302.331, 302.336, 302.343, 302.356, 302.389, 300, 
302.345, 302.345, 302.345, 302.345, 302.345, 302.345, 302.345, 302.345, 302.345, 302.344, 302.344, 302.344, 302.344, 302.344, 302.344, 302.344, 302.343, 302.343, 302.343, 302.343, 302.343, 302.343, 302.343, 302.343, 302.343, 302.343, 302.343, 302.343, 302.343, 302.343, 302.343, 302.343, 302.343, 302.343, 302.343, 302.344, 302.344, 302.344, 302.344, 302.344, 302.344, 302.345, 302.345, 302.345, 302.345, 302.345, 302.345, 302.346, 302.346, 302.346, 302.346, 302.346, 302.346, 302.346, 302.345, 302.345, 302.345, 302.345, 302.345, 302.345, 302.344, 302.344, 302.344, 302.344, 302.343, 302.343, 302.343, 302.342, 302.342, 302.342, 302.342, 302.341, 302.341, 302.341, 302.341, 302.341, 302.341, 302.341, 302.341, 302.341, 302.341, 302.341, 302.342, 302.342, 302.342, 302.343, 302.344, 302.344, 302.345, 302.346, 302.348, 302.349, 302.351, 302.354, 302.357, 302.361, 302.368, 302.381, 302.414, 300, 
302.371, 302.371, 302.371, 302.371, 302.37, 302.37, 302.37, 302.37, 302.37, 302.37, 302.37, 302.37, 302.369, 302.369, 302.369, 302.369, 302.369, 302.369, 302.369, 302.368, 302.368, 302.368, 302.368, 302.368, 302.368, 302.368, 302.368, 302.368, 302.368, 302.368, 302.368, 302.368, 302.369, 302.369, 302.369, 302.369, 302.369, 302.369, 302.37, 302.37, 302.37, 302.37, 302.37, 302.37, 302.371, 302.371, 302.371, 302.371, 302.371, 302.371, 302.371, 302.371, 302.371, 302.371, 302.371, 302.371, 302.371, 302.371, 302.37, 302.37, 302.37, 302.37, 302.369, 302.369, 302.369, 302.369, 302.368, 302.368, 302.368, 302.367, 302.367, 302.367, 302.367, 302.366, 302.366, 302.366, 302.366, 302.366, 302.366, 302.366, 302.366, 302.367, 302.367, 302.367, 302.368, 302.368, 302.369, 302.37, 302.371, 302.372, 302.373, 302.375, 302.377, 302.379, 302.382, 302.387, 302.393, 302.406, 302.438, 300, 
302.396, 302.396, 302.396, 302.396, 302.396, 302.396, 302.396, 302.396, 302.396, 302.395, 302.395, 302.395, 302.395, 302.395, 302.395, 302.395, 302.394, 302.394, 302.394, 302.394, 302.394, 302.394, 302.394, 302.394, 302.394, 302.394, 302.394, 302.394, 302.394, 302.394, 302.394, 302.394, 302.394, 302.394, 302.394, 302.395, 302.395, 302.395, 302.395, 302.395, 302.395, 302.396, 302.396, 302.396, 302.396, 302.396, 302.396, 302.396, 302.397, 302.397, 302.397, 302.397, 302.397, 302.397, 302.396, 302.396, 302.396, 302.396, 302.396, 302.396, 302.395, 302.395, 302.395, 302.395, 302.394, 302.394, 302.394, 302.393, 302.393, 302.393, 302.393, 302.392, 302.392, 302.392, 302.392, 302.392, 302.392, 302.392, 302.392, 302.392, 302.392, 302.392, 302.393, 302.393, 302.393, 302.394, 302.395, 302.395, 302.396, 302.397, 302.399, 302.4, 302.402, 302.404, 302.407, 302.412, 302.419, 302.431, 302.463, 300, 
302.422, 302.422, 302.422, 302.421, 302.421, 302.421, 302.421, 302.421, 302.421, 302.421, 302.421, 302.421, 302.42, 302.42, 302.42, 302.42, 302.42, 302.42, 302.42, 302.419, 302.419, 302.419, 302.419, 302.419, 302.419, 302.419, 302.419, 302.419, 302.419, 302.419, 302.419, 302.419, 302.42, 302.42, 302.42, 302.42, 302.42, 302.42, 302.421, 302.421, 302.421, 302.421, 302.421, 302.421, 302.422, 302.422, 302.422, 302.422, 302.422, 302.422, 302.422, 302.422, 302.422, 302.422, 302.422, 302.422, 302.422, 302.421, 302.421, 302.421, 302.421, 302.421, 302.42, 302.42, 302.42, 302.419, 302.419, 302.419, 302.419, 302.418, 302.418, 302.418, 302.418, 302.417, 302.417, 302.417, 302.417, 302.417, 302.417, 302.417, 302.417, 302.418, 302.418, 302.418, 302.419, 302.419, 302.42, 302.421, 302.422, 302.423, 302.424, 302.426, 302.427, 302.43, 302.433, 302.437, 302.444, 302.457, 302.488, 300, 
302.447, 302.447, 302.447, 302.447, 302.447, 302.447, 302.447, 302.447, 302.446, 302.446, 302.446, 302.446, 302.446, 302.446, 302.446, 302.445, 302.445, 302.445, 302.445, 302.445, 302.445, 302.445, 302.445, 302.445, 302.445, 302.445, 302.445, 302.445, 302.445, 302.445, 302.445, 302.445, 302.445, 302.445, 302.445, 302.445, 302.446, 302.446, 302.446, 302.446, 302.446, 302.447, 302.447, 302.447, 302.447, 302.447, 302.447, 302.447, 302.447, 302.447, 302.448, 302.448, 302.447, 302.447, 302.447, 302.447, 302.447, 302.447, 302.447, 302.447, 302.446, 302.446, 302.446, 302.446, 302.445, 302.445, 302.445, 302.444, 302.444, 302.444, 302.444, 302.443, 302.443, 302.443, 302.443, 302.443, 302.443, 302.443, 302.443, 302.443, 302.443, 302.443, 302.444, 302.444, 302.444, 302.445, 302.446, 302.446, 302.447, 302.448, 302.45, 302.451, 302.453, 302.455, 302.458, 302.463, 302.469, 302.482, 302.513, 300, 
302.472, 302.472, 302.472, 302.472, 302.472, 302.472, 302.472, 302.472, 302.472, 302.472, 302.472, 302.472, 302.471, 302.471, 302.471, 302.471, 302.471, 302.471, 302.471, 302.47, 302.47, 302.47, 302.47, 302.47, 302.47, 302.47, 302.47, 302.47, 302.47, 302.47, 302.47, 302.47, 302.471, 302.471, 302.471, 302.471, 302.471, 302.471, 302.471, 302.472, 302.472, 302.472, 302.472, 302.472, 302.472, 302.473, 302.473, 302.473, 302.473, 302.473, 302.473, 302.473, 302.473, 302.473, 302.473, 302.473, 302.473, 302.472, 302.472, 302.472, 302.472, 302.472, 302.471, 302.471, 302.471, 302.47, 302.47, 302.47, 302.47, 302.469, 302.469, 302.469, 302.469, 302.468, 302.468, 302.468, 302.468, 302.468, 302.468, 302.468, 302.468, 302.469, 302.469, 302.469, 302.47, 302.47, 302.471, 302.472, 302.473, 302.474, 302.475, 302.476, 302.478, 302.481, 302.484, 302.488, 302.495, 302.507, 302.538, 300, 
302.498, 302.498, 302.498, 302.498, 302.498, 302.498, 302.498, 302.498, 302.497, 302.497, 302.497, 302.497, 302.497, 302.497, 302.497, 302.496, 302.496, 302.496, 302.496, 302.496, 302.496, 302.496, 302.496, 302.496, 302.496, 302.496, 302.496, 302.496, 302.496, 302.496, 302.496, 302.496, 302.496, 302.496, 302.496, 302.496, 302.497, 302.497, 302.497, 302.497, 302.497, 302.498, 302.498, 302.498, 302.498, 302.498, 302.498, 302.498, 302.498, 302.498, 302.498, 302.498, 302.498, 302.498, 302.498, 302.498, 302.498, 302.498, 302.498, 302.497, 302.497, 302.497, 302.497, 302.496, 302.496, 302.496, 302.496, 302.495, 302.495, 302.495, 302.495, 302.494, 302.494, 302.494, 302.494, 302.494, 302.494, 302.494, 302.494, 302.494, 302.494, 302.494, 302.495, 302.495, 302.495, 302.496, 302.497, 302.497, 302.498, 302.499, 302.5, 302.502, 302.504, 302.506, 302.509, 302.513, 302.52, 302.532, 302.563, 300, 
302.523, 302.523, 302.523, 302.523, 302.523, 302.523, 302.523, 302.523, 302.523, 302.523, 302.523, 302.522, 302.522, 302.522, 302.522, 302.522, 302.522, 302.522, 302.522, 302.521, 302.521, 302.521, 302.521, 302.521, 302.521, 302.521, 302.521, 302.521, 302.521, 302.521, 302.521, 302.521, 302.522, 302.522, 302.522, 302.522, 302.522, 302.522, 302.522, 302.523, 302.523, 302.523, 302.523, 302.523, 302.523, 302.524, 302.524, 302.524, 302.524, 302.524, 302.524, 302.524, 302.524, 302.524, 302.524, 302.524, 302.524, 302.523, 302.523, 302.523, 302.523, 302.522, 302.522, 302.522, 302.522, 302.521, 302.521, 302.521, 302.521, 302.52, 302.52, 302.52, 302.52, 302.519, 302.519, 302.519, 302.519, 302.519, 302.519, 302.519, 302.519, 302.52, 302.52, 302.52, 302.521, 302.521, 302.522, 302.523, 302.524, 302.525, 302.526, 302.527, 302.529, 302.531, 302.534, 302.539, 302.545, 302.557, 302.588, 300, 
302.549, 302.549, 302.549, 302.549, 302.549, 302.549, 302.549, 302.548, 302.548, 302.548, 302.548, 302.548, 302.548, 302.548, 302.548, 302.547, 302.547, 302.547, 302.547, 302.547, 302.547, 302.547, 302.547, 302.547, 302.547, 302.547, 302.547, 302.547, 302.547, 302.547, 302.547, 302.547, 302.547, 302.547, 302.547, 302.547, 302.548, 302.548, 302.548, 302.548, 302.548, 302.548, 302.549, 302.549, 302.549, 302.549, 302.549, 302.549, 302.549, 302.549, 302.549, 302.549, 302.549, 302.549, 302.549, 302.549, 302.549, 302.549, 302.549, 302.548, 302.548, 302.548, 302.548, 302.547, 302.547, 302.547, 302.547, 302.546, 302.546, 302.546, 302.546, 302.545, 302.545, 302.545, 302.545, 302.545, 302.545, 302.545, 302.545, 302.545, 302.545, 302.545, 302.546, 302.546, 302.546, 302.547, 302.547, 302.548, 302.549, 302.55, 302.551, 302.553, 302.555, 302.557, 302.56, 302.564, 302.57, 302.583, 302.613, 300, 
302.574, 302.574, 302.574, 302.574, 302.574, 302.574, 302.574, 302.574, 302.574, 302.574, 302.574, 302.573, 302.573, 302.573, 302.573, 302.573, 302.573, 302.573, 302.572, 302.572, 302.572, 302.572, 302.572, 302.572, 302.572, 302.572, 302.572, 302.572, 302.572, 302.572, 302.572, 302.572, 302.572, 302.573, 302.573, 302.573, 302.573, 302.573, 302.573, 302.574, 302.574, 302.574, 302.574, 302.574, 302.574, 302.574, 302.575, 302.575, 302.575, 302.575, 302.575, 302.575, 302.575, 302.575, 302.575, 302.575, 302.574, 302.574, 302.574, 302.574, 302.574, 302.573, 302.573, 302.573, 302.573, 302.572, 302.572, 302.572, 302.572, 302.571, 302.571, 302.571, 302.571, 302.57, 302.57, 302.57, 302.57, 302.57, 302.57, 302.57, 302.57, 302.571, 302.571, 302.571, 302.572, 302.572, 302.573, 302.574, 302.575, 302.576, 302.577, 302.578, 302.58, 302.582, 302.585, 302.589, 302.596, 302.608, 302.638, 300, 
302.6, 302.6, 302.6, 302.6, 302.6, 302.6, 302.6, 302.599, 302.599, 302.599, 302.599, 302.599, 302.599, 302.599, 302.598, 302.598, 302.598, 302.598, 302.598, 302.598, 302.598, 302.598, 302.598, 302.598, 302.598, 302.598, 302.598, 302.598, 302.598, 302.598, 302.598, 302.598, 302.598, 302.598, 302.598, 302.598, 302.599, 302.599, 302.599, 302.599, 302.599, 302.599, 302.6, 302.6, 302.6, 302.6, 302.6, 302.6, 302.6, 302.6, 302.6, 302.6, 302.6, 302.6, 302.6, 302.6, 302.6, 302.6, 302.6, 302.599, 302.599, 302.599, 302.599, 302.598, 302.598, 302.598, 302.598, 302.597, 302.597, 302.597, 302.597, 302.596, 302.596, 302.596, 302.596, 302.596, 302.596, 302.596, 302.596, 302.596, 302.596, 302.596, 302.596, 302.597, 302.597, 302.598, 302.598, 302.599, 302.6, 302.601, 302.602, 302.604, 302.605, 302.608, 302.611, 302.615, 302.621, 302.633, 302.663, 300, 
302.625, 302.625, 302.625, 302.625, 302.625, 302.625, 302.625, 302.625, 302.625, 302.625, 302.625, 302.624, 302.624, 302.624, 302.624, 302.624, 302.624, 302.624, 302.623, 302.623, 302.623, 302.623, 302.623, 302.623, 302.623, 302.623, 302.623, 302.623, 302.623, 302.623, 302.623, 302.623, 302.623, 302.624, 302.624, 302.624, 302.624, 302.624, 302.624, 302.625, 302.625, 302.625, 302.625, 302.625, 302.625, 302.625, 302.626, 302.626, 302.626, 302.626, 302.626, 302.626, 302.626, 302.626, 302.626, 302.626, 302.625, 302.625, 302.625, 302.625, 302.625, 302.624, 302.624, 302.624, 302.624, 302.623, 302.623, 302.623, 302.623, 302.622, 302.622, 302.622, 302.622, 302.621, 302.621, 302.621, 302.621, 302.621, 302.621, 302.621, 302.621, 302.622, 302.622, 302.622, 302.623, 302.623, 302.624, 302.625, 302.626, 302.627, 302.628, 302.629, 302.631, 302.633, 302.636, 302.64, 302.646, 302.658, 302.688, 300, 
302.651, 302.651, 302.651, 302.651, 302.651, 302.651, 302.65, 302.65, 302.65, 302.65, 302.65, 302.65, 302.65, 302.65, 302.649, 302.649, 302.649, 302.649, 302.649, 302.649, 302.649, 302.649, 302.649, 302.649, 302.649, 302.648, 302.649, 302.649, 302.649, 302.649, 302.649, 302.649, 302.649, 302.649, 302.649, 302.649, 302.65, 302.65, 302.65, 302.65, 302.65, 302.65, 302.65, 302.651, 302.651, 302.651, 302.651, 302.651, 302.651, 302.651, 302.651, 302.651, 302.651, 302.651, 302.651, 302.651, 302.651, 302.651, 302.651, 302.65, 302.65, 302.65, 302.65, 302.649, 302.649, 302.649, 302.649, 302.648, 302.648, 302.648, 302.648, 302.647, 302.647, 302.647, 302.647, 302.647, 302.647, 302.647, 302.647, 302.647, 302.647, 302.647, 302.647, 302.648, 302.648, 302.649, 302.649, 302.65, 302.651, 302.652, 302.653, 302.655, 302.656, 302.658, 302.661, 302.665, 302.672, 302.683, 302.712, 300, 
302.676, 302.676, 302.676, 302.676, 302.676, 302.676, 302.676, 302.676, 302.676, 302.676, 302.675, 302.675, 302.675, 302.675, 302.675, 302.675, 302.675, 302.675, 302.674, 302.674, 302.674, 302.674, 302.674, 302.674, 302.674, 302.674, 302.674, 302.674, 302.674, 302.674, 302.674, 302.674, 302.674, 302.675, 302.675, 302.675, 302.675, 302.675, 302.675, 302.675, 302.676, 302.676, 302.676, 302.676, 302.676, 302.676, 302.676, 302.677, 302.677, 302.677, 302.677, 302.677, 302.677, 302.677, 302.677, 302.676, 302.676, 302.676, 302.676, 302.676, 302.676, 302.675, 302.675, 302.675, 302.675, 302.674, 302.674, 302.674, 302.674, 302.673, 302.673, 302.673, 302.673, 302.672, 302.672, 302.672, 302.672, 302.672, 302.672, 302.672, 302.672, 302.673, 302.673, 302.673, 302.674, 302.674, 302.675, 302.676, 302.676, 302.677, 302.679, 302.68, 302.682, 302.684, 302.687, 302.691, 302.697, 302.709, 302.737, 300, 
302.702, 302.702, 302.702, 302.702, 302.702, 302.702, 302.701, 302.701, 302.701, 302.701, 302.701, 302.701, 302.701, 302.701, 302.7, 302.7, 302.7, 302.7, 302.7, 302.7, 302.7, 302.7, 302.7, 302.7, 302.699, 302.699, 302.699, 302.7, 302.7, 302.7, 302.7, 302.7, 302.7, 302.7, 302.7, 302.7, 302.7, 302.701, 302.701, 302.701, 302.701, 302.701, 302.701, 302.702, 302.702, 302.702, 302.702, 302.702, 302.702, 302.702, 302.702, 302.702, 302.702, 302.702, 302.702, 302.702, 302.702, 302.702, 302.701, 302.701, 302.701, 302.701, 302.701, 302.7, 302.7, 302.7, 302.7, 302.699, 302.699, 302.699, 302.699, 302.698, 302.698, 302.698, 302.698, 302.698, 302.698, 302.698, 302.698, 302.698, 302.698, 302.698, 302.698, 302.699, 302.699, 302.7, 302.7, 302.701, 302.702, 302.703, 302.704, 302.705, 302.707, 302.709, 302.712, 302.716, 302.722, 302.734, 302.762, 300, 
302.727, 302.727, 302.727, 302.727, 302.727, 302.727, 302.727, 302.727, 302.727, 302.727, 302.726, 302.726, 302.726, 302.726, 302.726, 302.726, 302.726, 302.726, 302.725, 302.725, 302.725, 302.725, 302.725, 302.725, 302.725, 302.725, 302.725, 302.725, 302.725, 302.725, 302.725, 302.725, 302.725, 302.726, 302.726, 302.726, 302.726, 302.726, 302.726, 302.726, 302.727, 302.727, 302.727, 302.727, 302.727, 302.727, 302.727, 302.727, 302.728, 302.728, 302.728, 302.728, 302.728, 302.728, 302.727, 302.727, 302.727, 302.727, 302.727, 302.727, 302.727, 302.726, 302.726, 302.726, 302.726, 302.725, 302.725, 302.725, 302.725, 302.724, 302.724, 302.724, 302.724, 302.723, 302.723, 302.723, 302.723, 302.723, 302.723, 302.723, 302.723, 302.724, 302.724, 302.724, 302.725, 302.725, 302.726, 302.727, 302.727, 302.728, 302.729, 302.731, 302.733, 302.735, 302.737, 302.741, 302.748, 302.759, 302.787, 300, 
302.753, 302.753, 302.753, 302.753, 302.753, 302.752, 302.752, 302.752, 302.752, 302.752, 302.752, 302.752, 302.752, 302.752, 302.751, 302.751, 302.751, 302.751, 302.751, 302.751, 302.751, 302.751, 302.751, 302.75, 302.75, 302.75, 302.75, 302.75, 302.751, 302.751, 302.751, 302.751, 302.751, 302.751, 302.751, 302.751, 302.751, 302.752, 302.752, 302.752, 302.752, 302.752, 302.752, 302.753, 302.753, 302.753, 302.753, 302.753, 302.753, 302.753, 302.753, 302.753, 302.753, 302.753, 302.753, 302.753, 302.753, 302.753, 302.752, 302.752, 302.752, 302.752, 302.752, 302.751, 302.751, 302.751, 302.751, 302.75, 302.75, 302.75, 302.75, 302.749, 302.749, 302.749, 302.749, 302.749, 302.749, 302.749, 302.749, 302.749, 302.749, 302.749, 302.749, 302.75, 302.75, 302.751, 302.751, 302.752, 302.753, 302.754, 302.755, 302.756, 302.758, 302.76, 302.763, 302.767, 302.773, 302.784, 302.812, 300, 
302.778, 302.778, 302.778, 302.778, 302.778, 302.778, 302.778, 302.778, 302.778, 302.778, 302.777, 302.777, 302.777, 302.777, 302.777, 302.777, 302.777, 302.776, 302.776, 302.776, 302.776, 302.776, 302.776, 302.776, 302.776, 302.776, 302.776, 302.776, 302.776, 302.776, 302.776, 302.776, 302.776, 302.776, 302.777, 302.777, 302.777, 302.777, 302.777, 302.777, 302.778, 302.778, 302.778, 302.778, 302.778, 302.778, 302.778, 302.778, 302.778, 302.779, 302.779, 302.779, 302.779, 302.778, 302.778, 302.778, 302.778, 302.778, 302.778, 302.778, 302.777, 302.777, 302.777, 302.777, 302.777, 302.776, 302.776, 302.776, 302.775, 302.775, 302.775, 302.775, 302.775, 302.774, 302.774, 302.774, 302.774, 302.774, 302.774, 302.774, 302.774, 302.775, 302.775, 302.775, 302.776, 302.776, 302.777, 302.778, 302.778, 302.779, 302.78, 302.782, 302.783, 302.785, 302.788, 302.792, 302.798, 302.809, 302.837, 300, 
302.804, 302.804, 302.804, 302.804, 302.803, 302.803, 302.803, 302.803, 302.803, 302.803, 302.803, 302.803, 302.803, 302.802, 302.802, 302.802, 302.802, 302.802, 302.802, 302.802, 302.802, 302.802, 302.802, 302.801, 302.801, 302.801, 302.801, 302.801, 302.801, 302.802, 302.802, 302.802, 302.802, 302.802, 302.802, 302.802, 302.802, 302.803, 302.803, 302.803, 302.803, 302.803, 302.803, 302.803, 302.804, 302.804, 302.804, 302.804, 302.804, 302.804, 302.804, 302.804, 302.804, 302.804, 302.804, 302.804, 302.804, 302.804, 302.803, 302.803, 302.803, 302.803, 302.803, 302.802, 302.802, 302.802, 302.801, 302.801, 302.801, 302.801, 302.801, 302.8, 302.8, 302.8, 302.8, 302.8, 302.8, 302.8, 302.8, 302.8, 302.8, 302.8, 302.8, 302.801, 302.801, 302.802, 302.802, 302.803, 302.804, 302.805, 302.806, 302.807, 302.809, 302.811, 302.814, 302.817, 302.824, 302.835, 302.862, 300, 
302.829, 302.829, 302.829, 302.829, 302.829, 302.829, 302.829, 302.829, 302.829, 302.828, 302.828, 302.828, 302.828, 302.828, 302.828, 302.828, 302.828, 302.827, 302.827, 302.827, 302.827, 302.827, 302.827, 302.827, 302.827, 302.827, 302.827, 302.827, 302.827, 302.827, 302.827, 302.827, 302.827, 302.827, 302.828, 302.828, 302.828, 302.828, 302.828, 302.828, 302.828, 302.829, 302.829, 302.829, 302.829, 302.829, 302.829, 302.829, 302.829, 302.829, 302.829, 302.829, 302.829, 302.829, 302.829, 302.829, 302.829, 302.829, 302.829, 302.829, 302.828, 302.828, 302.828, 302.828, 302.827, 302.827, 302.827, 302.827, 302.826, 302.826, 302.826, 302.826, 302.826, 302.825, 302.825, 302.825, 302.825, 302.825, 302.825, 302.825, 302.825, 302.826, 302.826, 302.826, 302.827, 302.827, 302.828, 302.828, 302.829, 302.83, 302.831, 302.833, 302.834, 302.836, 302.839, 302.843, 302.849, 302.86, 302.887, 300, 
302.855, 302.855, 302.854, 302.854, 302.854, 302.854, 302.854, 302.854, 302.854, 302.854, 302.854, 302.854, 302.854, 302.853, 302.853, 302.853, 302.853, 302.853, 302.853, 302.853, 302.853, 302.853, 302.852, 302.852, 302.852, 302.852, 302.852, 302.852, 302.852, 302.853, 302.853, 302.853, 302.853, 302.853, 302.853, 302.853, 302.853, 302.853, 302.854, 302.854, 302.854, 302.854, 302.854, 302.854, 302.855, 302.855, 302.855, 302.855, 302.855, 302.855, 302.855, 302.855, 302.855, 302.855, 302.855, 302.855, 302.855, 302.854, 302.854, 302.854, 302.854, 302.854, 302.853, 302.853, 302.853, 302.853, 302.852, 302.852, 302.852, 302.852, 302.852, 302.851, 302.851, 302.851, 302.851, 302.851, 302.851, 302.851, 302.851, 302.851, 302.851, 302.851, 302.851, 302.852, 302.852, 302.853, 302.853, 302.854, 302.855, 302.856, 302.857, 302.858, 302.86, 302.862, 302.864, 302.868, 302.874, 302.885, 302.912, 300, 
302.88, 302.88, 302.88, 302.88, 302.88, 302.88, 302.88, 302.88, 302.88, 302.879, 302.879, 302.879, 302.879, 302.879, 302.879, 302.879, 302.879, 302.878, 302.878, 302.878, 302.878, 302.878, 302.878, 302.878, 302.878, 302.878, 302.878, 302.878, 302.878, 302.878, 302.878, 302.878, 302.878, 302.878, 302.879, 302.879, 302.879, 302.879, 302.879, 302.879, 302.879, 302.88, 302.88, 302.88, 302.88, 302.88, 302.88, 302.88, 302.88, 302.88, 302.88, 302.88, 302.88, 302.88, 302.88, 302.88, 302.88, 302.88, 302.88, 302.88, 302.879, 302.879, 302.879, 302.879, 302.878, 302.878, 302.878, 302.878, 302.877, 302.877, 302.877, 302.877, 302.877, 302.876, 302.876, 302.876, 302.876, 302.876, 302.876, 302.876, 302.876, 302.877, 302.877, 302.877, 302.878, 302.878, 302.879, 302.879, 302.88, 302.881, 302.882, 302.884, 302.885, 302.887, 302.89, 302.894, 302.899, 302.91, 302.937, 300, 
302.905, 302.905, 302.905, 302.905, 302.905, 302.905, 302.905, 302.905, 302.905, 302.905, 302.905, 302.905, 302.905, 302.904, 302.904, 302.904, 302.904, 302.904, 302.904, 302.904, 302.904, 302.904, 302.903, 302.903, 302.903, 302.903, 302.903, 302.903, 302.903, 302.903, 302.904, 302.904, 302.904, 302.904, 302.904, 302.904, 302.904, 302.904, 302.905, 302.905, 302.905, 302.905, 302.905, 302.905, 302.905, 302.906, 302.906, 302.906, 302.906, 302.906, 302.906, 302.906, 302.906, 302.906, 302.906, 302.906, 302.906, 302.905, 302.905, 302.905, 302.905, 302.905, 302.904, 302.904, 302.904, 302.904, 302.903, 302.903, 302.903, 302.903, 302.902, 302.902, 302.902, 302.902, 302.902, 302.902, 302.902, 302.902, 302.902, 302.902, 302.902, 302.902, 302.902, 302.903, 302.903, 302.904, 302.904, 302.905, 302.906, 302.907, 302.908, 302.909, 302.911, 302.913, 302.915, 302.919, 302.925, 302.936, 302.962, 300, 
302.931, 302.931, 302.931, 302.931, 302.931, 302.931, 302.931, 302.931, 302.93, 302.93, 302.93, 302.93, 302.93, 302.93, 302.93, 302.93, 302.929, 302.929, 302.929, 302.929, 302.929, 302.929, 302.929, 302.929, 302.929, 302.929, 302.929, 302.929, 302.929, 302.929, 302.929, 302.929, 302.929, 302.929, 302.929, 302.93, 302.93, 302.93, 302.93, 302.93, 302.93, 302.931, 302.931, 302.931, 302.931, 302.931, 302.931, 302.931, 302.931, 302.931, 302.931, 302.931, 302.931, 302.931, 302.931, 302.931, 302.931, 302.931, 302.931, 302.931, 302.93, 302.93, 302.93, 302.93, 302.929, 302.929, 302.929, 302.929, 302.928, 302.928, 302.928, 302.928, 302.928, 302.927, 302.927, 302.927, 302.927, 302.927, 302.927, 302.927, 302.927, 302.928, 302.928, 302.928, 302.929, 302.929, 302.93, 302.93, 302.931, 302.932, 302.933, 302.934, 302.936, 302.938, 302.941, 302.944, 302.95, 302.961, 302.987, 300, 
302.956, 302.956, 302.956, 302.956, 302.956, 302.956, 302.956, 302.956, 302.956, 302.956, 302.956, 302.956, 302.955, 302.955, 302.955, 302.955, 302.955, 302.955, 302.955, 302.955, 302.955, 302.954, 302.954, 302.954, 302.954, 302.954, 302.954, 302.954, 302.954, 302.954, 302.955, 302.955, 302.955, 302.955, 302.955, 302.955, 302.955, 302.955, 302.956, 302.956, 302.956, 302.956, 302.956, 302.956, 302.956, 302.957, 302.957, 302.957, 302.957, 302.957, 302.957, 302.957, 302.957, 302.957, 302.957, 302.957, 302.956, 302.956, 302.956, 302.956, 302.956, 302.956, 302.955, 302.955, 302.955, 302.955, 302.954, 302.954, 302.954, 302.954, 302.953, 302.953, 302.953, 302.953, 302.953, 302.953, 302.953, 302.953, 302.953, 302.953, 302.953, 302.953, 302.953, 302.954, 302.954, 302.955, 302.955, 302.956, 302.957, 302.958, 302.959, 302.96, 302.961, 302.963, 302.966, 302.97, 302.975, 302.986, 303.012, 300, 
302.982, 302.982, 302.982, 302.982, 302.982, 302.982, 302.982, 302.982, 302.981, 302.981, 302.981, 302.981, 302.981, 302.981, 302.981, 302.981, 302.98, 302.98, 302.98, 302.98, 302.98, 302.98, 302.98, 302.98, 302.98, 302.98, 302.98, 302.98, 302.98, 302.98, 302.98, 302.98, 302.98, 302.98, 302.98, 302.981, 302.981, 302.981, 302.981, 302.981, 302.981, 302.981, 302.982, 302.982, 302.982, 302.982, 302.982, 302.982, 302.982, 302.982, 302.982, 302.982, 302.982, 302.982, 302.982, 302.982, 302.982, 302.982, 302.982, 302.981, 302.981, 302.981, 302.981, 302.981, 302.98, 302.98, 302.98, 302.98, 302.979, 302.979, 302.979, 302.979, 302.979, 302.978, 302.978, 302.978, 302.978, 302.978, 302.978, 302.978, 302.978, 302.979, 302.979, 302.979, 302.98, 302.98, 302.981, 302.981, 302.982, 302.983, 302.984, 302.985, 302.987, 302.989, 302.991, 302.995, 303.001, 303.011, 303.037, 300, 
303.007, 303.007, 303.007, 303.007, 303.007, 303.007, 303.007, 303.007, 303.007, 303.007, 303.007, 303.007, 303.006, 303.006, 303.006, 303.006, 303.006, 303.006, 303.006, 303.006, 303.006, 303.005, 303.005, 303.005, 303.005, 303.005, 303.005, 303.005, 303.005, 303.005, 303.006, 303.006, 303.006, 303.006, 303.006, 303.006, 303.006, 303.006, 303.007, 303.007, 303.007, 303.007, 303.007, 303.007, 303.007, 303.007, 303.008, 303.008, 303.008, 303.008, 303.008, 303.008, 303.008, 303.008, 303.008, 303.008, 303.007, 303.007, 303.007, 303.007, 303.007, 303.007, 303.006, 303.006, 303.006, 303.006, 303.005, 303.005, 303.005, 303.005, 303.004, 303.004, 303.004, 303.004, 303.004, 303.004, 303.004, 303.004, 303.004, 303.004, 303.004, 303.004, 303.004, 303.005, 303.005, 303.006, 303.006, 303.007, 303.008, 303.008, 303.009, 303.011, 303.012, 303.014, 303.017, 303.02, 303.026, 303.036, 303.062, 300, 
303.033, 303.033, 303.033, 303.033, 303.033, 303.033, 303.033, 303.032, 303.032, 303.032, 303.032, 303.032, 303.032, 303.032, 303.032, 303.032, 303.031, 303.031, 303.031, 303.031, 303.031, 303.031, 303.031, 303.031, 303.031, 303.031, 303.031, 303.031, 303.031, 303.031, 303.031, 303.031, 303.031, 303.031, 303.031, 303.032, 303.032, 303.032, 303.032, 303.032, 303.032, 303.032, 303.033, 303.033, 303.033, 303.033, 303.033, 303.033, 303.033, 303.033, 303.033, 303.033, 303.033, 303.033, 303.033, 303.033, 303.033, 303.033, 303.033, 303.032, 303.032, 303.032, 303.032, 303.032, 303.031, 303.031, 303.031, 303.031, 303.03, 303.03, 303.03, 303.03, 303.03, 303.029, 303.029, 303.029, 303.029, 303.029, 303.029, 303.029, 303.029, 303.03, 303.03, 303.03, 303.031, 303.031, 303.032, 303.032, 303.033, 303.034, 303.035, 303.036, 303.038, 303.04, 303.042, 303.046, 303.051, 303.062, 303.087, 300, 
303.058, 303.058, 303.058, 303.058, 303.058, 303.058, 303.058, 303.058, 303.058, 303.058, 303.058, 303.057, 303.057, 303.057, 303.057, 303.057, 303.057, 303.057, 303.057, 303.057, 303.056, 303.056, 303.056, 303.056, 303.056, 303.056, 303.056, 303.056, 303.056, 303.056, 303.056, 303.057, 303.057, 303.057, 303.057, 303.057, 303.057, 303.057, 303.057, 303.058, 303.058, 303.058, 303.058, 303.058, 303.058, 303.058, 303.058, 303.059, 303.059, 303.059, 303.059, 303.059, 303.059, 303.059, 303.059, 303.058, 303.058, 303.058, 303.058, 303.058, 303.058, 303.057, 303.057, 303.057, 303.057, 303.057, 303.056, 303.056, 303.056, 303.056, 303.055, 303.055, 303.055, 303.055, 303.055, 303.055, 303.055, 303.055, 303.055, 303.055, 303.055, 303.055, 303.055, 303.056, 303.056, 303.057, 303.057, 303.058, 303.058, 303.059, 303.06, 303.062, 303.063, 303.065, 303.068, 303.071, 303.077, 303.087, 303.112, 300, 
303.084, 303.084, 303.084, 303.084, 303.084, 303.084, 303.083, 303.083, 303.083, 303.083, 303.083, 303.083, 303.083, 303.083, 303.083, 303.082, 303.082, 303.082, 303.082, 303.082, 303.082, 303.082, 303.082, 303.082, 303.082, 303.082, 303.082, 303.082, 303.082, 303.082, 303.082, 303.082, 303.082, 303.082, 303.082, 303.083, 303.083, 303.083, 303.083, 303.083, 303.083, 303.083, 303.084, 303.084, 303.084, 303.084, 303.084, 303.084, 303.084, 303.084, 303.084, 303.084, 303.084, 303.084, 303.084, 303.084, 303.084, 303.084, 303.084, 303.083, 303.083, 303.083, 303.083, 303.083, 303.082, 303.082, 303.082, 303.082, 303.081, 303.081, 303.081, 303.081, 303.081, 303.08, 303.08, 303.08, 303.08, 303.08, 303.08, 303.08, 303.08, 303.081, 303.081, 303.081, 303.082, 303.082, 303.083, 303.083, 303.084, 303.085, 303.086, 303.087, 303.089, 303.09, 303.093, 303.096, 303.102, 303.112, 303.137, 300, 
303.109, 303.109, 303.109, 303.109, 303.109, 303.109, 303.109, 303.109, 303.109, 303.109, 303.109, 303.108, 303.108, 303.108, 303.108, 303.108, 303.108, 303.108, 303.108, 303.108, 303.107, 303.107, 303.107, 303.107, 303.107, 303.107, 303.107, 303.107, 303.107, 303.107, 303.107, 303.108, 303.108, 303.108, 303.108, 303.108, 303.108, 303.108, 303.108, 303.109, 303.109, 303.109, 303.109, 303.109, 303.109, 303.109, 303.109, 303.11, 303.11, 303.11, 303.11, 303.11, 303.11, 303.11, 303.109, 303.109, 303.109, 303.109, 303.109, 303.109, 303.109, 303.108, 303.108, 303.108, 303.108, 303.108, 303.107, 303.107, 303.107, 303.107, 303.106, 303.106, 303.106, 303.106, 303.106, 303.106, 303.106, 303.106, 303.106, 303.106, 303.106, 303.106, 303.106, 303.107, 303.107, 303.108, 303.108, 303.109, 303.109, 303.11, 303.111, 303.113, 303.114, 303.116, 303.118, 303.122, 303.127, 303.137, 303.162, 300, 
303.135, 303.135, 303.135, 303.135, 303.135, 303.135, 303.134, 303.134, 303.134, 303.134, 303.134, 303.134, 303.134, 303.134, 303.134, 303.133, 303.133, 303.133, 303.133, 303.133, 303.133, 303.133, 303.133, 303.133, 303.133, 303.133, 303.133, 303.133, 303.133, 303.133, 303.133, 303.133, 303.133, 303.133, 303.133, 303.133, 303.134, 303.134, 303.134, 303.134, 303.134, 303.134, 303.134, 303.135, 303.135, 303.135, 303.135, 303.135, 303.135, 303.135, 303.135, 303.135, 303.135, 303.135, 303.135, 303.135, 303.135, 303.135, 303.134, 303.134, 303.134, 303.134, 303.134, 303.133, 303.133, 303.133, 303.133, 303.133, 303.132, 303.132, 303.132, 303.132, 303.132, 303.131, 303.131, 303.131, 303.131, 303.131, 303.131, 303.131, 303.131, 303.132, 303.132, 303.132, 303.133, 303.133, 303.134, 303.134, 303.135, 303.136, 303.137, 303.138, 303.139, 303.141, 303.144, 303.147, 303.153, 303.163, 303.187, 300, 
303.16, 303.16, 303.16, 303.16, 303.16, 303.16, 303.16, 303.16, 303.16, 303.16, 303.16, 303.159, 303.159, 303.159, 303.159, 303.159, 303.159, 303.159, 303.159, 303.159, 303.158, 303.158, 303.158, 303.158, 303.158, 303.158, 303.158, 303.158, 303.158, 303.158, 303.158, 303.158, 303.159, 303.159, 303.159, 303.159, 303.159, 303.159, 303.159, 303.16, 303.16, 303.16, 303.16, 303.16, 303.16, 303.16, 303.16, 303.16, 303.16, 303.161, 303.161, 303.161, 303.161, 303.16, 303.16, 303.16, 303.16, 303.16, 303.16, 303.16, 303.16, 303.159, 303.159, 303.159, 303.159, 303.159, 303.158, 303.158, 303.158, 303.158, 303.157, 303.157, 303.157, 303.157, 303.157, 303.157, 303.157, 303.157, 303.157, 303.157, 303.157, 303.157, 303.157, 303.158, 303.158, 303.158, 303.159, 303.16, 303.16, 303.161, 303.162, 303.163, 303.165, 303.167, 303.169, 303.173, 303.178, 303.188, 303.212, 300, 
303.186, 303.186, 303.186, 303.186, 303.186, 303.185, 303.185, 303.185, 303.185, 303.185, 303.185, 303.185, 303.185, 303.185, 303.185, 303.184, 303.184, 303.184, 303.184, 303.184, 303.184, 303.184, 303.184, 303.184, 303.184, 303.184, 303.184, 303.184, 303.184, 303.184, 303.184, 303.184, 303.184, 303.184, 303.184, 303.184, 303.185, 303.185, 303.185, 303.185, 303.185, 303.185, 303.185, 303.186, 303.186, 303.186, 303.186, 303.186, 303.186, 303.186, 303.186, 303.186, 303.186, 303.186, 303.186, 303.186, 303.186, 303.186, 303.185, 303.185, 303.185, 303.185, 303.185, 303.184, 303.184, 303.184, 303.184, 303.184, 303.183, 303.183, 303.183, 303.183, 303.183, 303.182, 303.182, 303.182, 303.182, 303.182, 303.182, 303.182, 303.182, 303.183, 303.183, 303.183, 303.184, 303.184, 303.184, 303.185, 303.186, 303.187, 303.188, 303.189, 303.19, 303.192, 303.195, 303.198, 303.203, 303.213, 303.237, 300, 
303.211, 303.211, 303.211, 303.211, 303.211, 303.211, 303.211, 303.211, 303.211, 303.211, 303.21, 303.21, 303.21, 303.21, 303.21, 303.21, 303.21, 303.21, 303.21, 303.209, 303.209, 303.209, 303.209, 303.209, 303.209, 303.209, 303.209, 303.209, 303.209, 303.209, 303.209, 303.209, 303.21, 303.21, 303.21, 303.21, 303.21, 303.21, 303.21, 303.21, 303.211, 303.211, 303.211, 303.211, 303.211, 303.211, 303.211, 303.211, 303.211, 303.211, 303.211, 303.211, 303.211, 303.211, 303.211, 303.211, 303.211, 303.211, 303.211, 303.211, 303.211, 303.21, 303.21, 303.21, 303.21, 303.209, 303.209, 303.209, 303.209, 303.209, 303.208, 303.208, 303.208, 303.208, 303.208, 303.208, 303.208, 303.208, 303.208, 303.208, 303.208, 303.208, 303.208, 303.209, 303.209, 303.209, 303.21, 303.211, 303.211, 303.212, 303.213, 303.214, 303.216, 303.218, 303.22, 303.223, 303.229, 303.238, 303.262, 300, 
303.237, 303.237, 303.237, 303.237, 303.236, 303.236, 303.236, 303.236, 303.236, 303.236, 303.236, 303.236, 303.236, 303.236, 303.235, 303.235, 303.235, 303.235, 303.235, 303.235, 303.235, 303.235, 303.235, 303.235, 303.235, 303.235, 303.235, 303.235, 303.235, 303.235, 303.235, 303.235, 303.235, 303.235, 303.235, 303.235, 303.236, 303.236, 303.236, 303.236, 303.236, 303.236, 303.236, 303.236, 303.237, 303.237, 303.237, 303.237, 303.237, 303.237, 303.237, 303.237, 303.237, 303.237, 303.237, 303.237, 303.237, 303.237, 303.236, 303.236, 303.236, 303.236, 303.236, 303.235, 303.235, 303.235, 303.235, 303.235, 303.234, 303.234, 303.234, 303.234, 303.234, 303.233, 303.233, 303.233, 303.233, 303.233, 303.233, 303.233, 303.233, 303.234, 303.234, 303.234, 303.235, 303.235, 303.235, 303.236, 303.237, 303.238, 303.239, 303.24, 303.241, 303.243, 303.245, 303.249, 303.254, 303.264, 303.287, 300, 
303.262, 303.262, 303.262, 303.262, 303.262, 303.262, 303.262, 303.262, 303.262, 303.262, 303.261, 303.261, 303.261, 303.261, 303.261, 303.261, 303.261, 303.261, 303.261, 303.26, 303.26, 303.26, 303.26, 303.26, 303.26, 303.26, 303.26, 303.26, 303.26, 303.26, 303.26, 303.26, 303.261, 303.261, 303.261, 303.261, 303.261, 303.261, 303.261, 303.261, 303.262, 303.262, 303.262, 303.262, 303.262, 303.262, 303.262, 303.262, 303.262, 303.262, 303.262, 303.262, 303.262, 303.262, 303.262, 303.262, 303.262, 303.262, 303.262, 303.262, 303.261, 303.261, 303.261, 303.261, 303.261, 303.26, 303.26, 303.26, 303.26, 303.26, 303.259, 303.259, 303.259, 303.259, 303.259, 303.259, 303.259, 303.259, 303.259, 303.259, 303.259, 303.259, 303.259, 303.26, 303.26, 303.26, 303.261, 303.262, 303.262, 303.263, 303.264, 303.265, 303.267, 303.268, 303.271, 303.274, 303.279, 303.289, 303.312, 300, 
303.288, 303.288, 303.287, 303.287, 303.287, 303.287, 303.287, 303.287, 303.287, 303.287, 303.287, 303.287, 303.287, 303.287, 303.286, 303.286, 303.286, 303.286, 303.286, 303.286, 303.286, 303.286, 303.286, 303.286, 303.286, 303.286, 303.286, 303.286, 303.286, 303.286, 303.286, 303.286, 303.286, 303.286, 303.286, 303.286, 303.286, 303.287, 303.287, 303.287, 303.287, 303.287, 303.287, 303.287, 303.288, 303.288, 303.288, 303.288, 303.288, 303.288, 303.288, 303.288, 303.288, 303.288, 303.288, 303.288, 303.288, 303.287, 303.287, 303.287, 303.287, 303.287, 303.287, 303.286, 303.286, 303.286, 303.286, 303.285, 303.285, 303.285, 303.285, 303.285, 303.285, 303.284, 303.284, 303.284, 303.284, 303.284, 303.284, 303.284, 303.284, 303.285, 303.285, 303.285, 303.285, 303.286, 303.286, 303.287, 303.288, 303.289, 303.289, 303.291, 303.292, 303.294, 303.296, 303.299, 303.305, 303.314, 303.337, 300, 
303.313, 303.313, 303.313, 303.313, 303.313, 303.313, 303.313, 303.313, 303.313, 303.312, 303.312, 303.312, 303.312, 303.312, 303.312, 303.312, 303.312, 303.312, 303.311, 303.311, 303.311, 303.311, 303.311, 303.311, 303.311, 303.311, 303.311, 303.311, 303.311, 303.311, 303.311, 303.311, 303.311, 303.312, 303.312, 303.312, 303.312, 303.312, 303.312, 303.312, 303.312, 303.313, 303.313, 303.313, 303.313, 303.313, 303.313, 303.313, 303.313, 303.313, 303.313, 303.313, 303.313, 303.313, 303.313, 303.313, 303.313, 303.313, 303.313, 303.313, 303.312, 303.312, 303.312, 303.312, 303.312, 303.311, 303.311, 303.311, 303.311, 303.311, 303.31, 303.31, 303.31, 303.31, 303.31, 303.31, 303.31, 303.31, 303.31, 303.31, 303.31, 303.31, 303.31, 303.311, 303.311, 303.311, 303.312, 303.312, 303.313, 303.314, 303.315, 303.316, 303.317, 303.319, 303.322, 303.325, 303.33, 303.339, 303.362, 300, 
303.338, 303.338, 303.338, 303.338, 303.338, 303.338, 303.338, 303.338, 303.338, 303.338, 303.338, 303.338, 303.338, 303.338, 303.337, 303.337, 303.337, 303.337, 303.337, 303.337, 303.337, 303.337, 303.337, 303.337, 303.337, 303.337, 303.337, 303.337, 303.337, 303.337, 303.337, 303.337, 303.337, 303.337, 303.337, 303.337, 303.337, 303.338, 303.338, 303.338, 303.338, 303.338, 303.338, 303.338, 303.338, 303.339, 303.339, 303.339, 303.339, 303.339, 303.339, 303.339, 303.339, 303.339, 303.339, 303.339, 303.339, 303.338, 303.338, 303.338, 303.338, 303.338, 303.338, 303.337, 303.337, 303.337, 303.337, 303.336, 303.336, 303.336, 303.336, 303.336, 303.336, 303.335, 303.335, 303.335, 303.335, 303.335, 303.335, 303.335, 303.335, 303.336, 303.336, 303.336, 303.336, 303.337, 303.337, 303.338, 303.339, 303.339, 303.34, 303.342, 303.343, 303.345, 303.347, 303.35, 303.355, 303.365, 303.387, 300, 
303.364, 303.364, 303.364, 303.364, 303.364, 303.364, 303.364, 303.364, 303.364, 303.363, 303.363, 303.363, 303.363, 303.363, 303.363, 303.363, 303.363, 303.363, 303.362, 303.362, 303.362, 303.362, 303.362, 303.362, 303.362, 303.362, 303.362, 303.362, 303.362, 303.362, 303.362, 303.362, 303.362, 303.363, 303.363, 303.363, 303.363, 303.363, 303.363, 303.363, 303.363, 303.364, 303.364, 303.364, 303.364, 303.364, 303.364, 303.364, 303.364, 303.364, 303.364, 303.364, 303.364, 303.364, 303.364, 303.364, 303.364, 303.364, 303.364, 303.364, 303.363, 303.363, 303.363, 303.363, 303.363, 303.362, 303.362, 303.362, 303.362, 303.362, 303.361, 303.361, 303.361, 303.361, 303.361, 303.361, 303.361, 303.361, 303.361, 303.361, 303.361, 303.361, 303.361, 303.362, 303.362, 303.362, 303.363, 303.363, 303.364, 303.365, 303.366, 303.367, 303.368, 303.37, 303.372, 303.376, 303.381, 303.39, 303.412, 300, 
303.389, 303.389, 303.389, 303.389, 303.389, 303.389, 303.389, 303.389, 303.389, 303.389, 303.389, 303.389, 303.389, 303.388, 303.388, 303.388, 303.388, 303.388, 303.388, 303.388, 303.388, 303.388, 303.388, 303.388, 303.388, 303.388, 303.388, 303.388, 303.388, 303.388, 303.388, 303.388, 303.388, 303.388, 303.388, 303.388, 303.388, 303.389, 303.389, 303.389, 303.389, 303.389, 303.389, 303.389, 303.389, 303.39, 303.39, 303.39, 303.39, 303.39, 303.39, 303.39, 303.39, 303.39, 303.39, 303.39, 303.389, 303.389, 303.389, 303.389, 303.389, 303.389, 303.388, 303.388, 303.388, 303.388, 303.388, 303.387, 303.387, 303.387, 303.387, 303.387, 303.387, 303.386, 303.386, 303.386, 303.386, 303.386, 303.386, 303.386, 303.386, 303.387, 303.387, 303.387, 303.387, 303.388, 303.388, 303.389, 303.39, 303.39, 303.391, 303.392, 303.394, 303.396, 303.398, 303.401, 303.406, 303.415, 303.437, 300, 
303.415, 303.415, 303.415, 303.415, 303.415, 303.415, 303.415, 303.415, 303.414, 303.414, 303.414, 303.414, 303.414, 303.414, 303.414, 303.414, 303.414, 303.414, 303.413, 303.413, 303.413, 303.413, 303.413, 303.413, 303.413, 303.413, 303.413, 303.413, 303.413, 303.413, 303.413, 303.413, 303.413, 303.414, 303.414, 303.414, 303.414, 303.414, 303.414, 303.414, 303.414, 303.415, 303.415, 303.415, 303.415, 303.415, 303.415, 303.415, 303.415, 303.415, 303.415, 303.415, 303.415, 303.415, 303.415, 303.415, 303.415, 303.415, 303.415, 303.415, 303.414, 303.414, 303.414, 303.414, 303.414, 303.413, 303.413, 303.413, 303.413, 303.413, 303.412, 303.412, 303.412, 303.412, 303.412, 303.412, 303.412, 303.412, 303.412, 303.412, 303.412, 303.412, 303.412, 303.413, 303.413, 303.413, 303.414, 303.414, 303.415, 303.416, 303.417, 303.418, 303.419, 303.421, 303.423, 303.426, 303.431, 303.44, 303.462, 300, 
303.44, 303.44, 303.44, 303.44, 303.44, 303.44, 303.44, 303.44, 303.44, 303.44, 303.44, 303.44, 303.44, 303.439, 303.439, 303.439, 303.439, 303.439, 303.439, 303.439, 303.439, 303.439, 303.439, 303.439, 303.439, 303.439, 303.439, 303.439, 303.439, 303.439, 303.439, 303.439, 303.439, 303.439, 303.439, 303.439, 303.439, 303.439, 303.44, 303.44, 303.44, 303.44, 303.44, 303.44, 303.44, 303.44, 303.441, 303.441, 303.441, 303.441, 303.441, 303.441, 303.441, 303.441, 303.441, 303.44, 303.44, 303.44, 303.44, 303.44, 303.44, 303.44, 303.439, 303.439, 303.439, 303.439, 303.439, 303.438, 303.438, 303.438, 303.438, 303.438, 303.438, 303.437, 303.437, 303.437, 303.437, 303.437, 303.437, 303.437, 303.437, 303.438, 303.438, 303.438, 303.438, 303.439, 303.439, 303.44, 303.441, 303.441, 303.442, 303.443, 303.445, 303.446, 303.449, 303.452, 303.457, 303.466, 303.487, 300, 
303.466, 303.466, 303.466, 303.466, 303.466, 303.466, 303.466, 303.466, 303.465, 303.465, 303.465, 303.465, 303.465, 303.465, 303.465, 303.465, 303.465, 303.464, 303.464, 303.464, 303.464, 303.464, 303.464, 303.464, 303.464, 303.464, 303.464, 303.464, 303.464, 303.464, 303.464, 303.464, 303.464, 303.464, 303.465, 303.465, 303.465, 303.465, 303.465, 303.465, 303.465, 303.465, 303.466, 303.466, 303.466, 303.466, 303.466, 303.466, 303.466, 303.466, 303.466, 303.466, 303.466, 303.466, 303.466, 303.466, 303.466, 303.466, 303.466, 303.465, 303.465, 303.465, 303.465, 303.465, 303.465, 303.464, 303.464, 303.464, 303.464, 303.464, 303.463, 303.463, 303.463, 303.463, 303.463, 303.463, 303.463, 303.463, 303.463, 303.463, 303.463, 303.463, 303.463, 303.464, 303.464, 303.464, 303.465, 303.465, 303.466, 303.467, 303.468, 303.469, 303.47, 303.472, 303.474, 303.477, 303.482, 303.491, 303.513, 300, 
303.491, 303.491, 303.491, 303.491, 303.491, 303.491, 303.491, 303.491, 303.491, 303.491, 303.491, 303.491, 303.49, 303.49, 303.49, 303.49, 303.49, 303.49, 303.49, 303.49, 303.49, 303.49, 303.49, 303.49, 303.49, 303.49, 303.49, 303.49, 303.49, 303.49, 303.49, 303.49, 303.49, 303.49, 303.49, 303.49, 303.49, 303.49, 303.491, 303.491, 303.491, 303.491, 303.491, 303.491, 303.491, 303.491, 303.491, 303.492, 303.492, 303.492, 303.492, 303.492, 303.492, 303.492, 303.492, 303.491, 303.491, 303.491, 303.491, 303.491, 303.491, 303.491, 303.49, 303.49, 303.49, 303.49, 303.49, 303.489, 303.489, 303.489, 303.489, 303.489, 303.489, 303.488, 303.488, 303.488, 303.488, 303.488, 303.488, 303.488, 303.488, 303.489, 303.489, 303.489, 303.489, 303.49, 303.49, 303.491, 303.491, 303.492, 303.493, 303.494, 303.496, 303.497, 303.499, 303.503, 303.507, 303.516, 303.538, 300, 
303.517, 303.517, 303.517, 303.517, 303.517, 303.517, 303.517, 303.516, 303.516, 303.516, 303.516, 303.516, 303.516, 303.516, 303.516, 303.516, 303.516, 303.515, 303.515, 303.515, 303.515, 303.515, 303.515, 303.515, 303.515, 303.515, 303.515, 303.515, 303.515, 303.515, 303.515, 303.515, 303.515, 303.515, 303.516, 303.516, 303.516, 303.516, 303.516, 303.516, 303.516, 303.516, 303.517, 303.517, 303.517, 303.517, 303.517, 303.517, 303.517, 303.517, 303.517, 303.517, 303.517, 303.517, 303.517, 303.517, 303.517, 303.517, 303.517, 303.516, 303.516, 303.516, 303.516, 303.516, 303.515, 303.515, 303.515, 303.515, 303.515, 303.514, 303.514, 303.514, 303.514, 303.514, 303.514, 303.514, 303.514, 303.514, 303.514, 303.514, 303.514, 303.514, 303.514, 303.515, 303.515, 303.515, 303.516, 303.516, 303.517, 303.518, 303.519, 303.52, 303.521, 303.523, 303.525, 303.528, 303.533, 303.541, 303.563, 300, 
303.542, 303.542, 303.542, 303.542, 303.542, 303.542, 303.542, 303.542, 303.542, 303.542, 303.542, 303.542, 303.541, 303.541, 303.541, 303.541, 303.541, 303.541, 303.541, 303.541, 303.541, 303.541, 303.541, 303.541, 303.541, 303.541, 303.541, 303.541, 303.541, 303.541, 303.541, 303.541, 303.541, 303.541, 303.541, 303.541, 303.541, 303.541, 303.542, 303.542, 303.542, 303.542, 303.542, 303.542, 303.542, 303.542, 303.542, 303.542, 303.543, 303.543, 303.543, 303.543, 303.543, 303.543, 303.542, 303.542, 303.542, 303.542, 303.542, 303.542, 303.542, 303.542, 303.541, 303.541, 303.541, 303.541, 303.541, 303.54, 303.54, 303.54, 303.54, 303.54, 303.539, 303.539, 303.539, 303.539, 303.539, 303.539, 303.539, 303.539, 303.539, 303.54, 303.54, 303.54, 303.54, 303.541, 303.541, 303.542, 303.542, 303.543, 303.544, 303.545, 303.546, 303.548, 303.55, 303.553, 303.558, 303.567, 303.588, 300, 
303.568, 303.568, 303.568, 303.568, 303.568, 303.568, 303.567, 303.567, 303.567, 303.567, 303.567, 303.567, 303.567, 303.567, 303.567, 303.567, 303.567, 303.566, 303.566, 303.566, 303.566, 303.566, 303.566, 303.566, 303.566, 303.566, 303.566, 303.566, 303.566, 303.566, 303.566, 303.566, 303.566, 303.566, 303.567, 303.567, 303.567, 303.567, 303.567, 303.567, 303.567, 303.567, 303.567, 303.568, 303.568, 303.568, 303.568, 303.568, 303.568, 303.568, 303.568, 303.568, 303.568, 303.568, 303.568, 303.568, 303.568, 303.568, 303.568, 303.567, 303.567, 303.567, 303.567, 303.567, 303.566, 303.566, 303.566, 303.566, 303.566, 303.565, 303.565, 303.565, 303.565, 303.565, 303.565, 303.565, 303.565, 303.565, 303.565, 303.565, 303.565, 303.565, 303.565, 303.566, 303.566, 303.566, 303.567, 303.567, 303.568, 303.569, 303.569, 303.571, 303.572, 303.573, 303.576, 303.579, 303.583, 303.592, 303.613, 300, 
303.593, 303.593, 303.593, 303.593, 303.593, 303.593, 303.593, 303.593, 303.593, 303.593, 303.593, 303.592, 303.592, 303.592, 303.592, 303.592, 303.592, 303.592, 303.592, 303.592, 303.592, 303.592, 303.592, 303.592, 303.591, 303.591, 303.591, 303.592, 303.592, 303.592, 303.592, 303.592, 303.592, 303.592, 303.592, 303.592, 303.592, 303.592, 303.592, 303.593, 303.593, 303.593, 303.593, 303.593, 303.593, 303.593, 303.593, 303.593, 303.593, 303.593, 303.594, 303.594, 303.593, 303.593, 303.593, 303.593, 303.593, 303.593, 303.593, 303.593, 303.593, 303.593, 303.592, 303.592, 303.592, 303.592, 303.592, 303.591, 303.591, 303.591, 303.591, 303.591, 303.59, 303.59, 303.59, 303.59, 303.59, 303.59, 303.59, 303.59, 303.59, 303.591, 303.591, 303.591, 303.591, 303.592, 303.592, 303.593, 303.593, 303.594, 303.595, 303.596, 303.597, 303.599, 303.601, 303.604, 303.609, 303.617, 303.638, 300, 
303.619, 303.619, 303.619, 303.619, 303.619, 303.618, 303.618, 303.618, 303.618, 303.618, 303.618, 303.618, 303.618, 303.618, 303.618, 303.618, 303.617, 303.617, 303.617, 303.617, 303.617, 303.617, 303.617, 303.617, 303.617, 303.617, 303.617, 303.617, 303.617, 303.617, 303.617, 303.617, 303.617, 303.617, 303.617, 303.618, 303.618, 303.618, 303.618, 303.618, 303.618, 303.618, 303.618, 303.619, 303.619, 303.619, 303.619, 303.619, 303.619, 303.619, 303.619, 303.619, 303.619, 303.619, 303.619, 303.619, 303.619, 303.619, 303.618, 303.618, 303.618, 303.618, 303.618, 303.618, 303.617, 303.617, 303.617, 303.617, 303.617, 303.616, 303.616, 303.616, 303.616, 303.616, 303.616, 303.616, 303.616, 303.616, 303.616, 303.616, 303.616, 303.616, 303.616, 303.616, 303.617, 303.617, 303.618, 303.618, 303.619, 303.62, 303.62, 303.621, 303.623, 303.624, 303.626, 303.629, 303.634, 303.643, 303.663, 300, 
303.644, 303.644, 303.644, 303.644, 303.644, 303.644, 303.644, 303.644, 303.644, 303.644, 303.644, 303.643, 303.643, 303.643, 303.643, 303.643, 303.643, 303.643, 303.643, 303.643, 303.643, 303.643, 303.643, 303.642, 303.642, 303.642, 303.642, 303.642, 303.643, 303.643, 303.643, 303.643, 303.643, 303.643, 303.643, 303.643, 303.643, 303.643, 303.643, 303.644, 303.644, 303.644, 303.644, 303.644, 303.644, 303.644, 303.644, 303.644, 303.644, 303.644, 303.644, 303.644, 303.644, 303.644, 303.644, 303.644, 303.644, 303.644, 303.644, 303.644, 303.644, 303.643, 303.643, 303.643, 303.643, 303.643, 303.642, 303.642, 303.642, 303.642, 303.642, 303.642, 303.641, 303.641, 303.641, 303.641, 303.641, 303.641, 303.641, 303.641, 303.641, 303.642, 303.642, 303.642, 303.642, 303.643, 303.643, 303.644, 303.644, 303.645, 303.646, 303.647, 303.648, 303.65, 303.652, 303.655, 303.659, 303.668, 303.688, 300, 
303.67, 303.67, 303.67, 303.67, 303.669, 303.669, 303.669, 303.669, 303.669, 303.669, 303.669, 303.669, 303.669, 303.669, 303.669, 303.669, 303.668, 303.668, 303.668, 303.668, 303.668, 303.668, 303.668, 303.668, 303.668, 303.668, 303.668, 303.668, 303.668, 303.668, 303.668, 303.668, 303.668, 303.668, 303.668, 303.669, 303.669, 303.669, 303.669, 303.669, 303.669, 303.669, 303.669, 303.669, 303.67, 303.67, 303.67, 303.67, 303.67, 303.67, 303.67, 303.67, 303.67, 303.67, 303.67, 303.67, 303.67, 303.67, 303.669, 303.669, 303.669, 303.669, 303.669, 303.669, 303.668, 303.668, 303.668, 303.668, 303.668, 303.667, 303.667, 303.667, 303.667, 303.667, 303.667, 303.667, 303.667, 303.667, 303.667, 303.667, 303.667, 303.667, 303.667, 303.667, 303.668, 303.668, 303.669, 303.669, 303.67, 303.67, 303.671, 303.672, 303.674, 303.675, 303.677, 303.68, 303.685, 303.693, 303.713, 300, 
303.695, 303.695, 303.695, 303.695, 303.695, 303.695, 303.695, 303.695, 303.695, 303.695, 303.695, 303.694, 303.694, 303.694, 303.694, 303.694, 303.694, 303.694, 303.694, 303.694, 303.694, 303.694, 303.693, 303.693, 303.693, 303.693, 303.693, 303.693, 303.693, 303.694, 303.694, 303.694, 303.694, 303.694, 303.694, 303.694, 303.694, 303.694, 303.694, 303.694, 303.695, 303.695, 303.695, 303.695, 303.695, 303.695, 303.695, 303.695, 303.695, 303.695, 303.695, 303.695, 303.695, 303.695, 303.695, 303.695, 303.695, 303.695, 303.695, 303.695, 303.695, 303.694, 303.694, 303.694, 303.694, 303.694, 303.693, 303.693, 303.693, 303.693, 303.693, 303.693, 303.692, 303.692, 303.692, 303.692, 303.692, 303.692, 303.692, 303.692, 303.692, 303.692, 303.693, 303.693, 303.693, 303.694, 303.694, 303.695, 303.695, 303.696, 303.697, 303.698, 303.699, 303.701, 303.703, 303.706, 303.71, 303.718, 303.738, 300, 
303.721, 303.721, 303.72, 303.72, 303.72, 303.72, 303.72, 303.72, 303.72, 303.72, 303.72, 303.72, 303.72, 303.72, 303.72, 303.719, 303.719, 303.719, 303.719, 303.719, 303.719, 303.719, 303.719, 303.719, 303.719, 303.719, 303.719, 303.719, 303.719, 303.719, 303.719, 303.719, 303.719, 303.719, 303.719, 303.72, 303.72, 303.72, 303.72, 303.72, 303.72, 303.72, 303.72, 303.72, 303.721, 303.721, 303.721, 303.721, 303.721, 303.721, 303.721, 303.721, 303.721, 303.721, 303.721, 303.721, 303.721, 303.72, 303.72, 303.72, 303.72, 303.72, 303.72, 303.72, 303.719, 303.719, 303.719, 303.719, 303.719, 303.718, 303.718, 303.718, 303.718, 303.718, 303.718, 303.718, 303.718, 303.718, 303.718, 303.718, 303.718, 303.718, 303.718, 303.718, 303.719, 303.719, 303.72, 303.72, 303.721, 303.721, 303.722, 303.723, 303.724, 303.726, 303.728, 303.731, 303.735, 303.744, 303.763, 300, 
303.746, 303.746, 303.746, 303.746, 303.746, 303.746, 303.746, 303.746, 303.746, 303.746, 303.745, 303.745, 303.745, 303.745, 303.745, 303.745, 303.745, 303.745, 303.745, 303.745, 303.745, 303.744, 303.744, 303.744, 303.744, 303.744, 303.744, 303.744, 303.744, 303.744, 303.745, 303.745, 303.745, 303.745, 303.745, 303.745, 303.745, 303.745, 303.745, 303.745, 303.746, 303.746, 303.746, 303.746, 303.746, 303.746, 303.746, 303.746, 303.746, 303.746, 303.746, 303.746, 303.746, 303.746, 303.746, 303.746, 303.746, 303.746, 303.746, 303.746, 303.746, 303.745, 303.745, 303.745, 303.745, 303.745, 303.744, 303.744, 303.744, 303.744, 303.744, 303.744, 303.743, 303.743, 303.743, 303.743, 303.743, 303.743, 303.743, 303.743, 303.743, 303.743, 303.744, 303.744, 303.744, 303.745, 303.745, 303.746, 303.746, 303.747, 303.748, 303.749, 303.75, 303.751, 303.753, 303.756, 303.761, 303.769, 303.788, 300, 
303.771, 303.771, 303.771, 303.771, 303.771, 303.771, 303.771, 303.771, 303.771, 303.771, 303.771, 303.771, 303.771, 303.771, 303.771, 303.77, 303.77, 303.77, 303.77, 303.77, 303.77, 303.77, 303.77, 303.77, 303.77, 303.77, 303.77, 303.77, 303.77, 303.77, 303.77, 303.77, 303.77, 303.77, 303.77, 303.77, 303.771, 303.771, 303.771, 303.771, 303.771, 303.771, 303.771, 303.771, 303.771, 303.772, 303.772, 303.772, 303.772, 303.772, 303.772, 303.772, 303.772, 303.772, 303.772, 303.772, 303.772, 303.771, 303.771, 303.771, 303.771, 303.771, 303.771, 303.77, 303.77, 303.77, 303.77, 303.77, 303.77, 303.769, 303.769, 303.769, 303.769, 303.769, 303.769, 303.769, 303.769, 303.769, 303.769, 303.769, 303.769, 303.769, 303.769, 303.769, 303.77, 303.77, 303.771, 303.771, 303.772, 303.772, 303.773, 303.774, 303.775, 303.777, 303.779, 303.782, 303.786, 303.794, 303.814, 300, 
303.797, 303.797, 303.797, 303.797, 303.797, 303.797, 303.797, 303.797, 303.797, 303.796, 303.796, 303.796, 303.796, 303.796, 303.796, 303.796, 303.796, 303.796, 303.796, 303.796, 303.796, 303.795, 303.795, 303.795, 303.795, 303.795, 303.795, 303.795, 303.795, 303.795, 303.796, 303.796, 303.796, 303.796, 303.796, 303.796, 303.796, 303.796, 303.796, 303.796, 303.797, 303.797, 303.797, 303.797, 303.797, 303.797, 303.797, 303.797, 303.797, 303.797, 303.797, 303.797, 303.797, 303.797, 303.797, 303.797, 303.797, 303.797, 303.797, 303.797, 303.796, 303.796, 303.796, 303.796, 303.796, 303.796, 303.795, 303.795, 303.795, 303.795, 303.795, 303.795, 303.794, 303.794, 303.794, 303.794, 303.794, 303.794, 303.794, 303.794, 303.794, 303.794, 303.795, 303.795, 303.795, 303.796, 303.796, 303.797, 303.797, 303.798, 303.799, 303.8, 303.801, 303.802, 303.804, 303.807, 303.812, 303.82, 303.839, 300, 
303.822, 303.822, 303.822, 303.822, 303.822, 303.822, 303.822, 303.822, 303.822, 303.822, 303.822, 303.822, 303.822, 303.822, 303.821, 303.821, 303.821, 303.821, 303.821, 303.821, 303.821, 303.821, 303.821, 303.821, 303.821, 303.821, 303.821, 303.821, 303.821, 303.821, 303.821, 303.821, 303.821, 303.821, 303.821, 303.821, 303.822, 303.822, 303.822, 303.822, 303.822, 303.822, 303.822, 303.822, 303.822, 303.822, 303.823, 303.823, 303.823, 303.823, 303.823, 303.823, 303.823, 303.823, 303.823, 303.823, 303.822, 303.822, 303.822, 303.822, 303.822, 303.822, 303.822, 303.821, 303.821, 303.821, 303.821, 303.821, 303.821, 303.82, 303.82, 303.82, 303.82, 303.82, 303.82, 303.82, 303.82, 303.82, 303.82, 303.82, 303.82, 303.82, 303.82, 303.82, 303.821, 303.821, 303.821, 303.822, 303.823, 303.823, 303.824, 303.825, 303.826, 303.828, 303.83, 303.833, 303.837, 303.845, 303.864, 300, 
303.848, 303.848, 303.848, 303.848, 303.848, 303.848, 303.848, 303.848, 303.848, 303.847, 303.847, 303.847, 303.847, 303.847, 303.847, 303.847, 303.847, 303.847, 303.847, 303.847, 303.846, 303.846, 303.846, 303.846, 303.846, 303.846, 303.846, 303.846, 303.846, 303.846, 303.846, 303.847, 303.847, 303.847, 303.847, 303.847, 303.847, 303.847, 303.847, 303.847, 303.847, 303.848, 303.848, 303.848, 303.848, 303.848, 303.848, 303.848, 303.848, 303.848, 303.848, 303.848, 303.848, 303.848, 303.848, 303.848, 303.848, 303.848, 303.848, 303.848, 303.847, 303.847, 303.847, 303.847, 303.847, 303.847, 303.846, 303.846, 303.846, 303.846, 303.846, 303.846, 303.845, 303.845, 303.845, 303.845, 303.845, 303.845, 303.845, 303.845, 303.845, 303.845, 303.846, 303.846, 303.846, 303.847, 303.847, 303.847, 303.848, 303.849, 303.85, 303.851, 303.852, 303.853, 303.855, 303.858, 303.862, 303.87, 303.889, 300, 
303.873, 303.873, 303.873, 303.873, 303.873, 303.873, 303.873, 303.873, 303.873, 303.873, 303.873, 303.873, 303.873, 303.873, 303.872, 303.872, 303.872, 303.872, 303.872, 303.872, 303.872, 303.872, 303.872, 303.872, 303.872, 303.872, 303.872, 303.872, 303.872, 303.872, 303.872, 303.872, 303.872, 303.872, 303.872, 303.872, 303.872, 303.873, 303.873, 303.873, 303.873, 303.873, 303.873, 303.873, 303.873, 303.873, 303.874, 303.874, 303.874, 303.874, 303.874, 303.874, 303.874, 303.874, 303.874, 303.873, 303.873, 303.873, 303.873, 303.873, 303.873, 303.873, 303.873, 303.872, 303.872, 303.872, 303.872, 303.872, 303.871, 303.871, 303.871, 303.871, 303.871, 303.871, 303.871, 303.871, 303.871, 303.871, 303.871, 303.871, 303.871, 303.871, 303.871, 303.871, 303.872, 303.872, 303.872, 303.873, 303.874, 303.874, 303.875, 303.876, 303.877, 303.879, 303.881, 303.883, 303.888, 303.895, 303.914, 300, 
303.899, 303.899, 303.899, 303.899, 303.899, 303.899, 303.899, 303.899, 303.898, 303.898, 303.898, 303.898, 303.898, 303.898, 303.898, 303.898, 303.898, 303.898, 303.898, 303.898, 303.897, 303.897, 303.897, 303.897, 303.897, 303.897, 303.897, 303.897, 303.897, 303.897, 303.897, 303.898, 303.898, 303.898, 303.898, 303.898, 303.898, 303.898, 303.898, 303.898, 303.898, 303.899, 303.899, 303.899, 303.899, 303.899, 303.899, 303.899, 303.899, 303.899, 303.899, 303.899, 303.899, 303.899, 303.899, 303.899, 303.899, 303.899, 303.899, 303.899, 303.898, 303.898, 303.898, 303.898, 303.898, 303.898, 303.897, 303.897, 303.897, 303.897, 303.897, 303.897, 303.896, 303.896, 303.896, 303.896, 303.896, 303.896, 303.896, 303.896, 303.896, 303.896, 303.897, 303.897, 303.897, 303.898, 303.898, 303.898, 303.899, 303.9, 303.9, 303.901, 303.903, 303.904, 303.906, 303.909, 303.913, 303.921, 303.939, 300, 
303.924, 303.924, 303.924, 303.924, 303.924, 303.924, 303.924, 303.924, 303.924, 303.924, 303.924, 303.924, 303.924, 303.924, 303.923, 303.923, 303.923, 303.923, 303.923, 303.923, 303.923, 303.923, 303.923, 303.923, 303.923, 303.923, 303.923, 303.923, 303.923, 303.923, 303.923, 303.923, 303.923, 303.923, 303.923, 303.923, 303.923, 303.924, 303.924, 303.924, 303.924, 303.924, 303.924, 303.924, 303.924, 303.924, 303.924, 303.925, 303.925, 303.925, 303.925, 303.925, 303.925, 303.925, 303.924, 303.924, 303.924, 303.924, 303.924, 303.924, 303.924, 303.924, 303.924, 303.923, 303.923, 303.923, 303.923, 303.923, 303.922, 303.922, 303.922, 303.922, 303.922, 303.922, 303.922, 303.922, 303.922, 303.922, 303.922, 303.922, 303.922, 303.922, 303.922, 303.922, 303.923, 303.923, 303.923, 303.924, 303.924, 303.925, 303.926, 303.927, 303.928, 303.929, 303.931, 303.934, 303.938, 303.946, 303.964, 300, 
303.95, 303.95, 303.95, 303.95, 303.95, 303.95, 303.95, 303.95, 303.949, 303.949, 303.949, 303.949, 303.949, 303.949, 303.949, 303.949, 303.949, 303.949, 303.949, 303.948, 303.948, 303.948, 303.948, 303.948, 303.948, 303.948, 303.948, 303.948, 303.948, 303.948, 303.948, 303.948, 303.949, 303.949, 303.949, 303.949, 303.949, 303.949, 303.949, 303.949, 303.949, 303.949, 303.95, 303.95, 303.95, 303.95, 303.95, 303.95, 303.95, 303.95, 303.95, 303.95, 303.95, 303.95, 303.95, 303.95, 303.95, 303.95, 303.95, 303.949, 303.949, 303.949, 303.949, 303.949, 303.949, 303.948, 303.948, 303.948, 303.948, 303.948, 303.948, 303.947, 303.947, 303.947, 303.947, 303.947, 303.947, 303.947, 303.947, 303.947, 303.947, 303.947, 303.948, 303.948, 303.948, 303.948, 303.949, 303.949, 303.95, 303.951, 303.951, 303.952, 303.953, 303.955, 303.957, 303.959, 303.964, 303.971, 303.989, 300, 
303.975, 303.975, 303.975, 303.975, 303.975, 303.975, 303.975, 303.975, 303.975, 303.975, 303.975, 303.975, 303.975, 303.974, 303.974, 303.974, 303.974, 303.974, 303.974, 303.974, 303.974, 303.974, 303.974, 303.974, 303.974, 303.974, 303.974, 303.974, 303.974, 303.974, 303.974, 303.974, 303.974, 303.974, 303.974, 303.974, 303.974, 303.975, 303.975, 303.975, 303.975, 303.975, 303.975, 303.975, 303.975, 303.975, 303.975, 303.975, 303.975, 303.976, 303.976, 303.976, 303.976, 303.975, 303.975, 303.975, 303.975, 303.975, 303.975, 303.975, 303.975, 303.975, 303.974, 303.974, 303.974, 303.974, 303.974, 303.974, 303.973, 303.973, 303.973, 303.973, 303.973, 303.973, 303.973, 303.973, 303.973, 303.973, 303.973, 303.973, 303.973, 303.973, 303.973, 303.973, 303.974, 303.974, 303.974, 303.975, 303.975, 303.976, 303.977, 303.978, 303.979, 303.98, 303.982, 303.985, 303.989, 303.997, 304.014, 300, 
304.001, 304.001, 304.001, 304.001, 304.001, 304.001, 304.001, 304, 304, 304, 304, 304, 304, 304, 304, 304, 304, 304, 304, 303.999, 303.999, 303.999, 303.999, 303.999, 303.999, 303.999, 303.999, 303.999, 303.999, 303.999, 303.999, 303.999, 304, 304, 304, 304, 304, 304, 304, 304, 304, 304, 304.001, 304.001, 304.001, 304.001, 304.001, 304.001, 304.001, 304.001, 304.001, 304.001, 304.001, 304.001, 304.001, 304.001, 304.001, 304.001, 304.001, 304, 304, 304, 304, 304, 304, 303.999, 303.999, 303.999, 303.999, 303.999, 303.999, 303.998, 303.998, 303.998, 303.998, 303.998, 303.998, 303.998, 303.998, 303.998, 303.998, 303.998, 303.999, 303.999, 303.999, 303.999, 304, 304, 304.001, 304.002, 304.002, 304.003, 304.004, 304.006, 304.008, 304.01, 304.014, 304.022, 304.04, 300, 
304.026, 304.026, 304.026, 304.026, 304.026, 304.026, 304.026, 304.026, 304.026, 304.026, 304.026, 304.026, 304.026, 304.025, 304.025, 304.025, 304.025, 304.025, 304.025, 304.025, 304.025, 304.025, 304.025, 304.025, 304.025, 304.025, 304.025, 304.025, 304.025, 304.025, 304.025, 304.025, 304.025, 304.025, 304.025, 304.025, 304.025, 304.025, 304.026, 304.026, 304.026, 304.026, 304.026, 304.026, 304.026, 304.026, 304.026, 304.026, 304.026, 304.026, 304.026, 304.026, 304.026, 304.026, 304.026, 304.026, 304.026, 304.026, 304.026, 304.026, 304.026, 304.026, 304.025, 304.025, 304.025, 304.025, 304.025, 304.025, 304.024, 304.024, 304.024, 304.024, 304.024, 304.024, 304.024, 304.024, 304.024, 304.024, 304.024, 304.024, 304.024, 304.024, 304.024, 304.024, 304.025, 304.025, 304.025, 304.026, 304.026, 304.027, 304.028, 304.029, 304.03, 304.031, 304.033, 304.036, 304.04, 304.047, 304.065, 300, 
304.052, 304.052, 304.052, 304.052, 304.052, 304.052, 304.051, 304.051, 304.051, 304.051, 304.051, 304.051, 304.051, 304.051, 304.051, 304.051, 304.051, 304.051, 304.05, 304.05, 304.05, 304.05, 304.05, 304.05, 304.05, 304.05, 304.05, 304.05, 304.05, 304.05, 304.05, 304.05, 304.05, 304.051, 304.051, 304.051, 304.051, 304.051, 304.051, 304.051, 304.051, 304.051, 304.051, 304.052, 304.052, 304.052, 304.052, 304.052, 304.052, 304.052, 304.052, 304.052, 304.052, 304.052, 304.052, 304.052, 304.052, 304.052, 304.051, 304.051, 304.051, 304.051, 304.051, 304.051, 304.051, 304.05, 304.05, 304.05, 304.05, 304.05, 304.05, 304.049, 304.049, 304.049, 304.049, 304.049, 304.049, 304.049, 304.049, 304.049, 304.049, 304.049, 304.05, 304.05, 304.05, 304.05, 304.051, 304.051, 304.052, 304.052, 304.053, 304.054, 304.055, 304.057, 304.058, 304.061, 304.065, 304.073, 304.09, 300, 
304.077, 304.077, 304.077, 304.077, 304.077, 304.077, 304.077, 304.077, 304.077, 304.077, 304.077, 304.077, 304.076, 304.076, 304.076, 304.076, 304.076, 304.076, 304.076, 304.076, 304.076, 304.076, 304.076, 304.076, 304.076, 304.076, 304.076, 304.076, 304.076, 304.076, 304.076, 304.076, 304.076, 304.076, 304.076, 304.076, 304.076, 304.076, 304.077, 304.077, 304.077, 304.077, 304.077, 304.077, 304.077, 304.077, 304.077, 304.077, 304.077, 304.077, 304.077, 304.077, 304.077, 304.077, 304.077, 304.077, 304.077, 304.077, 304.077, 304.077, 304.077, 304.077, 304.076, 304.076, 304.076, 304.076, 304.076, 304.076, 304.075, 304.075, 304.075, 304.075, 304.075, 304.075, 304.075, 304.075, 304.075, 304.075, 304.075, 304.075, 304.075, 304.075, 304.075, 304.075, 304.076, 304.076, 304.076, 304.077, 304.077, 304.078, 304.079, 304.08, 304.081, 304.082, 304.084, 304.086, 304.09, 304.098, 304.115, 300, 
304.103, 304.103, 304.103, 304.103, 304.103, 304.102, 304.102, 304.102, 304.102, 304.102, 304.102, 304.102, 304.102, 304.102, 304.102, 304.102, 304.102, 304.102, 304.101, 304.101, 304.101, 304.101, 304.101, 304.101, 304.101, 304.101, 304.101, 304.101, 304.101, 304.101, 304.101, 304.101, 304.101, 304.102, 304.102, 304.102, 304.102, 304.102, 304.102, 304.102, 304.102, 304.102, 304.102, 304.103, 304.103, 304.103, 304.103, 304.103, 304.103, 304.103, 304.103, 304.103, 304.103, 304.103, 304.103, 304.103, 304.103, 304.103, 304.102, 304.102, 304.102, 304.102, 304.102, 304.102, 304.102, 304.101, 304.101, 304.101, 304.101, 304.101, 304.101, 304.1, 304.1, 304.1, 304.1, 304.1, 304.1, 304.1, 304.1, 304.1, 304.1, 304.1, 304.101, 304.101, 304.101, 304.101, 304.102, 304.102, 304.103, 304.103, 304.104, 304.105, 304.106, 304.107, 304.109, 304.112, 304.116, 304.123, 304.14, 300, 
304.128, 304.128, 304.128, 304.128, 304.128, 304.128, 304.128, 304.128, 304.128, 304.128, 304.128, 304.128, 304.127, 304.127, 304.127, 304.127, 304.127, 304.127, 304.127, 304.127, 304.127, 304.127, 304.127, 304.127, 304.127, 304.127, 304.127, 304.127, 304.127, 304.127, 304.127, 304.127, 304.127, 304.127, 304.127, 304.127, 304.127, 304.127, 304.127, 304.128, 304.128, 304.128, 304.128, 304.128, 304.128, 304.128, 304.128, 304.128, 304.128, 304.128, 304.128, 304.128, 304.128, 304.128, 304.128, 304.128, 304.128, 304.128, 304.128, 304.128, 304.128, 304.128, 304.127, 304.127, 304.127, 304.127, 304.127, 304.127, 304.126, 304.126, 304.126, 304.126, 304.126, 304.126, 304.126, 304.126, 304.126, 304.126, 304.126, 304.126, 304.126, 304.126, 304.126, 304.126, 304.127, 304.127, 304.127, 304.128, 304.128, 304.129, 304.13, 304.13, 304.132, 304.133, 304.135, 304.137, 304.141, 304.148, 304.165, 300, 
304.154, 304.154, 304.154, 304.153, 304.153, 304.153, 304.153, 304.153, 304.153, 304.153, 304.153, 304.153, 304.153, 304.153, 304.153, 304.153, 304.153, 304.152, 304.152, 304.152, 304.152, 304.152, 304.152, 304.152, 304.152, 304.152, 304.152, 304.152, 304.152, 304.152, 304.152, 304.152, 304.152, 304.152, 304.153, 304.153, 304.153, 304.153, 304.153, 304.153, 304.153, 304.153, 304.153, 304.153, 304.154, 304.154, 304.154, 304.154, 304.154, 304.154, 304.154, 304.154, 304.154, 304.154, 304.154, 304.154, 304.154, 304.153, 304.153, 304.153, 304.153, 304.153, 304.153, 304.153, 304.153, 304.152, 304.152, 304.152, 304.152, 304.152, 304.152, 304.151, 304.151, 304.151, 304.151, 304.151, 304.151, 304.151, 304.151, 304.151, 304.151, 304.151, 304.152, 304.152, 304.152, 304.152, 304.153, 304.153, 304.154, 304.154, 304.155, 304.156, 304.157, 304.158, 304.16, 304.163, 304.167, 304.174, 304.19, 300, 
304.179, 304.179, 304.179, 304.179, 304.179, 304.179, 304.179, 304.179, 304.179, 304.179, 304.179, 304.178, 304.178, 304.178, 304.178, 304.178, 304.178, 304.178, 304.178, 304.178, 304.178, 304.178, 304.178, 304.178, 304.178, 304.178, 304.178, 304.178, 304.178, 304.178, 304.178, 304.178, 304.178, 304.178, 304.178, 304.178, 304.178, 304.178, 304.178, 304.179, 304.179, 304.179, 304.179, 304.179, 304.179, 304.179, 304.179, 304.179, 304.179, 304.179, 304.179, 304.179, 304.179, 304.179, 304.179, 304.179, 304.179, 304.179, 304.179, 304.179, 304.179, 304.178, 304.178, 304.178, 304.178, 304.178, 304.178, 304.177, 304.177, 304.177, 304.177, 304.177, 304.177, 304.177, 304.177, 304.177, 304.177, 304.177, 304.177, 304.177, 304.177, 304.177, 304.177, 304.177, 304.177, 304.178, 304.178, 304.179, 304.179, 304.18, 304.181, 304.181, 304.182, 304.184, 304.186, 304.188, 304.192, 304.199, 304.216, 300, 
304.204, 304.204, 304.204, 304.204, 304.204, 304.204, 304.204, 304.204, 304.204, 304.204, 304.204, 304.204, 304.204, 304.204, 304.204, 304.204, 304.204, 304.203, 304.203, 304.203, 304.203, 304.203, 304.203, 304.203, 304.203, 304.203, 304.203, 304.203, 304.203, 304.203, 304.203, 304.203, 304.203, 304.203, 304.204, 304.204, 304.204, 304.204, 304.204, 304.204, 304.204, 304.204, 304.204, 304.204, 304.204, 304.205, 304.205, 304.205, 304.205, 304.205, 304.205, 304.205, 304.205, 304.205, 304.205, 304.205, 304.205, 304.204, 304.204, 304.204, 304.204, 304.204, 304.204, 304.204, 304.203, 304.203, 304.203, 304.203, 304.203, 304.203, 304.203, 304.202, 304.202, 304.202, 304.202, 304.202, 304.202, 304.202, 304.202, 304.202, 304.202, 304.202, 304.202, 304.203, 304.203, 304.203, 304.204, 304.204, 304.205, 304.205, 304.206, 304.207, 304.208, 304.209, 304.211, 304.213, 304.217, 304.224, 304.241, 300, 
304.23, 304.23, 304.23, 304.23, 304.23, 304.23, 304.23, 304.23, 304.23, 304.23, 304.229, 304.229, 304.229, 304.229, 304.229, 304.229, 304.229, 304.229, 304.229, 304.229, 304.229, 304.229, 304.229, 304.229, 304.229, 304.229, 304.229, 304.229, 304.229, 304.229, 304.229, 304.229, 304.229, 304.229, 304.229, 304.229, 304.229, 304.229, 304.229, 304.229, 304.23, 304.23, 304.23, 304.23, 304.23, 304.23, 304.23, 304.23, 304.23, 304.23, 304.23, 304.23, 304.23, 304.23, 304.23, 304.23, 304.23, 304.23, 304.23, 304.23, 304.23, 304.229, 304.229, 304.229, 304.229, 304.229, 304.229, 304.228, 304.228, 304.228, 304.228, 304.228, 304.228, 304.228, 304.228, 304.228, 304.227, 304.227, 304.228, 304.228, 304.228, 304.228, 304.228, 304.228, 304.228, 304.229, 304.229, 304.23, 304.23, 304.231, 304.231, 304.232, 304.233, 304.235, 304.236, 304.239, 304.243, 304.25, 304.266, 300, 
304.255, 304.255, 304.255, 304.255, 304.255, 304.255, 304.255, 304.255, 304.255, 304.255, 304.255, 304.255, 304.255, 304.255, 304.255, 304.255, 304.254, 304.254, 304.254, 304.254, 304.254, 304.254, 304.254, 304.254, 304.254, 304.254, 304.254, 304.254, 304.254, 304.254, 304.254, 304.254, 304.254, 304.254, 304.254, 304.255, 304.255, 304.255, 304.255, 304.255, 304.255, 304.255, 304.255, 304.255, 304.255, 304.256, 304.256, 304.256, 304.256, 304.256, 304.256, 304.256, 304.256, 304.256, 304.256, 304.256, 304.255, 304.255, 304.255, 304.255, 304.255, 304.255, 304.255, 304.255, 304.254, 304.254, 304.254, 304.254, 304.254, 304.254, 304.253, 304.253, 304.253, 304.253, 304.253, 304.253, 304.253, 304.253, 304.253, 304.253, 304.253, 304.253, 304.253, 304.254, 304.254, 304.254, 304.255, 304.255, 304.256, 304.256, 304.257, 304.258, 304.259, 304.26, 304.262, 304.264, 304.268, 304.275, 304.291, 300, 
304.281, 304.281, 304.281, 304.281, 304.281, 304.281, 304.281, 304.281, 304.281, 304.281, 304.28, 304.28, 304.28, 304.28, 304.28, 304.28, 304.28, 304.28, 304.28, 304.28, 304.28, 304.28, 304.28, 304.28, 304.28, 304.28, 304.28, 304.28, 304.28, 304.28, 304.28, 304.28, 304.28, 304.28, 304.28, 304.28, 304.28, 304.28, 304.28, 304.28, 304.281, 304.281, 304.281, 304.281, 304.281, 304.281, 304.281, 304.281, 304.281, 304.281, 304.281, 304.281, 304.281, 304.281, 304.281, 304.281, 304.281, 304.281, 304.281, 304.281, 304.281, 304.28, 304.28, 304.28, 304.28, 304.28, 304.28, 304.279, 304.279, 304.279, 304.279, 304.279, 304.279, 304.279, 304.279, 304.279, 304.278, 304.278, 304.279, 304.279, 304.279, 304.279, 304.279, 304.279, 304.279, 304.28, 304.28, 304.281, 304.281, 304.282, 304.282, 304.283, 304.284, 304.286, 304.287, 304.29, 304.293, 304.3, 304.316, 300, 
304.306, 304.306, 304.306, 304.306, 304.306, 304.306, 304.306, 304.306, 304.306, 304.306, 304.306, 304.306, 304.306, 304.306, 304.306, 304.306, 304.305, 304.305, 304.305, 304.305, 304.305, 304.305, 304.305, 304.305, 304.305, 304.305, 304.305, 304.305, 304.305, 304.305, 304.305, 304.305, 304.305, 304.305, 304.305, 304.306, 304.306, 304.306, 304.306, 304.306, 304.306, 304.306, 304.306, 304.306, 304.306, 304.306, 304.307, 304.307, 304.307, 304.307, 304.307, 304.307, 304.307, 304.307, 304.307, 304.306, 304.306, 304.306, 304.306, 304.306, 304.306, 304.306, 304.306, 304.306, 304.305, 304.305, 304.305, 304.305, 304.305, 304.305, 304.304, 304.304, 304.304, 304.304, 304.304, 304.304, 304.304, 304.304, 304.304, 304.304, 304.304, 304.304, 304.304, 304.305, 304.305, 304.305, 304.306, 304.306, 304.307, 304.307, 304.308, 304.309, 304.31, 304.311, 304.313, 304.315, 304.319, 304.326, 304.341, 300, 
304.332, 304.332, 304.332, 304.332, 304.332, 304.332, 304.332, 304.332, 304.332, 304.331, 304.331, 304.331, 304.331, 304.331, 304.331, 304.331, 304.331, 304.331, 304.331, 304.331, 304.331, 304.331, 304.331, 304.331, 304.331, 304.331, 304.331, 304.331, 304.331, 304.331, 304.331, 304.331, 304.331, 304.331, 304.331, 304.331, 304.331, 304.331, 304.331, 304.331, 304.331, 304.332, 304.332, 304.332, 304.332, 304.332, 304.332, 304.332, 304.332, 304.332, 304.332, 304.332, 304.332, 304.332, 304.332, 304.332, 304.332, 304.332, 304.332, 304.332, 304.331, 304.331, 304.331, 304.331, 304.331, 304.331, 304.331, 304.33, 304.33, 304.33, 304.33, 304.33, 304.33, 304.33, 304.33, 304.329, 304.329, 304.329, 304.329, 304.33, 304.33, 304.33, 304.33, 304.33, 304.33, 304.331, 304.331, 304.331, 304.332, 304.333, 304.333, 304.334, 304.335, 304.336, 304.338, 304.34, 304.344, 304.351, 304.366, 300, 
304.357, 304.357, 304.357, 304.357, 304.357, 304.357, 304.357, 304.357, 304.357, 304.357, 304.357, 304.357, 304.357, 304.357, 304.357, 304.356, 304.356, 304.356, 304.356, 304.356, 304.356, 304.356, 304.356, 304.356, 304.356, 304.356, 304.356, 304.356, 304.356, 304.356, 304.356, 304.356, 304.356, 304.356, 304.356, 304.356, 304.357, 304.357, 304.357, 304.357, 304.357, 304.357, 304.357, 304.357, 304.357, 304.357, 304.357, 304.358, 304.358, 304.358, 304.358, 304.358, 304.358, 304.358, 304.358, 304.357, 304.357, 304.357, 304.357, 304.357, 304.357, 304.357, 304.357, 304.357, 304.356, 304.356, 304.356, 304.356, 304.356, 304.356, 304.355, 304.355, 304.355, 304.355, 304.355, 304.355, 304.355, 304.355, 304.355, 304.355, 304.355, 304.355, 304.355, 304.356, 304.356, 304.356, 304.357, 304.357, 304.357, 304.358, 304.359, 304.36, 304.361, 304.362, 304.364, 304.366, 304.37, 304.376, 304.392, 300, 
304.383, 304.383, 304.383, 304.383, 304.383, 304.383, 304.383, 304.383, 304.383, 304.382, 304.382, 304.382, 304.382, 304.382, 304.382, 304.382, 304.382, 304.382, 304.382, 304.382, 304.382, 304.382, 304.382, 304.382, 304.381, 304.381, 304.381, 304.382, 304.382, 304.382, 304.382, 304.382, 304.382, 304.382, 304.382, 304.382, 304.382, 304.382, 304.382, 304.382, 304.382, 304.383, 304.383, 304.383, 304.383, 304.383, 304.383, 304.383, 304.383, 304.383, 304.383, 304.383, 304.383, 304.383, 304.383, 304.383, 304.383, 304.383, 304.383, 304.383, 304.382, 304.382, 304.382, 304.382, 304.382, 304.382, 304.382, 304.381, 304.381, 304.381, 304.381, 304.381, 304.381, 304.381, 304.381, 304.38, 304.38, 304.38, 304.38, 304.381, 304.381, 304.381, 304.381, 304.381, 304.381, 304.382, 304.382, 304.382, 304.383, 304.384, 304.384, 304.385, 304.386, 304.387, 304.389, 304.391, 304.395, 304.402, 304.417, 300, 
304.408, 304.408, 304.408, 304.408, 304.408, 304.408, 304.408, 304.408, 304.408, 304.408, 304.408, 304.408, 304.408, 304.408, 304.408, 304.407, 304.407, 304.407, 304.407, 304.407, 304.407, 304.407, 304.407, 304.407, 304.407, 304.407, 304.407, 304.407, 304.407, 304.407, 304.407, 304.407, 304.407, 304.407, 304.407, 304.407, 304.408, 304.408, 304.408, 304.408, 304.408, 304.408, 304.408, 304.408, 304.408, 304.408, 304.408, 304.408, 304.408, 304.409, 304.409, 304.409, 304.409, 304.408, 304.408, 304.408, 304.408, 304.408, 304.408, 304.408, 304.408, 304.408, 304.408, 304.407, 304.407, 304.407, 304.407, 304.407, 304.407, 304.407, 304.406, 304.406, 304.406, 304.406, 304.406, 304.406, 304.406, 304.406, 304.406, 304.406, 304.406, 304.406, 304.406, 304.407, 304.407, 304.407, 304.408, 304.408, 304.408, 304.409, 304.41, 304.41, 304.411, 304.413, 304.414, 304.417, 304.42, 304.427, 304.442, 300, 
304.434, 304.434, 304.434, 304.434, 304.434, 304.434, 304.434, 304.434, 304.433, 304.433, 304.433, 304.433, 304.433, 304.433, 304.433, 304.433, 304.433, 304.433, 304.433, 304.433, 304.433, 304.433, 304.432, 304.432, 304.432, 304.432, 304.432, 304.432, 304.432, 304.433, 304.433, 304.433, 304.433, 304.433, 304.433, 304.433, 304.433, 304.433, 304.433, 304.433, 304.433, 304.433, 304.434, 304.434, 304.434, 304.434, 304.434, 304.434, 304.434, 304.434, 304.434, 304.434, 304.434, 304.434, 304.434, 304.434, 304.434, 304.434, 304.434, 304.433, 304.433, 304.433, 304.433, 304.433, 304.433, 304.433, 304.432, 304.432, 304.432, 304.432, 304.432, 304.432, 304.432, 304.432, 304.432, 304.431, 304.431, 304.431, 304.431, 304.432, 304.432, 304.432, 304.432, 304.432, 304.432, 304.433, 304.433, 304.433, 304.434, 304.434, 304.435, 304.436, 304.437, 304.438, 304.44, 304.442, 304.446, 304.452, 304.467, 300, 
304.459, 304.459, 304.459, 304.459, 304.459, 304.459, 304.459, 304.459, 304.459, 304.459, 304.459, 304.459, 304.459, 304.459, 304.458, 304.458, 304.458, 304.458, 304.458, 304.458, 304.458, 304.458, 304.458, 304.458, 304.458, 304.458, 304.458, 304.458, 304.458, 304.458, 304.458, 304.458, 304.458, 304.458, 304.458, 304.458, 304.458, 304.459, 304.459, 304.459, 304.459, 304.459, 304.459, 304.459, 304.459, 304.459, 304.459, 304.459, 304.459, 304.459, 304.459, 304.459, 304.459, 304.459, 304.459, 304.459, 304.459, 304.459, 304.459, 304.459, 304.459, 304.459, 304.459, 304.458, 304.458, 304.458, 304.458, 304.458, 304.458, 304.458, 304.457, 304.457, 304.457, 304.457, 304.457, 304.457, 304.457, 304.457, 304.457, 304.457, 304.457, 304.457, 304.457, 304.458, 304.458, 304.458, 304.458, 304.459, 304.459, 304.46, 304.461, 304.461, 304.462, 304.464, 304.465, 304.468, 304.471, 304.478, 304.492, 300, 
304.485, 304.485, 304.485, 304.485, 304.485, 304.485, 304.485, 304.484, 304.484, 304.484, 304.484, 304.484, 304.484, 304.484, 304.484, 304.484, 304.484, 304.484, 304.484, 304.484, 304.484, 304.484, 304.483, 304.483, 304.483, 304.483, 304.483, 304.483, 304.483, 304.483, 304.484, 304.484, 304.484, 304.484, 304.484, 304.484, 304.484, 304.484, 304.484, 304.484, 304.484, 304.484, 304.485, 304.485, 304.485, 304.485, 304.485, 304.485, 304.485, 304.485, 304.485, 304.485, 304.485, 304.485, 304.485, 304.485, 304.485, 304.485, 304.485, 304.484, 304.484, 304.484, 304.484, 304.484, 304.484, 304.484, 304.483, 304.483, 304.483, 304.483, 304.483, 304.483, 304.483, 304.483, 304.482, 304.482, 304.482, 304.482, 304.482, 304.482, 304.483, 304.483, 304.483, 304.483, 304.483, 304.484, 304.484, 304.484, 304.485, 304.485, 304.486, 304.487, 304.488, 304.489, 304.491, 304.493, 304.496, 304.503, 304.518, 300, 
304.51, 304.51, 304.51, 304.51, 304.51, 304.51, 304.51, 304.51, 304.51, 304.51, 304.51, 304.51, 304.51, 304.51, 304.509, 304.509, 304.509, 304.509, 304.509, 304.509, 304.509, 304.509, 304.509, 304.509, 304.509, 304.509, 304.509, 304.509, 304.509, 304.509, 304.509, 304.509, 304.509, 304.509, 304.509, 304.509, 304.509, 304.51, 304.51, 304.51, 304.51, 304.51, 304.51, 304.51, 304.51, 304.51, 304.51, 304.51, 304.51, 304.51, 304.51, 304.51, 304.51, 304.51, 304.51, 304.51, 304.51, 304.51, 304.51, 304.51, 304.51, 304.51, 304.51, 304.509, 304.509, 304.509, 304.509, 304.509, 304.509, 304.509, 304.508, 304.508, 304.508, 304.508, 304.508, 304.508, 304.508, 304.508, 304.508, 304.508, 304.508, 304.508, 304.508, 304.509, 304.509, 304.509, 304.509, 304.51, 304.51, 304.511, 304.512, 304.512, 304.513, 304.514, 304.516, 304.518, 304.522, 304.528, 304.543, 300, 
304.536, 304.536, 304.536, 304.536, 304.536, 304.536, 304.535, 304.535, 304.535, 304.535, 304.535, 304.535, 304.535, 304.535, 304.535, 304.535, 304.535, 304.535, 304.535, 304.535, 304.535, 304.534, 304.534, 304.534, 304.534, 304.534, 304.534, 304.534, 304.534, 304.534, 304.535, 304.535, 304.535, 304.535, 304.535, 304.535, 304.535, 304.535, 304.535, 304.535, 304.535, 304.535, 304.535, 304.536, 304.536, 304.536, 304.536, 304.536, 304.536, 304.536, 304.536, 304.536, 304.536, 304.536, 304.536, 304.536, 304.536, 304.536, 304.535, 304.535, 304.535, 304.535, 304.535, 304.535, 304.535, 304.535, 304.534, 304.534, 304.534, 304.534, 304.534, 304.534, 304.534, 304.534, 304.533, 304.533, 304.533, 304.533, 304.533, 304.533, 304.534, 304.534, 304.534, 304.534, 304.534, 304.535, 304.535, 304.535, 304.536, 304.536, 304.537, 304.538, 304.539, 304.54, 304.542, 304.544, 304.547, 304.554, 304.568, 300, 
304.561, 304.561, 304.561, 304.561, 304.561, 304.561, 304.561, 304.561, 304.561, 304.561, 304.561, 304.561, 304.561, 304.56, 304.56, 304.56, 304.56, 304.56, 304.56, 304.56, 304.56, 304.56, 304.56, 304.56, 304.56, 304.56, 304.56, 304.56, 304.56, 304.56, 304.56, 304.56, 304.56, 304.56, 304.56, 304.56, 304.56, 304.561, 304.561, 304.561, 304.561, 304.561, 304.561, 304.561, 304.561, 304.561, 304.561, 304.561, 304.561, 304.561, 304.561, 304.561, 304.561, 304.561, 304.561, 304.561, 304.561, 304.561, 304.561, 304.561, 304.561, 304.561, 304.56, 304.56, 304.56, 304.56, 304.56, 304.56, 304.56, 304.559, 304.559, 304.559, 304.559, 304.559, 304.559, 304.559, 304.559, 304.559, 304.559, 304.559, 304.559, 304.559, 304.559, 304.56, 304.56, 304.56, 304.56, 304.561, 304.561, 304.562, 304.562, 304.563, 304.564, 304.565, 304.567, 304.569, 304.573, 304.579, 304.593, 300, 
304.587, 304.587, 304.587, 304.587, 304.587, 304.586, 304.586, 304.586, 304.586, 304.586, 304.586, 304.586, 304.586, 304.586, 304.586, 304.586, 304.586, 304.586, 304.586, 304.586, 304.585, 304.585, 304.585, 304.585, 304.585, 304.585, 304.585, 304.585, 304.585, 304.585, 304.585, 304.586, 304.586, 304.586, 304.586, 304.586, 304.586, 304.586, 304.586, 304.586, 304.586, 304.586, 304.586, 304.587, 304.587, 304.587, 304.587, 304.587, 304.587, 304.587, 304.587, 304.587, 304.587, 304.587, 304.587, 304.587, 304.587, 304.587, 304.586, 304.586, 304.586, 304.586, 304.586, 304.586, 304.586, 304.586, 304.585, 304.585, 304.585, 304.585, 304.585, 304.585, 304.585, 304.585, 304.584, 304.584, 304.584, 304.584, 304.584, 304.584, 304.585, 304.585, 304.585, 304.585, 304.585, 304.586, 304.586, 304.586, 304.587, 304.587, 304.588, 304.589, 304.59, 304.591, 304.592, 304.595, 304.598, 304.604, 304.618, 300, 
304.612, 304.612, 304.612, 304.612, 304.612, 304.612, 304.612, 304.612, 304.612, 304.612, 304.612, 304.612, 304.611, 304.611, 304.611, 304.611, 304.611, 304.611, 304.611, 304.611, 304.611, 304.611, 304.611, 304.611, 304.611, 304.611, 304.611, 304.611, 304.611, 304.611, 304.611, 304.611, 304.611, 304.611, 304.611, 304.611, 304.611, 304.611, 304.612, 304.612, 304.612, 304.612, 304.612, 304.612, 304.612, 304.612, 304.612, 304.612, 304.612, 304.612, 304.612, 304.612, 304.612, 304.612, 304.612, 304.612, 304.612, 304.612, 304.612, 304.612, 304.612, 304.612, 304.611, 304.611, 304.611, 304.611, 304.611, 304.611, 304.611, 304.61, 304.61, 304.61, 304.61, 304.61, 304.61, 304.61, 304.61, 304.61, 304.61, 304.61, 304.61, 304.61, 304.61, 304.61, 304.611, 304.611, 304.611, 304.612, 304.612, 304.613, 304.613, 304.614, 304.615, 304.616, 304.618, 304.62, 304.623, 304.629, 304.643, 300, 
304.638, 304.638, 304.638, 304.637, 304.637, 304.637, 304.637, 304.637, 304.637, 304.637, 304.637, 304.637, 304.637, 304.637, 304.637, 304.637, 304.637, 304.637, 304.637, 304.636, 304.636, 304.636, 304.636, 304.636, 304.636, 304.636, 304.636, 304.636, 304.636, 304.636, 304.636, 304.636, 304.637, 304.637, 304.637, 304.637, 304.637, 304.637, 304.637, 304.637, 304.637, 304.637, 304.637, 304.637, 304.638, 304.638, 304.638, 304.638, 304.638, 304.638, 304.638, 304.638, 304.638, 304.638, 304.638, 304.638, 304.638, 304.637, 304.637, 304.637, 304.637, 304.637, 304.637, 304.637, 304.637, 304.636, 304.636, 304.636, 304.636, 304.636, 304.636, 304.636, 304.636, 304.636, 304.635, 304.635, 304.635, 304.635, 304.635, 304.635, 304.636, 304.636, 304.636, 304.636, 304.636, 304.636, 304.637, 304.637, 304.638, 304.638, 304.639, 304.64, 304.641, 304.642, 304.643, 304.645, 304.649, 304.655, 304.669, 300, 
304.663, 304.663, 304.663, 304.663, 304.663, 304.663, 304.663, 304.663, 304.663, 304.663, 304.663, 304.663, 304.662, 304.662, 304.662, 304.662, 304.662, 304.662, 304.662, 304.662, 304.662, 304.662, 304.662, 304.662, 304.662, 304.662, 304.662, 304.662, 304.662, 304.662, 304.662, 304.662, 304.662, 304.662, 304.662, 304.662, 304.662, 304.662, 304.663, 304.663, 304.663, 304.663, 304.663, 304.663, 304.663, 304.663, 304.663, 304.663, 304.663, 304.663, 304.663, 304.663, 304.663, 304.663, 304.663, 304.663, 304.663, 304.663, 304.663, 304.663, 304.663, 304.663, 304.662, 304.662, 304.662, 304.662, 304.662, 304.662, 304.662, 304.661, 304.661, 304.661, 304.661, 304.661, 304.661, 304.661, 304.661, 304.661, 304.661, 304.661, 304.661, 304.661, 304.661, 304.661, 304.662, 304.662, 304.662, 304.663, 304.663, 304.664, 304.664, 304.665, 304.666, 304.667, 304.669, 304.671, 304.674, 304.68, 304.694, 300, 
304.688, 304.688, 304.688, 304.688, 304.688, 304.688, 304.688, 304.688, 304.688, 304.688, 304.688, 304.688, 304.688, 304.688, 304.688, 304.688, 304.688, 304.688, 304.688, 304.687, 304.687, 304.687, 304.687, 304.687, 304.687, 304.687, 304.687, 304.687, 304.687, 304.687, 304.687, 304.687, 304.688, 304.688, 304.688, 304.688, 304.688, 304.688, 304.688, 304.688, 304.688, 304.688, 304.688, 304.688, 304.688, 304.689, 304.689, 304.689, 304.689, 304.689, 304.689, 304.689, 304.689, 304.689, 304.689, 304.689, 304.689, 304.688, 304.688, 304.688, 304.688, 304.688, 304.688, 304.688, 304.688, 304.687, 304.687, 304.687, 304.687, 304.687, 304.687, 304.687, 304.687, 304.686, 304.686, 304.686, 304.686, 304.686, 304.686, 304.686, 304.686, 304.687, 304.687, 304.687, 304.687, 304.687, 304.688, 304.688, 304.689, 304.689, 304.69, 304.691, 304.691, 304.693, 304.694, 304.696, 304.699, 304.705, 304.719, 300, 
304.714, 304.714, 304.714, 304.714, 304.714, 304.714, 304.714, 304.714, 304.714, 304.714, 304.714, 304.713, 304.713, 304.713, 304.713, 304.713, 304.713, 304.713, 304.713, 304.713, 304.713, 304.713, 304.713, 304.713, 304.713, 304.713, 304.713, 304.713, 304.713, 304.713, 304.713, 304.713, 304.713, 304.713, 304.713, 304.713, 304.713, 304.713, 304.713, 304.714, 304.714, 304.714, 304.714, 304.714, 304.714, 304.714, 304.714, 304.714, 304.714, 304.714, 304.714, 304.714, 304.714, 304.714, 304.714, 304.714, 304.714, 304.714, 304.714, 304.714, 304.714, 304.713, 304.713, 304.713, 304.713, 304.713, 304.713, 304.713, 304.713, 304.712, 304.712, 304.712, 304.712, 304.712, 304.712, 304.712, 304.712, 304.712, 304.712, 304.712, 304.712, 304.712, 304.712, 304.712, 304.713, 304.713, 304.713, 304.714, 304.714, 304.715, 304.715, 304.716, 304.717, 304.718, 304.719, 304.722, 304.725, 304.731, 304.744, 300, 
304.739, 304.739, 304.739, 304.739, 304.739, 304.739, 304.739, 304.739, 304.739, 304.739, 304.739, 304.739, 304.739, 304.739, 304.739, 304.739, 304.739, 304.739, 304.738, 304.738, 304.738, 304.738, 304.738, 304.738, 304.738, 304.738, 304.738, 304.738, 304.738, 304.738, 304.738, 304.738, 304.738, 304.739, 304.739, 304.739, 304.739, 304.739, 304.739, 304.739, 304.739, 304.739, 304.739, 304.739, 304.739, 304.739, 304.74, 304.74, 304.74, 304.74, 304.74, 304.74, 304.74, 304.74, 304.74, 304.74, 304.739, 304.739, 304.739, 304.739, 304.739, 304.739, 304.739, 304.739, 304.739, 304.738, 304.738, 304.738, 304.738, 304.738, 304.738, 304.738, 304.738, 304.737, 304.737, 304.737, 304.737, 304.737, 304.737, 304.737, 304.737, 304.738, 304.738, 304.738, 304.738, 304.738, 304.739, 304.739, 304.74, 304.74, 304.741, 304.741, 304.742, 304.743, 304.745, 304.747, 304.75, 304.756, 304.769, 300, 
304.765, 304.765, 304.765, 304.765, 304.765, 304.765, 304.765, 304.765, 304.765, 304.765, 304.764, 304.764, 304.764, 304.764, 304.764, 304.764, 304.764, 304.764, 304.764, 304.764, 304.764, 304.764, 304.764, 304.764, 304.764, 304.764, 304.764, 304.764, 304.764, 304.764, 304.764, 304.764, 304.764, 304.764, 304.764, 304.764, 304.764, 304.764, 304.764, 304.764, 304.765, 304.765, 304.765, 304.765, 304.765, 304.765, 304.765, 304.765, 304.765, 304.765, 304.765, 304.765, 304.765, 304.765, 304.765, 304.765, 304.765, 304.765, 304.765, 304.765, 304.765, 304.764, 304.764, 304.764, 304.764, 304.764, 304.764, 304.764, 304.763, 304.763, 304.763, 304.763, 304.763, 304.763, 304.763, 304.763, 304.763, 304.763, 304.763, 304.763, 304.763, 304.763, 304.763, 304.763, 304.764, 304.764, 304.764, 304.765, 304.765, 304.766, 304.766, 304.767, 304.768, 304.769, 304.77, 304.772, 304.776, 304.781, 304.795, 300, 
304.79, 304.79, 304.79, 304.79, 304.79, 304.79, 304.79, 304.79, 304.79, 304.79, 304.79, 304.79, 304.79, 304.79, 304.79, 304.79, 304.79, 304.789, 304.789, 304.789, 304.789, 304.789, 304.789, 304.789, 304.789, 304.789, 304.789, 304.789, 304.789, 304.789, 304.789, 304.789, 304.789, 304.789, 304.79, 304.79, 304.79, 304.79, 304.79, 304.79, 304.79, 304.79, 304.79, 304.79, 304.79, 304.79, 304.79, 304.791, 304.791, 304.791, 304.791, 304.791, 304.791, 304.791, 304.791, 304.79, 304.79, 304.79, 304.79, 304.79, 304.79, 304.79, 304.79, 304.79, 304.79, 304.789, 304.789, 304.789, 304.789, 304.789, 304.789, 304.789, 304.789, 304.788, 304.788, 304.788, 304.788, 304.788, 304.788, 304.788, 304.788, 304.789, 304.789, 304.789, 304.789, 304.789, 304.79, 304.79, 304.79, 304.791, 304.792, 304.792, 304.793, 304.794, 304.796, 304.798, 304.801, 304.807, 304.82, 300, 
304.816, 304.816, 304.816, 304.816, 304.816, 304.816, 304.816, 304.816, 304.816, 304.816, 304.815, 304.815, 304.815, 304.815, 304.815, 304.815, 304.815, 304.815, 304.815, 304.815, 304.815, 304.815, 304.815, 304.815, 304.815, 304.815, 304.815, 304.815, 304.815, 304.815, 304.815, 304.815, 304.815, 304.815, 304.815, 304.815, 304.815, 304.815, 304.815, 304.815, 304.816, 304.816, 304.816, 304.816, 304.816, 304.816, 304.816, 304.816, 304.816, 304.816, 304.816, 304.816, 304.816, 304.816, 304.816, 304.816, 304.816, 304.816, 304.816, 304.816, 304.816, 304.815, 304.815, 304.815, 304.815, 304.815, 304.815, 304.815, 304.814, 304.814, 304.814, 304.814, 304.814, 304.814, 304.814, 304.814, 304.814, 304.814, 304.814, 304.814, 304.814, 304.814, 304.814, 304.814, 304.815, 304.815, 304.815, 304.816, 304.816, 304.816, 304.817, 304.818, 304.819, 304.82, 304.821, 304.823, 304.826, 304.832, 304.845, 300, 
304.841, 304.841, 304.841, 304.841, 304.841, 304.841, 304.841, 304.841, 304.841, 304.841, 304.841, 304.841, 304.841, 304.841, 304.841, 304.841, 304.841, 304.84, 304.84, 304.84, 304.84, 304.84, 304.84, 304.84, 304.84, 304.84, 304.84, 304.84, 304.84, 304.84, 304.84, 304.84, 304.84, 304.84, 304.841, 304.841, 304.841, 304.841, 304.841, 304.841, 304.841, 304.841, 304.841, 304.841, 304.841, 304.841, 304.841, 304.841, 304.842, 304.842, 304.842, 304.842, 304.842, 304.842, 304.841, 304.841, 304.841, 304.841, 304.841, 304.841, 304.841, 304.841, 304.841, 304.841, 304.84, 304.84, 304.84, 304.84, 304.84, 304.84, 304.84, 304.84, 304.839, 304.839, 304.839, 304.839, 304.839, 304.839, 304.839, 304.839, 304.839, 304.84, 304.84, 304.84, 304.84, 304.84, 304.841, 304.841, 304.841, 304.842, 304.843, 304.843, 304.844, 304.845, 304.847, 304.849, 304.852, 304.858, 304.87, 300, 
304.867, 304.867, 304.867, 304.867, 304.867, 304.867, 304.867, 304.867, 304.867, 304.866, 304.866, 304.866, 304.866, 304.866, 304.866, 304.866, 304.866, 304.866, 304.866, 304.866, 304.866, 304.866, 304.866, 304.866, 304.866, 304.866, 304.866, 304.866, 304.866, 304.866, 304.866, 304.866, 304.866, 304.866, 304.866, 304.866, 304.866, 304.866, 304.866, 304.866, 304.866, 304.867, 304.867, 304.867, 304.867, 304.867, 304.867, 304.867, 304.867, 304.867, 304.867, 304.867, 304.867, 304.867, 304.867, 304.867, 304.867, 304.867, 304.867, 304.867, 304.866, 304.866, 304.866, 304.866, 304.866, 304.866, 304.866, 304.866, 304.865, 304.865, 304.865, 304.865, 304.865, 304.865, 304.865, 304.865, 304.865, 304.865, 304.865, 304.865, 304.865, 304.865, 304.865, 304.865, 304.866, 304.866, 304.866, 304.866, 304.867, 304.867, 304.868, 304.869, 304.87, 304.871, 304.872, 304.874, 304.877, 304.883, 304.896, 300, 
304.892, 304.892, 304.892, 304.892, 304.892, 304.892, 304.892, 304.892, 304.892, 304.892, 304.892, 304.892, 304.892, 304.892, 304.892, 304.892, 304.891, 304.891, 304.891, 304.891, 304.891, 304.891, 304.891, 304.891, 304.891, 304.891, 304.891, 304.891, 304.891, 304.891, 304.891, 304.891, 304.891, 304.891, 304.891, 304.892, 304.892, 304.892, 304.892, 304.892, 304.892, 304.892, 304.892, 304.892, 304.892, 304.892, 304.892, 304.892, 304.892, 304.892, 304.892, 304.892, 304.892, 304.892, 304.892, 304.892, 304.892, 304.892, 304.892, 304.892, 304.892, 304.892, 304.892, 304.892, 304.891, 304.891, 304.891, 304.891, 304.891, 304.891, 304.891, 304.891, 304.89, 304.89, 304.89, 304.89, 304.89, 304.89, 304.89, 304.89, 304.89, 304.891, 304.891, 304.891, 304.891, 304.891, 304.892, 304.892, 304.892, 304.893, 304.893, 304.894, 304.895, 304.896, 304.898, 304.9, 304.903, 304.908, 304.921, 300, 
304.918, 304.918, 304.918, 304.918, 304.918, 304.918, 304.918, 304.918, 304.917, 304.917, 304.917, 304.917, 304.917, 304.917, 304.917, 304.917, 304.917, 304.917, 304.917, 304.917, 304.917, 304.917, 304.917, 304.917, 304.917, 304.917, 304.917, 304.917, 304.917, 304.917, 304.917, 304.917, 304.917, 304.917, 304.917, 304.917, 304.917, 304.917, 304.917, 304.917, 304.917, 304.918, 304.918, 304.918, 304.918, 304.918, 304.918, 304.918, 304.918, 304.918, 304.918, 304.918, 304.918, 304.918, 304.918, 304.918, 304.918, 304.918, 304.918, 304.918, 304.917, 304.917, 304.917, 304.917, 304.917, 304.917, 304.917, 304.917, 304.916, 304.916, 304.916, 304.916, 304.916, 304.916, 304.916, 304.916, 304.916, 304.916, 304.916, 304.916, 304.916, 304.916, 304.916, 304.916, 304.917, 304.917, 304.917, 304.917, 304.918, 304.918, 304.919, 304.92, 304.92, 304.922, 304.923, 304.925, 304.928, 304.934, 304.946, 300, 
304.943, 304.943, 304.943, 304.943, 304.943, 304.943, 304.943, 304.943, 304.943, 304.943, 304.943, 304.943, 304.943, 304.943, 304.943, 304.942, 304.942, 304.942, 304.942, 304.942, 304.942, 304.942, 304.942, 304.942, 304.942, 304.942, 304.942, 304.942, 304.942, 304.942, 304.942, 304.942, 304.942, 304.942, 304.942, 304.943, 304.943, 304.943, 304.943, 304.943, 304.943, 304.943, 304.943, 304.943, 304.943, 304.943, 304.943, 304.943, 304.943, 304.943, 304.943, 304.943, 304.943, 304.943, 304.943, 304.943, 304.943, 304.943, 304.943, 304.943, 304.943, 304.943, 304.943, 304.943, 304.942, 304.942, 304.942, 304.942, 304.942, 304.942, 304.942, 304.942, 304.941, 304.941, 304.941, 304.941, 304.941, 304.941, 304.941, 304.941, 304.941, 304.941, 304.942, 304.942, 304.942, 304.942, 304.943, 304.943, 304.943, 304.944, 304.944, 304.945, 304.946, 304.947, 304.948, 304.95, 304.953, 304.959, 304.971, 300, 
304.969, 304.969, 304.969, 304.969, 304.969, 304.969, 304.969, 304.968, 304.968, 304.968, 304.968, 304.968, 304.968, 304.968, 304.968, 304.968, 304.968, 304.968, 304.968, 304.968, 304.968, 304.968, 304.968, 304.968, 304.968, 304.968, 304.968, 304.968, 304.968, 304.968, 304.968, 304.968, 304.968, 304.968, 304.968, 304.968, 304.968, 304.968, 304.968, 304.968, 304.968, 304.968, 304.969, 304.969, 304.969, 304.969, 304.969, 304.969, 304.969, 304.969, 304.969, 304.969, 304.969, 304.969, 304.969, 304.969, 304.969, 304.969, 304.969, 304.968, 304.968, 304.968, 304.968, 304.968, 304.968, 304.968, 304.968, 304.967, 304.967, 304.967, 304.967, 304.967, 304.967, 304.967, 304.967, 304.967, 304.967, 304.967, 304.967, 304.967, 304.967, 304.967, 304.967, 304.967, 304.967, 304.968, 304.968, 304.968, 304.969, 304.969, 304.97, 304.971, 304.971, 304.972, 304.974, 304.976, 304.979, 304.984, 304.996, 300, 
304.994, 304.994, 304.994, 304.994, 304.994, 304.994, 304.994, 304.994, 304.994, 304.994, 304.994, 304.994, 304.994, 304.994, 304.994, 304.993, 304.993, 304.993, 304.993, 304.993, 304.993, 304.993, 304.993, 304.993, 304.993, 304.993, 304.993, 304.993, 304.993, 304.993, 304.993, 304.993, 304.993, 304.993, 304.993, 304.993, 304.994, 304.994, 304.994, 304.994, 304.994, 304.994, 304.994, 304.994, 304.994, 304.994, 304.994, 304.994, 304.994, 304.994, 304.994, 304.994, 304.994, 304.994, 304.994, 304.994, 304.994, 304.994, 304.994, 304.994, 304.994, 304.994, 304.994, 304.993, 304.993, 304.993, 304.993, 304.993, 304.993, 304.993, 304.993, 304.993, 304.992, 304.992, 304.992, 304.992, 304.992, 304.992, 304.992, 304.992, 304.992, 304.992, 304.993, 304.993, 304.993, 304.993, 304.994, 304.994, 304.994, 304.995, 304.995, 304.996, 304.997, 304.998, 304.999, 305.001, 305.004, 305.01, 305.022, 300, 
305.02, 305.02, 305.02, 305.02, 305.02, 305.02, 305.019, 305.019, 305.019, 305.019, 305.019, 305.019, 305.019, 305.019, 305.019, 305.019, 305.019, 305.019, 305.019, 305.019, 305.019, 305.019, 305.019, 305.019, 305.019, 305.019, 305.019, 305.019, 305.019, 305.019, 305.019, 305.019, 305.019, 305.019, 305.019, 305.019, 305.019, 305.019, 305.019, 305.019, 305.019, 305.019, 305.019, 305.02, 305.02, 305.02, 305.02, 305.02, 305.02, 305.02, 305.02, 305.02, 305.02, 305.02, 305.02, 305.02, 305.02, 305.02, 305.02, 305.019, 305.019, 305.019, 305.019, 305.019, 305.019, 305.019, 305.019, 305.018, 305.018, 305.018, 305.018, 305.018, 305.018, 305.018, 305.018, 305.018, 305.018, 305.018, 305.018, 305.018, 305.018, 305.018, 305.018, 305.018, 305.018, 305.019, 305.019, 305.019, 305.02, 305.02, 305.021, 305.021, 305.022, 305.023, 305.025, 305.027, 305.03, 305.035, 305.047, 300, 
305.045, 305.045, 305.045, 305.045, 305.045, 305.045, 305.045, 305.045, 305.045, 305.045, 305.045, 305.045, 305.045, 305.045, 305.044, 305.044, 305.044, 305.044, 305.044, 305.044, 305.044, 305.044, 305.044, 305.044, 305.044, 305.044, 305.044, 305.044, 305.044, 305.044, 305.044, 305.044, 305.044, 305.044, 305.044, 305.044, 305.045, 305.045, 305.045, 305.045, 305.045, 305.045, 305.045, 305.045, 305.045, 305.045, 305.045, 305.045, 305.045, 305.045, 305.045, 305.045, 305.045, 305.045, 305.045, 305.045, 305.045, 305.045, 305.045, 305.045, 305.045, 305.045, 305.045, 305.044, 305.044, 305.044, 305.044, 305.044, 305.044, 305.044, 305.044, 305.043, 305.043, 305.043, 305.043, 305.043, 305.043, 305.043, 305.043, 305.043, 305.043, 305.043, 305.044, 305.044, 305.044, 305.044, 305.044, 305.045, 305.045, 305.046, 305.046, 305.047, 305.048, 305.049, 305.05, 305.052, 305.055, 305.06, 305.072, 300, 
305.071, 305.071, 305.071, 305.071, 305.071, 305.07, 305.07, 305.07, 305.07, 305.07, 305.07, 305.07, 305.07, 305.07, 305.07, 305.07, 305.07, 305.07, 305.07, 305.07, 305.07, 305.07, 305.07, 305.07, 305.07, 305.07, 305.07, 305.07, 305.07, 305.07, 305.07, 305.07, 305.07, 305.07, 305.07, 305.07, 305.07, 305.07, 305.07, 305.07, 305.07, 305.07, 305.07, 305.071, 305.071, 305.071, 305.071, 305.071, 305.071, 305.071, 305.071, 305.071, 305.071, 305.071, 305.071, 305.071, 305.071, 305.071, 305.07, 305.07, 305.07, 305.07, 305.07, 305.07, 305.07, 305.07, 305.07, 305.069, 305.069, 305.069, 305.069, 305.069, 305.069, 305.069, 305.069, 305.069, 305.069, 305.069, 305.069, 305.069, 305.069, 305.069, 305.069, 305.069, 305.069, 305.07, 305.07, 305.07, 305.071, 305.071, 305.072, 305.072, 305.073, 305.074, 305.076, 305.077, 305.08, 305.086, 305.097, 300, 
305.096, 305.096, 305.096, 305.096, 305.096, 305.096, 305.096, 305.096, 305.096, 305.096, 305.096, 305.096, 305.096, 305.095, 305.095, 305.095, 305.095, 305.095, 305.095, 305.095, 305.095, 305.095, 305.095, 305.095, 305.095, 305.095, 305.095, 305.095, 305.095, 305.095, 305.095, 305.095, 305.095, 305.095, 305.095, 305.095, 305.095, 305.096, 305.096, 305.096, 305.096, 305.096, 305.096, 305.096, 305.096, 305.096, 305.096, 305.096, 305.096, 305.096, 305.096, 305.096, 305.096, 305.096, 305.096, 305.096, 305.096, 305.096, 305.096, 305.096, 305.096, 305.096, 305.096, 305.095, 305.095, 305.095, 305.095, 305.095, 305.095, 305.095, 305.095, 305.094, 305.094, 305.094, 305.094, 305.094, 305.094, 305.094, 305.094, 305.094, 305.094, 305.094, 305.095, 305.095, 305.095, 305.095, 305.095, 305.096, 305.096, 305.097, 305.097, 305.098, 305.099, 305.1, 305.101, 305.103, 305.106, 305.111, 305.123, 300, 
305.122, 305.122, 305.122, 305.121, 305.121, 305.121, 305.121, 305.121, 305.121, 305.121, 305.121, 305.121, 305.121, 305.121, 305.121, 305.121, 305.121, 305.121, 305.121, 305.121, 305.121, 305.121, 305.121, 305.12, 305.12, 305.12, 305.12, 305.12, 305.121, 305.121, 305.121, 305.121, 305.121, 305.121, 305.121, 305.121, 305.121, 305.121, 305.121, 305.121, 305.121, 305.121, 305.121, 305.121, 305.122, 305.122, 305.122, 305.122, 305.122, 305.122, 305.122, 305.122, 305.122, 305.122, 305.122, 305.122, 305.122, 305.121, 305.121, 305.121, 305.121, 305.121, 305.121, 305.121, 305.121, 305.121, 305.121, 305.12, 305.12, 305.12, 305.12, 305.12, 305.12, 305.12, 305.12, 305.12, 305.12, 305.12, 305.12, 305.12, 305.12, 305.12, 305.12, 305.12, 305.12, 305.121, 305.121, 305.121, 305.122, 305.122, 305.123, 305.123, 305.124, 305.125, 305.126, 305.128, 305.131, 305.136, 305.148, 300, 
305.147, 305.147, 305.147, 305.147, 305.147, 305.147, 305.147, 305.147, 305.147, 305.147, 305.147, 305.147, 305.147, 305.146, 305.146, 305.146, 305.146, 305.146, 305.146, 305.146, 305.146, 305.146, 305.146, 305.146, 305.146, 305.146, 305.146, 305.146, 305.146, 305.146, 305.146, 305.146, 305.146, 305.146, 305.146, 305.146, 305.146, 305.146, 305.147, 305.147, 305.147, 305.147, 305.147, 305.147, 305.147, 305.147, 305.147, 305.147, 305.147, 305.147, 305.147, 305.147, 305.147, 305.147, 305.147, 305.147, 305.147, 305.147, 305.147, 305.147, 305.147, 305.147, 305.146, 305.146, 305.146, 305.146, 305.146, 305.146, 305.146, 305.146, 305.146, 305.145, 305.145, 305.145, 305.145, 305.145, 305.145, 305.145, 305.145, 305.145, 305.145, 305.145, 305.146, 305.146, 305.146, 305.146, 305.146, 305.147, 305.147, 305.148, 305.148, 305.149, 305.15, 305.151, 305.152, 305.154, 305.157, 305.162, 305.173, 300, 
305.172, 305.172, 305.172, 305.172, 305.172, 305.172, 305.172, 305.172, 305.172, 305.172, 305.172, 305.172, 305.172, 305.172, 305.172, 305.172, 305.172, 305.172, 305.172, 305.172, 305.172, 305.172, 305.171, 305.171, 305.171, 305.171, 305.171, 305.171, 305.171, 305.172, 305.172, 305.172, 305.172, 305.172, 305.172, 305.172, 305.172, 305.172, 305.172, 305.172, 305.172, 305.172, 305.172, 305.172, 305.172, 305.173, 305.173, 305.173, 305.173, 305.173, 305.173, 305.173, 305.173, 305.173, 305.173, 305.173, 305.172, 305.172, 305.172, 305.172, 305.172, 305.172, 305.172, 305.172, 305.172, 305.172, 305.171, 305.171, 305.171, 305.171, 305.171, 305.171, 305.171, 305.171, 305.171, 305.171, 305.171, 305.171, 305.171, 305.171, 305.171, 305.171, 305.171, 305.171, 305.171, 305.172, 305.172, 305.172, 305.173, 305.173, 305.174, 305.174, 305.175, 305.176, 305.177, 305.179, 305.182, 305.187, 305.198, 300, 
305.198, 305.198, 305.198, 305.198, 305.198, 305.198, 305.198, 305.198, 305.198, 305.198, 305.198, 305.198, 305.197, 305.197, 305.197, 305.197, 305.197, 305.197, 305.197, 305.197, 305.197, 305.197, 305.197, 305.197, 305.197, 305.197, 305.197, 305.197, 305.197, 305.197, 305.197, 305.197, 305.197, 305.197, 305.197, 305.197, 305.197, 305.197, 305.198, 305.198, 305.198, 305.198, 305.198, 305.198, 305.198, 305.198, 305.198, 305.198, 305.198, 305.198, 305.198, 305.198, 305.198, 305.198, 305.198, 305.198, 305.198, 305.198, 305.198, 305.198, 305.198, 305.198, 305.197, 305.197, 305.197, 305.197, 305.197, 305.197, 305.197, 305.197, 305.197, 305.196, 305.196, 305.196, 305.196, 305.196, 305.196, 305.196, 305.196, 305.196, 305.196, 305.196, 305.196, 305.197, 305.197, 305.197, 305.197, 305.198, 305.198, 305.199, 305.199, 305.2, 305.2, 305.201, 305.203, 305.205, 305.207, 305.212, 305.224, 300, 
305.223, 305.223, 305.223, 305.223, 305.223, 305.223, 305.223, 305.223, 305.223, 305.223, 305.223, 305.223, 305.223, 305.223, 305.223, 305.223, 305.223, 305.223, 305.223, 305.223, 305.223, 305.222, 305.222, 305.222, 305.222, 305.222, 305.222, 305.222, 305.222, 305.222, 305.223, 305.223, 305.223, 305.223, 305.223, 305.223, 305.223, 305.223, 305.223, 305.223, 305.223, 305.223, 305.223, 305.223, 305.223, 305.223, 305.224, 305.224, 305.224, 305.224, 305.224, 305.224, 305.224, 305.224, 305.224, 305.224, 305.223, 305.223, 305.223, 305.223, 305.223, 305.223, 305.223, 305.223, 305.223, 305.223, 305.222, 305.222, 305.222, 305.222, 305.222, 305.222, 305.222, 305.222, 305.222, 305.222, 305.222, 305.222, 305.222, 305.222, 305.222, 305.222, 305.222, 305.222, 305.222, 305.223, 305.223, 305.223, 305.224, 305.224, 305.225, 305.225, 305.226, 305.227, 305.228, 305.23, 305.233, 305.238, 305.249, 300, 
305.249, 305.249, 305.249, 305.249, 305.249, 305.249, 305.249, 305.249, 305.249, 305.249, 305.249, 305.248, 305.248, 305.248, 305.248, 305.248, 305.248, 305.248, 305.248, 305.248, 305.248, 305.248, 305.248, 305.248, 305.248, 305.248, 305.248, 305.248, 305.248, 305.248, 305.248, 305.248, 305.248, 305.248, 305.248, 305.248, 305.248, 305.248, 305.248, 305.249, 305.249, 305.249, 305.249, 305.249, 305.249, 305.249, 305.249, 305.249, 305.249, 305.249, 305.249, 305.249, 305.249, 305.249, 305.249, 305.249, 305.249, 305.249, 305.249, 305.249, 305.249, 305.248, 305.248, 305.248, 305.248, 305.248, 305.248, 305.248, 305.248, 305.248, 305.247, 305.247, 305.247, 305.247, 305.247, 305.247, 305.247, 305.247, 305.247, 305.247, 305.247, 305.247, 305.247, 305.248, 305.248, 305.248, 305.248, 305.249, 305.249, 305.249, 305.25, 305.251, 305.251, 305.252, 305.254, 305.255, 305.258, 305.263, 305.274, 300, 
305.274, 305.274, 305.274, 305.274, 305.274, 305.274, 305.274, 305.274, 305.274, 305.274, 305.274, 305.274, 305.274, 305.274, 305.274, 305.274, 305.274, 305.274, 305.274, 305.274, 305.273, 305.273, 305.273, 305.273, 305.273, 305.273, 305.273, 305.273, 305.273, 305.273, 305.273, 305.274, 305.274, 305.274, 305.274, 305.274, 305.274, 305.274, 305.274, 305.274, 305.274, 305.274, 305.274, 305.274, 305.274, 305.274, 305.274, 305.275, 305.275, 305.275, 305.275, 305.275, 305.275, 305.275, 305.274, 305.274, 305.274, 305.274, 305.274, 305.274, 305.274, 305.274, 305.274, 305.274, 305.274, 305.274, 305.273, 305.273, 305.273, 305.273, 305.273, 305.273, 305.273, 305.273, 305.273, 305.273, 305.273, 305.273, 305.273, 305.273, 305.273, 305.273, 305.273, 305.273, 305.273, 305.274, 305.274, 305.274, 305.274, 305.275, 305.275, 305.276, 305.277, 305.278, 305.279, 305.281, 305.284, 305.288, 305.299, 300, 
305.3, 305.3, 305.3, 305.3, 305.3, 305.3, 305.3, 305.3, 305.3, 305.3, 305.3, 305.299, 305.299, 305.299, 305.299, 305.299, 305.299, 305.299, 305.299, 305.299, 305.299, 305.299, 305.299, 305.299, 305.299, 305.299, 305.299, 305.299, 305.299, 305.299, 305.299, 305.299, 305.299, 305.299, 305.299, 305.299, 305.299, 305.299, 305.299, 305.3, 305.3, 305.3, 305.3, 305.3, 305.3, 305.3, 305.3, 305.3, 305.3, 305.3, 305.3, 305.3, 305.3, 305.3, 305.3, 305.3, 305.3, 305.3, 305.3, 305.3, 305.3, 305.299, 305.299, 305.299, 305.299, 305.299, 305.299, 305.299, 305.299, 305.299, 305.298, 305.298, 305.298, 305.298, 305.298, 305.298, 305.298, 305.298, 305.298, 305.298, 305.298, 305.298, 305.298, 305.299, 305.299, 305.299, 305.299, 305.3, 305.3, 305.3, 305.301, 305.302, 305.302, 305.303, 305.304, 305.306, 305.309, 305.314, 305.325, 300, 
305.325, 305.325, 305.325, 305.325, 305.325, 305.325, 305.325, 305.325, 305.325, 305.325, 305.325, 305.325, 305.325, 305.325, 305.325, 305.325, 305.325, 305.325, 305.325, 305.324, 305.324, 305.324, 305.324, 305.324, 305.324, 305.324, 305.324, 305.324, 305.324, 305.324, 305.324, 305.324, 305.325, 305.325, 305.325, 305.325, 305.325, 305.325, 305.325, 305.325, 305.325, 305.325, 305.325, 305.325, 305.325, 305.325, 305.325, 305.325, 305.325, 305.325, 305.326, 305.326, 305.325, 305.325, 305.325, 305.325, 305.325, 305.325, 305.325, 305.325, 305.325, 305.325, 305.325, 305.325, 305.325, 305.324, 305.324, 305.324, 305.324, 305.324, 305.324, 305.324, 305.324, 305.324, 305.324, 305.324, 305.324, 305.324, 305.324, 305.324, 305.324, 305.324, 305.324, 305.324, 305.324, 305.324, 305.325, 305.325, 305.325, 305.326, 305.326, 305.327, 305.328, 305.329, 305.33, 305.332, 305.334, 305.339, 305.35, 300, 
305.351, 305.351, 305.351, 305.351, 305.351, 305.351, 305.351, 305.351, 305.351, 305.351, 305.35, 305.35, 305.35, 305.35, 305.35, 305.35, 305.35, 305.35, 305.35, 305.35, 305.35, 305.35, 305.35, 305.35, 305.35, 305.35, 305.35, 305.35, 305.35, 305.35, 305.35, 305.35, 305.35, 305.35, 305.35, 305.35, 305.35, 305.35, 305.35, 305.35, 305.351, 305.351, 305.351, 305.351, 305.351, 305.351, 305.351, 305.351, 305.351, 305.351, 305.351, 305.351, 305.351, 305.351, 305.351, 305.351, 305.351, 305.351, 305.351, 305.351, 305.35, 305.35, 305.35, 305.35, 305.35, 305.35, 305.35, 305.35, 305.35, 305.35, 305.349, 305.349, 305.349, 305.349, 305.349, 305.349, 305.349, 305.349, 305.349, 305.349, 305.349, 305.349, 305.349, 305.35, 305.35, 305.35, 305.35, 305.351, 305.351, 305.351, 305.352, 305.352, 305.353, 305.354, 305.355, 305.357, 305.36, 305.365, 305.375, 300, 
305.376, 305.376, 305.376, 305.376, 305.376, 305.376, 305.376, 305.376, 305.376, 305.376, 305.376, 305.376, 305.376, 305.376, 305.376, 305.376, 305.376, 305.376, 305.375, 305.375, 305.375, 305.375, 305.375, 305.375, 305.375, 305.375, 305.375, 305.375, 305.375, 305.375, 305.375, 305.375, 305.375, 305.376, 305.376, 305.376, 305.376, 305.376, 305.376, 305.376, 305.376, 305.376, 305.376, 305.376, 305.376, 305.376, 305.376, 305.376, 305.376, 305.376, 305.376, 305.376, 305.376, 305.376, 305.376, 305.376, 305.376, 305.376, 305.376, 305.376, 305.376, 305.376, 305.376, 305.376, 305.376, 305.375, 305.375, 305.375, 305.375, 305.375, 305.375, 305.375, 305.375, 305.375, 305.375, 305.375, 305.375, 305.375, 305.375, 305.375, 305.375, 305.375, 305.375, 305.375, 305.375, 305.375, 305.376, 305.376, 305.376, 305.377, 305.377, 305.378, 305.379, 305.38, 305.381, 305.382, 305.385, 305.39, 305.4, 300, 
305.402, 305.402, 305.402, 305.402, 305.402, 305.402, 305.402, 305.402, 305.402, 305.401, 305.401, 305.401, 305.401, 305.401, 305.401, 305.401, 305.401, 305.401, 305.401, 305.401, 305.401, 305.401, 305.401, 305.401, 305.401, 305.401, 305.401, 305.401, 305.401, 305.401, 305.401, 305.401, 305.401, 305.401, 305.401, 305.401, 305.401, 305.401, 305.401, 305.401, 305.401, 305.402, 305.402, 305.402, 305.402, 305.402, 305.402, 305.402, 305.402, 305.402, 305.402, 305.402, 305.402, 305.402, 305.402, 305.402, 305.402, 305.402, 305.402, 305.402, 305.401, 305.401, 305.401, 305.401, 305.401, 305.401, 305.401, 305.401, 305.401, 305.4, 305.4, 305.4, 305.4, 305.4, 305.4, 305.4, 305.4, 305.4, 305.4, 305.4, 305.4, 305.4, 305.4, 305.401, 305.401, 305.401, 305.401, 305.401, 305.402, 305.402, 305.403, 305.403, 305.404, 305.405, 305.406, 305.408, 305.411, 305.415, 305.426, 300, 
305.427, 305.427, 305.427, 305.427, 305.427, 305.427, 305.427, 305.427, 305.427, 305.427, 305.427, 305.427, 305.427, 305.427, 305.427, 305.427, 305.427, 305.426, 305.426, 305.426, 305.426, 305.426, 305.426, 305.426, 305.426, 305.426, 305.426, 305.426, 305.426, 305.426, 305.426, 305.426, 305.426, 305.426, 305.427, 305.427, 305.427, 305.427, 305.427, 305.427, 305.427, 305.427, 305.427, 305.427, 305.427, 305.427, 305.427, 305.427, 305.427, 305.427, 305.427, 305.427, 305.427, 305.427, 305.427, 305.427, 305.427, 305.427, 305.427, 305.427, 305.427, 305.427, 305.427, 305.427, 305.427, 305.426, 305.426, 305.426, 305.426, 305.426, 305.426, 305.426, 305.426, 305.426, 305.426, 305.426, 305.426, 305.426, 305.426, 305.426, 305.426, 305.426, 305.426, 305.426, 305.426, 305.426, 305.427, 305.427, 305.427, 305.428, 305.428, 305.429, 305.43, 305.43, 305.432, 305.433, 305.436, 305.441, 305.451, 300, 
305.453, 305.453, 305.453, 305.453, 305.453, 305.453, 305.453, 305.453, 305.452, 305.452, 305.452, 305.452, 305.452, 305.452, 305.452, 305.452, 305.452, 305.452, 305.452, 305.452, 305.452, 305.452, 305.452, 305.452, 305.452, 305.452, 305.452, 305.452, 305.452, 305.452, 305.452, 305.452, 305.452, 305.452, 305.452, 305.452, 305.452, 305.452, 305.452, 305.452, 305.452, 305.452, 305.453, 305.453, 305.453, 305.453, 305.453, 305.453, 305.453, 305.453, 305.453, 305.453, 305.453, 305.453, 305.453, 305.453, 305.453, 305.453, 305.453, 305.452, 305.452, 305.452, 305.452, 305.452, 305.452, 305.452, 305.452, 305.452, 305.452, 305.451, 305.451, 305.451, 305.451, 305.451, 305.451, 305.451, 305.451, 305.451, 305.451, 305.451, 305.451, 305.451, 305.451, 305.451, 305.452, 305.452, 305.452, 305.452, 305.453, 305.453, 305.454, 305.454, 305.455, 305.456, 305.457, 305.459, 305.461, 305.466, 305.476, 300, 
305.478, 305.478, 305.478, 305.478, 305.478, 305.478, 305.478, 305.478, 305.478, 305.478, 305.478, 305.478, 305.478, 305.478, 305.478, 305.478, 305.478, 305.477, 305.477, 305.477, 305.477, 305.477, 305.477, 305.477, 305.477, 305.477, 305.477, 305.477, 305.477, 305.477, 305.477, 305.477, 305.477, 305.477, 305.478, 305.478, 305.478, 305.478, 305.478, 305.478, 305.478, 305.478, 305.478, 305.478, 305.478, 305.478, 305.478, 305.478, 305.478, 305.478, 305.478, 305.478, 305.478, 305.478, 305.478, 305.478, 305.478, 305.478, 305.478, 305.478, 305.478, 305.478, 305.478, 305.478, 305.477, 305.477, 305.477, 305.477, 305.477, 305.477, 305.477, 305.477, 305.477, 305.477, 305.477, 305.477, 305.476, 305.476, 305.477, 305.477, 305.477, 305.477, 305.477, 305.477, 305.477, 305.477, 305.478, 305.478, 305.478, 305.479, 305.479, 305.48, 305.48, 305.481, 305.483, 305.484, 305.487, 305.491, 305.501, 300, 
305.504, 305.504, 305.504, 305.504, 305.504, 305.504, 305.504, 305.503, 305.503, 305.503, 305.503, 305.503, 305.503, 305.503, 305.503, 305.503, 305.503, 305.503, 305.503, 305.503, 305.503, 305.503, 305.503, 305.503, 305.503, 305.503, 305.503, 305.503, 305.503, 305.503, 305.503, 305.503, 305.503, 305.503, 305.503, 305.503, 305.503, 305.503, 305.503, 305.503, 305.503, 305.503, 305.504, 305.504, 305.504, 305.504, 305.504, 305.504, 305.504, 305.504, 305.504, 305.504, 305.504, 305.504, 305.504, 305.504, 305.504, 305.504, 305.504, 305.503, 305.503, 305.503, 305.503, 305.503, 305.503, 305.503, 305.503, 305.503, 305.503, 305.502, 305.502, 305.502, 305.502, 305.502, 305.502, 305.502, 305.502, 305.502, 305.502, 305.502, 305.502, 305.502, 305.502, 305.502, 305.503, 305.503, 305.503, 305.503, 305.504, 305.504, 305.505, 305.505, 305.506, 305.507, 305.508, 305.51, 305.512, 305.517, 305.527, 300, 
305.529, 305.529, 305.529, 305.529, 305.529, 305.529, 305.529, 305.529, 305.529, 305.529, 305.529, 305.529, 305.529, 305.529, 305.529, 305.529, 305.528, 305.528, 305.528, 305.528, 305.528, 305.528, 305.528, 305.528, 305.528, 305.528, 305.528, 305.528, 305.528, 305.528, 305.528, 305.528, 305.528, 305.528, 305.528, 305.529, 305.529, 305.529, 305.529, 305.529, 305.529, 305.529, 305.529, 305.529, 305.529, 305.529, 305.529, 305.529, 305.529, 305.529, 305.529, 305.529, 305.529, 305.529, 305.529, 305.529, 305.529, 305.529, 305.529, 305.529, 305.529, 305.529, 305.529, 305.529, 305.528, 305.528, 305.528, 305.528, 305.528, 305.528, 305.528, 305.528, 305.528, 305.528, 305.528, 305.527, 305.527, 305.527, 305.527, 305.528, 305.528, 305.528, 305.528, 305.528, 305.528, 305.528, 305.529, 305.529, 305.529, 305.53, 305.53, 305.531, 305.531, 305.532, 305.533, 305.535, 305.538, 305.542, 305.552, 300, 
305.555, 305.555, 305.555, 305.555, 305.555, 305.554, 305.554, 305.554, 305.554, 305.554, 305.554, 305.554, 305.554, 305.554, 305.554, 305.554, 305.554, 305.554, 305.554, 305.554, 305.554, 305.554, 305.554, 305.554, 305.554, 305.554, 305.554, 305.554, 305.554, 305.554, 305.554, 305.554, 305.554, 305.554, 305.554, 305.554, 305.554, 305.554, 305.554, 305.554, 305.554, 305.554, 305.554, 305.555, 305.555, 305.555, 305.555, 305.555, 305.555, 305.555, 305.555, 305.555, 305.555, 305.555, 305.555, 305.555, 305.555, 305.555, 305.554, 305.554, 305.554, 305.554, 305.554, 305.554, 305.554, 305.554, 305.554, 305.554, 305.553, 305.553, 305.553, 305.553, 305.553, 305.553, 305.553, 305.553, 305.553, 305.553, 305.553, 305.553, 305.553, 305.553, 305.553, 305.553, 305.554, 305.554, 305.554, 305.554, 305.555, 305.555, 305.556, 305.556, 305.557, 305.558, 305.559, 305.56, 305.563, 305.567, 305.577, 300, 
305.58, 305.58, 305.58, 305.58, 305.58, 305.58, 305.58, 305.58, 305.58, 305.58, 305.58, 305.58, 305.58, 305.58, 305.58, 305.579, 305.579, 305.579, 305.579, 305.579, 305.579, 305.579, 305.579, 305.579, 305.579, 305.579, 305.579, 305.579, 305.579, 305.579, 305.579, 305.579, 305.579, 305.579, 305.579, 305.579, 305.58, 305.58, 305.58, 305.58, 305.58, 305.58, 305.58, 305.58, 305.58, 305.58, 305.58, 305.58, 305.58, 305.58, 305.58, 305.58, 305.58, 305.58, 305.58, 305.58, 305.58, 305.58, 305.58, 305.58, 305.58, 305.58, 305.58, 305.579, 305.579, 305.579, 305.579, 305.579, 305.579, 305.579, 305.579, 305.579, 305.579, 305.579, 305.578, 305.578, 305.578, 305.578, 305.578, 305.578, 305.579, 305.579, 305.579, 305.579, 305.579, 305.579, 305.58, 305.58, 305.58, 305.581, 305.581, 305.582, 305.582, 305.583, 305.584, 305.586, 305.588, 305.593, 305.602, 300, 
305.606, 305.606, 305.606, 305.605, 305.605, 305.605, 305.605, 305.605, 305.605, 305.605, 305.605, 305.605, 305.605, 305.605, 305.605, 305.605, 305.605, 305.605, 305.605, 305.605, 305.605, 305.605, 305.605, 305.605, 305.605, 305.605, 305.605, 305.605, 305.605, 305.605, 305.605, 305.605, 305.605, 305.605, 305.605, 305.605, 305.605, 305.605, 305.605, 305.605, 305.605, 305.605, 305.605, 305.605, 305.606, 305.606, 305.606, 305.606, 305.606, 305.606, 305.606, 305.606, 305.606, 305.606, 305.606, 305.606, 305.606, 305.605, 305.605, 305.605, 305.605, 305.605, 305.605, 305.605, 305.605, 305.605, 305.605, 305.605, 305.604, 305.604, 305.604, 305.604, 305.604, 305.604, 305.604, 305.604, 305.604, 305.604, 305.604, 305.604, 305.604, 305.604, 305.604, 305.604, 305.605, 305.605, 305.605, 305.605, 305.606, 305.606, 305.606, 305.607, 305.608, 305.609, 305.61, 305.611, 305.614, 305.618, 305.628, 300, 
305.631, 305.631, 305.631, 305.631, 305.631, 305.631, 305.631, 305.631, 305.631, 305.631, 305.631, 305.631, 305.631, 305.631, 305.63, 305.63, 305.63, 305.63, 305.63, 305.63, 305.63, 305.63, 305.63, 305.63, 305.63, 305.63, 305.63, 305.63, 305.63, 305.63, 305.63, 305.63, 305.63, 305.63, 305.63, 305.63, 305.631, 305.631, 305.631, 305.631, 305.631, 305.631, 305.631, 305.631, 305.631, 305.631, 305.631, 305.631, 305.631, 305.631, 305.631, 305.631, 305.631, 305.631, 305.631, 305.631, 305.631, 305.631, 305.631, 305.631, 305.631, 305.631, 305.631, 305.63, 305.63, 305.63, 305.63, 305.63, 305.63, 305.63, 305.63, 305.63, 305.63, 305.63, 305.629, 305.629, 305.629, 305.629, 305.629, 305.629, 305.63, 305.63, 305.63, 305.63, 305.63, 305.63, 305.63, 305.631, 305.631, 305.632, 305.632, 305.633, 305.633, 305.634, 305.635, 305.637, 305.639, 305.644, 305.653, 300, 
305.656, 305.656, 305.656, 305.656, 305.656, 305.656, 305.656, 305.656, 305.656, 305.656, 305.656, 305.656, 305.656, 305.656, 305.656, 305.656, 305.656, 305.656, 305.656, 305.656, 305.656, 305.656, 305.656, 305.656, 305.656, 305.656, 305.656, 305.656, 305.656, 305.656, 305.656, 305.656, 305.656, 305.656, 305.656, 305.656, 305.656, 305.656, 305.656, 305.656, 305.656, 305.656, 305.656, 305.656, 305.656, 305.657, 305.657, 305.657, 305.657, 305.657, 305.657, 305.657, 305.657, 305.657, 305.657, 305.657, 305.657, 305.656, 305.656, 305.656, 305.656, 305.656, 305.656, 305.656, 305.656, 305.656, 305.656, 305.656, 305.655, 305.655, 305.655, 305.655, 305.655, 305.655, 305.655, 305.655, 305.655, 305.655, 305.655, 305.655, 305.655, 305.655, 305.655, 305.655, 305.656, 305.656, 305.656, 305.656, 305.657, 305.657, 305.657, 305.658, 305.659, 305.66, 305.661, 305.662, 305.665, 305.669, 305.678, 300, 
305.682, 305.682, 305.682, 305.682, 305.682, 305.682, 305.682, 305.682, 305.682, 305.682, 305.682, 305.682, 305.682, 305.681, 305.681, 305.681, 305.681, 305.681, 305.681, 305.681, 305.681, 305.681, 305.681, 305.681, 305.681, 305.681, 305.681, 305.681, 305.681, 305.681, 305.681, 305.681, 305.681, 305.681, 305.681, 305.681, 305.681, 305.682, 305.682, 305.682, 305.682, 305.682, 305.682, 305.682, 305.682, 305.682, 305.682, 305.682, 305.682, 305.682, 305.682, 305.682, 305.682, 305.682, 305.682, 305.682, 305.682, 305.682, 305.682, 305.682, 305.682, 305.682, 305.682, 305.681, 305.681, 305.681, 305.681, 305.681, 305.681, 305.681, 305.681, 305.681, 305.681, 305.68, 305.68, 305.68, 305.68, 305.68, 305.68, 305.68, 305.681, 305.681, 305.681, 305.681, 305.681, 305.681, 305.681, 305.682, 305.682, 305.682, 305.683, 305.683, 305.684, 305.685, 305.686, 305.688, 305.69, 305.694, 305.704, 300, 
305.707, 305.707, 305.707, 305.707, 305.707, 305.707, 305.707, 305.707, 305.707, 305.707, 305.707, 305.707, 305.707, 305.707, 305.707, 305.707, 305.707, 305.707, 305.707, 305.707, 305.707, 305.707, 305.707, 305.707, 305.707, 305.707, 305.707, 305.707, 305.707, 305.707, 305.707, 305.707, 305.707, 305.707, 305.707, 305.707, 305.707, 305.707, 305.707, 305.707, 305.707, 305.707, 305.707, 305.707, 305.707, 305.707, 305.708, 305.708, 305.708, 305.708, 305.708, 305.708, 305.708, 305.708, 305.708, 305.707, 305.707, 305.707, 305.707, 305.707, 305.707, 305.707, 305.707, 305.707, 305.707, 305.707, 305.707, 305.706, 305.706, 305.706, 305.706, 305.706, 305.706, 305.706, 305.706, 305.706, 305.706, 305.706, 305.706, 305.706, 305.706, 305.706, 305.706, 305.706, 305.706, 305.707, 305.707, 305.707, 305.708, 305.708, 305.708, 305.709, 305.71, 305.71, 305.712, 305.713, 305.715, 305.72, 305.729, 300, 
305.733, 305.733, 305.733, 305.733, 305.733, 305.733, 305.733, 305.733, 305.733, 305.733, 305.733, 305.733, 305.733, 305.732, 305.732, 305.732, 305.732, 305.732, 305.732, 305.732, 305.732, 305.732, 305.732, 305.732, 305.732, 305.732, 305.732, 305.732, 305.732, 305.732, 305.732, 305.732, 305.732, 305.732, 305.732, 305.732, 305.732, 305.732, 305.733, 305.733, 305.733, 305.733, 305.733, 305.733, 305.733, 305.733, 305.733, 305.733, 305.733, 305.733, 305.733, 305.733, 305.733, 305.733, 305.733, 305.733, 305.733, 305.733, 305.733, 305.733, 305.733, 305.733, 305.732, 305.732, 305.732, 305.732, 305.732, 305.732, 305.732, 305.732, 305.732, 305.732, 305.732, 305.731, 305.731, 305.731, 305.731, 305.731, 305.731, 305.731, 305.731, 305.732, 305.732, 305.732, 305.732, 305.732, 305.732, 305.733, 305.733, 305.733, 305.734, 305.734, 305.735, 305.736, 305.737, 305.738, 305.741, 305.745, 305.754, 300, 
305.758, 305.758, 305.758, 305.758, 305.758, 305.758, 305.758, 305.758, 305.758, 305.758, 305.758, 305.758, 305.758, 305.758, 305.758, 305.758, 305.758, 305.758, 305.758, 305.758, 305.758, 305.758, 305.758, 305.758, 305.758, 305.758, 305.758, 305.758, 305.758, 305.758, 305.758, 305.758, 305.758, 305.758, 305.758, 305.758, 305.758, 305.758, 305.758, 305.758, 305.758, 305.758, 305.758, 305.758, 305.758, 305.758, 305.758, 305.758, 305.759, 305.759, 305.759, 305.759, 305.759, 305.759, 305.758, 305.758, 305.758, 305.758, 305.758, 305.758, 305.758, 305.758, 305.758, 305.758, 305.758, 305.758, 305.758, 305.757, 305.757, 305.757, 305.757, 305.757, 305.757, 305.757, 305.757, 305.757, 305.757, 305.757, 305.757, 305.757, 305.757, 305.757, 305.757, 305.757, 305.757, 305.758, 305.758, 305.758, 305.758, 305.759, 305.759, 305.76, 305.76, 305.761, 305.762, 305.764, 305.766, 305.77, 305.779, 300, 
305.784, 305.784, 305.784, 305.784, 305.784, 305.784, 305.784, 305.784, 305.784, 305.784, 305.784, 305.784, 305.783, 305.783, 305.783, 305.783, 305.783, 305.783, 305.783, 305.783, 305.783, 305.783, 305.783, 305.783, 305.783, 305.783, 305.783, 305.783, 305.783, 305.783, 305.783, 305.783, 305.783, 305.783, 305.783, 305.783, 305.783, 305.783, 305.783, 305.784, 305.784, 305.784, 305.784, 305.784, 305.784, 305.784, 305.784, 305.784, 305.784, 305.784, 305.784, 305.784, 305.784, 305.784, 305.784, 305.784, 305.784, 305.784, 305.784, 305.784, 305.784, 305.784, 305.783, 305.783, 305.783, 305.783, 305.783, 305.783, 305.783, 305.783, 305.783, 305.783, 305.782, 305.782, 305.782, 305.782, 305.782, 305.782, 305.782, 305.782, 305.782, 305.783, 305.783, 305.783, 305.783, 305.783, 305.783, 305.784, 305.784, 305.784, 305.785, 305.785, 305.786, 305.787, 305.788, 305.789, 305.792, 305.796, 305.805, 300, 
305.809, 305.809, 305.809, 305.809, 305.809, 305.809, 305.809, 305.809, 305.809, 305.809, 305.809, 305.809, 305.809, 305.809, 305.809, 305.809, 305.809, 305.809, 305.809, 305.809, 305.809, 305.809, 305.809, 305.808, 305.808, 305.808, 305.808, 305.808, 305.809, 305.809, 305.809, 305.809, 305.809, 305.809, 305.809, 305.809, 305.809, 305.809, 305.809, 305.809, 305.809, 305.809, 305.809, 305.809, 305.809, 305.809, 305.809, 305.809, 305.809, 305.809, 305.809, 305.809, 305.809, 305.809, 305.809, 305.809, 305.809, 305.809, 305.809, 305.809, 305.809, 305.809, 305.809, 305.809, 305.809, 305.809, 305.809, 305.808, 305.808, 305.808, 305.808, 305.808, 305.808, 305.808, 305.808, 305.808, 305.808, 305.808, 305.808, 305.808, 305.808, 305.808, 305.808, 305.808, 305.808, 305.809, 305.809, 305.809, 305.809, 305.81, 305.81, 305.811, 305.811, 305.812, 305.813, 305.815, 305.817, 305.821, 305.83, 300, 
305.835, 305.835, 305.835, 305.835, 305.835, 305.835, 305.835, 305.835, 305.835, 305.835, 305.835, 305.834, 305.834, 305.834, 305.834, 305.834, 305.834, 305.834, 305.834, 305.834, 305.834, 305.834, 305.834, 305.834, 305.834, 305.834, 305.834, 305.834, 305.834, 305.834, 305.834, 305.834, 305.834, 305.834, 305.834, 305.834, 305.834, 305.834, 305.834, 305.835, 305.835, 305.835, 305.835, 305.835, 305.835, 305.835, 305.835, 305.835, 305.835, 305.835, 305.835, 305.835, 305.835, 305.835, 305.835, 305.835, 305.835, 305.835, 305.835, 305.835, 305.835, 305.834, 305.834, 305.834, 305.834, 305.834, 305.834, 305.834, 305.834, 305.834, 305.834, 305.834, 305.833, 305.833, 305.833, 305.833, 305.833, 305.833, 305.833, 305.833, 305.833, 305.833, 305.834, 305.834, 305.834, 305.834, 305.834, 305.835, 305.835, 305.835, 305.836, 305.836, 305.837, 305.838, 305.839, 305.84, 305.842, 305.847, 305.855, 300, 
305.86, 305.86, 305.86, 305.86, 305.86, 305.86, 305.86, 305.86, 305.86, 305.86, 305.86, 305.86, 305.86, 305.86, 305.86, 305.86, 305.86, 305.86, 305.86, 305.86, 305.86, 305.859, 305.859, 305.859, 305.859, 305.859, 305.859, 305.859, 305.859, 305.859, 305.86, 305.86, 305.86, 305.86, 305.86, 305.86, 305.86, 305.86, 305.86, 305.86, 305.86, 305.86, 305.86, 305.86, 305.86, 305.86, 305.86, 305.86, 305.86, 305.86, 305.86, 305.86, 305.86, 305.86, 305.86, 305.86, 305.86, 305.86, 305.86, 305.86, 305.86, 305.86, 305.86, 305.86, 305.86, 305.86, 305.859, 305.859, 305.859, 305.859, 305.859, 305.859, 305.859, 305.859, 305.859, 305.859, 305.859, 305.859, 305.859, 305.859, 305.859, 305.859, 305.859, 305.859, 305.859, 305.86, 305.86, 305.86, 305.86, 305.861, 305.861, 305.862, 305.862, 305.863, 305.864, 305.866, 305.868, 305.872, 305.881, 300, 
305.886, 305.886, 305.886, 305.886, 305.886, 305.886, 305.886, 305.886, 305.886, 305.886, 305.885, 305.885, 305.885, 305.885, 305.885, 305.885, 305.885, 305.885, 305.885, 305.885, 305.885, 305.885, 305.885, 305.885, 305.885, 305.885, 305.885, 305.885, 305.885, 305.885, 305.885, 305.885, 305.885, 305.885, 305.885, 305.885, 305.885, 305.885, 305.885, 305.885, 305.886, 305.886, 305.886, 305.886, 305.886, 305.886, 305.886, 305.886, 305.886, 305.886, 305.886, 305.886, 305.886, 305.886, 305.886, 305.886, 305.886, 305.886, 305.886, 305.886, 305.886, 305.885, 305.885, 305.885, 305.885, 305.885, 305.885, 305.885, 305.885, 305.885, 305.885, 305.885, 305.884, 305.884, 305.884, 305.884, 305.884, 305.884, 305.884, 305.884, 305.884, 305.884, 305.885, 305.885, 305.885, 305.885, 305.885, 305.886, 305.886, 305.886, 305.887, 305.887, 305.888, 305.889, 305.89, 305.891, 305.893, 305.897, 305.906, 300, 
305.911, 305.911, 305.911, 305.911, 305.911, 305.911, 305.911, 305.911, 305.911, 305.911, 305.911, 305.911, 305.911, 305.911, 305.911, 305.911, 305.911, 305.911, 305.911, 305.911, 305.91, 305.91, 305.91, 305.91, 305.91, 305.91, 305.91, 305.91, 305.91, 305.91, 305.91, 305.911, 305.911, 305.911, 305.911, 305.911, 305.911, 305.911, 305.911, 305.911, 305.911, 305.911, 305.911, 305.911, 305.911, 305.911, 305.911, 305.911, 305.911, 305.911, 305.911, 305.911, 305.911, 305.911, 305.911, 305.911, 305.911, 305.911, 305.911, 305.911, 305.911, 305.911, 305.911, 305.911, 305.911, 305.911, 305.91, 305.91, 305.91, 305.91, 305.91, 305.91, 305.91, 305.91, 305.91, 305.91, 305.91, 305.91, 305.91, 305.91, 305.91, 305.91, 305.91, 305.91, 305.91, 305.911, 305.911, 305.911, 305.911, 305.912, 305.912, 305.913, 305.913, 305.914, 305.915, 305.916, 305.919, 305.923, 305.931, 300, 
305.937, 305.937, 305.937, 305.937, 305.937, 305.937, 305.937, 305.937, 305.937, 305.936, 305.936, 305.936, 305.936, 305.936, 305.936, 305.936, 305.936, 305.936, 305.936, 305.936, 305.936, 305.936, 305.936, 305.936, 305.936, 305.936, 305.936, 305.936, 305.936, 305.936, 305.936, 305.936, 305.936, 305.936, 305.936, 305.936, 305.936, 305.936, 305.936, 305.936, 305.936, 305.937, 305.937, 305.937, 305.937, 305.937, 305.937, 305.937, 305.937, 305.937, 305.937, 305.937, 305.937, 305.937, 305.937, 305.937, 305.937, 305.937, 305.937, 305.937, 305.936, 305.936, 305.936, 305.936, 305.936, 305.936, 305.936, 305.936, 305.936, 305.936, 305.936, 305.935, 305.935, 305.935, 305.935, 305.935, 305.935, 305.935, 305.935, 305.935, 305.935, 305.935, 305.936, 305.936, 305.936, 305.936, 305.936, 305.936, 305.937, 305.937, 305.938, 305.938, 305.939, 305.939, 305.94, 305.942, 305.944, 305.948, 305.956, 300, 
305.962, 305.962, 305.962, 305.962, 305.962, 305.962, 305.962, 305.962, 305.962, 305.962, 305.962, 305.962, 305.962, 305.962, 305.962, 305.962, 305.962, 305.962, 305.962, 305.961, 305.961, 305.961, 305.961, 305.961, 305.961, 305.961, 305.961, 305.961, 305.961, 305.961, 305.961, 305.961, 305.962, 305.962, 305.962, 305.962, 305.962, 305.962, 305.962, 305.962, 305.962, 305.962, 305.962, 305.962, 305.962, 305.962, 305.962, 305.962, 305.962, 305.962, 305.962, 305.962, 305.962, 305.962, 305.962, 305.962, 305.962, 305.962, 305.962, 305.962, 305.962, 305.962, 305.962, 305.962, 305.962, 305.961, 305.961, 305.961, 305.961, 305.961, 305.961, 305.961, 305.961, 305.961, 305.961, 305.961, 305.961, 305.961, 305.961, 305.961, 305.961, 305.961, 305.961, 305.961, 305.961, 305.961, 305.962, 305.962, 305.962, 305.963, 305.963, 305.964, 305.964, 305.965, 305.966, 305.967, 305.97, 305.973, 305.982, 300, 
305.988, 305.988, 305.988, 305.988, 305.988, 305.988, 305.988, 305.988, 305.987, 305.987, 305.987, 305.987, 305.987, 305.987, 305.987, 305.987, 305.987, 305.987, 305.987, 305.987, 305.987, 305.987, 305.987, 305.987, 305.987, 305.987, 305.987, 305.987, 305.987, 305.987, 305.987, 305.987, 305.987, 305.987, 305.987, 305.987, 305.987, 305.987, 305.987, 305.987, 305.987, 305.987, 305.988, 305.988, 305.988, 305.988, 305.988, 305.988, 305.988, 305.988, 305.988, 305.988, 305.988, 305.988, 305.988, 305.988, 305.988, 305.988, 305.988, 305.987, 305.987, 305.987, 305.987, 305.987, 305.987, 305.987, 305.987, 305.987, 305.987, 305.987, 305.987, 305.986, 305.986, 305.986, 305.986, 305.986, 305.986, 305.986, 305.986, 305.986, 305.986, 305.986, 305.987, 305.987, 305.987, 305.987, 305.987, 305.987, 305.988, 305.988, 305.989, 305.989, 305.99, 305.99, 305.991, 305.993, 305.995, 305.999, 306.007, 300, 
306.013, 306.013, 306.013, 306.013, 306.013, 306.013, 306.013, 306.013, 306.013, 306.013, 306.013, 306.013, 306.013, 306.013, 306.013, 306.013, 306.013, 306.013, 306.012, 306.012, 306.012, 306.012, 306.012, 306.012, 306.012, 306.012, 306.012, 306.012, 306.012, 306.012, 306.012, 306.012, 306.012, 306.013, 306.013, 306.013, 306.013, 306.013, 306.013, 306.013, 306.013, 306.013, 306.013, 306.013, 306.013, 306.013, 306.013, 306.013, 306.013, 306.013, 306.013, 306.013, 306.013, 306.013, 306.013, 306.013, 306.013, 306.013, 306.013, 306.013, 306.013, 306.013, 306.013, 306.013, 306.013, 306.012, 306.012, 306.012, 306.012, 306.012, 306.012, 306.012, 306.012, 306.012, 306.012, 306.012, 306.012, 306.012, 306.012, 306.012, 306.012, 306.012, 306.012, 306.012, 306.012, 306.012, 306.013, 306.013, 306.013, 306.014, 306.014, 306.014, 306.015, 306.016, 306.017, 306.018, 306.02, 306.024, 306.032, 300, 
306.039, 306.039, 306.039, 306.039, 306.039, 306.039, 306.038, 306.038, 306.038, 306.038, 306.038, 306.038, 306.038, 306.038, 306.038, 306.038, 306.038, 306.038, 306.038, 306.038, 306.038, 306.038, 306.038, 306.038, 306.038, 306.038, 306.038, 306.038, 306.038, 306.038, 306.038, 306.038, 306.038, 306.038, 306.038, 306.038, 306.038, 306.038, 306.038, 306.038, 306.038, 306.038, 306.038, 306.039, 306.039, 306.039, 306.039, 306.039, 306.039, 306.039, 306.039, 306.039, 306.039, 306.039, 306.039, 306.039, 306.039, 306.039, 306.039, 306.038, 306.038, 306.038, 306.038, 306.038, 306.038, 306.038, 306.038, 306.038, 306.038, 306.038, 306.037, 306.037, 306.037, 306.037, 306.037, 306.037, 306.037, 306.037, 306.037, 306.037, 306.037, 306.037, 306.037, 306.038, 306.038, 306.038, 306.038, 306.038, 306.039, 306.039, 306.039, 306.04, 306.041, 306.041, 306.042, 306.044, 306.046, 306.05, 306.058, 300, 
306.064, 306.064, 306.064, 306.064, 306.064, 306.064, 306.064, 306.064, 306.064, 306.064, 306.064, 306.064, 306.064, 306.064, 306.064, 306.064, 306.064, 306.063, 306.063, 306.063, 306.063, 306.063, 306.063, 306.063, 306.063, 306.063, 306.063, 306.063, 306.063, 306.063, 306.063, 306.063, 306.063, 306.063, 306.064, 306.064, 306.064, 306.064, 306.064, 306.064, 306.064, 306.064, 306.064, 306.064, 306.064, 306.064, 306.064, 306.064, 306.064, 306.064, 306.064, 306.064, 306.064, 306.064, 306.064, 306.064, 306.064, 306.064, 306.064, 306.064, 306.064, 306.064, 306.064, 306.064, 306.063, 306.063, 306.063, 306.063, 306.063, 306.063, 306.063, 306.063, 306.063, 306.063, 306.063, 306.063, 306.063, 306.063, 306.063, 306.063, 306.063, 306.063, 306.063, 306.063, 306.063, 306.063, 306.064, 306.064, 306.064, 306.065, 306.065, 306.065, 306.066, 306.067, 306.068, 306.069, 306.071, 306.075, 306.083, 300, 
306.09, 306.09, 306.09, 306.09, 306.089, 306.089, 306.089, 306.089, 306.089, 306.089, 306.089, 306.089, 306.089, 306.089, 306.089, 306.089, 306.089, 306.089, 306.089, 306.089, 306.089, 306.089, 306.089, 306.089, 306.089, 306.089, 306.089, 306.089, 306.089, 306.089, 306.089, 306.089, 306.089, 306.089, 306.089, 306.089, 306.089, 306.089, 306.089, 306.089, 306.089, 306.089, 306.089, 306.089, 306.09, 306.09, 306.09, 306.09, 306.09, 306.09, 306.09, 306.09, 306.09, 306.09, 306.09, 306.09, 306.09, 306.09, 306.089, 306.089, 306.089, 306.089, 306.089, 306.089, 306.089, 306.089, 306.089, 306.089, 306.089, 306.089, 306.088, 306.088, 306.088, 306.088, 306.088, 306.088, 306.088, 306.088, 306.088, 306.088, 306.088, 306.088, 306.088, 306.089, 306.089, 306.089, 306.089, 306.089, 306.09, 306.09, 306.09, 306.091, 306.091, 306.092, 306.093, 306.095, 306.097, 306.1, 306.108, 300, 
306.115, 306.115, 306.115, 306.115, 306.115, 306.115, 306.115, 306.115, 306.115, 306.115, 306.115, 306.115, 306.115, 306.115, 306.115, 306.115, 306.114, 306.114, 306.114, 306.114, 306.114, 306.114, 306.114, 306.114, 306.114, 306.114, 306.114, 306.114, 306.114, 306.114, 306.114, 306.114, 306.114, 306.114, 306.114, 306.115, 306.115, 306.115, 306.115, 306.115, 306.115, 306.115, 306.115, 306.115, 306.115, 306.115, 306.115, 306.115, 306.115, 306.115, 306.115, 306.115, 306.115, 306.115, 306.115, 306.115, 306.115, 306.115, 306.115, 306.115, 306.115, 306.115, 306.115, 306.115, 306.114, 306.114, 306.114, 306.114, 306.114, 306.114, 306.114, 306.114, 306.114, 306.114, 306.114, 306.114, 306.114, 306.114, 306.114, 306.114, 306.114, 306.114, 306.114, 306.114, 306.114, 306.114, 306.115, 306.115, 306.115, 306.115, 306.116, 306.116, 306.117, 306.118, 306.119, 306.12, 306.122, 306.126, 306.134, 300, 
306.14, 306.14, 306.14, 306.14, 306.14, 306.14, 306.14, 306.14, 306.14, 306.14, 306.14, 306.14, 306.14, 306.14, 306.14, 306.14, 306.14, 306.14, 306.14, 306.14, 306.14, 306.14, 306.14, 306.14, 306.14, 306.14, 306.14, 306.14, 306.14, 306.14, 306.14, 306.14, 306.14, 306.14, 306.14, 306.14, 306.14, 306.14, 306.14, 306.14, 306.14, 306.14, 306.14, 306.14, 306.14, 306.141, 306.141, 306.141, 306.141, 306.141, 306.141, 306.141, 306.141, 306.141, 306.141, 306.141, 306.141, 306.14, 306.14, 306.14, 306.14, 306.14, 306.14, 306.14, 306.14, 306.14, 306.14, 306.14, 306.14, 306.139, 306.139, 306.139, 306.139, 306.139, 306.139, 306.139, 306.139, 306.139, 306.139, 306.139, 306.139, 306.139, 306.139, 306.14, 306.14, 306.14, 306.14, 306.14, 306.141, 306.141, 306.141, 306.142, 306.142, 306.143, 306.144, 306.145, 306.147, 306.151, 306.159, 300, 
306.166, 306.166, 306.166, 306.166, 306.166, 306.166, 306.166, 306.166, 306.166, 306.166, 306.166, 306.166, 306.166, 306.166, 306.166, 306.165, 306.165, 306.165, 306.165, 306.165, 306.165, 306.165, 306.165, 306.165, 306.165, 306.165, 306.165, 306.165, 306.165, 306.165, 306.165, 306.165, 306.165, 306.165, 306.165, 306.165, 306.166, 306.166, 306.166, 306.166, 306.166, 306.166, 306.166, 306.166, 306.166, 306.166, 306.166, 306.166, 306.166, 306.166, 306.166, 306.166, 306.166, 306.166, 306.166, 306.166, 306.166, 306.166, 306.166, 306.166, 306.166, 306.166, 306.166, 306.166, 306.165, 306.165, 306.165, 306.165, 306.165, 306.165, 306.165, 306.165, 306.165, 306.165, 306.165, 306.165, 306.165, 306.165, 306.165, 306.165, 306.165, 306.165, 306.165, 306.165, 306.165, 306.165, 306.166, 306.166, 306.166, 306.166, 306.167, 306.167, 306.168, 306.169, 306.17, 306.171, 306.173, 306.177, 306.184, 300, 
306.191, 306.191, 306.191, 306.191, 306.191, 306.191, 306.191, 306.191, 306.191, 306.191, 306.191, 306.191, 306.191, 306.191, 306.191, 306.191, 306.191, 306.191, 306.191, 306.191, 306.191, 306.191, 306.191, 306.191, 306.191, 306.191, 306.191, 306.191, 306.191, 306.191, 306.191, 306.191, 306.191, 306.191, 306.191, 306.191, 306.191, 306.191, 306.191, 306.191, 306.191, 306.191, 306.191, 306.191, 306.191, 306.191, 306.192, 306.192, 306.192, 306.192, 306.192, 306.192, 306.192, 306.192, 306.192, 306.192, 306.191, 306.191, 306.191, 306.191, 306.191, 306.191, 306.191, 306.191, 306.191, 306.191, 306.191, 306.191, 306.191, 306.19, 306.19, 306.19, 306.19, 306.19, 306.19, 306.19, 306.19, 306.19, 306.19, 306.19, 306.19, 306.19, 306.19, 306.19, 306.191, 306.191, 306.191, 306.191, 306.192, 306.192, 306.192, 306.193, 306.193, 306.194, 306.195, 306.196, 306.198, 306.202, 306.21, 300, 
306.217, 306.217, 306.217, 306.217, 306.217, 306.217, 306.217, 306.217, 306.217, 306.217, 306.217, 306.217, 306.217, 306.217, 306.216, 306.216, 306.216, 306.216, 306.216, 306.216, 306.216, 306.216, 306.216, 306.216, 306.216, 306.216, 306.216, 306.216, 306.216, 306.216, 306.216, 306.216, 306.216, 306.216, 306.216, 306.216, 306.217, 306.217, 306.217, 306.217, 306.217, 306.217, 306.217, 306.217, 306.217, 306.217, 306.217, 306.217, 306.217, 306.217, 306.217, 306.217, 306.217, 306.217, 306.217, 306.217, 306.217, 306.217, 306.217, 306.217, 306.217, 306.217, 306.217, 306.216, 306.216, 306.216, 306.216, 306.216, 306.216, 306.216, 306.216, 306.216, 306.216, 306.216, 306.216, 306.216, 306.216, 306.216, 306.216, 306.216, 306.216, 306.216, 306.216, 306.216, 306.216, 306.216, 306.216, 306.217, 306.217, 306.217, 306.218, 306.218, 306.219, 306.219, 306.22, 306.222, 306.224, 306.227, 306.235, 300, 
306.242, 306.242, 306.242, 306.242, 306.242, 306.242, 306.242, 306.242, 306.242, 306.242, 306.242, 306.242, 306.242, 306.242, 306.242, 306.242, 306.242, 306.242, 306.242, 306.242, 306.242, 306.242, 306.242, 306.242, 306.242, 306.242, 306.242, 306.242, 306.242, 306.242, 306.242, 306.242, 306.242, 306.242, 306.242, 306.242, 306.242, 306.242, 306.242, 306.242, 306.242, 306.242, 306.242, 306.242, 306.242, 306.242, 306.242, 306.242, 306.243, 306.243, 306.243, 306.243, 306.243, 306.243, 306.242, 306.242, 306.242, 306.242, 306.242, 306.242, 306.242, 306.242, 306.242, 306.242, 306.242, 306.242, 306.242, 306.242, 306.242, 306.241, 306.241, 306.241, 306.241, 306.241, 306.241, 306.241, 306.241, 306.241, 306.241, 306.241, 306.241, 306.241, 306.241, 306.241, 306.242, 306.242, 306.242, 306.242, 306.242, 306.243, 306.243, 306.244, 306.244, 306.245, 306.246, 306.247, 306.249, 306.253, 306.26, 300, 
306.268, 306.268, 306.268, 306.268, 306.268, 306.268, 306.268, 306.268, 306.268, 306.268, 306.268, 306.268, 306.268, 306.267, 306.267, 306.267, 306.267, 306.267, 306.267, 306.267, 306.267, 306.267, 306.267, 306.267, 306.267, 306.267, 306.267, 306.267, 306.267, 306.267, 306.267, 306.267, 306.267, 306.267, 306.267, 306.267, 306.267, 306.268, 306.268, 306.268, 306.268, 306.268, 306.268, 306.268, 306.268, 306.268, 306.268, 306.268, 306.268, 306.268, 306.268, 306.268, 306.268, 306.268, 306.268, 306.268, 306.268, 306.268, 306.268, 306.268, 306.268, 306.268, 306.267, 306.267, 306.267, 306.267, 306.267, 306.267, 306.267, 306.267, 306.267, 306.267, 306.267, 306.267, 306.267, 306.267, 306.267, 306.267, 306.267, 306.267, 306.267, 306.267, 306.267, 306.267, 306.267, 306.267, 306.267, 306.268, 306.268, 306.268, 306.269, 306.269, 306.27, 306.27, 306.271, 306.273, 306.275, 306.278, 306.285, 300, 
306.293, 306.293, 306.293, 306.293, 306.293, 306.293, 306.293, 306.293, 306.293, 306.293, 306.293, 306.293, 306.293, 306.293, 306.293, 306.293, 306.293, 306.293, 306.293, 306.293, 306.293, 306.293, 306.293, 306.293, 306.293, 306.293, 306.293, 306.293, 306.293, 306.293, 306.293, 306.293, 306.293, 306.293, 306.293, 306.293, 306.293, 306.293, 306.293, 306.293, 306.293, 306.293, 306.293, 306.293, 306.293, 306.293, 306.293, 306.293, 306.293, 306.293, 306.293, 306.293, 306.293, 306.293, 306.293, 306.293, 306.293, 306.293, 306.293, 306.293, 306.293, 306.293, 306.293, 306.293, 306.293, 306.293, 306.293, 306.293, 306.292, 306.292, 306.292, 306.292, 306.292, 306.292, 306.292, 306.292, 306.292, 306.292, 306.292, 306.292, 306.292, 306.292, 306.292, 306.292, 306.293, 306.293, 306.293, 306.293, 306.293, 306.294, 306.294, 306.295, 306.295, 306.296, 306.297, 306.298, 306.3, 306.304, 306.311, 300, 
306.319, 306.319, 306.319, 306.319, 306.319, 306.319, 306.319, 306.319, 306.319, 306.319, 306.319, 306.319, 306.318, 306.318, 306.318, 306.318, 306.318, 306.318, 306.318, 306.318, 306.318, 306.318, 306.318, 306.318, 306.318, 306.318, 306.318, 306.318, 306.318, 306.318, 306.318, 306.318, 306.318, 306.318, 306.318, 306.318, 306.318, 306.318, 306.319, 306.319, 306.319, 306.319, 306.319, 306.319, 306.319, 306.319, 306.319, 306.319, 306.319, 306.319, 306.319, 306.319, 306.319, 306.319, 306.319, 306.319, 306.319, 306.319, 306.319, 306.319, 306.319, 306.319, 306.318, 306.318, 306.318, 306.318, 306.318, 306.318, 306.318, 306.318, 306.318, 306.318, 306.318, 306.318, 306.318, 306.318, 306.318, 306.318, 306.318, 306.318, 306.318, 306.318, 306.318, 306.318, 306.318, 306.318, 306.318, 306.319, 306.319, 306.319, 306.32, 306.32, 306.321, 306.321, 306.322, 306.323, 306.325, 306.329, 306.336, 300, 
306.344, 306.344, 306.344, 306.344, 306.344, 306.344, 306.344, 306.344, 306.344, 306.344, 306.344, 306.344, 306.344, 306.344, 306.344, 306.344, 306.344, 306.344, 306.344, 306.344, 306.344, 306.344, 306.344, 306.344, 306.344, 306.344, 306.344, 306.344, 306.344, 306.344, 306.344, 306.344, 306.344, 306.344, 306.344, 306.344, 306.344, 306.344, 306.344, 306.344, 306.344, 306.344, 306.344, 306.344, 306.344, 306.344, 306.344, 306.344, 306.344, 306.344, 306.344, 306.344, 306.344, 306.344, 306.344, 306.344, 306.344, 306.344, 306.344, 306.344, 306.344, 306.344, 306.344, 306.344, 306.344, 306.344, 306.344, 306.344, 306.343, 306.343, 306.343, 306.343, 306.343, 306.343, 306.343, 306.343, 306.343, 306.343, 306.343, 306.343, 306.343, 306.343, 306.343, 306.343, 306.344, 306.344, 306.344, 306.344, 306.344, 306.345, 306.345, 306.346, 306.346, 306.347, 306.348, 306.349, 306.351, 306.354, 306.361, 300, 
306.37, 306.37, 306.37, 306.37, 306.37, 306.37, 306.37, 306.37, 306.37, 306.37, 306.37, 306.369, 306.369, 306.369, 306.369, 306.369, 306.369, 306.369, 306.369, 306.369, 306.369, 306.369, 306.369, 306.369, 306.369, 306.369, 306.369, 306.369, 306.369, 306.369, 306.369, 306.369, 306.369, 306.369, 306.369, 306.369, 306.369, 306.369, 306.369, 306.37, 306.37, 306.37, 306.37, 306.37, 306.37, 306.37, 306.37, 306.37, 306.37, 306.37, 306.37, 306.37, 306.37, 306.37, 306.37, 306.37, 306.37, 306.37, 306.37, 306.37, 306.37, 306.369, 306.369, 306.369, 306.369, 306.369, 306.369, 306.369, 306.369, 306.369, 306.369, 306.369, 306.369, 306.369, 306.369, 306.369, 306.369, 306.369, 306.369, 306.369, 306.369, 306.369, 306.369, 306.369, 306.369, 306.369, 306.369, 306.37, 306.37, 306.37, 306.371, 306.371, 306.372, 306.372, 306.373, 306.374, 306.376, 306.38, 306.387, 300, 
306.395, 306.395, 306.395, 306.395, 306.395, 306.395, 306.395, 306.395, 306.395, 306.395, 306.395, 306.395, 306.395, 306.395, 306.395, 306.395, 306.395, 306.395, 306.395, 306.395, 306.395, 306.395, 306.395, 306.395, 306.395, 306.395, 306.395, 306.395, 306.395, 306.395, 306.395, 306.395, 306.395, 306.395, 306.395, 306.395, 306.395, 306.395, 306.395, 306.395, 306.395, 306.395, 306.395, 306.395, 306.395, 306.395, 306.395, 306.395, 306.395, 306.395, 306.395, 306.395, 306.395, 306.395, 306.395, 306.395, 306.395, 306.395, 306.395, 306.395, 306.395, 306.395, 306.395, 306.395, 306.395, 306.395, 306.395, 306.394, 306.394, 306.394, 306.394, 306.394, 306.394, 306.394, 306.394, 306.394, 306.394, 306.394, 306.394, 306.394, 306.394, 306.394, 306.394, 306.394, 306.394, 306.395, 306.395, 306.395, 306.395, 306.396, 306.396, 306.396, 306.397, 306.398, 306.399, 306.4, 306.402, 306.405, 306.412, 300, 
306.421, 306.421, 306.421, 306.421, 306.421, 306.421, 306.421, 306.421, 306.421, 306.421, 306.42, 306.42, 306.42, 306.42, 306.42, 306.42, 306.42, 306.42, 306.42, 306.42, 306.42, 306.42, 306.42, 306.42, 306.42, 306.42, 306.42, 306.42, 306.42, 306.42, 306.42, 306.42, 306.42, 306.42, 306.42, 306.42, 306.42, 306.42, 306.42, 306.42, 306.421, 306.421, 306.421, 306.421, 306.421, 306.421, 306.421, 306.421, 306.421, 306.421, 306.421, 306.421, 306.421, 306.421, 306.421, 306.421, 306.421, 306.421, 306.421, 306.421, 306.421, 306.42, 306.42, 306.42, 306.42, 306.42, 306.42, 306.42, 306.42, 306.42, 306.42, 306.42, 306.42, 306.42, 306.42, 306.419, 306.419, 306.419, 306.419, 306.42, 306.42, 306.42, 306.42, 306.42, 306.42, 306.42, 306.42, 306.421, 306.421, 306.421, 306.421, 306.422, 306.422, 306.423, 306.424, 306.425, 306.427, 306.43, 306.437, 300, 
306.446, 306.446, 306.446, 306.446, 306.446, 306.446, 306.446, 306.446, 306.446, 306.446, 306.446, 306.446, 306.446, 306.446, 306.446, 306.446, 306.446, 306.446, 306.446, 306.446, 306.446, 306.446, 306.446, 306.446, 306.446, 306.446, 306.446, 306.446, 306.446, 306.446, 306.446, 306.446, 306.446, 306.446, 306.446, 306.446, 306.446, 306.446, 306.446, 306.446, 306.446, 306.446, 306.446, 306.446, 306.446, 306.446, 306.446, 306.446, 306.446, 306.446, 306.446, 306.446, 306.446, 306.446, 306.446, 306.446, 306.446, 306.446, 306.446, 306.446, 306.446, 306.446, 306.446, 306.446, 306.446, 306.446, 306.446, 306.445, 306.445, 306.445, 306.445, 306.445, 306.445, 306.445, 306.445, 306.445, 306.445, 306.445, 306.445, 306.445, 306.445, 306.445, 306.445, 306.445, 306.445, 306.446, 306.446, 306.446, 306.446, 306.447, 306.447, 306.447, 306.448, 306.449, 306.449, 306.451, 306.453, 306.456, 306.463, 300, 
306.472, 306.472, 306.472, 306.472, 306.472, 306.472, 306.472, 306.472, 306.472, 306.471, 306.471, 306.471, 306.471, 306.471, 306.471, 306.471, 306.471, 306.471, 306.471, 306.471, 306.471, 306.471, 306.471, 306.471, 306.471, 306.471, 306.471, 306.471, 306.471, 306.471, 306.471, 306.471, 306.471, 306.471, 306.471, 306.471, 306.471, 306.471, 306.471, 306.471, 306.471, 306.472, 306.472, 306.472, 306.472, 306.472, 306.472, 306.472, 306.472, 306.472, 306.472, 306.472, 306.472, 306.472, 306.472, 306.472, 306.472, 306.472, 306.472, 306.472, 306.471, 306.471, 306.471, 306.471, 306.471, 306.471, 306.471, 306.471, 306.471, 306.471, 306.471, 306.471, 306.471, 306.471, 306.47, 306.47, 306.47, 306.47, 306.47, 306.47, 306.471, 306.471, 306.471, 306.471, 306.471, 306.471, 306.471, 306.471, 306.472, 306.472, 306.472, 306.473, 306.473, 306.474, 306.475, 306.476, 306.478, 306.481, 306.488, 300, 
306.497, 306.497, 306.497, 306.497, 306.497, 306.497, 306.497, 306.497, 306.497, 306.497, 306.497, 306.497, 306.497, 306.497, 306.497, 306.497, 306.497, 306.497, 306.497, 306.497, 306.497, 306.497, 306.496, 306.496, 306.496, 306.496, 306.496, 306.496, 306.496, 306.497, 306.497, 306.497, 306.497, 306.497, 306.497, 306.497, 306.497, 306.497, 306.497, 306.497, 306.497, 306.497, 306.497, 306.497, 306.497, 306.497, 306.497, 306.497, 306.497, 306.497, 306.497, 306.497, 306.497, 306.497, 306.497, 306.497, 306.497, 306.497, 306.497, 306.497, 306.497, 306.497, 306.497, 306.497, 306.497, 306.497, 306.496, 306.496, 306.496, 306.496, 306.496, 306.496, 306.496, 306.496, 306.496, 306.496, 306.496, 306.496, 306.496, 306.496, 306.496, 306.496, 306.496, 306.496, 306.496, 306.497, 306.497, 306.497, 306.497, 306.498, 306.498, 306.498, 306.499, 306.499, 306.5, 306.502, 306.503, 306.507, 306.513, 300, 
306.523, 306.523, 306.523, 306.523, 306.523, 306.523, 306.523, 306.522, 306.522, 306.522, 306.522, 306.522, 306.522, 306.522, 306.522, 306.522, 306.522, 306.522, 306.522, 306.522, 306.522, 306.522, 306.522, 306.522, 306.522, 306.522, 306.522, 306.522, 306.522, 306.522, 306.522, 306.522, 306.522, 306.522, 306.522, 306.522, 306.522, 306.522, 306.522, 306.522, 306.522, 306.522, 306.523, 306.523, 306.523, 306.523, 306.523, 306.523, 306.523, 306.523, 306.523, 306.523, 306.523, 306.523, 306.523, 306.523, 306.523, 306.523, 306.523, 306.522, 306.522, 306.522, 306.522, 306.522, 306.522, 306.522, 306.522, 306.522, 306.522, 306.522, 306.522, 306.522, 306.522, 306.521, 306.521, 306.521, 306.521, 306.521, 306.521, 306.521, 306.522, 306.522, 306.522, 306.522, 306.522, 306.522, 306.522, 306.522, 306.523, 306.523, 306.523, 306.524, 306.524, 306.525, 306.526, 306.527, 306.529, 306.532, 306.539, 300, 
306.548, 306.548, 306.548, 306.548, 306.548, 306.548, 306.548, 306.548, 306.548, 306.548, 306.548, 306.548, 306.548, 306.548, 306.548, 306.548, 306.548, 306.548, 306.548, 306.548, 306.547, 306.547, 306.547, 306.547, 306.547, 306.547, 306.547, 306.547, 306.547, 306.547, 306.547, 306.548, 306.548, 306.548, 306.548, 306.548, 306.548, 306.548, 306.548, 306.548, 306.548, 306.548, 306.548, 306.548, 306.548, 306.548, 306.548, 306.548, 306.548, 306.548, 306.548, 306.548, 306.548, 306.548, 306.548, 306.548, 306.548, 306.548, 306.548, 306.548, 306.548, 306.548, 306.548, 306.548, 306.548, 306.548, 306.547, 306.547, 306.547, 306.547, 306.547, 306.547, 306.547, 306.547, 306.547, 306.547, 306.547, 306.547, 306.547, 306.547, 306.547, 306.547, 306.547, 306.547, 306.547, 306.548, 306.548, 306.548, 306.548, 306.548, 306.549, 306.549, 306.55, 306.55, 306.551, 306.552, 306.554, 306.557, 306.564, 300, 
306.574, 306.574, 306.574, 306.574, 306.574, 306.574, 306.573, 306.573, 306.573, 306.573, 306.573, 306.573, 306.573, 306.573, 306.573, 306.573, 306.573, 306.573, 306.573, 306.573, 306.573, 306.573, 306.573, 306.573, 306.573, 306.573, 306.573, 306.573, 306.573, 306.573, 306.573, 306.573, 306.573, 306.573, 306.573, 306.573, 306.573, 306.573, 306.573, 306.573, 306.573, 306.573, 306.573, 306.574, 306.574, 306.574, 306.574, 306.574, 306.574, 306.574, 306.574, 306.574, 306.574, 306.574, 306.574, 306.574, 306.574, 306.574, 306.573, 306.573, 306.573, 306.573, 306.573, 306.573, 306.573, 306.573, 306.573, 306.573, 306.573, 306.573, 306.573, 306.573, 306.573, 306.572, 306.572, 306.572, 306.572, 306.572, 306.572, 306.572, 306.572, 306.573, 306.573, 306.573, 306.573, 306.573, 306.573, 306.573, 306.574, 306.574, 306.574, 306.575, 306.575, 306.576, 306.577, 306.578, 306.58, 306.583, 306.589, 300, 
306.599, 306.599, 306.599, 306.599, 306.599, 306.599, 306.599, 306.599, 306.599, 306.599, 306.599, 306.599, 306.599, 306.599, 306.599, 306.599, 306.599, 306.599, 306.599, 306.598, 306.598, 306.598, 306.598, 306.598, 306.598, 306.598, 306.598, 306.598, 306.598, 306.598, 306.598, 306.598, 306.599, 306.599, 306.599, 306.599, 306.599, 306.599, 306.599, 306.599, 306.599, 306.599, 306.599, 306.599, 306.599, 306.599, 306.599, 306.599, 306.599, 306.599, 306.599, 306.599, 306.599, 306.599, 306.599, 306.599, 306.599, 306.599, 306.599, 306.599, 306.599, 306.599, 306.599, 306.599, 306.599, 306.598, 306.598, 306.598, 306.598, 306.598, 306.598, 306.598, 306.598, 306.598, 306.598, 306.598, 306.598, 306.598, 306.598, 306.598, 306.598, 306.598, 306.598, 306.598, 306.598, 306.598, 306.599, 306.599, 306.599, 306.599, 306.6, 306.6, 306.601, 306.601, 306.602, 306.603, 306.605, 306.608, 306.615, 300, 
306.625, 306.625, 306.625, 306.624, 306.624, 306.624, 306.624, 306.624, 306.624, 306.624, 306.624, 306.624, 306.624, 306.624, 306.624, 306.624, 306.624, 306.624, 306.624, 306.624, 306.624, 306.624, 306.624, 306.624, 306.624, 306.624, 306.624, 306.624, 306.624, 306.624, 306.624, 306.624, 306.624, 306.624, 306.624, 306.624, 306.624, 306.624, 306.624, 306.624, 306.624, 306.624, 306.624, 306.624, 306.625, 306.625, 306.625, 306.625, 306.625, 306.625, 306.625, 306.625, 306.625, 306.625, 306.625, 306.625, 306.625, 306.624, 306.624, 306.624, 306.624, 306.624, 306.624, 306.624, 306.624, 306.624, 306.624, 306.624, 306.624, 306.624, 306.624, 306.624, 306.623, 306.623, 306.623, 306.623, 306.623, 306.623, 306.623, 306.623, 306.623, 306.624, 306.624, 306.624, 306.624, 306.624, 306.624, 306.624, 306.625, 306.625, 306.625, 306.626, 306.626, 306.627, 306.628, 306.629, 306.631, 306.634, 306.64, 300, 
306.65, 306.65, 306.65, 306.65, 306.65, 306.65, 306.65, 306.65, 306.65, 306.65, 306.65, 306.65, 306.65, 306.65, 306.65, 306.65, 306.65, 306.65, 306.649, 306.649, 306.649, 306.649, 306.649, 306.649, 306.649, 306.649, 306.649, 306.649, 306.649, 306.649, 306.649, 306.649, 306.649, 306.65, 306.65, 306.65, 306.65, 306.65, 306.65, 306.65, 306.65, 306.65, 306.65, 306.65, 306.65, 306.65, 306.65, 306.65, 306.65, 306.65, 306.65, 306.65, 306.65, 306.65, 306.65, 306.65, 306.65, 306.65, 306.65, 306.65, 306.65, 306.65, 306.65, 306.65, 306.65, 306.649, 306.649, 306.649, 306.649, 306.649, 306.649, 306.649, 306.649, 306.649, 306.649, 306.649, 306.649, 306.649, 306.649, 306.649, 306.649, 306.649, 306.649, 306.649, 306.649, 306.649, 306.65, 306.65, 306.65, 306.65, 306.651, 306.651, 306.652, 306.652, 306.653, 306.654, 306.656, 306.659, 306.665, 300, 
306.675, 306.675, 306.675, 306.675, 306.675, 306.675, 306.675, 306.675, 306.675, 306.675, 306.675, 306.675, 306.675, 306.675, 306.675, 306.675, 306.675, 306.675, 306.675, 306.675, 306.675, 306.675, 306.675, 306.675, 306.675, 306.675, 306.675, 306.675, 306.675, 306.675, 306.675, 306.675, 306.675, 306.675, 306.675, 306.675, 306.675, 306.675, 306.675, 306.675, 306.675, 306.675, 306.675, 306.675, 306.675, 306.676, 306.676, 306.676, 306.676, 306.676, 306.676, 306.676, 306.676, 306.676, 306.676, 306.676, 306.675, 306.675, 306.675, 306.675, 306.675, 306.675, 306.675, 306.675, 306.675, 306.675, 306.675, 306.675, 306.675, 306.675, 306.675, 306.675, 306.674, 306.674, 306.674, 306.674, 306.674, 306.674, 306.674, 306.674, 306.674, 306.674, 306.675, 306.675, 306.675, 306.675, 306.675, 306.675, 306.676, 306.676, 306.676, 306.677, 306.677, 306.678, 306.678, 306.68, 306.681, 306.684, 306.691, 300, 
306.701, 306.701, 306.701, 306.701, 306.701, 306.701, 306.701, 306.701, 306.701, 306.701, 306.701, 306.701, 306.701, 306.701, 306.701, 306.701, 306.7, 306.7, 306.7, 306.7, 306.7, 306.7, 306.7, 306.7, 306.7, 306.7, 306.7, 306.7, 306.7, 306.7, 306.7, 306.7, 306.7, 306.7, 306.701, 306.701, 306.701, 306.701, 306.701, 306.701, 306.701, 306.701, 306.701, 306.701, 306.701, 306.701, 306.701, 306.701, 306.701, 306.701, 306.701, 306.701, 306.701, 306.701, 306.701, 306.701, 306.701, 306.701, 306.701, 306.701, 306.701, 306.701, 306.701, 306.701, 306.7, 306.7, 306.7, 306.7, 306.7, 306.7, 306.7, 306.7, 306.7, 306.7, 306.7, 306.7, 306.7, 306.7, 306.7, 306.7, 306.7, 306.7, 306.7, 306.7, 306.7, 306.7, 306.701, 306.701, 306.701, 306.701, 306.702, 306.702, 306.703, 306.703, 306.704, 306.705, 306.707, 306.71, 306.716, 300, 
306.726, 306.726, 306.726, 306.726, 306.726, 306.726, 306.726, 306.726, 306.726, 306.726, 306.726, 306.726, 306.726, 306.726, 306.726, 306.726, 306.726, 306.726, 306.726, 306.726, 306.726, 306.726, 306.726, 306.726, 306.726, 306.726, 306.726, 306.726, 306.726, 306.726, 306.726, 306.726, 306.726, 306.726, 306.726, 306.726, 306.726, 306.726, 306.726, 306.726, 306.726, 306.726, 306.726, 306.726, 306.726, 306.726, 306.726, 306.727, 306.727, 306.727, 306.727, 306.727, 306.727, 306.727, 306.726, 306.726, 306.726, 306.726, 306.726, 306.726, 306.726, 306.726, 306.726, 306.726, 306.726, 306.726, 306.726, 306.726, 306.726, 306.726, 306.726, 306.725, 306.725, 306.725, 306.725, 306.725, 306.725, 306.725, 306.725, 306.725, 306.725, 306.725, 306.726, 306.726, 306.726, 306.726, 306.726, 306.726, 306.727, 306.727, 306.727, 306.728, 306.728, 306.729, 306.729, 306.731, 306.732, 306.735, 306.741, 300, 
306.752, 306.752, 306.752, 306.752, 306.752, 306.752, 306.752, 306.752, 306.752, 306.752, 306.752, 306.752, 306.752, 306.752, 306.752, 306.751, 306.751, 306.751, 306.751, 306.751, 306.751, 306.751, 306.751, 306.751, 306.751, 306.751, 306.751, 306.751, 306.751, 306.751, 306.751, 306.751, 306.751, 306.751, 306.751, 306.752, 306.752, 306.752, 306.752, 306.752, 306.752, 306.752, 306.752, 306.752, 306.752, 306.752, 306.752, 306.752, 306.752, 306.752, 306.752, 306.752, 306.752, 306.752, 306.752, 306.752, 306.752, 306.752, 306.752, 306.752, 306.752, 306.752, 306.752, 306.752, 306.751, 306.751, 306.751, 306.751, 306.751, 306.751, 306.751, 306.751, 306.751, 306.751, 306.751, 306.751, 306.751, 306.751, 306.751, 306.751, 306.751, 306.751, 306.751, 306.751, 306.751, 306.751, 306.752, 306.752, 306.752, 306.752, 306.753, 306.753, 306.753, 306.754, 306.755, 306.756, 306.758, 306.761, 306.767, 300, 
306.777, 306.777, 306.777, 306.777, 306.777, 306.777, 306.777, 306.777, 306.777, 306.777, 306.777, 306.777, 306.777, 306.777, 306.777, 306.777, 306.777, 306.777, 306.777, 306.777, 306.777, 306.777, 306.777, 306.777, 306.777, 306.777, 306.777, 306.777, 306.777, 306.777, 306.777, 306.777, 306.777, 306.777, 306.777, 306.777, 306.777, 306.777, 306.777, 306.777, 306.777, 306.777, 306.777, 306.777, 306.777, 306.777, 306.777, 306.777, 306.777, 306.777, 306.777, 306.777, 306.777, 306.777, 306.777, 306.777, 306.777, 306.777, 306.777, 306.777, 306.777, 306.777, 306.777, 306.777, 306.777, 306.777, 306.777, 306.777, 306.777, 306.777, 306.776, 306.776, 306.776, 306.776, 306.776, 306.776, 306.776, 306.776, 306.776, 306.776, 306.776, 306.776, 306.776, 306.777, 306.777, 306.777, 306.777, 306.777, 306.777, 306.778, 306.778, 306.778, 306.779, 306.78, 306.78, 306.781, 306.783, 306.786, 306.792, 300, 
306.803, 306.803, 306.803, 306.803, 306.803, 306.803, 306.803, 306.803, 306.803, 306.803, 306.803, 306.803, 306.803, 306.803, 306.802, 306.802, 306.802, 306.802, 306.802, 306.802, 306.802, 306.802, 306.802, 306.802, 306.802, 306.802, 306.802, 306.802, 306.802, 306.802, 306.802, 306.802, 306.802, 306.802, 306.802, 306.802, 306.803, 306.803, 306.803, 306.803, 306.803, 306.803, 306.803, 306.803, 306.803, 306.803, 306.803, 306.803, 306.803, 306.803, 306.803, 306.803, 306.803, 306.803, 306.803, 306.803, 306.803, 306.803, 306.803, 306.803, 306.803, 306.803, 306.803, 306.802, 306.802, 306.802, 306.802, 306.802, 306.802, 306.802, 306.802, 306.802, 306.802, 306.802, 306.802, 306.802, 306.802, 306.802, 306.802, 306.802, 306.802, 306.802, 306.802, 306.802, 306.802, 306.802, 306.802, 306.803, 306.803, 306.803, 306.804, 306.804, 306.804, 306.805, 306.806, 306.807, 306.809, 306.811, 306.817, 300, 
306.828, 306.828, 306.828, 306.828, 306.828, 306.828, 306.828, 306.828, 306.828, 306.828, 306.828, 306.828, 306.828, 306.828, 306.828, 306.828, 306.828, 306.828, 306.828, 306.828, 306.828, 306.828, 306.828, 306.828, 306.828, 306.828, 306.828, 306.828, 306.828, 306.828, 306.828, 306.828, 306.828, 306.828, 306.828, 306.828, 306.828, 306.828, 306.828, 306.828, 306.828, 306.828, 306.828, 306.828, 306.828, 306.828, 306.828, 306.828, 306.828, 306.828, 306.828, 306.828, 306.828, 306.828, 306.828, 306.828, 306.828, 306.828, 306.828, 306.828, 306.828, 306.828, 306.828, 306.828, 306.828, 306.828, 306.828, 306.828, 306.828, 306.828, 306.827, 306.827, 306.827, 306.827, 306.827, 306.827, 306.827, 306.827, 306.827, 306.827, 306.827, 306.827, 306.827, 306.828, 306.828, 306.828, 306.828, 306.828, 306.828, 306.829, 306.829, 306.829, 306.83, 306.83, 306.831, 306.832, 306.834, 306.837, 306.843, 300, 
306.854, 306.854, 306.854, 306.854, 306.854, 306.854, 306.854, 306.854, 306.854, 306.854, 306.854, 306.854, 306.854, 306.853, 306.853, 306.853, 306.853, 306.853, 306.853, 306.853, 306.853, 306.853, 306.853, 306.853, 306.853, 306.853, 306.853, 306.853, 306.853, 306.853, 306.853, 306.853, 306.853, 306.853, 306.853, 306.853, 306.853, 306.853, 306.854, 306.854, 306.854, 306.854, 306.854, 306.854, 306.854, 306.854, 306.854, 306.854, 306.854, 306.854, 306.854, 306.854, 306.854, 306.854, 306.854, 306.854, 306.854, 306.854, 306.854, 306.854, 306.854, 306.854, 306.853, 306.853, 306.853, 306.853, 306.853, 306.853, 306.853, 306.853, 306.853, 306.853, 306.853, 306.853, 306.853, 306.853, 306.853, 306.853, 306.853, 306.853, 306.853, 306.853, 306.853, 306.853, 306.853, 306.853, 306.853, 306.854, 306.854, 306.854, 306.854, 306.855, 306.855, 306.856, 306.857, 306.858, 306.859, 306.862, 306.868, 300, 
306.879, 306.879, 306.879, 306.879, 306.879, 306.879, 306.879, 306.879, 306.879, 306.879, 306.879, 306.879, 306.879, 306.879, 306.879, 306.879, 306.879, 306.879, 306.879, 306.879, 306.879, 306.879, 306.879, 306.879, 306.879, 306.879, 306.879, 306.879, 306.879, 306.879, 306.879, 306.879, 306.879, 306.879, 306.879, 306.879, 306.879, 306.879, 306.879, 306.879, 306.879, 306.879, 306.879, 306.879, 306.879, 306.879, 306.879, 306.879, 306.879, 306.879, 306.879, 306.879, 306.879, 306.879, 306.879, 306.879, 306.879, 306.879, 306.879, 306.879, 306.879, 306.879, 306.879, 306.879, 306.879, 306.879, 306.879, 306.879, 306.879, 306.878, 306.878, 306.878, 306.878, 306.878, 306.878, 306.878, 306.878, 306.878, 306.878, 306.878, 306.878, 306.878, 306.878, 306.879, 306.879, 306.879, 306.879, 306.879, 306.879, 306.88, 306.88, 306.88, 306.881, 306.881, 306.882, 306.883, 306.885, 306.888, 306.893, 300, 
306.905, 306.905, 306.905, 306.905, 306.905, 306.905, 306.905, 306.905, 306.905, 306.905, 306.905, 306.905, 306.904, 306.904, 306.904, 306.904, 306.904, 306.904, 306.904, 306.904, 306.904, 306.904, 306.904, 306.904, 306.904, 306.904, 306.904, 306.904, 306.904, 306.904, 306.904, 306.904, 306.904, 306.904, 306.904, 306.904, 306.904, 306.904, 306.904, 306.905, 306.905, 306.905, 306.905, 306.905, 306.905, 306.905, 306.905, 306.905, 306.905, 306.905, 306.905, 306.905, 306.905, 306.905, 306.905, 306.905, 306.905, 306.905, 306.905, 306.905, 306.905, 306.905, 306.904, 306.904, 306.904, 306.904, 306.904, 306.904, 306.904, 306.904, 306.904, 306.904, 306.904, 306.904, 306.904, 306.904, 306.904, 306.904, 306.904, 306.904, 306.904, 306.904, 306.904, 306.904, 306.904, 306.904, 306.904, 306.905, 306.905, 306.905, 306.905, 306.906, 306.906, 306.907, 306.908, 306.909, 306.91, 306.913, 306.919, 300, 
306.93, 306.93, 306.93, 306.93, 306.93, 306.93, 306.93, 306.93, 306.93, 306.93, 306.93, 306.93, 306.93, 306.93, 306.93, 306.93, 306.93, 306.93, 306.93, 306.93, 306.93, 306.93, 306.93, 306.93, 306.93, 306.93, 306.93, 306.93, 306.93, 306.93, 306.93, 306.93, 306.93, 306.93, 306.93, 306.93, 306.93, 306.93, 306.93, 306.93, 306.93, 306.93, 306.93, 306.93, 306.93, 306.93, 306.93, 306.93, 306.93, 306.93, 306.93, 306.93, 306.93, 306.93, 306.93, 306.93, 306.93, 306.93, 306.93, 306.93, 306.93, 306.93, 306.93, 306.93, 306.93, 306.93, 306.93, 306.93, 306.93, 306.929, 306.929, 306.929, 306.929, 306.929, 306.929, 306.929, 306.929, 306.929, 306.929, 306.929, 306.929, 306.929, 306.929, 306.929, 306.93, 306.93, 306.93, 306.93, 306.93, 306.931, 306.931, 306.931, 306.932, 306.932, 306.933, 306.934, 306.936, 306.938, 306.944, 300, 
306.956, 306.956, 306.956, 306.956, 306.956, 306.956, 306.956, 306.956, 306.956, 306.956, 306.955, 306.955, 306.955, 306.955, 306.955, 306.955, 306.955, 306.955, 306.955, 306.955, 306.955, 306.955, 306.955, 306.955, 306.955, 306.955, 306.955, 306.955, 306.955, 306.955, 306.955, 306.955, 306.955, 306.955, 306.955, 306.955, 306.955, 306.955, 306.955, 306.955, 306.956, 306.956, 306.956, 306.956, 306.956, 306.956, 306.956, 306.956, 306.956, 306.956, 306.956, 306.956, 306.956, 306.956, 306.956, 306.956, 306.956, 306.956, 306.956, 306.956, 306.956, 306.955, 306.955, 306.955, 306.955, 306.955, 306.955, 306.955, 306.955, 306.955, 306.955, 306.955, 306.955, 306.955, 306.955, 306.955, 306.955, 306.955, 306.955, 306.955, 306.955, 306.955, 306.955, 306.955, 306.955, 306.955, 306.955, 306.956, 306.956, 306.956, 306.956, 306.957, 306.957, 306.958, 306.958, 306.96, 306.961, 306.964, 306.969, 300, 
306.981, 306.981, 306.981, 306.981, 306.981, 306.981, 306.981, 306.981, 306.981, 306.981, 306.981, 306.981, 306.981, 306.981, 306.981, 306.981, 306.981, 306.981, 306.981, 306.981, 306.981, 306.981, 306.981, 306.981, 306.981, 306.981, 306.981, 306.981, 306.981, 306.981, 306.981, 306.981, 306.981, 306.981, 306.981, 306.981, 306.981, 306.981, 306.981, 306.981, 306.981, 306.981, 306.981, 306.981, 306.981, 306.981, 306.981, 306.981, 306.981, 306.981, 306.981, 306.981, 306.981, 306.981, 306.981, 306.981, 306.981, 306.981, 306.981, 306.981, 306.981, 306.981, 306.981, 306.981, 306.981, 306.981, 306.981, 306.981, 306.98, 306.98, 306.98, 306.98, 306.98, 306.98, 306.98, 306.98, 306.98, 306.98, 306.98, 306.98, 306.98, 306.98, 306.98, 306.98, 306.981, 306.981, 306.981, 306.981, 306.981, 306.982, 306.982, 306.982, 306.983, 306.983, 306.984, 306.985, 306.987, 306.989, 306.995, 300, 
307.007, 307.007, 307.007, 307.007, 307.007, 307.007, 307.007, 307.007, 307.007, 307.006, 307.006, 307.006, 307.006, 307.006, 307.006, 307.006, 307.006, 307.006, 307.006, 307.006, 307.006, 307.006, 307.006, 307.006, 307.006, 307.006, 307.006, 307.006, 307.006, 307.006, 307.006, 307.006, 307.006, 307.006, 307.006, 307.006, 307.006, 307.006, 307.006, 307.006, 307.006, 307.007, 307.007, 307.007, 307.007, 307.007, 307.007, 307.007, 307.007, 307.007, 307.007, 307.007, 307.007, 307.007, 307.007, 307.007, 307.007, 307.007, 307.007, 307.007, 307.006, 307.006, 307.006, 307.006, 307.006, 307.006, 307.006, 307.006, 307.006, 307.006, 307.006, 307.006, 307.006, 307.006, 307.006, 307.006, 307.006, 307.006, 307.006, 307.006, 307.006, 307.006, 307.006, 307.006, 307.006, 307.006, 307.006, 307.007, 307.007, 307.007, 307.007, 307.008, 307.008, 307.009, 307.009, 307.01, 307.012, 307.015, 307.02, 300, 
307.032, 307.032, 307.032, 307.032, 307.032, 307.032, 307.032, 307.032, 307.032, 307.032, 307.032, 307.032, 307.032, 307.032, 307.032, 307.032, 307.032, 307.032, 307.032, 307.032, 307.032, 307.032, 307.032, 307.032, 307.032, 307.032, 307.032, 307.032, 307.032, 307.032, 307.032, 307.032, 307.032, 307.032, 307.032, 307.032, 307.032, 307.032, 307.032, 307.032, 307.032, 307.032, 307.032, 307.032, 307.032, 307.032, 307.032, 307.032, 307.032, 307.032, 307.032, 307.032, 307.032, 307.032, 307.032, 307.032, 307.032, 307.032, 307.032, 307.032, 307.032, 307.032, 307.032, 307.032, 307.032, 307.032, 307.032, 307.031, 307.031, 307.031, 307.031, 307.031, 307.031, 307.031, 307.031, 307.031, 307.031, 307.031, 307.031, 307.031, 307.031, 307.031, 307.031, 307.031, 307.032, 307.032, 307.032, 307.032, 307.032, 307.032, 307.033, 307.033, 307.034, 307.034, 307.035, 307.036, 307.037, 307.04, 307.046, 300, 
307.058, 307.058, 307.058, 307.058, 307.058, 307.058, 307.058, 307.057, 307.057, 307.057, 307.057, 307.057, 307.057, 307.057, 307.057, 307.057, 307.057, 307.057, 307.057, 307.057, 307.057, 307.057, 307.057, 307.057, 307.057, 307.057, 307.057, 307.057, 307.057, 307.057, 307.057, 307.057, 307.057, 307.057, 307.057, 307.057, 307.057, 307.057, 307.057, 307.057, 307.057, 307.057, 307.058, 307.058, 307.058, 307.058, 307.058, 307.058, 307.058, 307.058, 307.058, 307.058, 307.058, 307.058, 307.058, 307.058, 307.058, 307.058, 307.058, 307.057, 307.057, 307.057, 307.057, 307.057, 307.057, 307.057, 307.057, 307.057, 307.057, 307.057, 307.057, 307.057, 307.057, 307.057, 307.057, 307.057, 307.057, 307.057, 307.057, 307.057, 307.057, 307.057, 307.057, 307.057, 307.057, 307.057, 307.057, 307.057, 307.058, 307.058, 307.058, 307.059, 307.059, 307.06, 307.06, 307.061, 307.063, 307.066, 307.071, 300, 
307.083, 307.083, 307.083, 307.083, 307.083, 307.083, 307.083, 307.083, 307.083, 307.083, 307.083, 307.083, 307.083, 307.083, 307.083, 307.083, 307.083, 307.083, 307.083, 307.083, 307.083, 307.083, 307.083, 307.083, 307.083, 307.083, 307.083, 307.083, 307.083, 307.083, 307.083, 307.083, 307.083, 307.083, 307.083, 307.083, 307.083, 307.083, 307.083, 307.083, 307.083, 307.083, 307.083, 307.083, 307.083, 307.083, 307.083, 307.083, 307.083, 307.083, 307.083, 307.083, 307.083, 307.083, 307.083, 307.083, 307.083, 307.083, 307.083, 307.083, 307.083, 307.083, 307.083, 307.083, 307.083, 307.083, 307.083, 307.082, 307.082, 307.082, 307.082, 307.082, 307.082, 307.082, 307.082, 307.082, 307.082, 307.082, 307.082, 307.082, 307.082, 307.082, 307.082, 307.082, 307.082, 307.083, 307.083, 307.083, 307.083, 307.083, 307.084, 307.084, 307.084, 307.085, 307.086, 307.087, 307.088, 307.091, 307.096, 300, 
307.109, 307.109, 307.109, 307.109, 307.109, 307.108, 307.108, 307.108, 307.108, 307.108, 307.108, 307.108, 307.108, 307.108, 307.108, 307.108, 307.108, 307.108, 307.108, 307.108, 307.108, 307.108, 307.108, 307.108, 307.108, 307.108, 307.108, 307.108, 307.108, 307.108, 307.108, 307.108, 307.108, 307.108, 307.108, 307.108, 307.108, 307.108, 307.108, 307.108, 307.108, 307.108, 307.108, 307.109, 307.109, 307.109, 307.109, 307.109, 307.109, 307.109, 307.109, 307.109, 307.109, 307.109, 307.109, 307.109, 307.109, 307.109, 307.108, 307.108, 307.108, 307.108, 307.108, 307.108, 307.108, 307.108, 307.108, 307.108, 307.108, 307.108, 307.108, 307.108, 307.108, 307.108, 307.108, 307.108, 307.108, 307.108, 307.108, 307.108, 307.108, 307.108, 307.108, 307.108, 307.108, 307.108, 307.108, 307.108, 307.109, 307.109, 307.109, 307.11, 307.11, 307.11, 307.111, 307.112, 307.114, 307.116, 307.122, 300, 
307.134, 307.134, 307.134, 307.134, 307.134, 307.134, 307.134, 307.134, 307.134, 307.134, 307.134, 307.134, 307.134, 307.134, 307.134, 307.134, 307.134, 307.134, 307.134, 307.134, 307.134, 307.134, 307.133, 307.133, 307.133, 307.133, 307.133, 307.133, 307.133, 307.134, 307.134, 307.134, 307.134, 307.134, 307.134, 307.134, 307.134, 307.134, 307.134, 307.134, 307.134, 307.134, 307.134, 307.134, 307.134, 307.134, 307.134, 307.134, 307.134, 307.134, 307.134, 307.134, 307.134, 307.134, 307.134, 307.134, 307.134, 307.134, 307.134, 307.134, 307.134, 307.134, 307.134, 307.134, 307.134, 307.134, 307.133, 307.133, 307.133, 307.133, 307.133, 307.133, 307.133, 307.133, 307.133, 307.133, 307.133, 307.133, 307.133, 307.133, 307.133, 307.133, 307.133, 307.133, 307.133, 307.134, 307.134, 307.134, 307.134, 307.134, 307.135, 307.135, 307.135, 307.136, 307.137, 307.138, 307.139, 307.142, 307.147, 300, 
307.159, 307.159, 307.159, 307.159, 307.159, 307.159, 307.159, 307.159, 307.159, 307.159, 307.159, 307.159, 307.159, 307.159, 307.159, 307.159, 307.159, 307.159, 307.159, 307.159, 307.159, 307.159, 307.159, 307.159, 307.159, 307.159, 307.159, 307.159, 307.159, 307.159, 307.159, 307.159, 307.159, 307.159, 307.159, 307.159, 307.159, 307.159, 307.159, 307.159, 307.159, 307.159, 307.159, 307.159, 307.16, 307.16, 307.16, 307.16, 307.16, 307.16, 307.16, 307.16, 307.16, 307.16, 307.16, 307.16, 307.16, 307.159, 307.159, 307.159, 307.159, 307.159, 307.159, 307.159, 307.159, 307.159, 307.159, 307.159, 307.159, 307.159, 307.159, 307.159, 307.159, 307.159, 307.159, 307.159, 307.159, 307.159, 307.159, 307.159, 307.159, 307.159, 307.159, 307.159, 307.159, 307.159, 307.159, 307.159, 307.16, 307.16, 307.16, 307.16, 307.161, 307.161, 307.162, 307.163, 307.165, 307.167, 307.172, 300, 
307.185, 307.185, 307.185, 307.185, 307.185, 307.185, 307.185, 307.185, 307.185, 307.185, 307.185, 307.185, 307.185, 307.185, 307.185, 307.185, 307.185, 307.185, 307.185, 307.185, 307.184, 307.184, 307.184, 307.184, 307.184, 307.184, 307.184, 307.184, 307.184, 307.184, 307.184, 307.185, 307.185, 307.185, 307.185, 307.185, 307.185, 307.185, 307.185, 307.185, 307.185, 307.185, 307.185, 307.185, 307.185, 307.185, 307.185, 307.185, 307.185, 307.185, 307.185, 307.185, 307.185, 307.185, 307.185, 307.185, 307.185, 307.185, 307.185, 307.185, 307.185, 307.185, 307.185, 307.185, 307.185, 307.185, 307.184, 307.184, 307.184, 307.184, 307.184, 307.184, 307.184, 307.184, 307.184, 307.184, 307.184, 307.184, 307.184, 307.184, 307.184, 307.184, 307.184, 307.184, 307.184, 307.185, 307.185, 307.185, 307.185, 307.185, 307.186, 307.186, 307.186, 307.187, 307.188, 307.189, 307.19, 307.193, 307.198, 300, 
307.21, 307.21, 307.21, 307.21, 307.21, 307.21, 307.21, 307.21, 307.21, 307.21, 307.21, 307.21, 307.21, 307.21, 307.21, 307.21, 307.21, 307.21, 307.21, 307.21, 307.21, 307.21, 307.21, 307.21, 307.21, 307.21, 307.21, 307.21, 307.21, 307.21, 307.21, 307.21, 307.21, 307.21, 307.21, 307.21, 307.21, 307.21, 307.21, 307.21, 307.21, 307.21, 307.21, 307.21, 307.21, 307.21, 307.211, 307.211, 307.211, 307.211, 307.211, 307.211, 307.211, 307.211, 307.211, 307.21, 307.21, 307.21, 307.21, 307.21, 307.21, 307.21, 307.21, 307.21, 307.21, 307.21, 307.21, 307.21, 307.21, 307.21, 307.21, 307.21, 307.21, 307.21, 307.21, 307.21, 307.209, 307.209, 307.209, 307.21, 307.21, 307.21, 307.21, 307.21, 307.21, 307.21, 307.21, 307.21, 307.211, 307.211, 307.211, 307.211, 307.212, 307.212, 307.213, 307.214, 307.215, 307.218, 307.223, 300, 
307.236, 307.236, 307.236, 307.236, 307.236, 307.236, 307.236, 307.236, 307.236, 307.236, 307.236, 307.236, 307.236, 307.236, 307.236, 307.236, 307.236, 307.236, 307.235, 307.235, 307.235, 307.235, 307.235, 307.235, 307.235, 307.235, 307.235, 307.235, 307.235, 307.235, 307.235, 307.235, 307.235, 307.236, 307.236, 307.236, 307.236, 307.236, 307.236, 307.236, 307.236, 307.236, 307.236, 307.236, 307.236, 307.236, 307.236, 307.236, 307.236, 307.236, 307.236, 307.236, 307.236, 307.236, 307.236, 307.236, 307.236, 307.236, 307.236, 307.236, 307.236, 307.236, 307.236, 307.236, 307.236, 307.235, 307.235, 307.235, 307.235, 307.235, 307.235, 307.235, 307.235, 307.235, 307.235, 307.235, 307.235, 307.235, 307.235, 307.235, 307.235, 307.235, 307.235, 307.235, 307.235, 307.235, 307.236, 307.236, 307.236, 307.236, 307.237, 307.237, 307.237, 307.238, 307.238, 307.239, 307.241, 307.243, 307.248, 300, 
307.261, 307.261, 307.261, 307.261, 307.261, 307.261, 307.261, 307.261, 307.261, 307.261, 307.261, 307.261, 307.261, 307.261, 307.261, 307.261, 307.261, 307.261, 307.261, 307.261, 307.261, 307.261, 307.261, 307.261, 307.261, 307.261, 307.261, 307.261, 307.261, 307.261, 307.261, 307.261, 307.261, 307.261, 307.261, 307.261, 307.261, 307.261, 307.261, 307.261, 307.261, 307.261, 307.261, 307.261, 307.261, 307.261, 307.261, 307.261, 307.261, 307.262, 307.262, 307.262, 307.262, 307.261, 307.261, 307.261, 307.261, 307.261, 307.261, 307.261, 307.261, 307.261, 307.261, 307.261, 307.261, 307.261, 307.261, 307.261, 307.261, 307.261, 307.261, 307.261, 307.261, 307.261, 307.26, 307.26, 307.26, 307.26, 307.26, 307.26, 307.261, 307.261, 307.261, 307.261, 307.261, 307.261, 307.261, 307.261, 307.261, 307.262, 307.262, 307.262, 307.263, 307.263, 307.264, 307.265, 307.266, 307.269, 307.274, 300, 
307.287, 307.287, 307.287, 307.287, 307.287, 307.287, 307.287, 307.287, 307.287, 307.287, 307.287, 307.287, 307.287, 307.287, 307.287, 307.287, 307.287, 307.286, 307.286, 307.286, 307.286, 307.286, 307.286, 307.286, 307.286, 307.286, 307.286, 307.286, 307.286, 307.286, 307.286, 307.286, 307.286, 307.286, 307.287, 307.287, 307.287, 307.287, 307.287, 307.287, 307.287, 307.287, 307.287, 307.287, 307.287, 307.287, 307.287, 307.287, 307.287, 307.287, 307.287, 307.287, 307.287, 307.287, 307.287, 307.287, 307.287, 307.287, 307.287, 307.287, 307.287, 307.287, 307.287, 307.287, 307.286, 307.286, 307.286, 307.286, 307.286, 307.286, 307.286, 307.286, 307.286, 307.286, 307.286, 307.286, 307.286, 307.286, 307.286, 307.286, 307.286, 307.286, 307.286, 307.286, 307.286, 307.286, 307.287, 307.287, 307.287, 307.287, 307.287, 307.288, 307.288, 307.289, 307.289, 307.29, 307.292, 307.294, 307.299, 300, 
307.312, 307.312, 307.312, 307.312, 307.312, 307.312, 307.312, 307.312, 307.312, 307.312, 307.312, 307.312, 307.312, 307.312, 307.312, 307.312, 307.312, 307.312, 307.312, 307.312, 307.312, 307.312, 307.312, 307.312, 307.312, 307.312, 307.312, 307.312, 307.312, 307.312, 307.312, 307.312, 307.312, 307.312, 307.312, 307.312, 307.312, 307.312, 307.312, 307.312, 307.312, 307.312, 307.312, 307.312, 307.312, 307.312, 307.312, 307.312, 307.312, 307.312, 307.312, 307.312, 307.312, 307.312, 307.312, 307.312, 307.312, 307.312, 307.312, 307.312, 307.312, 307.312, 307.312, 307.312, 307.312, 307.312, 307.312, 307.312, 307.312, 307.312, 307.312, 307.312, 307.312, 307.311, 307.311, 307.311, 307.311, 307.311, 307.311, 307.311, 307.311, 307.312, 307.312, 307.312, 307.312, 307.312, 307.312, 307.312, 307.312, 307.313, 307.313, 307.313, 307.314, 307.314, 307.315, 307.316, 307.317, 307.32, 307.325, 300, 
307.338, 307.338, 307.338, 307.338, 307.338, 307.338, 307.338, 307.338, 307.338, 307.338, 307.338, 307.338, 307.338, 307.338, 307.338, 307.337, 307.337, 307.337, 307.337, 307.337, 307.337, 307.337, 307.337, 307.337, 307.337, 307.337, 307.337, 307.337, 307.337, 307.337, 307.337, 307.337, 307.337, 307.337, 307.337, 307.338, 307.338, 307.338, 307.338, 307.338, 307.338, 307.338, 307.338, 307.338, 307.338, 307.338, 307.338, 307.338, 307.338, 307.338, 307.338, 307.338, 307.338, 307.338, 307.338, 307.338, 307.338, 307.338, 307.338, 307.338, 307.338, 307.338, 307.338, 307.338, 307.337, 307.337, 307.337, 307.337, 307.337, 307.337, 307.337, 307.337, 307.337, 307.337, 307.337, 307.337, 307.337, 307.337, 307.337, 307.337, 307.337, 307.337, 307.337, 307.337, 307.337, 307.337, 307.338, 307.338, 307.338, 307.338, 307.338, 307.339, 307.339, 307.34, 307.34, 307.341, 307.343, 307.345, 307.35, 300, 
307.363, 307.363, 307.363, 307.363, 307.363, 307.363, 307.363, 307.363, 307.363, 307.363, 307.363, 307.363, 307.363, 307.363, 307.363, 307.363, 307.363, 307.363, 307.363, 307.363, 307.363, 307.363, 307.363, 307.363, 307.363, 307.363, 307.363, 307.363, 307.363, 307.363, 307.363, 307.363, 307.363, 307.363, 307.363, 307.363, 307.363, 307.363, 307.363, 307.363, 307.363, 307.363, 307.363, 307.363, 307.363, 307.363, 307.363, 307.363, 307.363, 307.363, 307.363, 307.363, 307.363, 307.363, 307.363, 307.363, 307.363, 307.363, 307.363, 307.363, 307.363, 307.363, 307.363, 307.363, 307.363, 307.363, 307.363, 307.363, 307.363, 307.363, 307.363, 307.363, 307.362, 307.362, 307.362, 307.362, 307.362, 307.362, 307.362, 307.362, 307.362, 307.363, 307.363, 307.363, 307.363, 307.363, 307.363, 307.363, 307.363, 307.364, 307.364, 307.364, 307.365, 307.365, 307.366, 307.367, 307.368, 307.37, 307.375, 300, 
307.389, 307.389, 307.389, 307.389, 307.389, 307.389, 307.389, 307.389, 307.389, 307.389, 307.389, 307.389, 307.389, 307.389, 307.388, 307.388, 307.388, 307.388, 307.388, 307.388, 307.388, 307.388, 307.388, 307.388, 307.388, 307.388, 307.388, 307.388, 307.388, 307.388, 307.388, 307.388, 307.388, 307.388, 307.388, 307.388, 307.388, 307.389, 307.389, 307.389, 307.389, 307.389, 307.389, 307.389, 307.389, 307.389, 307.389, 307.389, 307.389, 307.389, 307.389, 307.389, 307.389, 307.389, 307.389, 307.389, 307.389, 307.389, 307.389, 307.389, 307.389, 307.389, 307.389, 307.388, 307.388, 307.388, 307.388, 307.388, 307.388, 307.388, 307.388, 307.388, 307.388, 307.388, 307.388, 307.388, 307.388, 307.388, 307.388, 307.388, 307.388, 307.388, 307.388, 307.388, 307.388, 307.388, 307.388, 307.389, 307.389, 307.389, 307.389, 307.39, 307.39, 307.391, 307.391, 307.392, 307.393, 307.396, 307.401, 300, 
307.414, 307.414, 307.414, 307.414, 307.414, 307.414, 307.414, 307.414, 307.414, 307.414, 307.414, 307.414, 307.414, 307.414, 307.414, 307.414, 307.414, 307.414, 307.414, 307.414, 307.414, 307.414, 307.414, 307.414, 307.414, 307.414, 307.414, 307.414, 307.414, 307.414, 307.414, 307.414, 307.414, 307.414, 307.414, 307.414, 307.414, 307.414, 307.414, 307.414, 307.414, 307.414, 307.414, 307.414, 307.414, 307.414, 307.414, 307.414, 307.414, 307.414, 307.414, 307.414, 307.414, 307.414, 307.414, 307.414, 307.414, 307.414, 307.414, 307.414, 307.414, 307.414, 307.414, 307.414, 307.414, 307.414, 307.414, 307.414, 307.414, 307.414, 307.414, 307.413, 307.413, 307.413, 307.413, 307.413, 307.413, 307.413, 307.413, 307.413, 307.413, 307.413, 307.414, 307.414, 307.414, 307.414, 307.414, 307.414, 307.414, 307.415, 307.415, 307.415, 307.416, 307.416, 307.417, 307.418, 307.419, 307.421, 307.426, 300, 
307.44, 307.44, 307.44, 307.44, 307.44, 307.44, 307.44, 307.44, 307.44, 307.44, 307.44, 307.44, 307.44, 307.439, 307.439, 307.439, 307.439, 307.439, 307.439, 307.439, 307.439, 307.439, 307.439, 307.439, 307.439, 307.439, 307.439, 307.439, 307.439, 307.439, 307.439, 307.439, 307.439, 307.439, 307.439, 307.439, 307.439, 307.439, 307.44, 307.44, 307.44, 307.44, 307.44, 307.44, 307.44, 307.44, 307.44, 307.44, 307.44, 307.44, 307.44, 307.44, 307.44, 307.44, 307.44, 307.44, 307.44, 307.44, 307.44, 307.44, 307.44, 307.44, 307.439, 307.439, 307.439, 307.439, 307.439, 307.439, 307.439, 307.439, 307.439, 307.439, 307.439, 307.439, 307.439, 307.439, 307.439, 307.439, 307.439, 307.439, 307.439, 307.439, 307.439, 307.439, 307.439, 307.439, 307.439, 307.44, 307.44, 307.44, 307.44, 307.441, 307.441, 307.441, 307.442, 307.443, 307.444, 307.447, 307.451, 300, 
307.465, 307.465, 307.465, 307.465, 307.465, 307.465, 307.465, 307.465, 307.465, 307.465, 307.465, 307.465, 307.465, 307.465, 307.465, 307.465, 307.465, 307.465, 307.465, 307.465, 307.465, 307.465, 307.465, 307.465, 307.465, 307.465, 307.465, 307.465, 307.465, 307.465, 307.465, 307.465, 307.465, 307.465, 307.465, 307.465, 307.465, 307.465, 307.465, 307.465, 307.465, 307.465, 307.465, 307.465, 307.465, 307.465, 307.465, 307.465, 307.465, 307.465, 307.465, 307.465, 307.465, 307.465, 307.465, 307.465, 307.465, 307.465, 307.465, 307.465, 307.465, 307.465, 307.465, 307.465, 307.465, 307.465, 307.465, 307.465, 307.465, 307.465, 307.465, 307.464, 307.464, 307.464, 307.464, 307.464, 307.464, 307.464, 307.464, 307.464, 307.464, 307.464, 307.464, 307.465, 307.465, 307.465, 307.465, 307.465, 307.465, 307.466, 307.466, 307.466, 307.466, 307.467, 307.468, 307.468, 307.47, 307.472, 307.477, 300, 
307.491, 307.491, 307.491, 307.491, 307.491, 307.491, 307.491, 307.491, 307.491, 307.491, 307.491, 307.49, 307.49, 307.49, 307.49, 307.49, 307.49, 307.49, 307.49, 307.49, 307.49, 307.49, 307.49, 307.49, 307.49, 307.49, 307.49, 307.49, 307.49, 307.49, 307.49, 307.49, 307.49, 307.49, 307.49, 307.49, 307.49, 307.49, 307.49, 307.491, 307.491, 307.491, 307.491, 307.491, 307.491, 307.491, 307.491, 307.491, 307.491, 307.491, 307.491, 307.491, 307.491, 307.491, 307.491, 307.491, 307.491, 307.491, 307.491, 307.491, 307.491, 307.49, 307.49, 307.49, 307.49, 307.49, 307.49, 307.49, 307.49, 307.49, 307.49, 307.49, 307.49, 307.49, 307.49, 307.49, 307.49, 307.49, 307.49, 307.49, 307.49, 307.49, 307.49, 307.49, 307.49, 307.49, 307.49, 307.491, 307.491, 307.491, 307.491, 307.492, 307.492, 307.492, 307.493, 307.494, 307.495, 307.498, 307.502, 300, 
307.516, 307.516, 307.516, 307.516, 307.516, 307.516, 307.516, 307.516, 307.516, 307.516, 307.516, 307.516, 307.516, 307.516, 307.516, 307.516, 307.516, 307.516, 307.516, 307.516, 307.516, 307.516, 307.516, 307.516, 307.516, 307.516, 307.516, 307.516, 307.516, 307.516, 307.516, 307.516, 307.516, 307.516, 307.516, 307.516, 307.516, 307.516, 307.516, 307.516, 307.516, 307.516, 307.516, 307.516, 307.516, 307.516, 307.516, 307.516, 307.516, 307.516, 307.516, 307.516, 307.516, 307.516, 307.516, 307.516, 307.516, 307.516, 307.516, 307.516, 307.516, 307.516, 307.516, 307.516, 307.516, 307.516, 307.516, 307.516, 307.516, 307.516, 307.515, 307.515, 307.515, 307.515, 307.515, 307.515, 307.515, 307.515, 307.515, 307.515, 307.515, 307.515, 307.515, 307.516, 307.516, 307.516, 307.516, 307.516, 307.516, 307.516, 307.517, 307.517, 307.517, 307.518, 307.518, 307.519, 307.521, 307.523, 307.527, 300, 
307.542, 307.542, 307.542, 307.542, 307.542, 307.542, 307.542, 307.542, 307.542, 307.541, 307.541, 307.541, 307.541, 307.541, 307.541, 307.541, 307.541, 307.541, 307.541, 307.541, 307.541, 307.541, 307.541, 307.541, 307.541, 307.541, 307.541, 307.541, 307.541, 307.541, 307.541, 307.541, 307.541, 307.541, 307.541, 307.541, 307.541, 307.541, 307.541, 307.541, 307.542, 307.542, 307.542, 307.542, 307.542, 307.542, 307.542, 307.542, 307.542, 307.542, 307.542, 307.542, 307.542, 307.542, 307.542, 307.542, 307.542, 307.542, 307.542, 307.542, 307.541, 307.541, 307.541, 307.541, 307.541, 307.541, 307.541, 307.541, 307.541, 307.541, 307.541, 307.541, 307.541, 307.541, 307.541, 307.541, 307.541, 307.541, 307.541, 307.541, 307.541, 307.541, 307.541, 307.541, 307.541, 307.541, 307.541, 307.542, 307.542, 307.542, 307.542, 307.542, 307.543, 307.543, 307.544, 307.545, 307.546, 307.548, 307.553, 300, 
307.567, 307.567, 307.567, 307.567, 307.567, 307.567, 307.567, 307.567, 307.567, 307.567, 307.567, 307.567, 307.567, 307.567, 307.567, 307.567, 307.567, 307.567, 307.567, 307.567, 307.567, 307.567, 307.567, 307.567, 307.567, 307.567, 307.567, 307.567, 307.567, 307.567, 307.567, 307.567, 307.567, 307.567, 307.567, 307.567, 307.567, 307.567, 307.567, 307.567, 307.567, 307.567, 307.567, 307.567, 307.567, 307.567, 307.567, 307.567, 307.567, 307.567, 307.567, 307.567, 307.567, 307.567, 307.567, 307.567, 307.567, 307.567, 307.567, 307.567, 307.567, 307.567, 307.567, 307.567, 307.567, 307.567, 307.567, 307.567, 307.567, 307.566, 307.566, 307.566, 307.566, 307.566, 307.566, 307.566, 307.566, 307.566, 307.566, 307.566, 307.566, 307.566, 307.566, 307.567, 307.567, 307.567, 307.567, 307.567, 307.567, 307.567, 307.568, 307.568, 307.568, 307.569, 307.569, 307.57, 307.572, 307.574, 307.578, 300, 
307.593, 307.593, 307.593, 307.593, 307.593, 307.593, 307.593, 307.593, 307.592, 307.592, 307.592, 307.592, 307.592, 307.592, 307.592, 307.592, 307.592, 307.592, 307.592, 307.592, 307.592, 307.592, 307.592, 307.592, 307.592, 307.592, 307.592, 307.592, 307.592, 307.592, 307.592, 307.592, 307.592, 307.592, 307.592, 307.592, 307.592, 307.592, 307.592, 307.592, 307.592, 307.592, 307.593, 307.593, 307.593, 307.593, 307.593, 307.593, 307.593, 307.593, 307.593, 307.593, 307.593, 307.593, 307.593, 307.593, 307.593, 307.593, 307.593, 307.592, 307.592, 307.592, 307.592, 307.592, 307.592, 307.592, 307.592, 307.592, 307.592, 307.592, 307.592, 307.592, 307.592, 307.592, 307.592, 307.592, 307.592, 307.592, 307.592, 307.592, 307.592, 307.592, 307.592, 307.592, 307.592, 307.592, 307.592, 307.592, 307.593, 307.593, 307.593, 307.593, 307.594, 307.594, 307.595, 307.596, 307.597, 307.599, 307.604, 300, 
307.618, 307.618, 307.618, 307.618, 307.618, 307.618, 307.618, 307.618, 307.618, 307.618, 307.618, 307.618, 307.618, 307.618, 307.618, 307.618, 307.618, 307.618, 307.618, 307.618, 307.618, 307.618, 307.618, 307.618, 307.618, 307.618, 307.618, 307.618, 307.618, 307.618, 307.618, 307.618, 307.618, 307.618, 307.618, 307.618, 307.618, 307.618, 307.618, 307.618, 307.618, 307.618, 307.618, 307.618, 307.618, 307.618, 307.618, 307.618, 307.618, 307.618, 307.618, 307.618, 307.618, 307.618, 307.618, 307.618, 307.618, 307.618, 307.618, 307.618, 307.618, 307.618, 307.618, 307.618, 307.618, 307.618, 307.618, 307.618, 307.617, 307.617, 307.617, 307.617, 307.617, 307.617, 307.617, 307.617, 307.617, 307.617, 307.617, 307.617, 307.617, 307.617, 307.617, 307.617, 307.618, 307.618, 307.618, 307.618, 307.618, 307.618, 307.619, 307.619, 307.619, 307.62, 307.62, 307.621, 307.622, 307.625, 307.629, 300, 
307.644, 307.644, 307.644, 307.644, 307.644, 307.643, 307.643, 307.643, 307.643, 307.643, 307.643, 307.643, 307.643, 307.643, 307.643, 307.643, 307.643, 307.643, 307.643, 307.643, 307.643, 307.643, 307.643, 307.643, 307.643, 307.643, 307.643, 307.643, 307.643, 307.643, 307.643, 307.643, 307.643, 307.643, 307.643, 307.643, 307.643, 307.643, 307.643, 307.643, 307.643, 307.643, 307.643, 307.644, 307.644, 307.644, 307.644, 307.644, 307.644, 307.644, 307.644, 307.644, 307.644, 307.644, 307.644, 307.644, 307.644, 307.644, 307.643, 307.643, 307.643, 307.643, 307.643, 307.643, 307.643, 307.643, 307.643, 307.643, 307.643, 307.643, 307.643, 307.643, 307.643, 307.643, 307.643, 307.643, 307.643, 307.643, 307.643, 307.643, 307.643, 307.643, 307.643, 307.643, 307.643, 307.643, 307.643, 307.643, 307.644, 307.644, 307.644, 307.644, 307.645, 307.645, 307.646, 307.647, 307.648, 307.65, 307.654, 300, 
307.669, 307.669, 307.669, 307.669, 307.669, 307.669, 307.669, 307.669, 307.669, 307.669, 307.669, 307.669, 307.669, 307.669, 307.669, 307.669, 307.669, 307.669, 307.669, 307.669, 307.669, 307.669, 307.669, 307.669, 307.669, 307.669, 307.669, 307.669, 307.669, 307.669, 307.669, 307.669, 307.669, 307.669, 307.669, 307.669, 307.669, 307.669, 307.669, 307.669, 307.669, 307.669, 307.669, 307.669, 307.669, 307.669, 307.669, 307.669, 307.669, 307.669, 307.669, 307.669, 307.669, 307.669, 307.669, 307.669, 307.669, 307.669, 307.669, 307.669, 307.669, 307.669, 307.669, 307.669, 307.669, 307.669, 307.669, 307.669, 307.668, 307.668, 307.668, 307.668, 307.668, 307.668, 307.668, 307.668, 307.668, 307.668, 307.668, 307.668, 307.668, 307.668, 307.668, 307.668, 307.669, 307.669, 307.669, 307.669, 307.669, 307.669, 307.67, 307.67, 307.67, 307.671, 307.671, 307.672, 307.673, 307.676, 307.68, 300, 
307.694, 307.694, 307.694, 307.694, 307.694, 307.694, 307.694, 307.694, 307.694, 307.694, 307.694, 307.694, 307.694, 307.694, 307.694, 307.694, 307.694, 307.694, 307.694, 307.694, 307.694, 307.694, 307.694, 307.694, 307.694, 307.694, 307.694, 307.694, 307.694, 307.694, 307.694, 307.694, 307.694, 307.694, 307.694, 307.694, 307.694, 307.694, 307.694, 307.694, 307.694, 307.694, 307.694, 307.694, 307.694, 307.695, 307.695, 307.695, 307.695, 307.695, 307.695, 307.695, 307.695, 307.695, 307.695, 307.695, 307.695, 307.694, 307.694, 307.694, 307.694, 307.694, 307.694, 307.694, 307.694, 307.694, 307.694, 307.694, 307.694, 307.694, 307.694, 307.694, 307.694, 307.694, 307.694, 307.694, 307.694, 307.694, 307.694, 307.694, 307.694, 307.694, 307.694, 307.694, 307.694, 307.694, 307.694, 307.694, 307.695, 307.695, 307.695, 307.695, 307.696, 307.696, 307.697, 307.698, 307.699, 307.701, 307.705, 300, 
307.72, 307.72, 307.72, 307.72, 307.72, 307.72, 307.72, 307.72, 307.72, 307.72, 307.72, 307.72, 307.72, 307.72, 307.72, 307.72, 307.72, 307.72, 307.72, 307.72, 307.72, 307.72, 307.72, 307.72, 307.72, 307.72, 307.72, 307.72, 307.72, 307.72, 307.72, 307.72, 307.72, 307.72, 307.72, 307.72, 307.72, 307.72, 307.72, 307.72, 307.72, 307.72, 307.72, 307.72, 307.72, 307.72, 307.72, 307.72, 307.72, 307.72, 307.72, 307.72, 307.72, 307.72, 307.72, 307.72, 307.72, 307.72, 307.72, 307.72, 307.72, 307.72, 307.72, 307.72, 307.72, 307.72, 307.72, 307.719, 307.719, 307.719, 307.719, 307.719, 307.719, 307.719, 307.719, 307.719, 307.719, 307.719, 307.719, 307.719, 307.719, 307.719, 307.719, 307.719, 307.719, 307.72, 307.72, 307.72, 307.72, 307.72, 307.72, 307.721, 307.721, 307.722, 307.722, 307.723, 307.724, 307.726, 307.73, 300, 
307.745, 307.745, 307.745, 307.745, 307.745, 307.745, 307.745, 307.745, 307.745, 307.745, 307.745, 307.745, 307.745, 307.745, 307.745, 307.745, 307.745, 307.745, 307.745, 307.745, 307.745, 307.745, 307.745, 307.745, 307.745, 307.745, 307.745, 307.745, 307.745, 307.745, 307.745, 307.745, 307.745, 307.745, 307.745, 307.745, 307.745, 307.745, 307.745, 307.745, 307.745, 307.745, 307.745, 307.745, 307.745, 307.745, 307.745, 307.746, 307.746, 307.746, 307.746, 307.746, 307.746, 307.746, 307.746, 307.745, 307.745, 307.745, 307.745, 307.745, 307.745, 307.745, 307.745, 307.745, 307.745, 307.745, 307.745, 307.745, 307.745, 307.745, 307.745, 307.745, 307.745, 307.745, 307.745, 307.745, 307.745, 307.745, 307.745, 307.745, 307.745, 307.745, 307.745, 307.745, 307.745, 307.745, 307.745, 307.745, 307.746, 307.746, 307.746, 307.746, 307.747, 307.747, 307.748, 307.748, 307.75, 307.752, 307.756, 300, 
307.771, 307.771, 307.771, 307.771, 307.771, 307.771, 307.771, 307.771, 307.771, 307.771, 307.771, 307.771, 307.771, 307.771, 307.771, 307.771, 307.771, 307.771, 307.771, 307.771, 307.771, 307.77, 307.77, 307.77, 307.77, 307.77, 307.77, 307.77, 307.77, 307.77, 307.771, 307.771, 307.771, 307.771, 307.771, 307.771, 307.771, 307.771, 307.771, 307.771, 307.771, 307.771, 307.771, 307.771, 307.771, 307.771, 307.771, 307.771, 307.771, 307.771, 307.771, 307.771, 307.771, 307.771, 307.771, 307.771, 307.771, 307.771, 307.771, 307.771, 307.771, 307.771, 307.771, 307.771, 307.771, 307.771, 307.77, 307.77, 307.77, 307.77, 307.77, 307.77, 307.77, 307.77, 307.77, 307.77, 307.77, 307.77, 307.77, 307.77, 307.77, 307.77, 307.77, 307.77, 307.77, 307.771, 307.771, 307.771, 307.771, 307.771, 307.771, 307.772, 307.772, 307.772, 307.773, 307.774, 307.775, 307.777, 307.781, 300, 
307.796, 307.796, 307.796, 307.796, 307.796, 307.796, 307.796, 307.796, 307.796, 307.796, 307.796, 307.796, 307.796, 307.796, 307.796, 307.796, 307.796, 307.796, 307.796, 307.796, 307.796, 307.796, 307.796, 307.796, 307.796, 307.796, 307.796, 307.796, 307.796, 307.796, 307.796, 307.796, 307.796, 307.796, 307.796, 307.796, 307.796, 307.796, 307.796, 307.796, 307.796, 307.796, 307.796, 307.796, 307.796, 307.796, 307.796, 307.796, 307.796, 307.796, 307.796, 307.796, 307.796, 307.796, 307.796, 307.796, 307.796, 307.796, 307.796, 307.796, 307.796, 307.796, 307.796, 307.796, 307.796, 307.796, 307.796, 307.796, 307.796, 307.796, 307.796, 307.796, 307.796, 307.796, 307.796, 307.796, 307.796, 307.796, 307.796, 307.796, 307.796, 307.796, 307.796, 307.796, 307.796, 307.796, 307.796, 307.796, 307.796, 307.797, 307.797, 307.797, 307.798, 307.798, 307.799, 307.799, 307.801, 307.803, 307.807, 300, 
307.822, 307.822, 307.822, 307.822, 307.822, 307.822, 307.822, 307.822, 307.822, 307.822, 307.822, 307.822, 307.822, 307.822, 307.822, 307.822, 307.822, 307.822, 307.822, 307.821, 307.821, 307.821, 307.821, 307.821, 307.821, 307.821, 307.821, 307.821, 307.821, 307.821, 307.821, 307.821, 307.822, 307.822, 307.822, 307.822, 307.822, 307.822, 307.822, 307.822, 307.822, 307.822, 307.822, 307.822, 307.822, 307.822, 307.822, 307.822, 307.822, 307.822, 307.822, 307.822, 307.822, 307.822, 307.822, 307.822, 307.822, 307.822, 307.822, 307.822, 307.822, 307.822, 307.822, 307.822, 307.822, 307.821, 307.821, 307.821, 307.821, 307.821, 307.821, 307.821, 307.821, 307.821, 307.821, 307.821, 307.821, 307.821, 307.821, 307.821, 307.821, 307.821, 307.821, 307.821, 307.821, 307.821, 307.822, 307.822, 307.822, 307.822, 307.822, 307.823, 307.823, 307.823, 307.824, 307.825, 307.826, 307.828, 307.832, 300, 
307.847, 307.847, 307.847, 307.847, 307.847, 307.847, 307.847, 307.847, 307.847, 307.847, 307.847, 307.847, 307.847, 307.847, 307.847, 307.847, 307.847, 307.847, 307.847, 307.847, 307.847, 307.847, 307.847, 307.847, 307.847, 307.847, 307.847, 307.847, 307.847, 307.847, 307.847, 307.847, 307.847, 307.847, 307.847, 307.847, 307.847, 307.847, 307.847, 307.847, 307.847, 307.847, 307.847, 307.847, 307.847, 307.847, 307.847, 307.847, 307.847, 307.847, 307.847, 307.847, 307.847, 307.847, 307.847, 307.847, 307.847, 307.847, 307.847, 307.847, 307.847, 307.847, 307.847, 307.847, 307.847, 307.847, 307.847, 307.847, 307.847, 307.847, 307.847, 307.847, 307.847, 307.847, 307.847, 307.847, 307.847, 307.847, 307.847, 307.847, 307.847, 307.847, 307.847, 307.847, 307.847, 307.847, 307.847, 307.847, 307.847, 307.848, 307.848, 307.848, 307.848, 307.849, 307.849, 307.85, 307.851, 307.853, 307.857, 300, 
307.873, 307.873, 307.873, 307.873, 307.873, 307.873, 307.873, 307.873, 307.873, 307.873, 307.873, 307.873, 307.873, 307.873, 307.873, 307.873, 307.873, 307.872, 307.872, 307.872, 307.872, 307.872, 307.872, 307.872, 307.872, 307.872, 307.872, 307.872, 307.872, 307.872, 307.872, 307.872, 307.872, 307.872, 307.873, 307.873, 307.873, 307.873, 307.873, 307.873, 307.873, 307.873, 307.873, 307.873, 307.873, 307.873, 307.873, 307.873, 307.873, 307.873, 307.873, 307.873, 307.873, 307.873, 307.873, 307.873, 307.873, 307.873, 307.873, 307.873, 307.873, 307.873, 307.873, 307.873, 307.872, 307.872, 307.872, 307.872, 307.872, 307.872, 307.872, 307.872, 307.872, 307.872, 307.872, 307.872, 307.872, 307.872, 307.872, 307.872, 307.872, 307.872, 307.872, 307.872, 307.872, 307.872, 307.873, 307.873, 307.873, 307.873, 307.873, 307.874, 307.874, 307.874, 307.875, 307.876, 307.877, 307.879, 307.883, 300, 
307.898, 307.898, 307.898, 307.898, 307.898, 307.898, 307.898, 307.898, 307.898, 307.898, 307.898, 307.898, 307.898, 307.898, 307.898, 307.898, 307.898, 307.898, 307.898, 307.898, 307.898, 307.898, 307.898, 307.898, 307.898, 307.898, 307.898, 307.898, 307.898, 307.898, 307.898, 307.898, 307.898, 307.898, 307.898, 307.898, 307.898, 307.898, 307.898, 307.898, 307.898, 307.898, 307.898, 307.898, 307.898, 307.898, 307.898, 307.898, 307.898, 307.898, 307.898, 307.898, 307.898, 307.898, 307.898, 307.898, 307.898, 307.898, 307.898, 307.898, 307.898, 307.898, 307.898, 307.898, 307.898, 307.898, 307.898, 307.898, 307.898, 307.898, 307.898, 307.898, 307.898, 307.898, 307.898, 307.898, 307.898, 307.898, 307.898, 307.898, 307.898, 307.898, 307.898, 307.898, 307.898, 307.898, 307.898, 307.898, 307.898, 307.899, 307.899, 307.899, 307.899, 307.9, 307.9, 307.901, 307.902, 307.904, 307.908, 300, 
307.924, 307.924, 307.924, 307.924, 307.924, 307.924, 307.924, 307.924, 307.924, 307.924, 307.924, 307.924, 307.924, 307.924, 307.924, 307.923, 307.923, 307.923, 307.923, 307.923, 307.923, 307.923, 307.923, 307.923, 307.923, 307.923, 307.923, 307.923, 307.923, 307.923, 307.923, 307.923, 307.923, 307.923, 307.923, 307.924, 307.924, 307.924, 307.924, 307.924, 307.924, 307.924, 307.924, 307.924, 307.924, 307.924, 307.924, 307.924, 307.924, 307.924, 307.924, 307.924, 307.924, 307.924, 307.924, 307.924, 307.924, 307.924, 307.924, 307.924, 307.924, 307.924, 307.924, 307.924, 307.923, 307.923, 307.923, 307.923, 307.923, 307.923, 307.923, 307.923, 307.923, 307.923, 307.923, 307.923, 307.923, 307.923, 307.923, 307.923, 307.923, 307.923, 307.923, 307.923, 307.923, 307.923, 307.924, 307.924, 307.924, 307.924, 307.924, 307.925, 307.925, 307.925, 307.926, 307.927, 307.928, 307.93, 307.934, 300, 
307.949, 307.949, 307.949, 307.949, 307.949, 307.949, 307.949, 307.949, 307.949, 307.949, 307.949, 307.949, 307.949, 307.949, 307.949, 307.949, 307.949, 307.949, 307.949, 307.949, 307.949, 307.949, 307.949, 307.949, 307.949, 307.949, 307.949, 307.949, 307.949, 307.949, 307.949, 307.949, 307.949, 307.949, 307.949, 307.949, 307.949, 307.949, 307.949, 307.949, 307.949, 307.949, 307.949, 307.949, 307.949, 307.949, 307.949, 307.949, 307.949, 307.949, 307.949, 307.949, 307.949, 307.949, 307.949, 307.949, 307.949, 307.949, 307.949, 307.949, 307.949, 307.949, 307.949, 307.949, 307.949, 307.949, 307.949, 307.949, 307.949, 307.949, 307.949, 307.949, 307.949, 307.949, 307.949, 307.948, 307.948, 307.948, 307.948, 307.949, 307.949, 307.949, 307.949, 307.949, 307.949, 307.949, 307.949, 307.949, 307.949, 307.95, 307.95, 307.95, 307.95, 307.951, 307.951, 307.952, 307.953, 307.955, 307.959, 300, 
307.975, 307.975, 307.975, 307.975, 307.975, 307.975, 307.975, 307.975, 307.975, 307.975, 307.975, 307.975, 307.975, 307.975, 307.974, 307.974, 307.974, 307.974, 307.974, 307.974, 307.974, 307.974, 307.974, 307.974, 307.974, 307.974, 307.974, 307.974, 307.974, 307.974, 307.974, 307.974, 307.974, 307.974, 307.974, 307.974, 307.974, 307.975, 307.975, 307.975, 307.975, 307.975, 307.975, 307.975, 307.975, 307.975, 307.975, 307.975, 307.975, 307.975, 307.975, 307.975, 307.975, 307.975, 307.975, 307.975, 307.975, 307.975, 307.975, 307.975, 307.975, 307.975, 307.975, 307.974, 307.974, 307.974, 307.974, 307.974, 307.974, 307.974, 307.974, 307.974, 307.974, 307.974, 307.974, 307.974, 307.974, 307.974, 307.974, 307.974, 307.974, 307.974, 307.974, 307.974, 307.974, 307.974, 307.974, 307.975, 307.975, 307.975, 307.975, 307.975, 307.976, 307.976, 307.977, 307.977, 307.979, 307.981, 307.984, 300, 
308, 308, 308, 308, 308, 308, 308, 308, 308, 308, 308, 308, 308, 308, 308, 308, 308, 308, 308, 308, 308, 308, 308, 308, 308, 308, 308, 308, 308, 308, 308, 308, 308, 308, 308, 308, 308, 308, 308, 308, 308, 308, 308, 308, 308, 308, 308, 308, 308, 308, 308, 308, 308, 308, 308, 308, 308, 308, 308, 308, 308, 308, 308, 308, 308, 308, 308, 308, 308, 308, 308, 308, 308, 308, 307.999, 307.999, 307.999, 307.999, 307.999, 307.999, 308, 308, 308, 308, 308, 308, 308, 308, 308, 308, 308.001, 308.001, 308.001, 308.002, 308.002, 308.003, 308.004, 308.006, 308.01, 300, 
308.026, 308.026, 308.026, 308.026, 308.026, 308.026, 308.026, 308.026, 308.026, 308.026, 308.026, 308.026, 308.025, 308.025, 308.025, 308.025, 308.025, 308.025, 308.025, 308.025, 308.025, 308.025, 308.025, 308.025, 308.025, 308.025, 308.025, 308.025, 308.025, 308.025, 308.025, 308.025, 308.025, 308.025, 308.025, 308.025, 308.025, 308.025, 308.026, 308.026, 308.026, 308.026, 308.026, 308.026, 308.026, 308.026, 308.026, 308.026, 308.026, 308.026, 308.026, 308.026, 308.026, 308.026, 308.026, 308.026, 308.026, 308.026, 308.026, 308.026, 308.026, 308.026, 308.025, 308.025, 308.025, 308.025, 308.025, 308.025, 308.025, 308.025, 308.025, 308.025, 308.025, 308.025, 308.025, 308.025, 308.025, 308.025, 308.025, 308.025, 308.025, 308.025, 308.025, 308.025, 308.025, 308.025, 308.025, 308.026, 308.026, 308.026, 308.026, 308.026, 308.027, 308.027, 308.028, 308.028, 308.03, 308.031, 308.035, 300, 
308.051, 308.051, 308.051, 308.051, 308.051, 308.051, 308.051, 308.051, 308.051, 308.051, 308.051, 308.051, 308.051, 308.051, 308.051, 308.051, 308.051, 308.051, 308.051, 308.051, 308.051, 308.051, 308.051, 308.051, 308.051, 308.051, 308.051, 308.051, 308.051, 308.051, 308.051, 308.051, 308.051, 308.051, 308.051, 308.051, 308.051, 308.051, 308.051, 308.051, 308.051, 308.051, 308.051, 308.051, 308.051, 308.051, 308.051, 308.051, 308.051, 308.051, 308.051, 308.051, 308.051, 308.051, 308.051, 308.051, 308.051, 308.051, 308.051, 308.051, 308.051, 308.051, 308.051, 308.051, 308.051, 308.051, 308.051, 308.051, 308.051, 308.051, 308.051, 308.051, 308.05, 308.05, 308.05, 308.05, 308.05, 308.05, 308.05, 308.05, 308.05, 308.051, 308.051, 308.051, 308.051, 308.051, 308.051, 308.051, 308.051, 308.051, 308.052, 308.052, 308.052, 308.053, 308.053, 308.054, 308.055, 308.057, 308.06, 300, 
308.077, 308.077, 308.077, 308.077, 308.077, 308.077, 308.077, 308.077, 308.077, 308.077, 308.076, 308.076, 308.076, 308.076, 308.076, 308.076, 308.076, 308.076, 308.076, 308.076, 308.076, 308.076, 308.076, 308.076, 308.076, 308.076, 308.076, 308.076, 308.076, 308.076, 308.076, 308.076, 308.076, 308.076, 308.076, 308.076, 308.076, 308.076, 308.076, 308.076, 308.077, 308.077, 308.077, 308.077, 308.077, 308.077, 308.077, 308.077, 308.077, 308.077, 308.077, 308.077, 308.077, 308.077, 308.077, 308.077, 308.077, 308.077, 308.077, 308.077, 308.077, 308.076, 308.076, 308.076, 308.076, 308.076, 308.076, 308.076, 308.076, 308.076, 308.076, 308.076, 308.076, 308.076, 308.076, 308.076, 308.076, 308.076, 308.076, 308.076, 308.076, 308.076, 308.076, 308.076, 308.076, 308.076, 308.076, 308.077, 308.077, 308.077, 308.077, 308.077, 308.078, 308.078, 308.079, 308.079, 308.08, 308.082, 308.086, 300, 
308.102, 308.102, 308.102, 308.102, 308.102, 308.102, 308.102, 308.102, 308.102, 308.102, 308.102, 308.102, 308.102, 308.102, 308.102, 308.102, 308.102, 308.102, 308.102, 308.102, 308.102, 308.102, 308.102, 308.102, 308.102, 308.102, 308.102, 308.102, 308.102, 308.102, 308.102, 308.102, 308.102, 308.102, 308.102, 308.102, 308.102, 308.102, 308.102, 308.102, 308.102, 308.102, 308.102, 308.102, 308.102, 308.102, 308.102, 308.102, 308.102, 308.102, 308.102, 308.102, 308.102, 308.102, 308.102, 308.102, 308.102, 308.102, 308.102, 308.102, 308.102, 308.102, 308.102, 308.102, 308.102, 308.102, 308.102, 308.102, 308.102, 308.102, 308.102, 308.101, 308.101, 308.101, 308.101, 308.101, 308.101, 308.101, 308.101, 308.101, 308.101, 308.101, 308.102, 308.102, 308.102, 308.102, 308.102, 308.102, 308.102, 308.102, 308.103, 308.103, 308.103, 308.104, 308.104, 308.105, 308.106, 308.108, 308.111, 300, 
308.128, 308.128, 308.128, 308.128, 308.128, 308.128, 308.128, 308.128, 308.127, 308.127, 308.127, 308.127, 308.127, 308.127, 308.127, 308.127, 308.127, 308.127, 308.127, 308.127, 308.127, 308.127, 308.127, 308.127, 308.127, 308.127, 308.127, 308.127, 308.127, 308.127, 308.127, 308.127, 308.127, 308.127, 308.127, 308.127, 308.127, 308.127, 308.127, 308.127, 308.127, 308.128, 308.128, 308.128, 308.128, 308.128, 308.128, 308.128, 308.128, 308.128, 308.128, 308.128, 308.128, 308.128, 308.128, 308.128, 308.128, 308.128, 308.128, 308.128, 308.127, 308.127, 308.127, 308.127, 308.127, 308.127, 308.127, 308.127, 308.127, 308.127, 308.127, 308.127, 308.127, 308.127, 308.127, 308.127, 308.127, 308.127, 308.127, 308.127, 308.127, 308.127, 308.127, 308.127, 308.127, 308.127, 308.127, 308.127, 308.128, 308.128, 308.128, 308.128, 308.129, 308.129, 308.13, 308.13, 308.131, 308.133, 308.137, 300, 
308.153, 308.153, 308.153, 308.153, 308.153, 308.153, 308.153, 308.153, 308.153, 308.153, 308.153, 308.153, 308.153, 308.153, 308.153, 308.153, 308.153, 308.153, 308.153, 308.153, 308.153, 308.153, 308.153, 308.153, 308.153, 308.153, 308.153, 308.153, 308.153, 308.153, 308.153, 308.153, 308.153, 308.153, 308.153, 308.153, 308.153, 308.153, 308.153, 308.153, 308.153, 308.153, 308.153, 308.153, 308.153, 308.153, 308.153, 308.153, 308.153, 308.153, 308.153, 308.153, 308.153, 308.153, 308.153, 308.153, 308.153, 308.153, 308.153, 308.153, 308.153, 308.153, 308.153, 308.153, 308.153, 308.153, 308.153, 308.153, 308.153, 308.153, 308.152, 308.152, 308.152, 308.152, 308.152, 308.152, 308.152, 308.152, 308.152, 308.152, 308.152, 308.152, 308.152, 308.153, 308.153, 308.153, 308.153, 308.153, 308.153, 308.153, 308.154, 308.154, 308.154, 308.154, 308.155, 308.156, 308.157, 308.159, 308.162, 300, 
308.179, 308.179, 308.179, 308.179, 308.179, 308.178, 308.178, 308.178, 308.178, 308.178, 308.178, 308.178, 308.178, 308.178, 308.178, 308.178, 308.178, 308.178, 308.178, 308.178, 308.178, 308.178, 308.178, 308.178, 308.178, 308.178, 308.178, 308.178, 308.178, 308.178, 308.178, 308.178, 308.178, 308.178, 308.178, 308.178, 308.178, 308.178, 308.178, 308.178, 308.178, 308.178, 308.178, 308.179, 308.179, 308.179, 308.179, 308.179, 308.179, 308.179, 308.179, 308.179, 308.179, 308.179, 308.179, 308.179, 308.179, 308.179, 308.178, 308.178, 308.178, 308.178, 308.178, 308.178, 308.178, 308.178, 308.178, 308.178, 308.178, 308.178, 308.178, 308.178, 308.178, 308.178, 308.178, 308.178, 308.178, 308.178, 308.178, 308.178, 308.178, 308.178, 308.178, 308.178, 308.178, 308.178, 308.178, 308.178, 308.179, 308.179, 308.179, 308.179, 308.18, 308.18, 308.18, 308.181, 308.182, 308.184, 308.187, 300, 
308.204, 308.204, 308.204, 308.204, 308.204, 308.204, 308.204, 308.204, 308.204, 308.204, 308.204, 308.204, 308.204, 308.204, 308.204, 308.204, 308.204, 308.204, 308.204, 308.204, 308.204, 308.204, 308.204, 308.204, 308.204, 308.204, 308.204, 308.204, 308.204, 308.204, 308.204, 308.204, 308.204, 308.204, 308.204, 308.204, 308.204, 308.204, 308.204, 308.204, 308.204, 308.204, 308.204, 308.204, 308.204, 308.204, 308.204, 308.204, 308.204, 308.204, 308.204, 308.204, 308.204, 308.204, 308.204, 308.204, 308.204, 308.204, 308.204, 308.204, 308.204, 308.204, 308.204, 308.204, 308.204, 308.204, 308.204, 308.204, 308.204, 308.203, 308.203, 308.203, 308.203, 308.203, 308.203, 308.203, 308.203, 308.203, 308.203, 308.203, 308.203, 308.203, 308.203, 308.204, 308.204, 308.204, 308.204, 308.204, 308.204, 308.204, 308.204, 308.205, 308.205, 308.205, 308.206, 308.207, 308.208, 308.209, 308.213, 300, 
308.229, 308.229, 308.229, 308.229, 308.229, 308.229, 308.229, 308.229, 308.229, 308.229, 308.229, 308.229, 308.229, 308.229, 308.229, 308.229, 308.229, 308.229, 308.229, 308.229, 308.229, 308.229, 308.229, 308.229, 308.229, 308.229, 308.229, 308.229, 308.229, 308.229, 308.229, 308.229, 308.229, 308.229, 308.229, 308.229, 308.229, 308.229, 308.229, 308.229, 308.229, 308.229, 308.229, 308.229, 308.229, 308.23, 308.23, 308.23, 308.23, 308.23, 308.23, 308.23, 308.23, 308.23, 308.23, 308.23, 308.229, 308.229, 308.229, 308.229, 308.229, 308.229, 308.229, 308.229, 308.229, 308.229, 308.229, 308.229, 308.229, 308.229, 308.229, 308.229, 308.229, 308.229, 308.229, 308.229, 308.229, 308.229, 308.229, 308.229, 308.229, 308.229, 308.229, 308.229, 308.229, 308.229, 308.229, 308.229, 308.23, 308.23, 308.23, 308.23, 308.23, 308.231, 308.231, 308.232, 308.233, 308.235, 308.238, 300, 
308.255, 308.255, 308.255, 308.255, 308.255, 308.255, 308.255, 308.255, 308.255, 308.255, 308.255, 308.255, 308.255, 308.255, 308.255, 308.255, 308.255, 308.255, 308.255, 308.255, 308.255, 308.255, 308.255, 308.255, 308.255, 308.255, 308.255, 308.255, 308.255, 308.255, 308.255, 308.255, 308.255, 308.255, 308.255, 308.255, 308.255, 308.255, 308.255, 308.255, 308.255, 308.255, 308.255, 308.255, 308.255, 308.255, 308.255, 308.255, 308.255, 308.255, 308.255, 308.255, 308.255, 308.255, 308.255, 308.255, 308.255, 308.255, 308.255, 308.255, 308.255, 308.255, 308.255, 308.255, 308.255, 308.255, 308.255, 308.255, 308.254, 308.254, 308.254, 308.254, 308.254, 308.254, 308.254, 308.254, 308.254, 308.254, 308.254, 308.254, 308.254, 308.254, 308.254, 308.254, 308.255, 308.255, 308.255, 308.255, 308.255, 308.255, 308.255, 308.256, 308.256, 308.256, 308.257, 308.257, 308.259, 308.26, 308.264, 300, 
308.28, 308.28, 308.28, 308.28, 308.28, 308.28, 308.28, 308.28, 308.28, 308.28, 308.28, 308.28, 308.28, 308.28, 308.28, 308.28, 308.28, 308.28, 308.28, 308.28, 308.28, 308.28, 308.28, 308.28, 308.28, 308.28, 308.28, 308.28, 308.28, 308.28, 308.28, 308.28, 308.28, 308.28, 308.28, 308.28, 308.28, 308.28, 308.28, 308.28, 308.28, 308.28, 308.28, 308.28, 308.28, 308.28, 308.28, 308.28, 308.281, 308.281, 308.281, 308.281, 308.281, 308.281, 308.28, 308.28, 308.28, 308.28, 308.28, 308.28, 308.28, 308.28, 308.28, 308.28, 308.28, 308.28, 308.28, 308.28, 308.28, 308.28, 308.28, 308.28, 308.28, 308.28, 308.28, 308.28, 308.28, 308.28, 308.28, 308.28, 308.28, 308.28, 308.28, 308.28, 308.28, 308.28, 308.28, 308.28, 308.28, 308.281, 308.281, 308.281, 308.281, 308.282, 308.282, 308.283, 308.284, 308.286, 308.289, 300, 
308.306, 308.306, 308.306, 308.306, 308.306, 308.306, 308.306, 308.306, 308.306, 308.306, 308.306, 308.306, 308.306, 308.306, 308.306, 308.306, 308.306, 308.306, 308.306, 308.306, 308.306, 308.306, 308.306, 308.306, 308.306, 308.306, 308.306, 308.306, 308.306, 308.306, 308.306, 308.306, 308.306, 308.306, 308.306, 308.306, 308.306, 308.306, 308.306, 308.306, 308.306, 308.306, 308.306, 308.306, 308.306, 308.306, 308.306, 308.306, 308.306, 308.306, 308.306, 308.306, 308.306, 308.306, 308.306, 308.306, 308.306, 308.306, 308.306, 308.306, 308.306, 308.306, 308.306, 308.306, 308.306, 308.306, 308.306, 308.305, 308.305, 308.305, 308.305, 308.305, 308.305, 308.305, 308.305, 308.305, 308.305, 308.305, 308.305, 308.305, 308.305, 308.305, 308.305, 308.305, 308.306, 308.306, 308.306, 308.306, 308.306, 308.306, 308.306, 308.307, 308.307, 308.307, 308.308, 308.308, 308.309, 308.311, 308.314, 300, 
308.331, 308.331, 308.331, 308.331, 308.331, 308.331, 308.331, 308.331, 308.331, 308.331, 308.331, 308.331, 308.331, 308.331, 308.331, 308.331, 308.331, 308.331, 308.331, 308.331, 308.331, 308.331, 308.331, 308.331, 308.331, 308.331, 308.331, 308.331, 308.331, 308.331, 308.331, 308.331, 308.331, 308.331, 308.331, 308.331, 308.331, 308.331, 308.331, 308.331, 308.331, 308.331, 308.331, 308.331, 308.331, 308.331, 308.331, 308.331, 308.331, 308.331, 308.331, 308.331, 308.331, 308.331, 308.331, 308.331, 308.331, 308.331, 308.331, 308.331, 308.331, 308.331, 308.331, 308.331, 308.331, 308.331, 308.331, 308.331, 308.331, 308.331, 308.331, 308.331, 308.331, 308.331, 308.331, 308.331, 308.331, 308.331, 308.331, 308.331, 308.331, 308.331, 308.331, 308.331, 308.331, 308.331, 308.331, 308.331, 308.331, 308.332, 308.332, 308.332, 308.332, 308.333, 308.333, 308.334, 308.335, 308.337, 308.34, 300, 
308.357, 308.357, 308.357, 308.357, 308.357, 308.357, 308.357, 308.357, 308.357, 308.357, 308.357, 308.357, 308.357, 308.357, 308.357, 308.357, 308.357, 308.357, 308.357, 308.357, 308.357, 308.357, 308.357, 308.356, 308.356, 308.356, 308.356, 308.356, 308.357, 308.357, 308.357, 308.357, 308.357, 308.357, 308.357, 308.357, 308.357, 308.357, 308.357, 308.357, 308.357, 308.357, 308.357, 308.357, 308.357, 308.357, 308.357, 308.357, 308.357, 308.357, 308.357, 308.357, 308.357, 308.357, 308.357, 308.357, 308.357, 308.357, 308.357, 308.357, 308.357, 308.357, 308.357, 308.357, 308.357, 308.357, 308.357, 308.356, 308.356, 308.356, 308.356, 308.356, 308.356, 308.356, 308.356, 308.356, 308.356, 308.356, 308.356, 308.356, 308.356, 308.356, 308.356, 308.356, 308.356, 308.357, 308.357, 308.357, 308.357, 308.357, 308.357, 308.358, 308.358, 308.358, 308.359, 308.359, 308.36, 308.362, 308.365, 300, 
308.382, 308.382, 308.382, 308.382, 308.382, 308.382, 308.382, 308.382, 308.382, 308.382, 308.382, 308.382, 308.382, 308.382, 308.382, 308.382, 308.382, 308.382, 308.382, 308.382, 308.382, 308.382, 308.382, 308.382, 308.382, 308.382, 308.382, 308.382, 308.382, 308.382, 308.382, 308.382, 308.382, 308.382, 308.382, 308.382, 308.382, 308.382, 308.382, 308.382, 308.382, 308.382, 308.382, 308.382, 308.382, 308.382, 308.382, 308.382, 308.382, 308.382, 308.382, 308.382, 308.382, 308.382, 308.382, 308.382, 308.382, 308.382, 308.382, 308.382, 308.382, 308.382, 308.382, 308.382, 308.382, 308.382, 308.382, 308.382, 308.382, 308.382, 308.382, 308.382, 308.382, 308.382, 308.382, 308.382, 308.382, 308.382, 308.382, 308.382, 308.382, 308.382, 308.382, 308.382, 308.382, 308.382, 308.382, 308.382, 308.382, 308.383, 308.383, 308.383, 308.383, 308.384, 308.384, 308.385, 308.386, 308.388, 308.391, 300, 
308.408, 308.408, 308.408, 308.408, 308.408, 308.408, 308.408, 308.408, 308.408, 308.408, 308.408, 308.408, 308.408, 308.408, 308.408, 308.408, 308.408, 308.408, 308.408, 308.408, 308.407, 308.407, 308.407, 308.407, 308.407, 308.407, 308.407, 308.407, 308.407, 308.407, 308.407, 308.408, 308.408, 308.408, 308.408, 308.408, 308.408, 308.408, 308.408, 308.408, 308.408, 308.408, 308.408, 308.408, 308.408, 308.408, 308.408, 308.408, 308.408, 308.408, 308.408, 308.408, 308.408, 308.408, 308.408, 308.408, 308.408, 308.408, 308.408, 308.408, 308.408, 308.408, 308.408, 308.408, 308.408, 308.408, 308.407, 308.407, 308.407, 308.407, 308.407, 308.407, 308.407, 308.407, 308.407, 308.407, 308.407, 308.407, 308.407, 308.407, 308.407, 308.407, 308.407, 308.407, 308.407, 308.408, 308.408, 308.408, 308.408, 308.408, 308.408, 308.408, 308.409, 308.409, 308.41, 308.41, 308.411, 308.413, 308.416, 300, 
308.433, 308.433, 308.433, 308.433, 308.433, 308.433, 308.433, 308.433, 308.433, 308.433, 308.433, 308.433, 308.433, 308.433, 308.433, 308.433, 308.433, 308.433, 308.433, 308.433, 308.433, 308.433, 308.433, 308.433, 308.433, 308.433, 308.433, 308.433, 308.433, 308.433, 308.433, 308.433, 308.433, 308.433, 308.433, 308.433, 308.433, 308.433, 308.433, 308.433, 308.433, 308.433, 308.433, 308.433, 308.433, 308.433, 308.433, 308.433, 308.433, 308.433, 308.433, 308.433, 308.433, 308.433, 308.433, 308.433, 308.433, 308.433, 308.433, 308.433, 308.433, 308.433, 308.433, 308.433, 308.433, 308.433, 308.433, 308.433, 308.433, 308.433, 308.433, 308.433, 308.433, 308.433, 308.433, 308.433, 308.433, 308.433, 308.433, 308.433, 308.433, 308.433, 308.433, 308.433, 308.433, 308.433, 308.433, 308.433, 308.433, 308.434, 308.434, 308.434, 308.434, 308.435, 308.435, 308.436, 308.437, 308.438, 308.441, 300, 
308.459, 308.459, 308.459, 308.459, 308.459, 308.459, 308.459, 308.459, 308.459, 308.459, 308.459, 308.459, 308.459, 308.459, 308.459, 308.459, 308.459, 308.458, 308.458, 308.458, 308.458, 308.458, 308.458, 308.458, 308.458, 308.458, 308.458, 308.458, 308.458, 308.458, 308.458, 308.458, 308.458, 308.458, 308.459, 308.459, 308.459, 308.459, 308.459, 308.459, 308.459, 308.459, 308.459, 308.459, 308.459, 308.459, 308.459, 308.459, 308.459, 308.459, 308.459, 308.459, 308.459, 308.459, 308.459, 308.459, 308.459, 308.459, 308.459, 308.459, 308.459, 308.459, 308.459, 308.459, 308.459, 308.458, 308.458, 308.458, 308.458, 308.458, 308.458, 308.458, 308.458, 308.458, 308.458, 308.458, 308.458, 308.458, 308.458, 308.458, 308.458, 308.458, 308.458, 308.458, 308.458, 308.458, 308.459, 308.459, 308.459, 308.459, 308.459, 308.459, 308.46, 308.46, 308.461, 308.461, 308.462, 308.464, 308.467, 300, 
308.484, 308.484, 308.484, 308.484, 308.484, 308.484, 308.484, 308.484, 308.484, 308.484, 308.484, 308.484, 308.484, 308.484, 308.484, 308.484, 308.484, 308.484, 308.484, 308.484, 308.484, 308.484, 308.484, 308.484, 308.484, 308.484, 308.484, 308.484, 308.484, 308.484, 308.484, 308.484, 308.484, 308.484, 308.484, 308.484, 308.484, 308.484, 308.484, 308.484, 308.484, 308.484, 308.484, 308.484, 308.484, 308.484, 308.484, 308.484, 308.484, 308.484, 308.484, 308.484, 308.484, 308.484, 308.484, 308.484, 308.484, 308.484, 308.484, 308.484, 308.484, 308.484, 308.484, 308.484, 308.484, 308.484, 308.484, 308.484, 308.484, 308.484, 308.484, 308.484, 308.484, 308.484, 308.484, 308.484, 308.484, 308.484, 308.484, 308.484, 308.484, 308.484, 308.484, 308.484, 308.484, 308.484, 308.484, 308.484, 308.484, 308.484, 308.485, 308.485, 308.485, 308.486, 308.486, 308.487, 308.488, 308.489, 308.492, 300, 
308.51, 308.51, 308.51, 308.51, 308.51, 308.51, 308.51, 308.51, 308.51, 308.51, 308.51, 308.51, 308.51, 308.51, 308.51, 308.509, 308.509, 308.509, 308.509, 308.509, 308.509, 308.509, 308.509, 308.509, 308.509, 308.509, 308.509, 308.509, 308.509, 308.509, 308.509, 308.509, 308.509, 308.509, 308.509, 308.51, 308.51, 308.51, 308.51, 308.51, 308.51, 308.51, 308.51, 308.51, 308.51, 308.51, 308.51, 308.51, 308.51, 308.51, 308.51, 308.51, 308.51, 308.51, 308.51, 308.51, 308.51, 308.51, 308.51, 308.51, 308.51, 308.51, 308.51, 308.51, 308.509, 308.509, 308.509, 308.509, 308.509, 308.509, 308.509, 308.509, 308.509, 308.509, 308.509, 308.509, 308.509, 308.509, 308.509, 308.509, 308.509, 308.509, 308.509, 308.509, 308.509, 308.509, 308.51, 308.51, 308.51, 308.51, 308.51, 308.51, 308.511, 308.511, 308.511, 308.512, 308.513, 308.515, 308.518, 300, 
308.535, 308.535, 308.535, 308.535, 308.535, 308.535, 308.535, 308.535, 308.535, 308.535, 308.535, 308.535, 308.535, 308.535, 308.535, 308.535, 308.535, 308.535, 308.535, 308.535, 308.535, 308.535, 308.535, 308.535, 308.535, 308.535, 308.535, 308.535, 308.535, 308.535, 308.535, 308.535, 308.535, 308.535, 308.535, 308.535, 308.535, 308.535, 308.535, 308.535, 308.535, 308.535, 308.535, 308.535, 308.535, 308.535, 308.535, 308.535, 308.535, 308.535, 308.535, 308.535, 308.535, 308.535, 308.535, 308.535, 308.535, 308.535, 308.535, 308.535, 308.535, 308.535, 308.535, 308.535, 308.535, 308.535, 308.535, 308.535, 308.535, 308.535, 308.535, 308.535, 308.535, 308.535, 308.535, 308.535, 308.535, 308.535, 308.535, 308.535, 308.535, 308.535, 308.535, 308.535, 308.535, 308.535, 308.535, 308.535, 308.535, 308.535, 308.536, 308.536, 308.536, 308.536, 308.537, 308.538, 308.538, 308.54, 308.543, 300, 
308.561, 308.561, 308.561, 308.561, 308.561, 308.561, 308.561, 308.561, 308.561, 308.561, 308.561, 308.561, 308.561, 308.56, 308.56, 308.56, 308.56, 308.56, 308.56, 308.56, 308.56, 308.56, 308.56, 308.56, 308.56, 308.56, 308.56, 308.56, 308.56, 308.56, 308.56, 308.56, 308.56, 308.56, 308.56, 308.56, 308.56, 308.561, 308.561, 308.561, 308.561, 308.561, 308.561, 308.561, 308.561, 308.561, 308.561, 308.561, 308.561, 308.561, 308.561, 308.561, 308.561, 308.561, 308.561, 308.561, 308.561, 308.561, 308.561, 308.561, 308.561, 308.561, 308.56, 308.56, 308.56, 308.56, 308.56, 308.56, 308.56, 308.56, 308.56, 308.56, 308.56, 308.56, 308.56, 308.56, 308.56, 308.56, 308.56, 308.56, 308.56, 308.56, 308.56, 308.56, 308.56, 308.56, 308.56, 308.561, 308.561, 308.561, 308.561, 308.561, 308.562, 308.562, 308.562, 308.563, 308.564, 308.566, 308.568, 300, 
308.586, 308.586, 308.586, 308.586, 308.586, 308.586, 308.586, 308.586, 308.586, 308.586, 308.586, 308.586, 308.586, 308.586, 308.586, 308.586, 308.586, 308.586, 308.586, 308.586, 308.586, 308.586, 308.586, 308.586, 308.586, 308.586, 308.586, 308.586, 308.586, 308.586, 308.586, 308.586, 308.586, 308.586, 308.586, 308.586, 308.586, 308.586, 308.586, 308.586, 308.586, 308.586, 308.586, 308.586, 308.586, 308.586, 308.586, 308.586, 308.586, 308.586, 308.586, 308.586, 308.586, 308.586, 308.586, 308.586, 308.586, 308.586, 308.586, 308.586, 308.586, 308.586, 308.586, 308.586, 308.586, 308.586, 308.586, 308.586, 308.586, 308.586, 308.586, 308.586, 308.586, 308.586, 308.586, 308.586, 308.586, 308.586, 308.586, 308.586, 308.586, 308.586, 308.586, 308.586, 308.586, 308.586, 308.586, 308.586, 308.586, 308.586, 308.587, 308.587, 308.587, 308.587, 308.588, 308.588, 308.589, 308.591, 308.594, 300, 
308.612, 308.612, 308.612, 308.612, 308.612, 308.612, 308.612, 308.612, 308.612, 308.612, 308.612, 308.611, 308.611, 308.611, 308.611, 308.611, 308.611, 308.611, 308.611, 308.611, 308.611, 308.611, 308.611, 308.611, 308.611, 308.611, 308.611, 308.611, 308.611, 308.611, 308.611, 308.611, 308.611, 308.611, 308.611, 308.611, 308.611, 308.611, 308.611, 308.612, 308.612, 308.612, 308.612, 308.612, 308.612, 308.612, 308.612, 308.612, 308.612, 308.612, 308.612, 308.612, 308.612, 308.612, 308.612, 308.612, 308.612, 308.612, 308.612, 308.612, 308.612, 308.611, 308.611, 308.611, 308.611, 308.611, 308.611, 308.611, 308.611, 308.611, 308.611, 308.611, 308.611, 308.611, 308.611, 308.611, 308.611, 308.611, 308.611, 308.611, 308.611, 308.611, 308.611, 308.611, 308.611, 308.611, 308.611, 308.612, 308.612, 308.612, 308.612, 308.612, 308.613, 308.613, 308.613, 308.614, 308.615, 308.616, 308.619, 300, 
308.637, 308.637, 308.637, 308.637, 308.637, 308.637, 308.637, 308.637, 308.637, 308.637, 308.637, 308.637, 308.637, 308.637, 308.637, 308.637, 308.637, 308.637, 308.637, 308.637, 308.637, 308.637, 308.637, 308.637, 308.637, 308.637, 308.637, 308.637, 308.637, 308.637, 308.637, 308.637, 308.637, 308.637, 308.637, 308.637, 308.637, 308.637, 308.637, 308.637, 308.637, 308.637, 308.637, 308.637, 308.637, 308.637, 308.637, 308.637, 308.637, 308.637, 308.637, 308.637, 308.637, 308.637, 308.637, 308.637, 308.637, 308.637, 308.637, 308.637, 308.637, 308.637, 308.637, 308.637, 308.637, 308.637, 308.637, 308.637, 308.637, 308.637, 308.637, 308.637, 308.637, 308.637, 308.637, 308.637, 308.636, 308.636, 308.637, 308.637, 308.637, 308.637, 308.637, 308.637, 308.637, 308.637, 308.637, 308.637, 308.637, 308.637, 308.637, 308.638, 308.638, 308.638, 308.639, 308.639, 308.64, 308.642, 308.645, 300, 
308.663, 308.663, 308.663, 308.663, 308.663, 308.663, 308.663, 308.663, 308.663, 308.662, 308.662, 308.662, 308.662, 308.662, 308.662, 308.662, 308.662, 308.662, 308.662, 308.662, 308.662, 308.662, 308.662, 308.662, 308.662, 308.662, 308.662, 308.662, 308.662, 308.662, 308.662, 308.662, 308.662, 308.662, 308.662, 308.662, 308.662, 308.662, 308.662, 308.662, 308.662, 308.663, 308.663, 308.663, 308.663, 308.663, 308.663, 308.663, 308.663, 308.663, 308.663, 308.663, 308.663, 308.663, 308.663, 308.663, 308.663, 308.663, 308.663, 308.663, 308.662, 308.662, 308.662, 308.662, 308.662, 308.662, 308.662, 308.662, 308.662, 308.662, 308.662, 308.662, 308.662, 308.662, 308.662, 308.662, 308.662, 308.662, 308.662, 308.662, 308.662, 308.662, 308.662, 308.662, 308.662, 308.662, 308.662, 308.663, 308.663, 308.663, 308.663, 308.663, 308.663, 308.664, 308.664, 308.665, 308.666, 308.667, 308.67, 300, 
308.688, 308.688, 308.688, 308.688, 308.688, 308.688, 308.688, 308.688, 308.688, 308.688, 308.688, 308.688, 308.688, 308.688, 308.688, 308.688, 308.688, 308.688, 308.688, 308.688, 308.688, 308.688, 308.688, 308.688, 308.688, 308.688, 308.688, 308.688, 308.688, 308.688, 308.688, 308.688, 308.688, 308.688, 308.688, 308.688, 308.688, 308.688, 308.688, 308.688, 308.688, 308.688, 308.688, 308.688, 308.688, 308.688, 308.688, 308.688, 308.688, 308.688, 308.688, 308.688, 308.688, 308.688, 308.688, 308.688, 308.688, 308.688, 308.688, 308.688, 308.688, 308.688, 308.688, 308.688, 308.688, 308.688, 308.688, 308.688, 308.688, 308.688, 308.688, 308.688, 308.688, 308.687, 308.687, 308.687, 308.687, 308.687, 308.687, 308.687, 308.688, 308.688, 308.688, 308.688, 308.688, 308.688, 308.688, 308.688, 308.688, 308.688, 308.688, 308.689, 308.689, 308.689, 308.69, 308.69, 308.691, 308.693, 308.695, 300, 
308.714, 308.714, 308.714, 308.714, 308.714, 308.714, 308.713, 308.713, 308.713, 308.713, 308.713, 308.713, 308.713, 308.713, 308.713, 308.713, 308.713, 308.713, 308.713, 308.713, 308.713, 308.713, 308.713, 308.713, 308.713, 308.713, 308.713, 308.713, 308.713, 308.713, 308.713, 308.713, 308.713, 308.713, 308.713, 308.713, 308.713, 308.713, 308.713, 308.713, 308.713, 308.713, 308.713, 308.714, 308.714, 308.714, 308.714, 308.714, 308.714, 308.714, 308.714, 308.714, 308.714, 308.714, 308.714, 308.714, 308.714, 308.714, 308.713, 308.713, 308.713, 308.713, 308.713, 308.713, 308.713, 308.713, 308.713, 308.713, 308.713, 308.713, 308.713, 308.713, 308.713, 308.713, 308.713, 308.713, 308.713, 308.713, 308.713, 308.713, 308.713, 308.713, 308.713, 308.713, 308.713, 308.713, 308.713, 308.713, 308.714, 308.714, 308.714, 308.714, 308.714, 308.715, 308.715, 308.716, 308.717, 308.718, 308.721, 300, 
308.739, 308.739, 308.739, 308.739, 308.739, 308.739, 308.739, 308.739, 308.739, 308.739, 308.739, 308.739, 308.739, 308.739, 308.739, 308.739, 308.739, 308.739, 308.739, 308.739, 308.739, 308.739, 308.739, 308.739, 308.739, 308.739, 308.739, 308.739, 308.739, 308.739, 308.739, 308.739, 308.739, 308.739, 308.739, 308.739, 308.739, 308.739, 308.739, 308.739, 308.739, 308.739, 308.739, 308.739, 308.739, 308.739, 308.739, 308.739, 308.739, 308.739, 308.739, 308.739, 308.739, 308.739, 308.739, 308.739, 308.739, 308.739, 308.739, 308.739, 308.739, 308.739, 308.739, 308.739, 308.739, 308.739, 308.739, 308.739, 308.739, 308.739, 308.739, 308.739, 308.738, 308.738, 308.738, 308.738, 308.738, 308.738, 308.738, 308.738, 308.738, 308.738, 308.739, 308.739, 308.739, 308.739, 308.739, 308.739, 308.739, 308.739, 308.739, 308.74, 308.74, 308.74, 308.741, 308.741, 308.742, 308.744, 308.746, 300, 
308.764, 308.764, 308.764, 308.764, 308.764, 308.764, 308.764, 308.764, 308.764, 308.764, 308.764, 308.764, 308.764, 308.764, 308.764, 308.764, 308.764, 308.764, 308.764, 308.764, 308.764, 308.764, 308.764, 308.764, 308.764, 308.764, 308.764, 308.764, 308.764, 308.764, 308.764, 308.764, 308.764, 308.764, 308.764, 308.764, 308.764, 308.764, 308.764, 308.764, 308.764, 308.764, 308.764, 308.764, 308.764, 308.765, 308.765, 308.765, 308.765, 308.765, 308.765, 308.765, 308.765, 308.765, 308.765, 308.765, 308.764, 308.764, 308.764, 308.764, 308.764, 308.764, 308.764, 308.764, 308.764, 308.764, 308.764, 308.764, 308.764, 308.764, 308.764, 308.764, 308.764, 308.764, 308.764, 308.764, 308.764, 308.764, 308.764, 308.764, 308.764, 308.764, 308.764, 308.764, 308.764, 308.764, 308.764, 308.764, 308.765, 308.765, 308.765, 308.765, 308.765, 308.766, 308.766, 308.767, 308.768, 308.769, 308.772, 300, 
308.79, 308.79, 308.79, 308.79, 308.79, 308.79, 308.79, 308.79, 308.79, 308.79, 308.79, 308.79, 308.79, 308.79, 308.79, 308.79, 308.79, 308.79, 308.79, 308.79, 308.79, 308.79, 308.79, 308.79, 308.79, 308.79, 308.79, 308.79, 308.79, 308.79, 308.79, 308.79, 308.79, 308.79, 308.79, 308.79, 308.79, 308.79, 308.79, 308.79, 308.79, 308.79, 308.79, 308.79, 308.79, 308.79, 308.79, 308.79, 308.79, 308.79, 308.79, 308.79, 308.79, 308.79, 308.79, 308.79, 308.79, 308.79, 308.79, 308.79, 308.79, 308.79, 308.79, 308.79, 308.79, 308.79, 308.79, 308.79, 308.79, 308.79, 308.79, 308.789, 308.789, 308.789, 308.789, 308.789, 308.789, 308.789, 308.789, 308.789, 308.789, 308.789, 308.79, 308.79, 308.79, 308.79, 308.79, 308.79, 308.79, 308.79, 308.79, 308.791, 308.791, 308.791, 308.792, 308.792, 308.793, 308.794, 308.797, 300, 
308.815, 308.815, 308.815, 308.815, 308.815, 308.815, 308.815, 308.815, 308.815, 308.815, 308.815, 308.815, 308.815, 308.815, 308.815, 308.815, 308.815, 308.815, 308.815, 308.815, 308.815, 308.815, 308.815, 308.815, 308.815, 308.815, 308.815, 308.815, 308.815, 308.815, 308.815, 308.815, 308.815, 308.815, 308.815, 308.815, 308.815, 308.815, 308.815, 308.815, 308.815, 308.815, 308.815, 308.815, 308.815, 308.815, 308.815, 308.815, 308.815, 308.816, 308.816, 308.816, 308.816, 308.815, 308.815, 308.815, 308.815, 308.815, 308.815, 308.815, 308.815, 308.815, 308.815, 308.815, 308.815, 308.815, 308.815, 308.815, 308.815, 308.815, 308.815, 308.815, 308.815, 308.815, 308.815, 308.815, 308.815, 308.815, 308.815, 308.815, 308.815, 308.815, 308.815, 308.815, 308.815, 308.815, 308.815, 308.815, 308.815, 308.816, 308.816, 308.816, 308.816, 308.817, 308.817, 308.818, 308.818, 308.82, 308.823, 300, 
308.841, 308.841, 308.841, 308.841, 308.841, 308.841, 308.841, 308.841, 308.841, 308.841, 308.841, 308.841, 308.841, 308.841, 308.841, 308.841, 308.841, 308.841, 308.841, 308.841, 308.841, 308.841, 308.841, 308.841, 308.841, 308.841, 308.841, 308.841, 308.841, 308.841, 308.841, 308.841, 308.841, 308.841, 308.841, 308.841, 308.841, 308.841, 308.841, 308.841, 308.841, 308.841, 308.841, 308.841, 308.841, 308.841, 308.841, 308.841, 308.841, 308.841, 308.841, 308.841, 308.841, 308.841, 308.841, 308.841, 308.841, 308.841, 308.841, 308.841, 308.841, 308.841, 308.841, 308.841, 308.841, 308.841, 308.841, 308.841, 308.841, 308.84, 308.84, 308.84, 308.84, 308.84, 308.84, 308.84, 308.84, 308.84, 308.84, 308.84, 308.84, 308.84, 308.84, 308.841, 308.841, 308.841, 308.841, 308.841, 308.841, 308.841, 308.841, 308.841, 308.842, 308.842, 308.842, 308.843, 308.844, 308.845, 308.848, 300, 
308.866, 308.866, 308.866, 308.866, 308.866, 308.866, 308.866, 308.866, 308.866, 308.866, 308.866, 308.866, 308.866, 308.866, 308.866, 308.866, 308.866, 308.866, 308.866, 308.866, 308.866, 308.866, 308.866, 308.866, 308.866, 308.866, 308.866, 308.866, 308.866, 308.866, 308.866, 308.866, 308.866, 308.866, 308.866, 308.866, 308.866, 308.866, 308.866, 308.866, 308.866, 308.866, 308.866, 308.866, 308.866, 308.866, 308.866, 308.866, 308.866, 308.866, 308.866, 308.866, 308.866, 308.866, 308.866, 308.866, 308.866, 308.866, 308.866, 308.866, 308.866, 308.866, 308.866, 308.866, 308.866, 308.866, 308.866, 308.866, 308.866, 308.866, 308.866, 308.866, 308.866, 308.866, 308.866, 308.866, 308.866, 308.866, 308.866, 308.866, 308.866, 308.866, 308.866, 308.866, 308.866, 308.866, 308.866, 308.866, 308.866, 308.867, 308.867, 308.867, 308.867, 308.868, 308.868, 308.868, 308.869, 308.871, 308.873, 300, 
308.892, 308.892, 308.892, 308.892, 308.892, 308.892, 308.892, 308.892, 308.892, 308.892, 308.892, 308.892, 308.892, 308.892, 308.892, 308.892, 308.892, 308.892, 308.892, 308.892, 308.892, 308.892, 308.892, 308.892, 308.892, 308.892, 308.892, 308.892, 308.892, 308.892, 308.892, 308.892, 308.892, 308.892, 308.892, 308.892, 308.892, 308.892, 308.892, 308.892, 308.892, 308.892, 308.892, 308.892, 308.892, 308.892, 308.892, 308.892, 308.892, 308.892, 308.892, 308.892, 308.892, 308.892, 308.892, 308.892, 308.892, 308.892, 308.892, 308.892, 308.892, 308.892, 308.892, 308.892, 308.892, 308.892, 308.892, 308.892, 308.891, 308.891, 308.891, 308.891, 308.891, 308.891, 308.891, 308.891, 308.891, 308.891, 308.891, 308.891, 308.891, 308.891, 308.891, 308.891, 308.892, 308.892, 308.892, 308.892, 308.892, 308.892, 308.892, 308.892, 308.893, 308.893, 308.893, 308.894, 308.895, 308.896, 308.899, 300, 
308.917, 308.917, 308.917, 308.917, 308.917, 308.917, 308.917, 308.917, 308.917, 308.917, 308.917, 308.917, 308.917, 308.917, 308.917, 308.917, 308.917, 308.917, 308.917, 308.917, 308.917, 308.917, 308.917, 308.917, 308.917, 308.917, 308.917, 308.917, 308.917, 308.917, 308.917, 308.917, 308.917, 308.917, 308.917, 308.917, 308.917, 308.917, 308.917, 308.917, 308.917, 308.917, 308.917, 308.917, 308.917, 308.917, 308.917, 308.917, 308.917, 308.917, 308.917, 308.917, 308.917, 308.917, 308.917, 308.917, 308.917, 308.917, 308.917, 308.917, 308.917, 308.917, 308.917, 308.917, 308.917, 308.917, 308.917, 308.917, 308.917, 308.917, 308.917, 308.917, 308.917, 308.917, 308.917, 308.917, 308.917, 308.917, 308.917, 308.917, 308.917, 308.917, 308.917, 308.917, 308.917, 308.917, 308.917, 308.917, 308.917, 308.918, 308.918, 308.918, 308.918, 308.918, 308.919, 308.919, 308.92, 308.922, 308.924, 300, 
308.943, 308.943, 308.943, 308.943, 308.943, 308.943, 308.943, 308.943, 308.943, 308.943, 308.943, 308.943, 308.943, 308.943, 308.943, 308.943, 308.943, 308.943, 308.943, 308.943, 308.943, 308.943, 308.943, 308.943, 308.943, 308.943, 308.943, 308.943, 308.943, 308.943, 308.943, 308.943, 308.943, 308.943, 308.943, 308.943, 308.943, 308.943, 308.943, 308.943, 308.943, 308.943, 308.943, 308.943, 308.943, 308.943, 308.943, 308.943, 308.943, 308.943, 308.943, 308.943, 308.943, 308.943, 308.943, 308.943, 308.943, 308.943, 308.943, 308.943, 308.943, 308.943, 308.943, 308.943, 308.943, 308.943, 308.943, 308.942, 308.942, 308.942, 308.942, 308.942, 308.942, 308.942, 308.942, 308.942, 308.942, 308.942, 308.942, 308.942, 308.942, 308.942, 308.942, 308.942, 308.942, 308.943, 308.943, 308.943, 308.943, 308.943, 308.943, 308.943, 308.944, 308.944, 308.944, 308.945, 308.946, 308.947, 308.95, 300, 
308.968, 308.968, 308.968, 308.968, 308.968, 308.968, 308.968, 308.968, 308.968, 308.968, 308.968, 308.968, 308.968, 308.968, 308.968, 308.968, 308.968, 308.968, 308.968, 308.968, 308.968, 308.968, 308.968, 308.968, 308.968, 308.968, 308.968, 308.968, 308.968, 308.968, 308.968, 308.968, 308.968, 308.968, 308.968, 308.968, 308.968, 308.968, 308.968, 308.968, 308.968, 308.968, 308.968, 308.968, 308.968, 308.968, 308.968, 308.968, 308.968, 308.968, 308.968, 308.968, 308.968, 308.968, 308.968, 308.968, 308.968, 308.968, 308.968, 308.968, 308.968, 308.968, 308.968, 308.968, 308.968, 308.968, 308.968, 308.968, 308.968, 308.968, 308.968, 308.968, 308.968, 308.968, 308.968, 308.968, 308.968, 308.968, 308.968, 308.968, 308.968, 308.968, 308.968, 308.968, 308.968, 308.968, 308.968, 308.968, 308.968, 308.968, 308.969, 308.969, 308.969, 308.969, 308.97, 308.97, 308.971, 308.973, 308.975, 300, 
308.994, 308.994, 308.994, 308.994, 308.994, 308.994, 308.994, 308.994, 308.994, 308.994, 308.994, 308.994, 308.994, 308.994, 308.994, 308.994, 308.994, 308.994, 308.994, 308.994, 308.994, 308.993, 308.993, 308.993, 308.993, 308.993, 308.993, 308.993, 308.993, 308.993, 308.994, 308.994, 308.994, 308.994, 308.994, 308.994, 308.994, 308.994, 308.994, 308.994, 308.994, 308.994, 308.994, 308.994, 308.994, 308.994, 308.994, 308.994, 308.994, 308.994, 308.994, 308.994, 308.994, 308.994, 308.994, 308.994, 308.994, 308.994, 308.994, 308.994, 308.994, 308.994, 308.994, 308.994, 308.994, 308.994, 308.993, 308.993, 308.993, 308.993, 308.993, 308.993, 308.993, 308.993, 308.993, 308.993, 308.993, 308.993, 308.993, 308.993, 308.993, 308.993, 308.993, 308.993, 308.993, 308.994, 308.994, 308.994, 308.994, 308.994, 308.994, 308.994, 308.995, 308.995, 308.995, 308.996, 308.997, 308.998, 309, 300, 
309.019, 309.019, 309.019, 309.019, 309.019, 309.019, 309.019, 309.019, 309.019, 309.019, 309.019, 309.019, 309.019, 309.019, 309.019, 309.019, 309.019, 309.019, 309.019, 309.019, 309.019, 309.019, 309.019, 309.019, 309.019, 309.019, 309.019, 309.019, 309.019, 309.019, 309.019, 309.019, 309.019, 309.019, 309.019, 309.019, 309.019, 309.019, 309.019, 309.019, 309.019, 309.019, 309.019, 309.019, 309.019, 309.019, 309.019, 309.019, 309.019, 309.019, 309.019, 309.019, 309.019, 309.019, 309.019, 309.019, 309.019, 309.019, 309.019, 309.019, 309.019, 309.019, 309.019, 309.019, 309.019, 309.019, 309.019, 309.019, 309.019, 309.019, 309.019, 309.019, 309.019, 309.019, 309.019, 309.019, 309.019, 309.019, 309.019, 309.019, 309.019, 309.019, 309.019, 309.019, 309.019, 309.019, 309.019, 309.019, 309.019, 309.019, 309.02, 309.02, 309.02, 309.02, 309.021, 309.021, 309.022, 309.023, 309.026, 300, 
309.045, 309.045, 309.045, 309.045, 309.045, 309.045, 309.045, 309.045, 309.045, 309.045, 309.045, 309.045, 309.045, 309.045, 309.045, 309.045, 309.045, 309.045, 309.044, 309.044, 309.044, 309.044, 309.044, 309.044, 309.044, 309.044, 309.044, 309.044, 309.044, 309.044, 309.044, 309.044, 309.044, 309.045, 309.045, 309.045, 309.045, 309.045, 309.045, 309.045, 309.045, 309.045, 309.045, 309.045, 309.045, 309.045, 309.045, 309.045, 309.045, 309.045, 309.045, 309.045, 309.045, 309.045, 309.045, 309.045, 309.045, 309.045, 309.045, 309.045, 309.045, 309.045, 309.045, 309.045, 309.045, 309.044, 309.044, 309.044, 309.044, 309.044, 309.044, 309.044, 309.044, 309.044, 309.044, 309.044, 309.044, 309.044, 309.044, 309.044, 309.044, 309.044, 309.044, 309.044, 309.044, 309.044, 309.045, 309.045, 309.045, 309.045, 309.045, 309.045, 309.046, 309.046, 309.046, 309.047, 309.048, 309.049, 309.051, 300, 
309.07, 309.07, 309.07, 309.07, 309.07, 309.07, 309.07, 309.07, 309.07, 309.07, 309.07, 309.07, 309.07, 309.07, 309.07, 309.07, 309.07, 309.07, 309.07, 309.07, 309.07, 309.07, 309.07, 309.07, 309.07, 309.07, 309.07, 309.07, 309.07, 309.07, 309.07, 309.07, 309.07, 309.07, 309.07, 309.07, 309.07, 309.07, 309.07, 309.07, 309.07, 309.07, 309.07, 309.07, 309.07, 309.07, 309.07, 309.07, 309.07, 309.07, 309.07, 309.07, 309.07, 309.07, 309.07, 309.07, 309.07, 309.07, 309.07, 309.07, 309.07, 309.07, 309.07, 309.07, 309.07, 309.07, 309.07, 309.07, 309.07, 309.07, 309.07, 309.07, 309.07, 309.07, 309.07, 309.07, 309.07, 309.07, 309.07, 309.07, 309.07, 309.07, 309.07, 309.07, 309.07, 309.07, 309.07, 309.07, 309.07, 309.07, 309.071, 309.071, 309.071, 309.071, 309.072, 309.072, 309.073, 309.074, 309.077, 300, 
309.096, 309.096, 309.096, 309.096, 309.096, 309.096, 309.096, 309.096, 309.096, 309.096, 309.096, 309.096, 309.096, 309.096, 309.096, 309.095, 309.095, 309.095, 309.095, 309.095, 309.095, 309.095, 309.095, 309.095, 309.095, 309.095, 309.095, 309.095, 309.095, 309.095, 309.095, 309.095, 309.095, 309.095, 309.095, 309.095, 309.096, 309.096, 309.096, 309.096, 309.096, 309.096, 309.096, 309.096, 309.096, 309.096, 309.096, 309.096, 309.096, 309.096, 309.096, 309.096, 309.096, 309.096, 309.096, 309.096, 309.096, 309.096, 309.096, 309.096, 309.096, 309.096, 309.096, 309.095, 309.095, 309.095, 309.095, 309.095, 309.095, 309.095, 309.095, 309.095, 309.095, 309.095, 309.095, 309.095, 309.095, 309.095, 309.095, 309.095, 309.095, 309.095, 309.095, 309.095, 309.095, 309.095, 309.096, 309.096, 309.096, 309.096, 309.096, 309.096, 309.096, 309.097, 309.097, 309.098, 309.098, 309.1, 309.102, 300, 
309.121, 309.121, 309.121, 309.121, 309.121, 309.121, 309.121, 309.121, 309.121, 309.121, 309.121, 309.121, 309.121, 309.121, 309.121, 309.121, 309.121, 309.121, 309.121, 309.121, 309.121, 309.121, 309.121, 309.121, 309.121, 309.121, 309.121, 309.121, 309.121, 309.121, 309.121, 309.121, 309.121, 309.121, 309.121, 309.121, 309.121, 309.121, 309.121, 309.121, 309.121, 309.121, 309.121, 309.121, 309.121, 309.121, 309.121, 309.121, 309.121, 309.121, 309.121, 309.121, 309.121, 309.121, 309.121, 309.121, 309.121, 309.121, 309.121, 309.121, 309.121, 309.121, 309.121, 309.121, 309.121, 309.121, 309.121, 309.121, 309.121, 309.121, 309.121, 309.121, 309.121, 309.121, 309.121, 309.121, 309.121, 309.121, 309.121, 309.121, 309.121, 309.121, 309.121, 309.121, 309.121, 309.121, 309.121, 309.121, 309.121, 309.121, 309.121, 309.122, 309.122, 309.122, 309.123, 309.123, 309.124, 309.125, 309.128, 300, 
309.147, 309.147, 309.147, 309.147, 309.147, 309.147, 309.147, 309.147, 309.147, 309.147, 309.147, 309.147, 309.147, 309.146, 309.146, 309.146, 309.146, 309.146, 309.146, 309.146, 309.146, 309.146, 309.146, 309.146, 309.146, 309.146, 309.146, 309.146, 309.146, 309.146, 309.146, 309.146, 309.146, 309.146, 309.146, 309.146, 309.146, 309.146, 309.147, 309.147, 309.147, 309.147, 309.147, 309.147, 309.147, 309.147, 309.147, 309.147, 309.147, 309.147, 309.147, 309.147, 309.147, 309.147, 309.147, 309.147, 309.147, 309.147, 309.147, 309.147, 309.147, 309.147, 309.146, 309.146, 309.146, 309.146, 309.146, 309.146, 309.146, 309.146, 309.146, 309.146, 309.146, 309.146, 309.146, 309.146, 309.146, 309.146, 309.146, 309.146, 309.146, 309.146, 309.146, 309.146, 309.146, 309.146, 309.146, 309.147, 309.147, 309.147, 309.147, 309.147, 309.147, 309.148, 309.148, 309.149, 309.149, 309.151, 309.153, 300, 
309.172, 309.172, 309.172, 309.172, 309.172, 309.172, 309.172, 309.172, 309.172, 309.172, 309.172, 309.172, 309.172, 309.172, 309.172, 309.172, 309.172, 309.172, 309.172, 309.172, 309.172, 309.172, 309.172, 309.172, 309.172, 309.172, 309.172, 309.172, 309.172, 309.172, 309.172, 309.172, 309.172, 309.172, 309.172, 309.172, 309.172, 309.172, 309.172, 309.172, 309.172, 309.172, 309.172, 309.172, 309.172, 309.172, 309.172, 309.172, 309.172, 309.172, 309.172, 309.172, 309.172, 309.172, 309.172, 309.172, 309.172, 309.172, 309.172, 309.172, 309.172, 309.172, 309.172, 309.172, 309.172, 309.172, 309.172, 309.172, 309.172, 309.172, 309.172, 309.172, 309.172, 309.172, 309.172, 309.172, 309.172, 309.172, 309.172, 309.172, 309.172, 309.172, 309.172, 309.172, 309.172, 309.172, 309.172, 309.172, 309.172, 309.172, 309.172, 309.173, 309.173, 309.173, 309.174, 309.174, 309.175, 309.176, 309.178, 300, 
309.198, 309.198, 309.198, 309.198, 309.198, 309.198, 309.198, 309.198, 309.198, 309.198, 309.197, 309.197, 309.197, 309.197, 309.197, 309.197, 309.197, 309.197, 309.197, 309.197, 309.197, 309.197, 309.197, 309.197, 309.197, 309.197, 309.197, 309.197, 309.197, 309.197, 309.197, 309.197, 309.197, 309.197, 309.197, 309.197, 309.197, 309.197, 309.197, 309.197, 309.198, 309.198, 309.198, 309.198, 309.198, 309.198, 309.198, 309.198, 309.198, 309.198, 309.198, 309.198, 309.198, 309.198, 309.198, 309.198, 309.198, 309.198, 309.198, 309.198, 309.198, 309.197, 309.197, 309.197, 309.197, 309.197, 309.197, 309.197, 309.197, 309.197, 309.197, 309.197, 309.197, 309.197, 309.197, 309.197, 309.197, 309.197, 309.197, 309.197, 309.197, 309.197, 309.197, 309.197, 309.197, 309.197, 309.197, 309.198, 309.198, 309.198, 309.198, 309.198, 309.198, 309.199, 309.199, 309.199, 309.2, 309.202, 309.204, 300, 
309.223, 309.223, 309.223, 309.223, 309.223, 309.223, 309.223, 309.223, 309.223, 309.223, 309.223, 309.223, 309.223, 309.223, 309.223, 309.223, 309.223, 309.223, 309.223, 309.223, 309.223, 309.223, 309.223, 309.223, 309.223, 309.223, 309.223, 309.223, 309.223, 309.223, 309.223, 309.223, 309.223, 309.223, 309.223, 309.223, 309.223, 309.223, 309.223, 309.223, 309.223, 309.223, 309.223, 309.223, 309.223, 309.223, 309.223, 309.223, 309.223, 309.223, 309.223, 309.223, 309.223, 309.223, 309.223, 309.223, 309.223, 309.223, 309.223, 309.223, 309.223, 309.223, 309.223, 309.223, 309.223, 309.223, 309.223, 309.223, 309.223, 309.223, 309.223, 309.223, 309.223, 309.223, 309.223, 309.223, 309.223, 309.223, 309.223, 309.223, 309.223, 309.223, 309.223, 309.223, 309.223, 309.223, 309.223, 309.223, 309.223, 309.223, 309.223, 309.224, 309.224, 309.224, 309.224, 309.225, 309.226, 309.227, 309.229, 300, 
309.249, 309.249, 309.249, 309.249, 309.249, 309.249, 309.249, 309.248, 309.248, 309.248, 309.248, 309.248, 309.248, 309.248, 309.248, 309.248, 309.248, 309.248, 309.248, 309.248, 309.248, 309.248, 309.248, 309.248, 309.248, 309.248, 309.248, 309.248, 309.248, 309.248, 309.248, 309.248, 309.248, 309.248, 309.248, 309.248, 309.248, 309.248, 309.248, 309.248, 309.248, 309.248, 309.249, 309.249, 309.249, 309.249, 309.249, 309.249, 309.249, 309.249, 309.249, 309.249, 309.249, 309.249, 309.249, 309.249, 309.249, 309.249, 309.249, 309.248, 309.248, 309.248, 309.248, 309.248, 309.248, 309.248, 309.248, 309.248, 309.248, 309.248, 309.248, 309.248, 309.248, 309.248, 309.248, 309.248, 309.248, 309.248, 309.248, 309.248, 309.248, 309.248, 309.248, 309.248, 309.248, 309.248, 309.248, 309.248, 309.249, 309.249, 309.249, 309.249, 309.249, 309.25, 309.25, 309.25, 309.251, 309.252, 309.255, 300, 
309.274, 309.274, 309.274, 309.274, 309.274, 309.274, 309.274, 309.274, 309.274, 309.274, 309.274, 309.274, 309.274, 309.274, 309.274, 309.274, 309.274, 309.274, 309.274, 309.274, 309.274, 309.274, 309.274, 309.274, 309.274, 309.274, 309.274, 309.274, 309.274, 309.274, 309.274, 309.274, 309.274, 309.274, 309.274, 309.274, 309.274, 309.274, 309.274, 309.274, 309.274, 309.274, 309.274, 309.274, 309.274, 309.274, 309.274, 309.274, 309.274, 309.274, 309.274, 309.274, 309.274, 309.274, 309.274, 309.274, 309.274, 309.274, 309.274, 309.274, 309.274, 309.274, 309.274, 309.274, 309.274, 309.274, 309.274, 309.274, 309.274, 309.274, 309.274, 309.274, 309.274, 309.274, 309.274, 309.274, 309.274, 309.274, 309.274, 309.274, 309.274, 309.274, 309.274, 309.274, 309.274, 309.274, 309.274, 309.274, 309.274, 309.274, 309.274, 309.275, 309.275, 309.275, 309.275, 309.276, 309.277, 309.278, 309.28, 300, 
309.299, 309.299, 309.299, 309.299, 309.299, 309.299, 309.299, 309.299, 309.299, 309.299, 309.299, 309.299, 309.299, 309.299, 309.299, 309.299, 309.299, 309.299, 309.299, 309.299, 309.299, 309.299, 309.299, 309.299, 309.299, 309.299, 309.299, 309.299, 309.299, 309.299, 309.299, 309.299, 309.299, 309.299, 309.299, 309.299, 309.299, 309.299, 309.299, 309.299, 309.299, 309.299, 309.299, 309.299, 309.299, 309.3, 309.3, 309.3, 309.3, 309.3, 309.3, 309.3, 309.3, 309.3, 309.3, 309.3, 309.3, 309.299, 309.299, 309.299, 309.299, 309.299, 309.299, 309.299, 309.299, 309.299, 309.299, 309.299, 309.299, 309.299, 309.299, 309.299, 309.299, 309.299, 309.299, 309.299, 309.299, 309.299, 309.299, 309.299, 309.299, 309.299, 309.299, 309.299, 309.299, 309.299, 309.299, 309.299, 309.3, 309.3, 309.3, 309.3, 309.3, 309.3, 309.301, 309.301, 309.302, 309.303, 309.305, 300, 
309.325, 309.325, 309.325, 309.325, 309.325, 309.325, 309.325, 309.325, 309.325, 309.325, 309.325, 309.325, 309.325, 309.325, 309.325, 309.325, 309.325, 309.325, 309.325, 309.325, 309.325, 309.325, 309.325, 309.325, 309.325, 309.325, 309.325, 309.325, 309.325, 309.325, 309.325, 309.325, 309.325, 309.325, 309.325, 309.325, 309.325, 309.325, 309.325, 309.325, 309.325, 309.325, 309.325, 309.325, 309.325, 309.325, 309.325, 309.325, 309.325, 309.325, 309.325, 309.325, 309.325, 309.325, 309.325, 309.325, 309.325, 309.325, 309.325, 309.325, 309.325, 309.325, 309.325, 309.325, 309.325, 309.325, 309.325, 309.325, 309.325, 309.325, 309.325, 309.325, 309.325, 309.325, 309.324, 309.324, 309.324, 309.324, 309.324, 309.324, 309.325, 309.325, 309.325, 309.325, 309.325, 309.325, 309.325, 309.325, 309.325, 309.325, 309.325, 309.325, 309.326, 309.326, 309.326, 309.327, 309.328, 309.329, 309.331, 300, 
309.35, 309.35, 309.35, 309.35, 309.35, 309.35, 309.35, 309.35, 309.35, 309.35, 309.35, 309.35, 309.35, 309.35, 309.35, 309.35, 309.35, 309.35, 309.35, 309.35, 309.35, 309.35, 309.35, 309.35, 309.35, 309.35, 309.35, 309.35, 309.35, 309.35, 309.35, 309.35, 309.35, 309.35, 309.35, 309.35, 309.35, 309.35, 309.35, 309.35, 309.35, 309.35, 309.35, 309.35, 309.35, 309.35, 309.35, 309.35, 309.35, 309.351, 309.351, 309.351, 309.351, 309.35, 309.35, 309.35, 309.35, 309.35, 309.35, 309.35, 309.35, 309.35, 309.35, 309.35, 309.35, 309.35, 309.35, 309.35, 309.35, 309.35, 309.35, 309.35, 309.35, 309.35, 309.35, 309.35, 309.35, 309.35, 309.35, 309.35, 309.35, 309.35, 309.35, 309.35, 309.35, 309.35, 309.35, 309.35, 309.35, 309.351, 309.351, 309.351, 309.351, 309.351, 309.352, 309.352, 309.353, 309.354, 309.356, 300, 
309.376, 309.376, 309.376, 309.376, 309.376, 309.376, 309.376, 309.376, 309.376, 309.376, 309.376, 309.376, 309.376, 309.376, 309.376, 309.376, 309.376, 309.376, 309.376, 309.376, 309.376, 309.376, 309.376, 309.376, 309.376, 309.376, 309.376, 309.376, 309.376, 309.376, 309.376, 309.376, 309.376, 309.376, 309.376, 309.376, 309.376, 309.376, 309.376, 309.376, 309.376, 309.376, 309.376, 309.376, 309.376, 309.376, 309.376, 309.376, 309.376, 309.376, 309.376, 309.376, 309.376, 309.376, 309.376, 309.376, 309.376, 309.376, 309.376, 309.376, 309.376, 309.376, 309.376, 309.376, 309.376, 309.376, 309.376, 309.376, 309.376, 309.376, 309.376, 309.376, 309.375, 309.375, 309.375, 309.375, 309.375, 309.375, 309.375, 309.375, 309.375, 309.376, 309.376, 309.376, 309.376, 309.376, 309.376, 309.376, 309.376, 309.376, 309.376, 309.376, 309.377, 309.377, 309.377, 309.378, 309.378, 309.38, 309.382, 300, 
309.401, 309.401, 309.401, 309.401, 309.401, 309.401, 309.401, 309.401, 309.401, 309.401, 309.401, 309.401, 309.401, 309.401, 309.401, 309.401, 309.401, 309.401, 309.401, 309.401, 309.401, 309.401, 309.401, 309.401, 309.401, 309.401, 309.401, 309.401, 309.401, 309.401, 309.401, 309.401, 309.401, 309.401, 309.401, 309.401, 309.401, 309.401, 309.401, 309.401, 309.401, 309.401, 309.401, 309.401, 309.401, 309.401, 309.401, 309.401, 309.401, 309.401, 309.401, 309.401, 309.401, 309.401, 309.401, 309.401, 309.401, 309.401, 309.401, 309.401, 309.401, 309.401, 309.401, 309.401, 309.401, 309.401, 309.401, 309.401, 309.401, 309.401, 309.401, 309.401, 309.401, 309.401, 309.401, 309.401, 309.401, 309.401, 309.401, 309.401, 309.401, 309.401, 309.401, 309.401, 309.401, 309.401, 309.401, 309.401, 309.401, 309.402, 309.402, 309.402, 309.402, 309.402, 309.403, 309.403, 309.404, 309.405, 309.407, 300, 
309.427, 309.427, 309.427, 309.427, 309.427, 309.427, 309.427, 309.427, 309.427, 309.427, 309.427, 309.427, 309.427, 309.427, 309.427, 309.427, 309.427, 309.427, 309.427, 309.427, 309.427, 309.427, 309.427, 309.427, 309.427, 309.427, 309.427, 309.427, 309.427, 309.427, 309.427, 309.427, 309.427, 309.427, 309.427, 309.427, 309.427, 309.427, 309.427, 309.427, 309.427, 309.427, 309.427, 309.427, 309.427, 309.427, 309.427, 309.427, 309.427, 309.427, 309.427, 309.427, 309.427, 309.427, 309.427, 309.427, 309.427, 309.427, 309.427, 309.427, 309.427, 309.427, 309.427, 309.427, 309.427, 309.427, 309.427, 309.427, 309.427, 309.427, 309.427, 309.426, 309.426, 309.426, 309.426, 309.426, 309.426, 309.426, 309.426, 309.426, 309.426, 309.426, 309.427, 309.427, 309.427, 309.427, 309.427, 309.427, 309.427, 309.427, 309.427, 309.427, 309.428, 309.428, 309.428, 309.429, 309.429, 309.431, 309.433, 300, 
309.452, 309.452, 309.452, 309.452, 309.452, 309.452, 309.452, 309.452, 309.452, 309.452, 309.452, 309.452, 309.452, 309.452, 309.452, 309.452, 309.452, 309.452, 309.452, 309.452, 309.452, 309.452, 309.452, 309.452, 309.452, 309.452, 309.452, 309.452, 309.452, 309.452, 309.452, 309.452, 309.452, 309.452, 309.452, 309.452, 309.452, 309.452, 309.452, 309.452, 309.452, 309.452, 309.452, 309.452, 309.452, 309.452, 309.452, 309.452, 309.452, 309.452, 309.452, 309.452, 309.452, 309.452, 309.452, 309.452, 309.452, 309.452, 309.452, 309.452, 309.452, 309.452, 309.452, 309.452, 309.452, 309.452, 309.452, 309.452, 309.452, 309.452, 309.452, 309.452, 309.452, 309.452, 309.452, 309.452, 309.452, 309.452, 309.452, 309.452, 309.452, 309.452, 309.452, 309.452, 309.452, 309.452, 309.452, 309.452, 309.452, 309.453, 309.453, 309.453, 309.453, 309.453, 309.454, 309.454, 309.455, 309.456, 309.458, 300, 
309.478, 309.478, 309.478, 309.478, 309.478, 309.478, 309.478, 309.478, 309.478, 309.478, 309.478, 309.478, 309.478, 309.478, 309.478, 309.478, 309.478, 309.478, 309.478, 309.478, 309.478, 309.478, 309.478, 309.478, 309.478, 309.478, 309.478, 309.478, 309.478, 309.478, 309.478, 309.478, 309.478, 309.478, 309.478, 309.478, 309.478, 309.478, 309.478, 309.478, 309.478, 309.478, 309.478, 309.478, 309.478, 309.478, 309.478, 309.478, 309.478, 309.478, 309.478, 309.478, 309.478, 309.478, 309.478, 309.478, 309.478, 309.478, 309.478, 309.478, 309.478, 309.478, 309.478, 309.478, 309.478, 309.478, 309.478, 309.478, 309.478, 309.477, 309.477, 309.477, 309.477, 309.477, 309.477, 309.477, 309.477, 309.477, 309.477, 309.477, 309.477, 309.477, 309.477, 309.478, 309.478, 309.478, 309.478, 309.478, 309.478, 309.478, 309.478, 309.478, 309.479, 309.479, 309.479, 309.48, 309.48, 309.481, 309.483, 300, 
309.503, 309.503, 309.503, 309.503, 309.503, 309.503, 309.503, 309.503, 309.503, 309.503, 309.503, 309.503, 309.503, 309.503, 309.503, 309.503, 309.503, 309.503, 309.503, 309.503, 309.503, 309.503, 309.503, 309.503, 309.503, 309.503, 309.503, 309.503, 309.503, 309.503, 309.503, 309.503, 309.503, 309.503, 309.503, 309.503, 309.503, 309.503, 309.503, 309.503, 309.503, 309.503, 309.503, 309.503, 309.503, 309.503, 309.503, 309.503, 309.503, 309.503, 309.503, 309.503, 309.503, 309.503, 309.503, 309.503, 309.503, 309.503, 309.503, 309.503, 309.503, 309.503, 309.503, 309.503, 309.503, 309.503, 309.503, 309.503, 309.503, 309.503, 309.503, 309.503, 309.503, 309.503, 309.503, 309.503, 309.503, 309.503, 309.503, 309.503, 309.503, 309.503, 309.503, 309.503, 309.503, 309.503, 309.503, 309.503, 309.503, 309.503, 309.504, 309.504, 309.504, 309.504, 309.505, 309.505, 309.506, 309.507, 309.509, 300, 
309.529, 309.529, 309.529, 309.529, 309.529, 309.529, 309.529, 309.529, 309.529, 309.529, 309.529, 309.529, 309.529, 309.529, 309.529, 309.529, 309.529, 309.529, 309.529, 309.529, 309.529, 309.529, 309.529, 309.529, 309.529, 309.529, 309.529, 309.529, 309.529, 309.529, 309.529, 309.529, 309.529, 309.529, 309.529, 309.529, 309.529, 309.529, 309.529, 309.529, 309.529, 309.529, 309.529, 309.529, 309.529, 309.529, 309.529, 309.529, 309.529, 309.529, 309.529, 309.529, 309.529, 309.529, 309.529, 309.529, 309.529, 309.529, 309.529, 309.529, 309.529, 309.529, 309.529, 309.529, 309.529, 309.529, 309.529, 309.529, 309.528, 309.528, 309.528, 309.528, 309.528, 309.528, 309.528, 309.528, 309.528, 309.528, 309.528, 309.528, 309.528, 309.528, 309.528, 309.528, 309.529, 309.529, 309.529, 309.529, 309.529, 309.529, 309.529, 309.529, 309.529, 309.53, 309.53, 309.53, 309.531, 309.532, 309.534, 300, 
309.554, 309.554, 309.554, 309.554, 309.554, 309.554, 309.554, 309.554, 309.554, 309.554, 309.554, 309.554, 309.554, 309.554, 309.554, 309.554, 309.554, 309.554, 309.554, 309.554, 309.554, 309.554, 309.554, 309.554, 309.554, 309.554, 309.554, 309.554, 309.554, 309.554, 309.554, 309.554, 309.554, 309.554, 309.554, 309.554, 309.554, 309.554, 309.554, 309.554, 309.554, 309.554, 309.554, 309.554, 309.554, 309.554, 309.554, 309.554, 309.554, 309.554, 309.554, 309.554, 309.554, 309.554, 309.554, 309.554, 309.554, 309.554, 309.554, 309.554, 309.554, 309.554, 309.554, 309.554, 309.554, 309.554, 309.554, 309.554, 309.554, 309.554, 309.554, 309.554, 309.554, 309.554, 309.554, 309.554, 309.554, 309.554, 309.554, 309.554, 309.554, 309.554, 309.554, 309.554, 309.554, 309.554, 309.554, 309.554, 309.554, 309.554, 309.555, 309.555, 309.555, 309.555, 309.555, 309.556, 309.557, 309.558, 309.56, 300, 
309.58, 309.58, 309.58, 309.58, 309.58, 309.58, 309.58, 309.58, 309.58, 309.58, 309.58, 309.58, 309.58, 309.58, 309.58, 309.58, 309.58, 309.58, 309.58, 309.58, 309.58, 309.58, 309.579, 309.579, 309.579, 309.579, 309.579, 309.579, 309.579, 309.58, 309.58, 309.58, 309.58, 309.58, 309.58, 309.58, 309.58, 309.58, 309.58, 309.58, 309.58, 309.58, 309.58, 309.58, 309.58, 309.58, 309.58, 309.58, 309.58, 309.58, 309.58, 309.58, 309.58, 309.58, 309.58, 309.58, 309.58, 309.58, 309.58, 309.58, 309.58, 309.58, 309.58, 309.58, 309.58, 309.58, 309.579, 309.579, 309.579, 309.579, 309.579, 309.579, 309.579, 309.579, 309.579, 309.579, 309.579, 309.579, 309.579, 309.579, 309.579, 309.579, 309.579, 309.579, 309.579, 309.58, 309.58, 309.58, 309.58, 309.58, 309.58, 309.58, 309.58, 309.581, 309.581, 309.581, 309.582, 309.583, 309.585, 300, 
309.605, 309.605, 309.605, 309.605, 309.605, 309.605, 309.605, 309.605, 309.605, 309.605, 309.605, 309.605, 309.605, 309.605, 309.605, 309.605, 309.605, 309.605, 309.605, 309.605, 309.605, 309.605, 309.605, 309.605, 309.605, 309.605, 309.605, 309.605, 309.605, 309.605, 309.605, 309.605, 309.605, 309.605, 309.605, 309.605, 309.605, 309.605, 309.605, 309.605, 309.605, 309.605, 309.605, 309.605, 309.605, 309.605, 309.605, 309.605, 309.605, 309.605, 309.605, 309.605, 309.605, 309.605, 309.605, 309.605, 309.605, 309.605, 309.605, 309.605, 309.605, 309.605, 309.605, 309.605, 309.605, 309.605, 309.605, 309.605, 309.605, 309.605, 309.605, 309.605, 309.605, 309.605, 309.605, 309.605, 309.605, 309.605, 309.605, 309.605, 309.605, 309.605, 309.605, 309.605, 309.605, 309.605, 309.605, 309.605, 309.605, 309.605, 309.606, 309.606, 309.606, 309.606, 309.606, 309.607, 309.608, 309.609, 309.611, 300, 
309.631, 309.631, 309.631, 309.631, 309.631, 309.631, 309.631, 309.631, 309.631, 309.631, 309.631, 309.631, 309.631, 309.631, 309.631, 309.631, 309.631, 309.631, 309.63, 309.63, 309.63, 309.63, 309.63, 309.63, 309.63, 309.63, 309.63, 309.63, 309.63, 309.63, 309.63, 309.63, 309.63, 309.631, 309.631, 309.631, 309.631, 309.631, 309.631, 309.631, 309.631, 309.631, 309.631, 309.631, 309.631, 309.631, 309.631, 309.631, 309.631, 309.631, 309.631, 309.631, 309.631, 309.631, 309.631, 309.631, 309.631, 309.631, 309.631, 309.631, 309.631, 309.631, 309.631, 309.631, 309.631, 309.63, 309.63, 309.63, 309.63, 309.63, 309.63, 309.63, 309.63, 309.63, 309.63, 309.63, 309.63, 309.63, 309.63, 309.63, 309.63, 309.63, 309.63, 309.63, 309.63, 309.63, 309.631, 309.631, 309.631, 309.631, 309.631, 309.631, 309.631, 309.632, 309.632, 309.632, 309.633, 309.634, 309.636, 300, 
309.656, 309.656, 309.656, 309.656, 309.656, 309.656, 309.656, 309.656, 309.656, 309.656, 309.656, 309.656, 309.656, 309.656, 309.656, 309.656, 309.656, 309.656, 309.656, 309.656, 309.656, 309.656, 309.656, 309.656, 309.656, 309.656, 309.656, 309.656, 309.656, 309.656, 309.656, 309.656, 309.656, 309.656, 309.656, 309.656, 309.656, 309.656, 309.656, 309.656, 309.656, 309.656, 309.656, 309.656, 309.656, 309.656, 309.656, 309.656, 309.656, 309.656, 309.656, 309.656, 309.656, 309.656, 309.656, 309.656, 309.656, 309.656, 309.656, 309.656, 309.656, 309.656, 309.656, 309.656, 309.656, 309.656, 309.656, 309.656, 309.656, 309.656, 309.656, 309.656, 309.656, 309.656, 309.656, 309.656, 309.656, 309.656, 309.656, 309.656, 309.656, 309.656, 309.656, 309.656, 309.656, 309.656, 309.656, 309.656, 309.656, 309.656, 309.656, 309.657, 309.657, 309.657, 309.657, 309.658, 309.658, 309.66, 309.661, 300, 
309.682, 309.682, 309.682, 309.682, 309.682, 309.682, 309.682, 309.682, 309.682, 309.682, 309.682, 309.682, 309.682, 309.682, 309.682, 309.681, 309.681, 309.681, 309.681, 309.681, 309.681, 309.681, 309.681, 309.681, 309.681, 309.681, 309.681, 309.681, 309.681, 309.681, 309.681, 309.681, 309.681, 309.681, 309.681, 309.681, 309.682, 309.682, 309.682, 309.682, 309.682, 309.682, 309.682, 309.682, 309.682, 309.682, 309.682, 309.682, 309.682, 309.682, 309.682, 309.682, 309.682, 309.682, 309.682, 309.682, 309.682, 309.682, 309.682, 309.682, 309.682, 309.682, 309.682, 309.681, 309.681, 309.681, 309.681, 309.681, 309.681, 309.681, 309.681, 309.681, 309.681, 309.681, 309.681, 309.681, 309.681, 309.681, 309.681, 309.681, 309.681, 309.681, 309.681, 309.681, 309.681, 309.681, 309.682, 309.682, 309.682, 309.682, 309.682, 309.682, 309.682, 309.683, 309.683, 309.683, 309.684, 309.685, 309.687, 300, 
309.707, 309.707, 309.707, 309.707, 309.707, 309.707, 309.707, 309.707, 309.707, 309.707, 309.707, 309.707, 309.707, 309.707, 309.707, 309.707, 309.707, 309.707, 309.707, 309.707, 309.707, 309.707, 309.707, 309.707, 309.707, 309.707, 309.707, 309.707, 309.707, 309.707, 309.707, 309.707, 309.707, 309.707, 309.707, 309.707, 309.707, 309.707, 309.707, 309.707, 309.707, 309.707, 309.707, 309.707, 309.707, 309.707, 309.707, 309.707, 309.707, 309.707, 309.707, 309.707, 309.707, 309.707, 309.707, 309.707, 309.707, 309.707, 309.707, 309.707, 309.707, 309.707, 309.707, 309.707, 309.707, 309.707, 309.707, 309.707, 309.707, 309.707, 309.707, 309.707, 309.707, 309.707, 309.707, 309.707, 309.707, 309.707, 309.707, 309.707, 309.707, 309.707, 309.707, 309.707, 309.707, 309.707, 309.707, 309.707, 309.707, 309.707, 309.707, 309.708, 309.708, 309.708, 309.708, 309.709, 309.709, 309.71, 309.712, 300, 
309.733, 309.733, 309.733, 309.733, 309.733, 309.733, 309.733, 309.733, 309.733, 309.733, 309.733, 309.733, 309.732, 309.732, 309.732, 309.732, 309.732, 309.732, 309.732, 309.732, 309.732, 309.732, 309.732, 309.732, 309.732, 309.732, 309.732, 309.732, 309.732, 309.732, 309.732, 309.732, 309.732, 309.732, 309.732, 309.732, 309.732, 309.732, 309.733, 309.733, 309.733, 309.733, 309.733, 309.733, 309.733, 309.733, 309.733, 309.733, 309.733, 309.733, 309.733, 309.733, 309.733, 309.733, 309.733, 309.733, 309.733, 309.733, 309.733, 309.733, 309.733, 309.733, 309.732, 309.732, 309.732, 309.732, 309.732, 309.732, 309.732, 309.732, 309.732, 309.732, 309.732, 309.732, 309.732, 309.732, 309.732, 309.732, 309.732, 309.732, 309.732, 309.732, 309.732, 309.732, 309.732, 309.732, 309.732, 309.733, 309.733, 309.733, 309.733, 309.733, 309.733, 309.733, 309.734, 309.734, 309.735, 309.736, 309.738, 300, 
309.758, 309.758, 309.758, 309.758, 309.758, 309.758, 309.758, 309.758, 309.758, 309.758, 309.758, 309.758, 309.758, 309.758, 309.758, 309.758, 309.758, 309.758, 309.758, 309.758, 309.758, 309.758, 309.758, 309.758, 309.758, 309.758, 309.758, 309.758, 309.758, 309.758, 309.758, 309.758, 309.758, 309.758, 309.758, 309.758, 309.758, 309.758, 309.758, 309.758, 309.758, 309.758, 309.758, 309.758, 309.758, 309.758, 309.758, 309.758, 309.758, 309.758, 309.758, 309.758, 309.758, 309.758, 309.758, 309.758, 309.758, 309.758, 309.758, 309.758, 309.758, 309.758, 309.758, 309.758, 309.758, 309.758, 309.758, 309.758, 309.758, 309.758, 309.758, 309.758, 309.758, 309.758, 309.758, 309.758, 309.758, 309.758, 309.758, 309.758, 309.758, 309.758, 309.758, 309.758, 309.758, 309.758, 309.758, 309.758, 309.758, 309.758, 309.758, 309.759, 309.759, 309.759, 309.759, 309.76, 309.76, 309.761, 309.763, 300, 
309.784, 309.784, 309.784, 309.784, 309.784, 309.784, 309.784, 309.784, 309.784, 309.783, 309.783, 309.783, 309.783, 309.783, 309.783, 309.783, 309.783, 309.783, 309.783, 309.783, 309.783, 309.783, 309.783, 309.783, 309.783, 309.783, 309.783, 309.783, 309.783, 309.783, 309.783, 309.783, 309.783, 309.783, 309.783, 309.783, 309.783, 309.783, 309.783, 309.783, 309.783, 309.784, 309.784, 309.784, 309.784, 309.784, 309.784, 309.784, 309.784, 309.784, 309.784, 309.784, 309.784, 309.784, 309.784, 309.784, 309.784, 309.784, 309.784, 309.784, 309.783, 309.783, 309.783, 309.783, 309.783, 309.783, 309.783, 309.783, 309.783, 309.783, 309.783, 309.783, 309.783, 309.783, 309.783, 309.783, 309.783, 309.783, 309.783, 309.783, 309.783, 309.783, 309.783, 309.783, 309.783, 309.783, 309.783, 309.784, 309.784, 309.784, 309.784, 309.784, 309.784, 309.784, 309.785, 309.785, 309.786, 309.787, 309.789, 300, 
309.809, 309.809, 309.809, 309.809, 309.809, 309.809, 309.809, 309.809, 309.809, 309.809, 309.809, 309.809, 309.809, 309.809, 309.809, 309.809, 309.809, 309.809, 309.809, 309.809, 309.809, 309.809, 309.809, 309.809, 309.809, 309.809, 309.809, 309.809, 309.809, 309.809, 309.809, 309.809, 309.809, 309.809, 309.809, 309.809, 309.809, 309.809, 309.809, 309.809, 309.809, 309.809, 309.809, 309.809, 309.809, 309.809, 309.809, 309.809, 309.809, 309.809, 309.809, 309.809, 309.809, 309.809, 309.809, 309.809, 309.809, 309.809, 309.809, 309.809, 309.809, 309.809, 309.809, 309.809, 309.809, 309.809, 309.809, 309.809, 309.809, 309.809, 309.809, 309.809, 309.809, 309.809, 309.809, 309.809, 309.809, 309.809, 309.809, 309.809, 309.809, 309.809, 309.809, 309.809, 309.809, 309.809, 309.809, 309.809, 309.809, 309.809, 309.809, 309.809, 309.81, 309.81, 309.81, 309.811, 309.811, 309.812, 309.814, 300, 
309.835, 309.835, 309.835, 309.834, 309.834, 309.834, 309.834, 309.834, 309.834, 309.834, 309.834, 309.834, 309.834, 309.834, 309.834, 309.834, 309.834, 309.834, 309.834, 309.834, 309.834, 309.834, 309.834, 309.834, 309.834, 309.834, 309.834, 309.834, 309.834, 309.834, 309.834, 309.834, 309.834, 309.834, 309.834, 309.834, 309.834, 309.834, 309.834, 309.834, 309.834, 309.834, 309.834, 309.834, 309.835, 309.835, 309.835, 309.835, 309.835, 309.835, 309.835, 309.835, 309.835, 309.835, 309.835, 309.835, 309.835, 309.834, 309.834, 309.834, 309.834, 309.834, 309.834, 309.834, 309.834, 309.834, 309.834, 309.834, 309.834, 309.834, 309.834, 309.834, 309.834, 309.834, 309.834, 309.834, 309.834, 309.834, 309.834, 309.834, 309.834, 309.834, 309.834, 309.834, 309.834, 309.834, 309.834, 309.834, 309.835, 309.835, 309.835, 309.835, 309.835, 309.835, 309.836, 309.836, 309.837, 309.838, 309.839, 300, 
309.86, 309.86, 309.86, 309.86, 309.86, 309.86, 309.86, 309.86, 309.86, 309.86, 309.86, 309.86, 309.86, 309.86, 309.86, 309.86, 309.86, 309.86, 309.86, 309.86, 309.86, 309.86, 309.86, 309.86, 309.86, 309.86, 309.86, 309.86, 309.86, 309.86, 309.86, 309.86, 309.86, 309.86, 309.86, 309.86, 309.86, 309.86, 309.86, 309.86, 309.86, 309.86, 309.86, 309.86, 309.86, 309.86, 309.86, 309.86, 309.86, 309.86, 309.86, 309.86, 309.86, 309.86, 309.86, 309.86, 309.86, 309.86, 309.86, 309.86, 309.86, 309.86, 309.86, 309.86, 309.86, 309.86, 309.86, 309.86, 309.86, 309.86, 309.86, 309.86, 309.86, 309.86, 309.86, 309.86, 309.86, 309.86, 309.86, 309.86, 309.86, 309.86, 309.86, 309.86, 309.86, 309.86, 309.86, 309.86, 309.86, 309.86, 309.86, 309.86, 309.861, 309.861, 309.861, 309.862, 309.862, 309.863, 309.865, 300, 
309.885, 309.885, 309.885, 309.885, 309.885, 309.885, 309.885, 309.885, 309.885, 309.885, 309.885, 309.885, 309.885, 309.885, 309.885, 309.885, 309.885, 309.885, 309.885, 309.885, 309.885, 309.885, 309.885, 309.885, 309.885, 309.885, 309.885, 309.885, 309.885, 309.885, 309.885, 309.885, 309.885, 309.885, 309.885, 309.885, 309.885, 309.885, 309.885, 309.885, 309.885, 309.885, 309.885, 309.885, 309.885, 309.885, 309.885, 309.885, 309.886, 309.886, 309.886, 309.886, 309.886, 309.885, 309.885, 309.885, 309.885, 309.885, 309.885, 309.885, 309.885, 309.885, 309.885, 309.885, 309.885, 309.885, 309.885, 309.885, 309.885, 309.885, 309.885, 309.885, 309.885, 309.885, 309.885, 309.885, 309.885, 309.885, 309.885, 309.885, 309.885, 309.885, 309.885, 309.885, 309.885, 309.885, 309.885, 309.885, 309.886, 309.886, 309.886, 309.886, 309.886, 309.886, 309.887, 309.887, 309.888, 309.889, 309.89, 300, 
309.911, 309.911, 309.911, 309.911, 309.911, 309.911, 309.911, 309.911, 309.911, 309.911, 309.911, 309.911, 309.911, 309.911, 309.911, 309.911, 309.911, 309.911, 309.911, 309.911, 309.911, 309.911, 309.911, 309.911, 309.911, 309.911, 309.911, 309.911, 309.911, 309.911, 309.911, 309.911, 309.911, 309.911, 309.911, 309.911, 309.911, 309.911, 309.911, 309.911, 309.911, 309.911, 309.911, 309.911, 309.911, 309.911, 309.911, 309.911, 309.911, 309.911, 309.911, 309.911, 309.911, 309.911, 309.911, 309.911, 309.911, 309.911, 309.911, 309.911, 309.911, 309.911, 309.911, 309.911, 309.911, 309.911, 309.911, 309.911, 309.911, 309.911, 309.911, 309.911, 309.911, 309.911, 309.911, 309.911, 309.911, 309.911, 309.911, 309.911, 309.911, 309.911, 309.911, 309.911, 309.911, 309.911, 309.911, 309.911, 309.911, 309.911, 309.911, 309.911, 309.912, 309.912, 309.912, 309.912, 309.913, 309.914, 309.916, 300, 
309.936, 309.936, 309.936, 309.936, 309.936, 309.936, 309.936, 309.936, 309.936, 309.936, 309.936, 309.936, 309.936, 309.936, 309.936, 309.936, 309.936, 309.936, 309.936, 309.936, 309.936, 309.936, 309.936, 309.936, 309.936, 309.936, 309.936, 309.936, 309.936, 309.936, 309.936, 309.936, 309.936, 309.936, 309.936, 309.936, 309.936, 309.936, 309.936, 309.936, 309.936, 309.936, 309.936, 309.936, 309.936, 309.936, 309.936, 309.936, 309.936, 309.936, 309.936, 309.936, 309.936, 309.936, 309.936, 309.936, 309.936, 309.936, 309.936, 309.936, 309.936, 309.936, 309.936, 309.936, 309.936, 309.936, 309.936, 309.936, 309.936, 309.936, 309.936, 309.936, 309.936, 309.936, 309.936, 309.936, 309.936, 309.936, 309.936, 309.936, 309.936, 309.936, 309.936, 309.936, 309.936, 309.936, 309.936, 309.936, 309.936, 309.937, 309.937, 309.937, 309.937, 309.937, 309.938, 309.938, 309.939, 309.94, 309.941, 300, 
309.962, 309.962, 309.962, 309.962, 309.962, 309.962, 309.962, 309.962, 309.962, 309.962, 309.962, 309.962, 309.962, 309.962, 309.962, 309.962, 309.962, 309.962, 309.962, 309.962, 309.962, 309.962, 309.962, 309.962, 309.962, 309.962, 309.962, 309.962, 309.962, 309.962, 309.962, 309.962, 309.962, 309.962, 309.962, 309.962, 309.962, 309.962, 309.962, 309.962, 309.962, 309.962, 309.962, 309.962, 309.962, 309.962, 309.962, 309.962, 309.962, 309.962, 309.962, 309.962, 309.962, 309.962, 309.962, 309.962, 309.962, 309.962, 309.962, 309.962, 309.962, 309.962, 309.962, 309.962, 309.962, 309.962, 309.962, 309.962, 309.962, 309.962, 309.962, 309.962, 309.962, 309.962, 309.962, 309.961, 309.961, 309.961, 309.961, 309.962, 309.962, 309.962, 309.962, 309.962, 309.962, 309.962, 309.962, 309.962, 309.962, 309.962, 309.962, 309.962, 309.962, 309.963, 309.963, 309.963, 309.964, 309.965, 309.967, 300, 
309.987, 309.987, 309.987, 309.987, 309.987, 309.987, 309.987, 309.987, 309.987, 309.987, 309.987, 309.987, 309.987, 309.987, 309.987, 309.987, 309.987, 309.987, 309.987, 309.987, 309.987, 309.987, 309.987, 309.987, 309.987, 309.987, 309.987, 309.987, 309.987, 309.987, 309.987, 309.987, 309.987, 309.987, 309.987, 309.987, 309.987, 309.987, 309.987, 309.987, 309.987, 309.987, 309.987, 309.987, 309.987, 309.987, 309.987, 309.987, 309.987, 309.987, 309.987, 309.987, 309.987, 309.987, 309.987, 309.987, 309.987, 309.987, 309.987, 309.987, 309.987, 309.987, 309.987, 309.987, 309.987, 309.987, 309.987, 309.987, 309.987, 309.987, 309.987, 309.987, 309.987, 309.987, 309.987, 309.987, 309.987, 309.987, 309.987, 309.987, 309.987, 309.987, 309.987, 309.987, 309.987, 309.987, 309.987, 309.987, 309.987, 309.988, 309.988, 309.988, 309.988, 309.988, 309.988, 309.989, 309.989, 309.99, 309.992, 300, 
310.013, 310.013, 310.013, 310.013, 310.013, 310.013, 310.013, 310.013, 310.013, 310.013, 310.013, 310.013, 310.013, 310.013, 310.013, 310.013, 310.013, 310.013, 310.013, 310.013, 310.013, 310.013, 310.013, 310.013, 310.013, 310.013, 310.013, 310.013, 310.013, 310.013, 310.013, 310.013, 310.013, 310.013, 310.013, 310.013, 310.013, 310.013, 310.013, 310.013, 310.013, 310.013, 310.013, 310.013, 310.013, 310.013, 310.013, 310.013, 310.013, 310.013, 310.013, 310.013, 310.013, 310.013, 310.013, 310.013, 310.013, 310.013, 310.013, 310.013, 310.013, 310.013, 310.013, 310.013, 310.013, 310.013, 310.013, 310.013, 310.013, 310.013, 310.013, 310.013, 310.012, 310.012, 310.012, 310.012, 310.012, 310.012, 310.012, 310.012, 310.012, 310.013, 310.013, 310.013, 310.013, 310.013, 310.013, 310.013, 310.013, 310.013, 310.013, 310.013, 310.013, 310.014, 310.014, 310.014, 310.015, 310.016, 310.017, 300, 
310.038, 310.038, 310.038, 310.038, 310.038, 310.038, 310.038, 310.038, 310.038, 310.038, 310.038, 310.038, 310.038, 310.038, 310.038, 310.038, 310.038, 310.038, 310.038, 310.038, 310.038, 310.038, 310.038, 310.038, 310.038, 310.038, 310.038, 310.038, 310.038, 310.038, 310.038, 310.038, 310.038, 310.038, 310.038, 310.038, 310.038, 310.038, 310.038, 310.038, 310.038, 310.038, 310.038, 310.038, 310.038, 310.038, 310.038, 310.038, 310.038, 310.038, 310.038, 310.038, 310.038, 310.038, 310.038, 310.038, 310.038, 310.038, 310.038, 310.038, 310.038, 310.038, 310.038, 310.038, 310.038, 310.038, 310.038, 310.038, 310.038, 310.038, 310.038, 310.038, 310.038, 310.038, 310.038, 310.038, 310.038, 310.038, 310.038, 310.038, 310.038, 310.038, 310.038, 310.038, 310.038, 310.038, 310.038, 310.038, 310.038, 310.038, 310.039, 310.039, 310.039, 310.039, 310.039, 310.04, 310.04, 310.041, 310.043, 300, 
310.064, 310.064, 310.064, 310.064, 310.064, 310.064, 310.064, 310.064, 310.064, 310.064, 310.064, 310.064, 310.064, 310.064, 310.064, 310.064, 310.064, 310.064, 310.064, 310.064, 310.064, 310.064, 310.064, 310.064, 310.064, 310.064, 310.064, 310.064, 310.064, 310.064, 310.064, 310.064, 310.064, 310.064, 310.064, 310.064, 310.064, 310.064, 310.064, 310.064, 310.064, 310.064, 310.064, 310.064, 310.064, 310.064, 310.064, 310.064, 310.064, 310.064, 310.064, 310.064, 310.064, 310.064, 310.064, 310.064, 310.064, 310.064, 310.064, 310.064, 310.064, 310.064, 310.064, 310.064, 310.064, 310.064, 310.064, 310.064, 310.064, 310.064, 310.063, 310.063, 310.063, 310.063, 310.063, 310.063, 310.063, 310.063, 310.063, 310.063, 310.063, 310.063, 310.063, 310.064, 310.064, 310.064, 310.064, 310.064, 310.064, 310.064, 310.064, 310.064, 310.064, 310.065, 310.065, 310.065, 310.066, 310.067, 310.068, 300, 
310.089, 310.089, 310.089, 310.089, 310.089, 310.089, 310.089, 310.089, 310.089, 310.089, 310.089, 310.089, 310.089, 310.089, 310.089, 310.089, 310.089, 310.089, 310.089, 310.089, 310.089, 310.089, 310.089, 310.089, 310.089, 310.089, 310.089, 310.089, 310.089, 310.089, 310.089, 310.089, 310.089, 310.089, 310.089, 310.089, 310.089, 310.089, 310.089, 310.089, 310.089, 310.089, 310.089, 310.089, 310.089, 310.089, 310.089, 310.089, 310.089, 310.089, 310.089, 310.089, 310.089, 310.089, 310.089, 310.089, 310.089, 310.089, 310.089, 310.089, 310.089, 310.089, 310.089, 310.089, 310.089, 310.089, 310.089, 310.089, 310.089, 310.089, 310.089, 310.089, 310.089, 310.089, 310.089, 310.089, 310.089, 310.089, 310.089, 310.089, 310.089, 310.089, 310.089, 310.089, 310.089, 310.089, 310.089, 310.089, 310.089, 310.089, 310.09, 310.09, 310.09, 310.09, 310.09, 310.091, 310.091, 310.092, 310.094, 300, 
310.115, 310.115, 310.115, 310.115, 310.115, 310.115, 310.115, 310.115, 310.115, 310.115, 310.115, 310.115, 310.115, 310.115, 310.115, 310.115, 310.115, 310.115, 310.115, 310.115, 310.115, 310.115, 310.115, 310.115, 310.115, 310.115, 310.115, 310.115, 310.115, 310.115, 310.115, 310.115, 310.115, 310.115, 310.115, 310.115, 310.115, 310.115, 310.115, 310.115, 310.115, 310.115, 310.115, 310.115, 310.115, 310.115, 310.115, 310.115, 310.115, 310.115, 310.115, 310.115, 310.115, 310.115, 310.115, 310.115, 310.115, 310.115, 310.115, 310.115, 310.115, 310.115, 310.115, 310.115, 310.115, 310.115, 310.115, 310.115, 310.114, 310.114, 310.114, 310.114, 310.114, 310.114, 310.114, 310.114, 310.114, 310.114, 310.114, 310.114, 310.114, 310.114, 310.114, 310.114, 310.115, 310.115, 310.115, 310.115, 310.115, 310.115, 310.115, 310.115, 310.115, 310.116, 310.116, 310.116, 310.117, 310.118, 310.119, 300, 
310.14, 310.14, 310.14, 310.14, 310.14, 310.14, 310.14, 310.14, 310.14, 310.14, 310.14, 310.14, 310.14, 310.14, 310.14, 310.14, 310.14, 310.14, 310.14, 310.14, 310.14, 310.14, 310.14, 310.14, 310.14, 310.14, 310.14, 310.14, 310.14, 310.14, 310.14, 310.14, 310.14, 310.14, 310.14, 310.14, 310.14, 310.14, 310.14, 310.14, 310.14, 310.14, 310.14, 310.14, 310.14, 310.14, 310.14, 310.14, 310.14, 310.14, 310.14, 310.14, 310.14, 310.14, 310.14, 310.14, 310.14, 310.14, 310.14, 310.14, 310.14, 310.14, 310.14, 310.14, 310.14, 310.14, 310.14, 310.14, 310.14, 310.14, 310.14, 310.14, 310.14, 310.14, 310.14, 310.14, 310.14, 310.14, 310.14, 310.14, 310.14, 310.14, 310.14, 310.14, 310.14, 310.14, 310.14, 310.14, 310.14, 310.14, 310.14, 310.141, 310.141, 310.141, 310.141, 310.142, 310.142, 310.143, 310.145, 300, 
310.166, 310.166, 310.166, 310.166, 310.166, 310.166, 310.166, 310.166, 310.166, 310.166, 310.166, 310.166, 310.166, 310.166, 310.166, 310.166, 310.166, 310.166, 310.166, 310.166, 310.166, 310.166, 310.166, 310.165, 310.165, 310.165, 310.165, 310.165, 310.166, 310.166, 310.166, 310.166, 310.166, 310.166, 310.166, 310.166, 310.166, 310.166, 310.166, 310.166, 310.166, 310.166, 310.166, 310.166, 310.166, 310.166, 310.166, 310.166, 310.166, 310.166, 310.166, 310.166, 310.166, 310.166, 310.166, 310.166, 310.166, 310.166, 310.166, 310.166, 310.166, 310.166, 310.166, 310.166, 310.166, 310.166, 310.165, 310.165, 310.165, 310.165, 310.165, 310.165, 310.165, 310.165, 310.165, 310.165, 310.165, 310.165, 310.165, 310.165, 310.165, 310.165, 310.165, 310.165, 310.165, 310.166, 310.166, 310.166, 310.166, 310.166, 310.166, 310.166, 310.166, 310.166, 310.167, 310.167, 310.168, 310.169, 310.17, 300, 
310.191, 310.191, 310.191, 310.191, 310.191, 310.191, 310.191, 310.191, 310.191, 310.191, 310.191, 310.191, 310.191, 310.191, 310.191, 310.191, 310.191, 310.191, 310.191, 310.191, 310.191, 310.191, 310.191, 310.191, 310.191, 310.191, 310.191, 310.191, 310.191, 310.191, 310.191, 310.191, 310.191, 310.191, 310.191, 310.191, 310.191, 310.191, 310.191, 310.191, 310.191, 310.191, 310.191, 310.191, 310.191, 310.191, 310.191, 310.191, 310.191, 310.191, 310.191, 310.191, 310.191, 310.191, 310.191, 310.191, 310.191, 310.191, 310.191, 310.191, 310.191, 310.191, 310.191, 310.191, 310.191, 310.191, 310.191, 310.191, 310.191, 310.191, 310.191, 310.191, 310.191, 310.191, 310.191, 310.191, 310.191, 310.191, 310.191, 310.191, 310.191, 310.191, 310.191, 310.191, 310.191, 310.191, 310.191, 310.191, 310.191, 310.191, 310.191, 310.192, 310.192, 310.192, 310.192, 310.193, 310.193, 310.194, 310.196, 300, 
310.217, 310.217, 310.217, 310.217, 310.217, 310.217, 310.217, 310.217, 310.217, 310.217, 310.217, 310.217, 310.217, 310.217, 310.217, 310.217, 310.217, 310.217, 310.216, 310.216, 310.216, 310.216, 310.216, 310.216, 310.216, 310.216, 310.216, 310.216, 310.216, 310.216, 310.216, 310.216, 310.216, 310.217, 310.217, 310.217, 310.217, 310.217, 310.217, 310.217, 310.217, 310.217, 310.217, 310.217, 310.217, 310.217, 310.217, 310.217, 310.217, 310.217, 310.217, 310.217, 310.217, 310.217, 310.217, 310.217, 310.217, 310.217, 310.217, 310.217, 310.217, 310.217, 310.217, 310.217, 310.217, 310.216, 310.216, 310.216, 310.216, 310.216, 310.216, 310.216, 310.216, 310.216, 310.216, 310.216, 310.216, 310.216, 310.216, 310.216, 310.216, 310.216, 310.216, 310.216, 310.216, 310.216, 310.217, 310.217, 310.217, 310.217, 310.217, 310.217, 310.217, 310.217, 310.218, 310.218, 310.219, 310.22, 310.221, 300, 
310.242, 310.242, 310.242, 310.242, 310.242, 310.242, 310.242, 310.242, 310.242, 310.242, 310.242, 310.242, 310.242, 310.242, 310.242, 310.242, 310.242, 310.242, 310.242, 310.242, 310.242, 310.242, 310.242, 310.242, 310.242, 310.242, 310.242, 310.242, 310.242, 310.242, 310.242, 310.242, 310.242, 310.242, 310.242, 310.242, 310.242, 310.242, 310.242, 310.242, 310.242, 310.242, 310.242, 310.242, 310.242, 310.242, 310.242, 310.242, 310.242, 310.242, 310.242, 310.242, 310.242, 310.242, 310.242, 310.242, 310.242, 310.242, 310.242, 310.242, 310.242, 310.242, 310.242, 310.242, 310.242, 310.242, 310.242, 310.242, 310.242, 310.242, 310.242, 310.242, 310.242, 310.242, 310.242, 310.242, 310.242, 310.242, 310.242, 310.242, 310.242, 310.242, 310.242, 310.242, 310.242, 310.242, 310.242, 310.242, 310.242, 310.242, 310.242, 310.243, 310.243, 310.243, 310.243, 310.243, 310.244, 310.245, 310.246, 300, 
310.268, 310.268, 310.268, 310.268, 310.268, 310.268, 310.268, 310.268, 310.268, 310.268, 310.268, 310.268, 310.268, 310.268, 310.267, 310.267, 310.267, 310.267, 310.267, 310.267, 310.267, 310.267, 310.267, 310.267, 310.267, 310.267, 310.267, 310.267, 310.267, 310.267, 310.267, 310.267, 310.267, 310.267, 310.267, 310.267, 310.268, 310.268, 310.268, 310.268, 310.268, 310.268, 310.268, 310.268, 310.268, 310.268, 310.268, 310.268, 310.268, 310.268, 310.268, 310.268, 310.268, 310.268, 310.268, 310.268, 310.268, 310.268, 310.268, 310.268, 310.268, 310.268, 310.268, 310.267, 310.267, 310.267, 310.267, 310.267, 310.267, 310.267, 310.267, 310.267, 310.267, 310.267, 310.267, 310.267, 310.267, 310.267, 310.267, 310.267, 310.267, 310.267, 310.267, 310.267, 310.267, 310.267, 310.268, 310.268, 310.268, 310.268, 310.268, 310.268, 310.268, 310.268, 310.269, 310.269, 310.27, 310.27, 310.272, 300, 
310.293, 310.293, 310.293, 310.293, 310.293, 310.293, 310.293, 310.293, 310.293, 310.293, 310.293, 310.293, 310.293, 310.293, 310.293, 310.293, 310.293, 310.293, 310.293, 310.293, 310.293, 310.293, 310.293, 310.293, 310.293, 310.293, 310.293, 310.293, 310.293, 310.293, 310.293, 310.293, 310.293, 310.293, 310.293, 310.293, 310.293, 310.293, 310.293, 310.293, 310.293, 310.293, 310.293, 310.293, 310.293, 310.293, 310.293, 310.293, 310.293, 310.293, 310.293, 310.293, 310.293, 310.293, 310.293, 310.293, 310.293, 310.293, 310.293, 310.293, 310.293, 310.293, 310.293, 310.293, 310.293, 310.293, 310.293, 310.293, 310.293, 310.293, 310.293, 310.293, 310.293, 310.293, 310.293, 310.293, 310.293, 310.293, 310.293, 310.293, 310.293, 310.293, 310.293, 310.293, 310.293, 310.293, 310.293, 310.293, 310.293, 310.293, 310.293, 310.293, 310.294, 310.294, 310.294, 310.294, 310.295, 310.296, 310.297, 300, 
310.319, 310.319, 310.319, 310.319, 310.319, 310.319, 310.319, 310.319, 310.319, 310.319, 310.319, 310.318, 310.318, 310.318, 310.318, 310.318, 310.318, 310.318, 310.318, 310.318, 310.318, 310.318, 310.318, 310.318, 310.318, 310.318, 310.318, 310.318, 310.318, 310.318, 310.318, 310.318, 310.318, 310.318, 310.318, 310.318, 310.318, 310.318, 310.318, 310.319, 310.319, 310.319, 310.319, 310.319, 310.319, 310.319, 310.319, 310.319, 310.319, 310.319, 310.319, 310.319, 310.319, 310.319, 310.319, 310.319, 310.319, 310.319, 310.319, 310.319, 310.319, 310.318, 310.318, 310.318, 310.318, 310.318, 310.318, 310.318, 310.318, 310.318, 310.318, 310.318, 310.318, 310.318, 310.318, 310.318, 310.318, 310.318, 310.318, 310.318, 310.318, 310.318, 310.318, 310.318, 310.318, 310.318, 310.318, 310.319, 310.319, 310.319, 310.319, 310.319, 310.319, 310.319, 310.32, 310.32, 310.32, 310.321, 310.323, 300, 
310.344, 310.344, 310.344, 310.344, 310.344, 310.344, 310.344, 310.344, 310.344, 310.344, 310.344, 310.344, 310.344, 310.344, 310.344, 310.344, 310.344, 310.344, 310.344, 310.344, 310.344, 310.344, 310.344, 310.344, 310.344, 310.344, 310.344, 310.344, 310.344, 310.344, 310.344, 310.344, 310.344, 310.344, 310.344, 310.344, 310.344, 310.344, 310.344, 310.344, 310.344, 310.344, 310.344, 310.344, 310.344, 310.344, 310.344, 310.344, 310.344, 310.344, 310.344, 310.344, 310.344, 310.344, 310.344, 310.344, 310.344, 310.344, 310.344, 310.344, 310.344, 310.344, 310.344, 310.344, 310.344, 310.344, 310.344, 310.344, 310.344, 310.344, 310.344, 310.344, 310.344, 310.344, 310.344, 310.344, 310.344, 310.344, 310.344, 310.344, 310.344, 310.344, 310.344, 310.344, 310.344, 310.344, 310.344, 310.344, 310.344, 310.344, 310.344, 310.344, 310.345, 310.345, 310.345, 310.345, 310.346, 310.347, 310.348, 300, 
310.37, 310.37, 310.37, 310.37, 310.37, 310.37, 310.369, 310.369, 310.369, 310.369, 310.369, 310.369, 310.369, 310.369, 310.369, 310.369, 310.369, 310.369, 310.369, 310.369, 310.369, 310.369, 310.369, 310.369, 310.369, 310.369, 310.369, 310.369, 310.369, 310.369, 310.369, 310.369, 310.369, 310.369, 310.369, 310.369, 310.369, 310.369, 310.369, 310.369, 310.369, 310.369, 310.369, 310.37, 310.37, 310.37, 310.37, 310.37, 310.37, 310.37, 310.37, 310.37, 310.37, 310.37, 310.37, 310.37, 310.37, 310.37, 310.369, 310.369, 310.369, 310.369, 310.369, 310.369, 310.369, 310.369, 310.369, 310.369, 310.369, 310.369, 310.369, 310.369, 310.369, 310.369, 310.369, 310.369, 310.369, 310.369, 310.369, 310.369, 310.369, 310.369, 310.369, 310.369, 310.369, 310.369, 310.369, 310.369, 310.37, 310.37, 310.37, 310.37, 310.37, 310.37, 310.37, 310.371, 310.371, 310.372, 310.374, 300, 
310.395, 310.395, 310.395, 310.395, 310.395, 310.395, 310.395, 310.395, 310.395, 310.395, 310.395, 310.395, 310.395, 310.395, 310.395, 310.395, 310.395, 310.395, 310.395, 310.395, 310.395, 310.395, 310.395, 310.395, 310.395, 310.395, 310.395, 310.395, 310.395, 310.395, 310.395, 310.395, 310.395, 310.395, 310.395, 310.395, 310.395, 310.395, 310.395, 310.395, 310.395, 310.395, 310.395, 310.395, 310.395, 310.395, 310.395, 310.395, 310.395, 310.395, 310.395, 310.395, 310.395, 310.395, 310.395, 310.395, 310.395, 310.395, 310.395, 310.395, 310.395, 310.395, 310.395, 310.395, 310.395, 310.395, 310.395, 310.395, 310.395, 310.395, 310.395, 310.395, 310.395, 310.395, 310.395, 310.395, 310.395, 310.395, 310.395, 310.395, 310.395, 310.395, 310.395, 310.395, 310.395, 310.395, 310.395, 310.395, 310.395, 310.395, 310.395, 310.395, 310.396, 310.396, 310.396, 310.396, 310.397, 310.398, 310.399, 300, 
310.42, 310.42, 310.42, 310.42, 310.42, 310.42, 310.42, 310.42, 310.42, 310.42, 310.42, 310.42, 310.42, 310.42, 310.42, 310.42, 310.42, 310.42, 310.42, 310.42, 310.42, 310.42, 310.42, 310.42, 310.42, 310.42, 310.42, 310.42, 310.42, 310.42, 310.42, 310.42, 310.42, 310.42, 310.42, 310.42, 310.42, 310.42, 310.42, 310.42, 310.42, 310.42, 310.42, 310.42, 310.42, 310.42, 310.42, 310.421, 310.421, 310.421, 310.421, 310.421, 310.421, 310.421, 310.421, 310.42, 310.42, 310.42, 310.42, 310.42, 310.42, 310.42, 310.42, 310.42, 310.42, 310.42, 310.42, 310.42, 310.42, 310.42, 310.42, 310.42, 310.42, 310.42, 310.42, 310.42, 310.42, 310.42, 310.42, 310.42, 310.42, 310.42, 310.42, 310.42, 310.42, 310.42, 310.42, 310.42, 310.421, 310.421, 310.421, 310.421, 310.421, 310.421, 310.421, 310.422, 310.422, 310.423, 310.424, 300, 
310.446, 310.446, 310.446, 310.446, 310.446, 310.446, 310.446, 310.446, 310.446, 310.446, 310.446, 310.446, 310.446, 310.446, 310.446, 310.446, 310.446, 310.446, 310.446, 310.446, 310.446, 310.446, 310.446, 310.446, 310.446, 310.446, 310.446, 310.446, 310.446, 310.446, 310.446, 310.446, 310.446, 310.446, 310.446, 310.446, 310.446, 310.446, 310.446, 310.446, 310.446, 310.446, 310.446, 310.446, 310.446, 310.446, 310.446, 310.446, 310.446, 310.446, 310.446, 310.446, 310.446, 310.446, 310.446, 310.446, 310.446, 310.446, 310.446, 310.446, 310.446, 310.446, 310.446, 310.446, 310.446, 310.446, 310.446, 310.446, 310.446, 310.446, 310.446, 310.446, 310.446, 310.446, 310.446, 310.446, 310.446, 310.446, 310.446, 310.446, 310.446, 310.446, 310.446, 310.446, 310.446, 310.446, 310.446, 310.446, 310.446, 310.446, 310.446, 310.446, 310.446, 310.447, 310.447, 310.447, 310.448, 310.449, 310.45, 300, 
310.471, 310.471, 310.471, 310.471, 310.471, 310.471, 310.471, 310.471, 310.471, 310.471, 310.471, 310.471, 310.471, 310.471, 310.471, 310.471, 310.471, 310.471, 310.471, 310.471, 310.471, 310.471, 310.471, 310.471, 310.471, 310.471, 310.471, 310.471, 310.471, 310.471, 310.471, 310.471, 310.471, 310.471, 310.471, 310.471, 310.471, 310.471, 310.471, 310.471, 310.471, 310.471, 310.471, 310.471, 310.471, 310.471, 310.471, 310.471, 310.471, 310.471, 310.471, 310.471, 310.471, 310.471, 310.471, 310.471, 310.471, 310.471, 310.471, 310.471, 310.471, 310.471, 310.471, 310.471, 310.471, 310.471, 310.471, 310.471, 310.471, 310.471, 310.471, 310.471, 310.471, 310.471, 310.471, 310.471, 310.471, 310.471, 310.471, 310.471, 310.471, 310.471, 310.471, 310.471, 310.471, 310.471, 310.471, 310.471, 310.471, 310.472, 310.472, 310.472, 310.472, 310.472, 310.472, 310.473, 310.473, 310.474, 310.475, 300, 
310.497, 310.497, 310.497, 310.497, 310.497, 310.497, 310.497, 310.497, 310.497, 310.497, 310.497, 310.497, 310.497, 310.497, 310.497, 310.497, 310.497, 310.497, 310.497, 310.497, 310.497, 310.497, 310.497, 310.497, 310.497, 310.497, 310.497, 310.497, 310.497, 310.497, 310.497, 310.497, 310.497, 310.497, 310.497, 310.497, 310.497, 310.497, 310.497, 310.497, 310.497, 310.497, 310.497, 310.497, 310.497, 310.497, 310.497, 310.497, 310.497, 310.497, 310.497, 310.497, 310.497, 310.497, 310.497, 310.497, 310.497, 310.497, 310.497, 310.497, 310.497, 310.497, 310.497, 310.497, 310.497, 310.497, 310.497, 310.497, 310.497, 310.497, 310.497, 310.497, 310.497, 310.497, 310.497, 310.497, 310.497, 310.497, 310.497, 310.497, 310.497, 310.497, 310.497, 310.497, 310.497, 310.497, 310.497, 310.497, 310.497, 310.497, 310.497, 310.497, 310.497, 310.498, 310.498, 310.498, 310.499, 310.5, 310.501, 300, 
310.522, 310.522, 310.522, 310.522, 310.522, 310.522, 310.522, 310.522, 310.522, 310.522, 310.522, 310.522, 310.522, 310.522, 310.522, 310.522, 310.522, 310.522, 310.522, 310.522, 310.522, 310.522, 310.522, 310.522, 310.522, 310.522, 310.522, 310.522, 310.522, 310.522, 310.522, 310.522, 310.522, 310.522, 310.522, 310.522, 310.522, 310.522, 310.522, 310.522, 310.522, 310.522, 310.522, 310.522, 310.522, 310.522, 310.522, 310.522, 310.522, 310.522, 310.522, 310.522, 310.522, 310.522, 310.522, 310.522, 310.522, 310.522, 310.522, 310.522, 310.522, 310.522, 310.522, 310.522, 310.522, 310.522, 310.522, 310.522, 310.522, 310.522, 310.522, 310.522, 310.522, 310.522, 310.522, 310.522, 310.522, 310.522, 310.522, 310.522, 310.522, 310.522, 310.522, 310.522, 310.522, 310.522, 310.522, 310.522, 310.522, 310.523, 310.523, 310.523, 310.523, 310.523, 310.523, 310.524, 310.524, 310.525, 310.526, 300, 
310.548, 310.548, 310.548, 310.548, 310.548, 310.548, 310.548, 310.548, 310.548, 310.548, 310.548, 310.548, 310.548, 310.548, 310.548, 310.548, 310.548, 310.548, 310.548, 310.548, 310.548, 310.548, 310.548, 310.548, 310.548, 310.548, 310.548, 310.548, 310.548, 310.548, 310.548, 310.548, 310.548, 310.548, 310.548, 310.548, 310.548, 310.548, 310.548, 310.548, 310.548, 310.548, 310.548, 310.548, 310.548, 310.548, 310.548, 310.548, 310.548, 310.548, 310.548, 310.548, 310.548, 310.548, 310.548, 310.548, 310.548, 310.548, 310.548, 310.548, 310.548, 310.548, 310.548, 310.548, 310.548, 310.548, 310.548, 310.548, 310.548, 310.548, 310.548, 310.548, 310.548, 310.548, 310.548, 310.548, 310.548, 310.548, 310.548, 310.548, 310.548, 310.548, 310.548, 310.548, 310.548, 310.548, 310.548, 310.548, 310.548, 310.548, 310.548, 310.548, 310.548, 310.549, 310.549, 310.549, 310.55, 310.55, 310.552, 300, 
310.573, 310.573, 310.573, 310.573, 310.573, 310.573, 310.573, 310.573, 310.573, 310.573, 310.573, 310.573, 310.573, 310.573, 310.573, 310.573, 310.573, 310.573, 310.573, 310.573, 310.573, 310.573, 310.573, 310.573, 310.573, 310.573, 310.573, 310.573, 310.573, 310.573, 310.573, 310.573, 310.573, 310.573, 310.573, 310.573, 310.573, 310.573, 310.573, 310.573, 310.573, 310.573, 310.573, 310.573, 310.573, 310.573, 310.573, 310.573, 310.573, 310.573, 310.573, 310.573, 310.573, 310.573, 310.573, 310.573, 310.573, 310.573, 310.573, 310.573, 310.573, 310.573, 310.573, 310.573, 310.573, 310.573, 310.573, 310.573, 310.573, 310.573, 310.573, 310.573, 310.573, 310.573, 310.573, 310.573, 310.573, 310.573, 310.573, 310.573, 310.573, 310.573, 310.573, 310.573, 310.573, 310.573, 310.573, 310.573, 310.573, 310.573, 310.574, 310.574, 310.574, 310.574, 310.574, 310.575, 310.575, 310.576, 310.577, 300, 
310.599, 310.599, 310.599, 310.599, 310.599, 310.599, 310.599, 310.599, 310.599, 310.599, 310.599, 310.599, 310.599, 310.599, 310.599, 310.599, 310.599, 310.599, 310.599, 310.599, 310.599, 310.599, 310.599, 310.599, 310.599, 310.599, 310.599, 310.599, 310.599, 310.599, 310.599, 310.599, 310.599, 310.599, 310.599, 310.599, 310.599, 310.599, 310.599, 310.599, 310.599, 310.599, 310.599, 310.599, 310.599, 310.599, 310.599, 310.599, 310.599, 310.599, 310.599, 310.599, 310.599, 310.599, 310.599, 310.599, 310.599, 310.599, 310.599, 310.599, 310.599, 310.599, 310.599, 310.599, 310.599, 310.599, 310.599, 310.599, 310.599, 310.599, 310.599, 310.599, 310.599, 310.599, 310.598, 310.598, 310.598, 310.598, 310.598, 310.598, 310.599, 310.599, 310.599, 310.599, 310.599, 310.599, 310.599, 310.599, 310.599, 310.599, 310.599, 310.599, 310.599, 310.599, 310.6, 310.6, 310.601, 310.601, 310.603, 300, 
310.624, 310.624, 310.624, 310.624, 310.624, 310.624, 310.624, 310.624, 310.624, 310.624, 310.624, 310.624, 310.624, 310.624, 310.624, 310.624, 310.624, 310.624, 310.624, 310.624, 310.624, 310.624, 310.624, 310.624, 310.624, 310.624, 310.624, 310.624, 310.624, 310.624, 310.624, 310.624, 310.624, 310.624, 310.624, 310.624, 310.624, 310.624, 310.624, 310.624, 310.624, 310.624, 310.624, 310.624, 310.624, 310.624, 310.624, 310.624, 310.624, 310.624, 310.624, 310.624, 310.624, 310.624, 310.624, 310.624, 310.624, 310.624, 310.624, 310.624, 310.624, 310.624, 310.624, 310.624, 310.624, 310.624, 310.624, 310.624, 310.624, 310.624, 310.624, 310.624, 310.624, 310.624, 310.624, 310.624, 310.624, 310.624, 310.624, 310.624, 310.624, 310.624, 310.624, 310.624, 310.624, 310.624, 310.624, 310.624, 310.624, 310.624, 310.625, 310.625, 310.625, 310.625, 310.625, 310.625, 310.626, 310.627, 310.628, 300, 
310.65, 310.65, 310.65, 310.65, 310.65, 310.65, 310.65, 310.65, 310.65, 310.65, 310.65, 310.65, 310.65, 310.65, 310.65, 310.65, 310.65, 310.65, 310.65, 310.65, 310.65, 310.65, 310.65, 310.65, 310.65, 310.65, 310.65, 310.65, 310.65, 310.65, 310.65, 310.65, 310.65, 310.65, 310.65, 310.65, 310.65, 310.65, 310.65, 310.65, 310.65, 310.65, 310.65, 310.65, 310.65, 310.65, 310.65, 310.65, 310.65, 310.65, 310.65, 310.65, 310.65, 310.65, 310.65, 310.65, 310.65, 310.65, 310.65, 310.65, 310.65, 310.65, 310.65, 310.65, 310.65, 310.65, 310.65, 310.65, 310.65, 310.65, 310.65, 310.649, 310.649, 310.649, 310.649, 310.649, 310.649, 310.649, 310.649, 310.649, 310.649, 310.649, 310.65, 310.65, 310.65, 310.65, 310.65, 310.65, 310.65, 310.65, 310.65, 310.65, 310.65, 310.65, 310.651, 310.651, 310.651, 310.652, 310.653, 300, 
310.675, 310.675, 310.675, 310.675, 310.675, 310.675, 310.675, 310.675, 310.675, 310.675, 310.675, 310.675, 310.675, 310.675, 310.675, 310.675, 310.675, 310.675, 310.675, 310.675, 310.675, 310.675, 310.675, 310.675, 310.675, 310.675, 310.675, 310.675, 310.675, 310.675, 310.675, 310.675, 310.675, 310.675, 310.675, 310.675, 310.675, 310.675, 310.675, 310.675, 310.675, 310.675, 310.675, 310.675, 310.675, 310.675, 310.675, 310.675, 310.675, 310.675, 310.675, 310.675, 310.675, 310.675, 310.675, 310.675, 310.675, 310.675, 310.675, 310.675, 310.675, 310.675, 310.675, 310.675, 310.675, 310.675, 310.675, 310.675, 310.675, 310.675, 310.675, 310.675, 310.675, 310.675, 310.675, 310.675, 310.675, 310.675, 310.675, 310.675, 310.675, 310.675, 310.675, 310.675, 310.675, 310.675, 310.675, 310.675, 310.675, 310.675, 310.675, 310.676, 310.676, 310.676, 310.676, 310.676, 310.677, 310.678, 310.679, 300, 
310.701, 310.701, 310.701, 310.701, 310.701, 310.701, 310.701, 310.701, 310.701, 310.701, 310.701, 310.701, 310.701, 310.701, 310.701, 310.701, 310.701, 310.701, 310.701, 310.701, 310.701, 310.701, 310.701, 310.701, 310.701, 310.701, 310.701, 310.701, 310.701, 310.701, 310.701, 310.701, 310.701, 310.701, 310.701, 310.701, 310.701, 310.701, 310.701, 310.701, 310.701, 310.701, 310.701, 310.701, 310.701, 310.701, 310.701, 310.701, 310.701, 310.701, 310.701, 310.701, 310.701, 310.701, 310.701, 310.701, 310.701, 310.701, 310.701, 310.701, 310.701, 310.701, 310.701, 310.701, 310.701, 310.701, 310.701, 310.701, 310.701, 310.7, 310.7, 310.7, 310.7, 310.7, 310.7, 310.7, 310.7, 310.7, 310.7, 310.7, 310.7, 310.7, 310.7, 310.7, 310.701, 310.701, 310.701, 310.701, 310.701, 310.701, 310.701, 310.701, 310.701, 310.701, 310.702, 310.702, 310.702, 310.703, 310.704, 300, 
310.726, 310.726, 310.726, 310.726, 310.726, 310.726, 310.726, 310.726, 310.726, 310.726, 310.726, 310.726, 310.726, 310.726, 310.726, 310.726, 310.726, 310.726, 310.726, 310.726, 310.726, 310.726, 310.726, 310.726, 310.726, 310.726, 310.726, 310.726, 310.726, 310.726, 310.726, 310.726, 310.726, 310.726, 310.726, 310.726, 310.726, 310.726, 310.726, 310.726, 310.726, 310.726, 310.726, 310.726, 310.726, 310.726, 310.726, 310.726, 310.726, 310.726, 310.726, 310.726, 310.726, 310.726, 310.726, 310.726, 310.726, 310.726, 310.726, 310.726, 310.726, 310.726, 310.726, 310.726, 310.726, 310.726, 310.726, 310.726, 310.726, 310.726, 310.726, 310.726, 310.726, 310.726, 310.726, 310.726, 310.726, 310.726, 310.726, 310.726, 310.726, 310.726, 310.726, 310.726, 310.726, 310.726, 310.726, 310.726, 310.726, 310.726, 310.726, 310.727, 310.727, 310.727, 310.727, 310.727, 310.728, 310.729, 310.73, 300, 
310.752, 310.752, 310.752, 310.752, 310.752, 310.752, 310.752, 310.752, 310.752, 310.752, 310.752, 310.752, 310.752, 310.752, 310.752, 310.752, 310.752, 310.752, 310.752, 310.752, 310.752, 310.752, 310.752, 310.752, 310.752, 310.752, 310.752, 310.752, 310.752, 310.752, 310.752, 310.752, 310.752, 310.752, 310.752, 310.752, 310.752, 310.752, 310.752, 310.752, 310.752, 310.752, 310.752, 310.752, 310.752, 310.752, 310.752, 310.752, 310.752, 310.752, 310.752, 310.752, 310.752, 310.752, 310.752, 310.752, 310.752, 310.752, 310.752, 310.752, 310.752, 310.752, 310.752, 310.752, 310.752, 310.752, 310.752, 310.751, 310.751, 310.751, 310.751, 310.751, 310.751, 310.751, 310.751, 310.751, 310.751, 310.751, 310.751, 310.751, 310.751, 310.751, 310.751, 310.751, 310.751, 310.752, 310.752, 310.752, 310.752, 310.752, 310.752, 310.752, 310.752, 310.752, 310.753, 310.753, 310.753, 310.754, 310.755, 300, 
310.777, 310.777, 310.777, 310.777, 310.777, 310.777, 310.777, 310.777, 310.777, 310.777, 310.777, 310.777, 310.777, 310.777, 310.777, 310.777, 310.777, 310.777, 310.777, 310.777, 310.777, 310.777, 310.777, 310.777, 310.777, 310.777, 310.777, 310.777, 310.777, 310.777, 310.777, 310.777, 310.777, 310.777, 310.777, 310.777, 310.777, 310.777, 310.777, 310.777, 310.777, 310.777, 310.777, 310.777, 310.777, 310.777, 310.777, 310.777, 310.777, 310.777, 310.777, 310.777, 310.777, 310.777, 310.777, 310.777, 310.777, 310.777, 310.777, 310.777, 310.777, 310.777, 310.777, 310.777, 310.777, 310.777, 310.777, 310.777, 310.777, 310.777, 310.777, 310.777, 310.777, 310.777, 310.777, 310.777, 310.777, 310.777, 310.777, 310.777, 310.777, 310.777, 310.777, 310.777, 310.777, 310.777, 310.777, 310.777, 310.777, 310.777, 310.777, 310.777, 310.778, 310.778, 310.778, 310.778, 310.779, 310.78, 310.781, 300, 
310.803, 310.803, 310.803, 310.803, 310.803, 310.803, 310.803, 310.803, 310.803, 310.803, 310.803, 310.803, 310.803, 310.803, 310.803, 310.803, 310.803, 310.802, 310.802, 310.802, 310.802, 310.802, 310.802, 310.802, 310.802, 310.802, 310.802, 310.802, 310.802, 310.802, 310.802, 310.802, 310.802, 310.803, 310.803, 310.803, 310.803, 310.803, 310.803, 310.803, 310.803, 310.803, 310.803, 310.803, 310.803, 310.803, 310.803, 310.803, 310.803, 310.803, 310.803, 310.803, 310.803, 310.803, 310.803, 310.803, 310.803, 310.803, 310.803, 310.803, 310.803, 310.803, 310.803, 310.803, 310.803, 310.802, 310.802, 310.802, 310.802, 310.802, 310.802, 310.802, 310.802, 310.802, 310.802, 310.802, 310.802, 310.802, 310.802, 310.802, 310.802, 310.802, 310.802, 310.802, 310.802, 310.802, 310.803, 310.803, 310.803, 310.803, 310.803, 310.803, 310.803, 310.803, 310.803, 310.804, 310.804, 310.805, 310.806, 300, 
310.828, 310.828, 310.828, 310.828, 310.828, 310.828, 310.828, 310.828, 310.828, 310.828, 310.828, 310.828, 310.828, 310.828, 310.828, 310.828, 310.828, 310.828, 310.828, 310.828, 310.828, 310.828, 310.828, 310.828, 310.828, 310.828, 310.828, 310.828, 310.828, 310.828, 310.828, 310.828, 310.828, 310.828, 310.828, 310.828, 310.828, 310.828, 310.828, 310.828, 310.828, 310.828, 310.828, 310.828, 310.828, 310.828, 310.828, 310.828, 310.828, 310.828, 310.828, 310.828, 310.828, 310.828, 310.828, 310.828, 310.828, 310.828, 310.828, 310.828, 310.828, 310.828, 310.828, 310.828, 310.828, 310.828, 310.828, 310.828, 310.828, 310.828, 310.828, 310.828, 310.828, 310.828, 310.828, 310.828, 310.828, 310.828, 310.828, 310.828, 310.828, 310.828, 310.828, 310.828, 310.828, 310.828, 310.828, 310.828, 310.828, 310.828, 310.828, 310.828, 310.829, 310.829, 310.829, 310.829, 310.83, 310.83, 310.832, 300, 
310.854, 310.854, 310.854, 310.854, 310.854, 310.854, 310.854, 310.854, 310.854, 310.854, 310.854, 310.854, 310.854, 310.853, 310.853, 310.853, 310.853, 310.853, 310.853, 310.853, 310.853, 310.853, 310.853, 310.853, 310.853, 310.853, 310.853, 310.853, 310.853, 310.853, 310.853, 310.853, 310.853, 310.853, 310.853, 310.853, 310.853, 310.854, 310.854, 310.854, 310.854, 310.854, 310.854, 310.854, 310.854, 310.854, 310.854, 310.854, 310.854, 310.854, 310.854, 310.854, 310.854, 310.854, 310.854, 310.854, 310.854, 310.854, 310.854, 310.854, 310.854, 310.854, 310.853, 310.853, 310.853, 310.853, 310.853, 310.853, 310.853, 310.853, 310.853, 310.853, 310.853, 310.853, 310.853, 310.853, 310.853, 310.853, 310.853, 310.853, 310.853, 310.853, 310.853, 310.853, 310.853, 310.853, 310.853, 310.854, 310.854, 310.854, 310.854, 310.854, 310.854, 310.854, 310.854, 310.855, 310.855, 310.856, 310.857, 300, 
310.879, 310.879, 310.879, 310.879, 310.879, 310.879, 310.879, 310.879, 310.879, 310.879, 310.879, 310.879, 310.879, 310.879, 310.879, 310.879, 310.879, 310.879, 310.879, 310.879, 310.879, 310.879, 310.879, 310.879, 310.879, 310.879, 310.879, 310.879, 310.879, 310.879, 310.879, 310.879, 310.879, 310.879, 310.879, 310.879, 310.879, 310.879, 310.879, 310.879, 310.879, 310.879, 310.879, 310.879, 310.879, 310.879, 310.879, 310.879, 310.879, 310.879, 310.879, 310.879, 310.879, 310.879, 310.879, 310.879, 310.879, 310.879, 310.879, 310.879, 310.879, 310.879, 310.879, 310.879, 310.879, 310.879, 310.879, 310.879, 310.879, 310.879, 310.879, 310.879, 310.879, 310.879, 310.879, 310.879, 310.879, 310.879, 310.879, 310.879, 310.879, 310.879, 310.879, 310.879, 310.879, 310.879, 310.879, 310.879, 310.879, 310.879, 310.879, 310.879, 310.879, 310.88, 310.88, 310.88, 310.881, 310.881, 310.882, 300, 
310.905, 310.905, 310.905, 310.905, 310.905, 310.905, 310.905, 310.905, 310.905, 310.904, 310.904, 310.904, 310.904, 310.904, 310.904, 310.904, 310.904, 310.904, 310.904, 310.904, 310.904, 310.904, 310.904, 310.904, 310.904, 310.904, 310.904, 310.904, 310.904, 310.904, 310.904, 310.904, 310.904, 310.904, 310.904, 310.904, 310.904, 310.904, 310.904, 310.904, 310.904, 310.905, 310.905, 310.905, 310.905, 310.905, 310.905, 310.905, 310.905, 310.905, 310.905, 310.905, 310.905, 310.905, 310.905, 310.905, 310.905, 310.905, 310.905, 310.905, 310.904, 310.904, 310.904, 310.904, 310.904, 310.904, 310.904, 310.904, 310.904, 310.904, 310.904, 310.904, 310.904, 310.904, 310.904, 310.904, 310.904, 310.904, 310.904, 310.904, 310.904, 310.904, 310.904, 310.904, 310.904, 310.904, 310.904, 310.905, 310.905, 310.905, 310.905, 310.905, 310.905, 310.905, 310.905, 310.906, 310.906, 310.907, 310.908, 300, 
310.93, 310.93, 310.93, 310.93, 310.93, 310.93, 310.93, 310.93, 310.93, 310.93, 310.93, 310.93, 310.93, 310.93, 310.93, 310.93, 310.93, 310.93, 310.93, 310.93, 310.93, 310.93, 310.93, 310.93, 310.93, 310.93, 310.93, 310.93, 310.93, 310.93, 310.93, 310.93, 310.93, 310.93, 310.93, 310.93, 310.93, 310.93, 310.93, 310.93, 310.93, 310.93, 310.93, 310.93, 310.93, 310.93, 310.93, 310.93, 310.93, 310.93, 310.93, 310.93, 310.93, 310.93, 310.93, 310.93, 310.93, 310.93, 310.93, 310.93, 310.93, 310.93, 310.93, 310.93, 310.93, 310.93, 310.93, 310.93, 310.93, 310.93, 310.93, 310.93, 310.93, 310.93, 310.93, 310.93, 310.93, 310.93, 310.93, 310.93, 310.93, 310.93, 310.93, 310.93, 310.93, 310.93, 310.93, 310.93, 310.93, 310.93, 310.93, 310.93, 310.93, 310.931, 310.931, 310.931, 310.932, 310.932, 310.933, 300, 
310.955, 310.955, 310.955, 310.955, 310.955, 310.955, 310.955, 310.955, 310.955, 310.955, 310.955, 310.955, 310.955, 310.955, 310.955, 310.955, 310.955, 310.955, 310.955, 310.955, 310.955, 310.955, 310.955, 310.955, 310.955, 310.955, 310.955, 310.955, 310.955, 310.955, 310.955, 310.955, 310.955, 310.955, 310.955, 310.955, 310.955, 310.955, 310.955, 310.955, 310.955, 310.955, 310.955, 310.955, 310.955, 310.956, 310.956, 310.956, 310.956, 310.956, 310.956, 310.956, 310.956, 310.956, 310.956, 310.956, 310.955, 310.955, 310.955, 310.955, 310.955, 310.955, 310.955, 310.955, 310.955, 310.955, 310.955, 310.955, 310.955, 310.955, 310.955, 310.955, 310.955, 310.955, 310.955, 310.955, 310.955, 310.955, 310.955, 310.955, 310.955, 310.955, 310.955, 310.955, 310.955, 310.955, 310.955, 310.955, 310.956, 310.956, 310.956, 310.956, 310.956, 310.956, 310.956, 310.957, 310.957, 310.958, 310.959, 300, 
310.981, 310.981, 310.981, 310.981, 310.981, 310.981, 310.981, 310.981, 310.981, 310.981, 310.981, 310.981, 310.981, 310.981, 310.981, 310.981, 310.981, 310.981, 310.981, 310.981, 310.981, 310.981, 310.981, 310.981, 310.981, 310.981, 310.981, 310.981, 310.981, 310.981, 310.981, 310.981, 310.981, 310.981, 310.981, 310.981, 310.981, 310.981, 310.981, 310.981, 310.981, 310.981, 310.981, 310.981, 310.981, 310.981, 310.981, 310.981, 310.981, 310.981, 310.981, 310.981, 310.981, 310.981, 310.981, 310.981, 310.981, 310.981, 310.981, 310.981, 310.981, 310.981, 310.981, 310.981, 310.981, 310.981, 310.981, 310.981, 310.981, 310.981, 310.981, 310.981, 310.981, 310.981, 310.981, 310.981, 310.981, 310.981, 310.981, 310.981, 310.981, 310.981, 310.981, 310.981, 310.981, 310.981, 310.981, 310.981, 310.981, 310.981, 310.981, 310.981, 310.981, 310.982, 310.982, 310.982, 310.982, 310.983, 310.984, 300, 
311.006, 311.006, 311.006, 311.006, 311.006, 311.006, 311.006, 311.006, 311.006, 311.006, 311.006, 311.006, 311.006, 311.006, 311.006, 311.006, 311.006, 311.006, 311.006, 311.006, 311.006, 311.006, 311.006, 311.006, 311.006, 311.006, 311.006, 311.006, 311.006, 311.006, 311.006, 311.006, 311.006, 311.006, 311.006, 311.006, 311.006, 311.006, 311.006, 311.006, 311.006, 311.006, 311.006, 311.006, 311.006, 311.006, 311.006, 311.006, 311.006, 311.006, 311.006, 311.006, 311.006, 311.006, 311.006, 311.006, 311.006, 311.006, 311.006, 311.006, 311.006, 311.006, 311.006, 311.006, 311.006, 311.006, 311.006, 311.006, 311.006, 311.006, 311.006, 311.006, 311.006, 311.006, 311.006, 311.006, 311.006, 311.006, 311.006, 311.006, 311.006, 311.006, 311.006, 311.006, 311.006, 311.006, 311.006, 311.006, 311.006, 311.007, 311.007, 311.007, 311.007, 311.007, 311.007, 311.008, 311.008, 311.009, 311.01, 300, 
311.032, 311.032, 311.032, 311.032, 311.032, 311.032, 311.032, 311.032, 311.032, 311.032, 311.032, 311.032, 311.032, 311.032, 311.032, 311.032, 311.032, 311.032, 311.032, 311.032, 311.032, 311.032, 311.032, 311.032, 311.032, 311.032, 311.032, 311.032, 311.032, 311.032, 311.032, 311.032, 311.032, 311.032, 311.032, 311.032, 311.032, 311.032, 311.032, 311.032, 311.032, 311.032, 311.032, 311.032, 311.032, 311.032, 311.032, 311.032, 311.032, 311.032, 311.032, 311.032, 311.032, 311.032, 311.032, 311.032, 311.032, 311.032, 311.032, 311.032, 311.032, 311.032, 311.032, 311.032, 311.032, 311.032, 311.032, 311.032, 311.032, 311.032, 311.032, 311.032, 311.032, 311.032, 311.032, 311.032, 311.032, 311.032, 311.032, 311.032, 311.032, 311.032, 311.032, 311.032, 311.032, 311.032, 311.032, 311.032, 311.032, 311.032, 311.032, 311.032, 311.032, 311.032, 311.033, 311.033, 311.033, 311.034, 311.035, 300, 
311.057, 311.057, 311.057, 311.057, 311.057, 311.057, 311.057, 311.057, 311.057, 311.057, 311.057, 311.057, 311.057, 311.057, 311.057, 311.057, 311.057, 311.057, 311.057, 311.057, 311.057, 311.057, 311.057, 311.057, 311.057, 311.057, 311.057, 311.057, 311.057, 311.057, 311.057, 311.057, 311.057, 311.057, 311.057, 311.057, 311.057, 311.057, 311.057, 311.057, 311.057, 311.057, 311.057, 311.057, 311.057, 311.057, 311.057, 311.057, 311.057, 311.057, 311.057, 311.057, 311.057, 311.057, 311.057, 311.057, 311.057, 311.057, 311.057, 311.057, 311.057, 311.057, 311.057, 311.057, 311.057, 311.057, 311.057, 311.057, 311.057, 311.057, 311.057, 311.057, 311.057, 311.057, 311.057, 311.057, 311.057, 311.057, 311.057, 311.057, 311.057, 311.057, 311.057, 311.057, 311.057, 311.057, 311.057, 311.057, 311.057, 311.058, 311.058, 311.058, 311.058, 311.058, 311.058, 311.058, 311.059, 311.06, 311.061, 300, 
311.083, 311.083, 311.083, 311.083, 311.083, 311.083, 311.083, 311.083, 311.083, 311.083, 311.083, 311.083, 311.083, 311.083, 311.083, 311.083, 311.083, 311.083, 311.083, 311.083, 311.083, 311.083, 311.083, 311.083, 311.083, 311.083, 311.083, 311.083, 311.083, 311.083, 311.083, 311.083, 311.083, 311.083, 311.083, 311.083, 311.083, 311.083, 311.083, 311.083, 311.083, 311.083, 311.083, 311.083, 311.083, 311.083, 311.083, 311.083, 311.083, 311.083, 311.083, 311.083, 311.083, 311.083, 311.083, 311.083, 311.083, 311.083, 311.083, 311.083, 311.083, 311.083, 311.083, 311.083, 311.083, 311.083, 311.083, 311.083, 311.083, 311.083, 311.083, 311.083, 311.083, 311.083, 311.083, 311.083, 311.083, 311.083, 311.083, 311.083, 311.083, 311.083, 311.083, 311.083, 311.083, 311.083, 311.083, 311.083, 311.083, 311.083, 311.083, 311.083, 311.083, 311.083, 311.084, 311.084, 311.084, 311.085, 311.086, 300, 
311.108, 311.108, 311.108, 311.108, 311.108, 311.108, 311.108, 311.108, 311.108, 311.108, 311.108, 311.108, 311.108, 311.108, 311.108, 311.108, 311.108, 311.108, 311.108, 311.108, 311.108, 311.108, 311.108, 311.108, 311.108, 311.108, 311.108, 311.108, 311.108, 311.108, 311.108, 311.108, 311.108, 311.108, 311.108, 311.108, 311.108, 311.108, 311.108, 311.108, 311.108, 311.108, 311.108, 311.108, 311.108, 311.108, 311.108, 311.108, 311.108, 311.108, 311.108, 311.108, 311.108, 311.108, 311.108, 311.108, 311.108, 311.108, 311.108, 311.108, 311.108, 311.108, 311.108, 311.108, 311.108, 311.108, 311.108, 311.108, 311.108, 311.108, 311.108, 311.108, 311.108, 311.108, 311.108, 311.108, 311.108, 311.108, 311.108, 311.108, 311.108, 311.108, 311.108, 311.108, 311.108, 311.108, 311.108, 311.108, 311.108, 311.108, 311.109, 311.109, 311.109, 311.109, 311.109, 311.109, 311.11, 311.11, 311.111, 300, 
311.134, 311.134, 311.134, 311.134, 311.134, 311.134, 311.134, 311.134, 311.134, 311.134, 311.134, 311.134, 311.134, 311.134, 311.134, 311.134, 311.134, 311.134, 311.134, 311.134, 311.134, 311.134, 311.134, 311.134, 311.134, 311.134, 311.134, 311.134, 311.134, 311.134, 311.134, 311.134, 311.134, 311.134, 311.134, 311.134, 311.134, 311.134, 311.134, 311.134, 311.134, 311.134, 311.134, 311.134, 311.134, 311.134, 311.134, 311.134, 311.134, 311.134, 311.134, 311.134, 311.134, 311.134, 311.134, 311.134, 311.134, 311.134, 311.134, 311.134, 311.134, 311.134, 311.134, 311.134, 311.134, 311.134, 311.134, 311.134, 311.134, 311.134, 311.134, 311.134, 311.134, 311.134, 311.134, 311.134, 311.134, 311.134, 311.134, 311.134, 311.134, 311.134, 311.134, 311.134, 311.134, 311.134, 311.134, 311.134, 311.134, 311.134, 311.134, 311.134, 311.134, 311.134, 311.135, 311.135, 311.135, 311.136, 311.137, 300, 
311.159, 311.159, 311.159, 311.159, 311.159, 311.159, 311.159, 311.159, 311.159, 311.159, 311.159, 311.159, 311.159, 311.159, 311.159, 311.159, 311.159, 311.159, 311.159, 311.159, 311.159, 311.159, 311.159, 311.159, 311.159, 311.159, 311.159, 311.159, 311.159, 311.159, 311.159, 311.159, 311.159, 311.159, 311.159, 311.159, 311.159, 311.159, 311.159, 311.159, 311.159, 311.159, 311.159, 311.159, 311.159, 311.159, 311.159, 311.159, 311.159, 311.159, 311.159, 311.159, 311.159, 311.159, 311.159, 311.159, 311.159, 311.159, 311.159, 311.159, 311.159, 311.159, 311.159, 311.159, 311.159, 311.159, 311.159, 311.159, 311.159, 311.159, 311.159, 311.159, 311.159, 311.159, 311.159, 311.159, 311.159, 311.159, 311.159, 311.159, 311.159, 311.159, 311.159, 311.159, 311.159, 311.159, 311.159, 311.159, 311.159, 311.159, 311.159, 311.16, 311.16, 311.16, 311.16, 311.16, 311.161, 311.161, 311.162, 300, 
311.185, 311.185, 311.185, 311.185, 311.185, 311.185, 311.185, 311.185, 311.185, 311.185, 311.185, 311.185, 311.185, 311.185, 311.185, 311.185, 311.185, 311.185, 311.185, 311.185, 311.185, 311.185, 311.185, 311.185, 311.185, 311.185, 311.185, 311.185, 311.185, 311.185, 311.185, 311.185, 311.185, 311.185, 311.185, 311.185, 311.185, 311.185, 311.185, 311.185, 311.185, 311.185, 311.185, 311.185, 311.185, 311.185, 311.185, 311.185, 311.185, 311.185, 311.185, 311.185, 311.185, 311.185, 311.185, 311.185, 311.185, 311.185, 311.185, 311.185, 311.185, 311.185, 311.185, 311.185, 311.185, 311.185, 311.185, 311.185, 311.185, 311.185, 311.185, 311.185, 311.185, 311.185, 311.185, 311.185, 311.185, 311.185, 311.185, 311.185, 311.185, 311.185, 311.185, 311.185, 311.185, 311.185, 311.185, 311.185, 311.185, 311.185, 311.185, 311.185, 311.185, 311.185, 311.186, 311.186, 311.186, 311.187, 311.188, 300, 
311.21, 311.21, 311.21, 311.21, 311.21, 311.21, 311.21, 311.21, 311.21, 311.21, 311.21, 311.21, 311.21, 311.21, 311.21, 311.21, 311.21, 311.21, 311.21, 311.21, 311.21, 311.21, 311.21, 311.21, 311.21, 311.21, 311.21, 311.21, 311.21, 311.21, 311.21, 311.21, 311.21, 311.21, 311.21, 311.21, 311.21, 311.21, 311.21, 311.21, 311.21, 311.21, 311.21, 311.21, 311.21, 311.21, 311.21, 311.21, 311.21, 311.21, 311.21, 311.21, 311.21, 311.21, 311.21, 311.21, 311.21, 311.21, 311.21, 311.21, 311.21, 311.21, 311.21, 311.21, 311.21, 311.21, 311.21, 311.21, 311.21, 311.21, 311.21, 311.21, 311.21, 311.21, 311.21, 311.21, 311.21, 311.21, 311.21, 311.21, 311.21, 311.21, 311.21, 311.21, 311.21, 311.21, 311.21, 311.21, 311.21, 311.21, 311.21, 311.211, 311.211, 311.211, 311.211, 311.211, 311.212, 311.212, 311.213, 300, 
311.236, 311.236, 311.236, 311.236, 311.236, 311.236, 311.236, 311.236, 311.236, 311.236, 311.236, 311.236, 311.236, 311.236, 311.236, 311.236, 311.236, 311.236, 311.236, 311.236, 311.236, 311.236, 311.236, 311.236, 311.236, 311.236, 311.236, 311.236, 311.236, 311.236, 311.236, 311.236, 311.236, 311.236, 311.236, 311.236, 311.236, 311.236, 311.236, 311.236, 311.236, 311.236, 311.236, 311.236, 311.236, 311.236, 311.236, 311.236, 311.236, 311.236, 311.236, 311.236, 311.236, 311.236, 311.236, 311.236, 311.236, 311.236, 311.236, 311.236, 311.236, 311.236, 311.236, 311.236, 311.236, 311.236, 311.236, 311.236, 311.236, 311.236, 311.236, 311.236, 311.236, 311.235, 311.235, 311.235, 311.235, 311.235, 311.235, 311.235, 311.235, 311.236, 311.236, 311.236, 311.236, 311.236, 311.236, 311.236, 311.236, 311.236, 311.236, 311.236, 311.236, 311.236, 311.236, 311.237, 311.237, 311.238, 311.239, 300, 
311.261, 311.261, 311.261, 311.261, 311.261, 311.261, 311.261, 311.261, 311.261, 311.261, 311.261, 311.261, 311.261, 311.261, 311.261, 311.261, 311.261, 311.261, 311.261, 311.261, 311.261, 311.261, 311.261, 311.261, 311.261, 311.261, 311.261, 311.261, 311.261, 311.261, 311.261, 311.261, 311.261, 311.261, 311.261, 311.261, 311.261, 311.261, 311.261, 311.261, 311.261, 311.261, 311.261, 311.261, 311.261, 311.261, 311.261, 311.261, 311.261, 311.261, 311.261, 311.261, 311.261, 311.261, 311.261, 311.261, 311.261, 311.261, 311.261, 311.261, 311.261, 311.261, 311.261, 311.261, 311.261, 311.261, 311.261, 311.261, 311.261, 311.261, 311.261, 311.261, 311.261, 311.261, 311.261, 311.261, 311.261, 311.261, 311.261, 311.261, 311.261, 311.261, 311.261, 311.261, 311.261, 311.261, 311.261, 311.261, 311.261, 311.261, 311.261, 311.261, 311.262, 311.262, 311.262, 311.262, 311.263, 311.263, 311.264, 300, 
311.287, 311.287, 311.287, 311.287, 311.287, 311.287, 311.287, 311.287, 311.287, 311.287, 311.287, 311.287, 311.287, 311.287, 311.287, 311.287, 311.287, 311.287, 311.287, 311.287, 311.287, 311.287, 311.287, 311.287, 311.287, 311.287, 311.287, 311.287, 311.287, 311.287, 311.287, 311.287, 311.287, 311.287, 311.287, 311.287, 311.287, 311.287, 311.287, 311.287, 311.287, 311.287, 311.287, 311.287, 311.287, 311.287, 311.287, 311.287, 311.287, 311.287, 311.287, 311.287, 311.287, 311.287, 311.287, 311.287, 311.287, 311.287, 311.287, 311.287, 311.287, 311.287, 311.287, 311.287, 311.287, 311.287, 311.287, 311.287, 311.287, 311.286, 311.286, 311.286, 311.286, 311.286, 311.286, 311.286, 311.286, 311.286, 311.286, 311.286, 311.286, 311.286, 311.286, 311.287, 311.287, 311.287, 311.287, 311.287, 311.287, 311.287, 311.287, 311.287, 311.287, 311.287, 311.287, 311.288, 311.288, 311.289, 311.29, 300, 
311.312, 311.312, 311.312, 311.312, 311.312, 311.312, 311.312, 311.312, 311.312, 311.312, 311.312, 311.312, 311.312, 311.312, 311.312, 311.312, 311.312, 311.312, 311.312, 311.312, 311.312, 311.312, 311.312, 311.312, 311.312, 311.312, 311.312, 311.312, 311.312, 311.312, 311.312, 311.312, 311.312, 311.312, 311.312, 311.312, 311.312, 311.312, 311.312, 311.312, 311.312, 311.312, 311.312, 311.312, 311.312, 311.312, 311.312, 311.312, 311.312, 311.312, 311.312, 311.312, 311.312, 311.312, 311.312, 311.312, 311.312, 311.312, 311.312, 311.312, 311.312, 311.312, 311.312, 311.312, 311.312, 311.312, 311.312, 311.312, 311.312, 311.312, 311.312, 311.312, 311.312, 311.312, 311.312, 311.312, 311.312, 311.312, 311.312, 311.312, 311.312, 311.312, 311.312, 311.312, 311.312, 311.312, 311.312, 311.312, 311.312, 311.312, 311.312, 311.312, 311.313, 311.313, 311.313, 311.313, 311.314, 311.314, 311.315, 300, 
311.338, 311.338, 311.338, 311.338, 311.338, 311.338, 311.338, 311.338, 311.338, 311.338, 311.338, 311.338, 311.338, 311.338, 311.338, 311.338, 311.338, 311.338, 311.338, 311.338, 311.338, 311.338, 311.338, 311.338, 311.338, 311.338, 311.338, 311.338, 311.338, 311.338, 311.338, 311.338, 311.338, 311.338, 311.338, 311.338, 311.338, 311.338, 311.338, 311.338, 311.338, 311.338, 311.338, 311.338, 311.338, 311.338, 311.338, 311.338, 311.338, 311.338, 311.338, 311.338, 311.338, 311.338, 311.338, 311.338, 311.338, 311.338, 311.338, 311.338, 311.338, 311.338, 311.338, 311.338, 311.338, 311.338, 311.338, 311.337, 311.337, 311.337, 311.337, 311.337, 311.337, 311.337, 311.337, 311.337, 311.337, 311.337, 311.337, 311.337, 311.337, 311.337, 311.337, 311.337, 311.337, 311.338, 311.338, 311.338, 311.338, 311.338, 311.338, 311.338, 311.338, 311.338, 311.338, 311.339, 311.339, 311.34, 311.341, 300, 
311.363, 311.363, 311.363, 311.363, 311.363, 311.363, 311.363, 311.363, 311.363, 311.363, 311.363, 311.363, 311.363, 311.363, 311.363, 311.363, 311.363, 311.363, 311.363, 311.363, 311.363, 311.363, 311.363, 311.363, 311.363, 311.363, 311.363, 311.363, 311.363, 311.363, 311.363, 311.363, 311.363, 311.363, 311.363, 311.363, 311.363, 311.363, 311.363, 311.363, 311.363, 311.363, 311.363, 311.363, 311.363, 311.363, 311.363, 311.363, 311.363, 311.363, 311.363, 311.363, 311.363, 311.363, 311.363, 311.363, 311.363, 311.363, 311.363, 311.363, 311.363, 311.363, 311.363, 311.363, 311.363, 311.363, 311.363, 311.363, 311.363, 311.363, 311.363, 311.363, 311.363, 311.363, 311.363, 311.363, 311.363, 311.363, 311.363, 311.363, 311.363, 311.363, 311.363, 311.363, 311.363, 311.363, 311.363, 311.363, 311.363, 311.363, 311.363, 311.363, 311.364, 311.364, 311.364, 311.364, 311.364, 311.365, 311.366, 300, 
311.389, 311.389, 311.389, 311.389, 311.389, 311.389, 311.389, 311.389, 311.389, 311.389, 311.389, 311.389, 311.389, 311.389, 311.389, 311.389, 311.389, 311.388, 311.388, 311.388, 311.388, 311.388, 311.388, 311.388, 311.388, 311.388, 311.388, 311.388, 311.388, 311.388, 311.388, 311.388, 311.388, 311.388, 311.389, 311.389, 311.389, 311.389, 311.389, 311.389, 311.389, 311.389, 311.389, 311.389, 311.389, 311.389, 311.389, 311.389, 311.389, 311.389, 311.389, 311.389, 311.389, 311.389, 311.389, 311.389, 311.389, 311.389, 311.389, 311.389, 311.389, 311.389, 311.389, 311.389, 311.388, 311.388, 311.388, 311.388, 311.388, 311.388, 311.388, 311.388, 311.388, 311.388, 311.388, 311.388, 311.388, 311.388, 311.388, 311.388, 311.388, 311.388, 311.388, 311.388, 311.388, 311.388, 311.389, 311.389, 311.389, 311.389, 311.389, 311.389, 311.389, 311.389, 311.389, 311.39, 311.39, 311.391, 311.391, 300, 
311.414, 311.414, 311.414, 311.414, 311.414, 311.414, 311.414, 311.414, 311.414, 311.414, 311.414, 311.414, 311.414, 311.414, 311.414, 311.414, 311.414, 311.414, 311.414, 311.414, 311.414, 311.414, 311.414, 311.414, 311.414, 311.414, 311.414, 311.414, 311.414, 311.414, 311.414, 311.414, 311.414, 311.414, 311.414, 311.414, 311.414, 311.414, 311.414, 311.414, 311.414, 311.414, 311.414, 311.414, 311.414, 311.414, 311.414, 311.414, 311.414, 311.414, 311.414, 311.414, 311.414, 311.414, 311.414, 311.414, 311.414, 311.414, 311.414, 311.414, 311.414, 311.414, 311.414, 311.414, 311.414, 311.414, 311.414, 311.414, 311.414, 311.414, 311.414, 311.414, 311.414, 311.414, 311.414, 311.414, 311.414, 311.414, 311.414, 311.414, 311.414, 311.414, 311.414, 311.414, 311.414, 311.414, 311.414, 311.414, 311.414, 311.414, 311.414, 311.414, 311.414, 311.415, 311.415, 311.415, 311.415, 311.416, 311.417, 300, 
311.44, 311.44, 311.44, 311.44, 311.44, 311.44, 311.44, 311.44, 311.44, 311.44, 311.44, 311.44, 311.439, 311.439, 311.439, 311.439, 311.439, 311.439, 311.439, 311.439, 311.439, 311.439, 311.439, 311.439, 311.439, 311.439, 311.439, 311.439, 311.439, 311.439, 311.439, 311.439, 311.439, 311.439, 311.439, 311.439, 311.439, 311.439, 311.44, 311.44, 311.44, 311.44, 311.44, 311.44, 311.44, 311.44, 311.44, 311.44, 311.44, 311.44, 311.44, 311.44, 311.44, 311.44, 311.44, 311.44, 311.44, 311.44, 311.44, 311.44, 311.44, 311.44, 311.439, 311.439, 311.439, 311.439, 311.439, 311.439, 311.439, 311.439, 311.439, 311.439, 311.439, 311.439, 311.439, 311.439, 311.439, 311.439, 311.439, 311.439, 311.439, 311.439, 311.439, 311.439, 311.439, 311.439, 311.439, 311.44, 311.44, 311.44, 311.44, 311.44, 311.44, 311.44, 311.44, 311.44, 311.441, 311.441, 311.442, 300, 
311.465, 311.465, 311.465, 311.465, 311.465, 311.465, 311.465, 311.465, 311.465, 311.465, 311.465, 311.465, 311.465, 311.465, 311.465, 311.465, 311.465, 311.465, 311.465, 311.465, 311.465, 311.465, 311.465, 311.465, 311.465, 311.465, 311.465, 311.465, 311.465, 311.465, 311.465, 311.465, 311.465, 311.465, 311.465, 311.465, 311.465, 311.465, 311.465, 311.465, 311.465, 311.465, 311.465, 311.465, 311.465, 311.465, 311.465, 311.465, 311.465, 311.465, 311.465, 311.465, 311.465, 311.465, 311.465, 311.465, 311.465, 311.465, 311.465, 311.465, 311.465, 311.465, 311.465, 311.465, 311.465, 311.465, 311.465, 311.465, 311.465, 311.465, 311.465, 311.465, 311.465, 311.465, 311.465, 311.465, 311.465, 311.465, 311.465, 311.465, 311.465, 311.465, 311.465, 311.465, 311.465, 311.465, 311.465, 311.465, 311.465, 311.465, 311.465, 311.465, 311.465, 311.466, 311.466, 311.466, 311.466, 311.467, 311.468, 300, 
311.491, 311.491, 311.491, 311.491, 311.491, 311.49, 311.49, 311.49, 311.49, 311.49, 311.49, 311.49, 311.49, 311.49, 311.49, 311.49, 311.49, 311.49, 311.49, 311.49, 311.49, 311.49, 311.49, 311.49, 311.49, 311.49, 311.49, 311.49, 311.49, 311.49, 311.49, 311.49, 311.49, 311.49, 311.49, 311.49, 311.49, 311.49, 311.49, 311.49, 311.49, 311.49, 311.49, 311.491, 311.491, 311.491, 311.491, 311.491, 311.491, 311.491, 311.491, 311.491, 311.491, 311.491, 311.491, 311.491, 311.491, 311.491, 311.49, 311.49, 311.49, 311.49, 311.49, 311.49, 311.49, 311.49, 311.49, 311.49, 311.49, 311.49, 311.49, 311.49, 311.49, 311.49, 311.49, 311.49, 311.49, 311.49, 311.49, 311.49, 311.49, 311.49, 311.49, 311.49, 311.49, 311.49, 311.49, 311.49, 311.491, 311.491, 311.491, 311.491, 311.491, 311.491, 311.491, 311.491, 311.492, 311.492, 311.493, 300, 
311.516, 311.516, 311.516, 311.516, 311.516, 311.516, 311.516, 311.516, 311.516, 311.516, 311.516, 311.516, 311.516, 311.516, 311.516, 311.516, 311.516, 311.516, 311.516, 311.516, 311.516, 311.516, 311.516, 311.516, 311.516, 311.516, 311.516, 311.516, 311.516, 311.516, 311.516, 311.516, 311.516, 311.516, 311.516, 311.516, 311.516, 311.516, 311.516, 311.516, 311.516, 311.516, 311.516, 311.516, 311.516, 311.516, 311.516, 311.516, 311.516, 311.516, 311.516, 311.516, 311.516, 311.516, 311.516, 311.516, 311.516, 311.516, 311.516, 311.516, 311.516, 311.516, 311.516, 311.516, 311.516, 311.516, 311.516, 311.516, 311.516, 311.516, 311.516, 311.516, 311.516, 311.516, 311.516, 311.516, 311.516, 311.516, 311.516, 311.516, 311.516, 311.516, 311.516, 311.516, 311.516, 311.516, 311.516, 311.516, 311.516, 311.516, 311.516, 311.516, 311.516, 311.516, 311.517, 311.517, 311.517, 311.518, 311.519, 300, 
311.541, 311.541, 311.541, 311.541, 311.541, 311.541, 311.541, 311.541, 311.541, 311.541, 311.541, 311.541, 311.541, 311.541, 311.541, 311.541, 311.541, 311.541, 311.541, 311.541, 311.541, 311.541, 311.541, 311.541, 311.541, 311.541, 311.541, 311.541, 311.541, 311.541, 311.541, 311.541, 311.541, 311.541, 311.541, 311.541, 311.541, 311.541, 311.541, 311.541, 311.541, 311.541, 311.541, 311.541, 311.541, 311.541, 311.541, 311.541, 311.541, 311.541, 311.541, 311.541, 311.541, 311.541, 311.541, 311.541, 311.541, 311.541, 311.541, 311.541, 311.541, 311.541, 311.541, 311.541, 311.541, 311.541, 311.541, 311.541, 311.541, 311.541, 311.541, 311.541, 311.541, 311.541, 311.541, 311.541, 311.541, 311.541, 311.541, 311.541, 311.541, 311.541, 311.541, 311.541, 311.541, 311.541, 311.541, 311.541, 311.541, 311.542, 311.542, 311.542, 311.542, 311.542, 311.542, 311.542, 311.543, 311.543, 311.544, 300, 
311.567, 311.567, 311.567, 311.567, 311.567, 311.567, 311.567, 311.567, 311.567, 311.567, 311.567, 311.567, 311.567, 311.567, 311.567, 311.567, 311.567, 311.567, 311.567, 311.567, 311.567, 311.567, 311.567, 311.567, 311.567, 311.567, 311.567, 311.567, 311.567, 311.567, 311.567, 311.567, 311.567, 311.567, 311.567, 311.567, 311.567, 311.567, 311.567, 311.567, 311.567, 311.567, 311.567, 311.567, 311.567, 311.567, 311.567, 311.567, 311.567, 311.567, 311.567, 311.567, 311.567, 311.567, 311.567, 311.567, 311.567, 311.567, 311.567, 311.567, 311.567, 311.567, 311.567, 311.567, 311.567, 311.567, 311.567, 311.567, 311.567, 311.567, 311.567, 311.567, 311.567, 311.567, 311.567, 311.567, 311.567, 311.567, 311.567, 311.567, 311.567, 311.567, 311.567, 311.567, 311.567, 311.567, 311.567, 311.567, 311.567, 311.567, 311.567, 311.567, 311.567, 311.567, 311.568, 311.568, 311.568, 311.569, 311.57, 300, 
311.592, 311.592, 311.592, 311.592, 311.592, 311.592, 311.592, 311.592, 311.592, 311.592, 311.592, 311.592, 311.592, 311.592, 311.592, 311.592, 311.592, 311.592, 311.592, 311.592, 311.592, 311.592, 311.592, 311.592, 311.592, 311.592, 311.592, 311.592, 311.592, 311.592, 311.592, 311.592, 311.592, 311.592, 311.592, 311.592, 311.592, 311.592, 311.592, 311.592, 311.592, 311.592, 311.592, 311.592, 311.592, 311.592, 311.592, 311.592, 311.592, 311.592, 311.592, 311.592, 311.592, 311.592, 311.592, 311.592, 311.592, 311.592, 311.592, 311.592, 311.592, 311.592, 311.592, 311.592, 311.592, 311.592, 311.592, 311.592, 311.592, 311.592, 311.592, 311.592, 311.592, 311.592, 311.592, 311.592, 311.592, 311.592, 311.592, 311.592, 311.592, 311.592, 311.592, 311.592, 311.592, 311.592, 311.592, 311.592, 311.592, 311.593, 311.593, 311.593, 311.593, 311.593, 311.593, 311.593, 311.594, 311.594, 311.595, 300, 
311.618, 311.618, 311.618, 311.618, 311.618, 311.618, 311.618, 311.618, 311.618, 311.618, 311.618, 311.618, 311.618, 311.618, 311.618, 311.618, 311.618, 311.618, 311.618, 311.618, 311.618, 311.618, 311.618, 311.618, 311.618, 311.618, 311.618, 311.618, 311.618, 311.618, 311.618, 311.618, 311.618, 311.618, 311.618, 311.618, 311.618, 311.618, 311.618, 311.618, 311.618, 311.618, 311.618, 311.618, 311.618, 311.618, 311.618, 311.618, 311.618, 311.618, 311.618, 311.618, 311.618, 311.618, 311.618, 311.618, 311.618, 311.618, 311.618, 311.618, 311.618, 311.618, 311.618, 311.618, 311.618, 311.618, 311.618, 311.618, 311.618, 311.618, 311.618, 311.618, 311.618, 311.618, 311.618, 311.618, 311.618, 311.618, 311.618, 311.618, 311.618, 311.618, 311.618, 311.618, 311.618, 311.618, 311.618, 311.618, 311.618, 311.618, 311.618, 311.618, 311.618, 311.618, 311.619, 311.619, 311.619, 311.62, 311.62, 300, 
311.643, 311.643, 311.643, 311.643, 311.643, 311.643, 311.643, 311.643, 311.643, 311.643, 311.643, 311.643, 311.643, 311.643, 311.643, 311.643, 311.643, 311.643, 311.643, 311.643, 311.643, 311.643, 311.643, 311.643, 311.643, 311.643, 311.643, 311.643, 311.643, 311.643, 311.643, 311.643, 311.643, 311.643, 311.643, 311.643, 311.643, 311.643, 311.643, 311.643, 311.643, 311.643, 311.643, 311.643, 311.643, 311.643, 311.643, 311.643, 311.643, 311.643, 311.643, 311.643, 311.643, 311.643, 311.643, 311.643, 311.643, 311.643, 311.643, 311.643, 311.643, 311.643, 311.643, 311.643, 311.643, 311.643, 311.643, 311.643, 311.643, 311.643, 311.643, 311.643, 311.643, 311.643, 311.643, 311.643, 311.643, 311.643, 311.643, 311.643, 311.643, 311.643, 311.643, 311.643, 311.643, 311.643, 311.643, 311.643, 311.643, 311.643, 311.644, 311.644, 311.644, 311.644, 311.644, 311.644, 311.645, 311.645, 311.646, 300, 
311.669, 311.669, 311.669, 311.669, 311.669, 311.669, 311.669, 311.669, 311.669, 311.669, 311.669, 311.669, 311.669, 311.669, 311.669, 311.669, 311.669, 311.669, 311.669, 311.669, 311.669, 311.669, 311.669, 311.669, 311.669, 311.669, 311.669, 311.669, 311.669, 311.669, 311.669, 311.669, 311.669, 311.669, 311.669, 311.669, 311.669, 311.669, 311.669, 311.669, 311.669, 311.669, 311.669, 311.669, 311.669, 311.669, 311.669, 311.669, 311.669, 311.669, 311.669, 311.669, 311.669, 311.669, 311.669, 311.669, 311.669, 311.669, 311.669, 311.669, 311.669, 311.669, 311.669, 311.669, 311.669, 311.669, 311.669, 311.669, 311.669, 311.669, 311.669, 311.669, 311.669, 311.669, 311.669, 311.669, 311.669, 311.669, 311.669, 311.669, 311.669, 311.669, 311.669, 311.669, 311.669, 311.669, 311.669, 311.669, 311.669, 311.669, 311.669, 311.669, 311.669, 311.669, 311.669, 311.67, 311.67, 311.671, 311.671, 300, 
311.694, 311.694, 311.694, 311.694, 311.694, 311.694, 311.694, 311.694, 311.694, 311.694, 311.694, 311.694, 311.694, 311.694, 311.694, 311.694, 311.694, 311.694, 311.694, 311.694, 311.694, 311.694, 311.694, 311.694, 311.694, 311.694, 311.694, 311.694, 311.694, 311.694, 311.694, 311.694, 311.694, 311.694, 311.694, 311.694, 311.694, 311.694, 311.694, 311.694, 311.694, 311.694, 311.694, 311.694, 311.694, 311.694, 311.694, 311.694, 311.694, 311.694, 311.694, 311.694, 311.694, 311.694, 311.694, 311.694, 311.694, 311.694, 311.694, 311.694, 311.694, 311.694, 311.694, 311.694, 311.694, 311.694, 311.694, 311.694, 311.694, 311.694, 311.694, 311.694, 311.694, 311.694, 311.694, 311.694, 311.694, 311.694, 311.694, 311.694, 311.694, 311.694, 311.694, 311.694, 311.694, 311.694, 311.694, 311.694, 311.694, 311.694, 311.694, 311.695, 311.695, 311.695, 311.695, 311.695, 311.696, 311.696, 311.697, 300, 
311.72, 311.72, 311.72, 311.72, 311.72, 311.72, 311.72, 311.72, 311.72, 311.72, 311.72, 311.72, 311.72, 311.72, 311.72, 311.72, 311.72, 311.72, 311.72, 311.72, 311.72, 311.72, 311.72, 311.72, 311.72, 311.72, 311.72, 311.72, 311.72, 311.72, 311.72, 311.72, 311.72, 311.72, 311.72, 311.72, 311.72, 311.72, 311.72, 311.72, 311.72, 311.72, 311.72, 311.72, 311.72, 311.72, 311.72, 311.72, 311.72, 311.72, 311.72, 311.72, 311.72, 311.72, 311.72, 311.72, 311.72, 311.72, 311.72, 311.72, 311.72, 311.72, 311.72, 311.72, 311.72, 311.72, 311.72, 311.72, 311.72, 311.72, 311.72, 311.72, 311.72, 311.72, 311.72, 311.72, 311.72, 311.72, 311.72, 311.72, 311.72, 311.72, 311.72, 311.72, 311.72, 311.72, 311.72, 311.72, 311.72, 311.72, 311.72, 311.72, 311.72, 311.72, 311.72, 311.721, 311.721, 311.722, 311.722, 300, 
311.745, 311.745, 311.745, 311.745, 311.745, 311.745, 311.745, 311.745, 311.745, 311.745, 311.745, 311.745, 311.745, 311.745, 311.745, 311.745, 311.745, 311.745, 311.745, 311.745, 311.745, 311.745, 311.745, 311.745, 311.745, 311.745, 311.745, 311.745, 311.745, 311.745, 311.745, 311.745, 311.745, 311.745, 311.745, 311.745, 311.745, 311.745, 311.745, 311.745, 311.745, 311.745, 311.745, 311.745, 311.745, 311.745, 311.745, 311.745, 311.745, 311.745, 311.745, 311.745, 311.745, 311.745, 311.745, 311.745, 311.745, 311.745, 311.745, 311.745, 311.745, 311.745, 311.745, 311.745, 311.745, 311.745, 311.745, 311.745, 311.745, 311.745, 311.745, 311.745, 311.745, 311.745, 311.745, 311.745, 311.745, 311.745, 311.745, 311.745, 311.745, 311.745, 311.745, 311.745, 311.745, 311.745, 311.745, 311.745, 311.745, 311.745, 311.745, 311.746, 311.746, 311.746, 311.746, 311.746, 311.746, 311.747, 311.748, 300, 
311.771, 311.771, 311.771, 311.771, 311.771, 311.771, 311.771, 311.771, 311.771, 311.771, 311.771, 311.771, 311.771, 311.771, 311.771, 311.771, 311.771, 311.771, 311.771, 311.771, 311.771, 311.771, 311.771, 311.771, 311.771, 311.771, 311.771, 311.771, 311.771, 311.771, 311.771, 311.771, 311.771, 311.771, 311.771, 311.771, 311.771, 311.771, 311.771, 311.771, 311.771, 311.771, 311.771, 311.771, 311.771, 311.771, 311.771, 311.771, 311.771, 311.771, 311.771, 311.771, 311.771, 311.771, 311.771, 311.771, 311.771, 311.771, 311.771, 311.771, 311.771, 311.771, 311.771, 311.771, 311.771, 311.771, 311.771, 311.771, 311.771, 311.771, 311.771, 311.771, 311.771, 311.771, 311.771, 311.771, 311.771, 311.771, 311.771, 311.771, 311.771, 311.771, 311.771, 311.771, 311.771, 311.771, 311.771, 311.771, 311.771, 311.771, 311.771, 311.771, 311.771, 311.771, 311.771, 311.772, 311.772, 311.772, 311.773, 300, 
311.796, 311.796, 311.796, 311.796, 311.796, 311.796, 311.796, 311.796, 311.796, 311.796, 311.796, 311.796, 311.796, 311.796, 311.796, 311.796, 311.796, 311.796, 311.796, 311.796, 311.796, 311.796, 311.796, 311.796, 311.796, 311.796, 311.796, 311.796, 311.796, 311.796, 311.796, 311.796, 311.796, 311.796, 311.796, 311.796, 311.796, 311.796, 311.796, 311.796, 311.796, 311.796, 311.796, 311.796, 311.796, 311.796, 311.796, 311.796, 311.796, 311.796, 311.796, 311.796, 311.796, 311.796, 311.796, 311.796, 311.796, 311.796, 311.796, 311.796, 311.796, 311.796, 311.796, 311.796, 311.796, 311.796, 311.796, 311.796, 311.796, 311.796, 311.796, 311.796, 311.796, 311.796, 311.796, 311.796, 311.796, 311.796, 311.796, 311.796, 311.796, 311.796, 311.796, 311.796, 311.796, 311.796, 311.796, 311.796, 311.796, 311.796, 311.796, 311.796, 311.797, 311.797, 311.797, 311.797, 311.797, 311.798, 311.799, 300, 
311.822, 311.822, 311.822, 311.822, 311.822, 311.822, 311.822, 311.822, 311.822, 311.822, 311.822, 311.822, 311.822, 311.822, 311.822, 311.822, 311.822, 311.822, 311.822, 311.822, 311.822, 311.822, 311.822, 311.822, 311.822, 311.822, 311.822, 311.822, 311.822, 311.822, 311.822, 311.822, 311.822, 311.822, 311.822, 311.822, 311.822, 311.822, 311.822, 311.822, 311.822, 311.822, 311.822, 311.822, 311.822, 311.822, 311.822, 311.822, 311.822, 311.822, 311.822, 311.822, 311.822, 311.822, 311.822, 311.822, 311.822, 311.822, 311.822, 311.822, 311.822, 311.822, 311.822, 311.822, 311.822, 311.822, 311.822, 311.822, 311.822, 311.822, 311.822, 311.822, 311.822, 311.822, 311.822, 311.821, 311.821, 311.821, 311.821, 311.822, 311.822, 311.822, 311.822, 311.822, 311.822, 311.822, 311.822, 311.822, 311.822, 311.822, 311.822, 311.822, 311.822, 311.822, 311.822, 311.823, 311.823, 311.823, 311.824, 300, 
311.847, 311.847, 311.847, 311.847, 311.847, 311.847, 311.847, 311.847, 311.847, 311.847, 311.847, 311.847, 311.847, 311.847, 311.847, 311.847, 311.847, 311.847, 311.847, 311.847, 311.847, 311.847, 311.847, 311.847, 311.847, 311.847, 311.847, 311.847, 311.847, 311.847, 311.847, 311.847, 311.847, 311.847, 311.847, 311.847, 311.847, 311.847, 311.847, 311.847, 311.847, 311.847, 311.847, 311.847, 311.847, 311.847, 311.847, 311.847, 311.847, 311.847, 311.847, 311.847, 311.847, 311.847, 311.847, 311.847, 311.847, 311.847, 311.847, 311.847, 311.847, 311.847, 311.847, 311.847, 311.847, 311.847, 311.847, 311.847, 311.847, 311.847, 311.847, 311.847, 311.847, 311.847, 311.847, 311.847, 311.847, 311.847, 311.847, 311.847, 311.847, 311.847, 311.847, 311.847, 311.847, 311.847, 311.847, 311.847, 311.847, 311.847, 311.847, 311.847, 311.848, 311.848, 311.848, 311.848, 311.848, 311.849, 311.85, 300, 
311.873, 311.873, 311.873, 311.873, 311.873, 311.873, 311.873, 311.873, 311.873, 311.873, 311.873, 311.873, 311.873, 311.873, 311.873, 311.873, 311.873, 311.873, 311.873, 311.873, 311.873, 311.873, 311.873, 311.873, 311.873, 311.873, 311.873, 311.873, 311.873, 311.873, 311.873, 311.873, 311.873, 311.873, 311.873, 311.873, 311.873, 311.873, 311.873, 311.873, 311.873, 311.873, 311.873, 311.873, 311.873, 311.873, 311.873, 311.873, 311.873, 311.873, 311.873, 311.873, 311.873, 311.873, 311.873, 311.873, 311.873, 311.873, 311.873, 311.873, 311.873, 311.873, 311.873, 311.873, 311.873, 311.873, 311.873, 311.873, 311.873, 311.873, 311.872, 311.872, 311.872, 311.872, 311.872, 311.872, 311.872, 311.872, 311.872, 311.872, 311.872, 311.872, 311.872, 311.873, 311.873, 311.873, 311.873, 311.873, 311.873, 311.873, 311.873, 311.873, 311.873, 311.873, 311.873, 311.873, 311.874, 311.874, 311.875, 300, 
311.898, 311.898, 311.898, 311.898, 311.898, 311.898, 311.898, 311.898, 311.898, 311.898, 311.898, 311.898, 311.898, 311.898, 311.898, 311.898, 311.898, 311.898, 311.898, 311.898, 311.898, 311.898, 311.898, 311.898, 311.898, 311.898, 311.898, 311.898, 311.898, 311.898, 311.898, 311.898, 311.898, 311.898, 311.898, 311.898, 311.898, 311.898, 311.898, 311.898, 311.898, 311.898, 311.898, 311.898, 311.898, 311.898, 311.898, 311.898, 311.898, 311.898, 311.898, 311.898, 311.898, 311.898, 311.898, 311.898, 311.898, 311.898, 311.898, 311.898, 311.898, 311.898, 311.898, 311.898, 311.898, 311.898, 311.898, 311.898, 311.898, 311.898, 311.898, 311.898, 311.898, 311.898, 311.898, 311.898, 311.898, 311.898, 311.898, 311.898, 311.898, 311.898, 311.898, 311.898, 311.898, 311.898, 311.898, 311.898, 311.898, 311.898, 311.898, 311.898, 311.898, 311.899, 311.899, 311.899, 311.899, 311.9, 311.9, 300, 
311.924, 311.924, 311.924, 311.924, 311.924, 311.924, 311.924, 311.924, 311.924, 311.924, 311.924, 311.924, 311.924, 311.924, 311.924, 311.924, 311.924, 311.924, 311.924, 311.924, 311.924, 311.924, 311.924, 311.924, 311.924, 311.924, 311.924, 311.924, 311.924, 311.924, 311.924, 311.924, 311.924, 311.924, 311.924, 311.924, 311.924, 311.924, 311.924, 311.924, 311.924, 311.924, 311.924, 311.924, 311.924, 311.924, 311.924, 311.924, 311.924, 311.924, 311.924, 311.924, 311.924, 311.924, 311.924, 311.924, 311.924, 311.924, 311.924, 311.924, 311.924, 311.924, 311.924, 311.924, 311.924, 311.924, 311.924, 311.923, 311.923, 311.923, 311.923, 311.923, 311.923, 311.923, 311.923, 311.923, 311.923, 311.923, 311.923, 311.923, 311.923, 311.923, 311.923, 311.923, 311.923, 311.924, 311.924, 311.924, 311.924, 311.924, 311.924, 311.924, 311.924, 311.924, 311.924, 311.924, 311.925, 311.925, 311.926, 300, 
311.949, 311.949, 311.949, 311.949, 311.949, 311.949, 311.949, 311.949, 311.949, 311.949, 311.949, 311.949, 311.949, 311.949, 311.949, 311.949, 311.949, 311.949, 311.949, 311.949, 311.949, 311.949, 311.949, 311.949, 311.949, 311.949, 311.949, 311.949, 311.949, 311.949, 311.949, 311.949, 311.949, 311.949, 311.949, 311.949, 311.949, 311.949, 311.949, 311.949, 311.949, 311.949, 311.949, 311.949, 311.949, 311.949, 311.949, 311.949, 311.949, 311.949, 311.949, 311.949, 311.949, 311.949, 311.949, 311.949, 311.949, 311.949, 311.949, 311.949, 311.949, 311.949, 311.949, 311.949, 311.949, 311.949, 311.949, 311.949, 311.949, 311.949, 311.949, 311.949, 311.949, 311.949, 311.949, 311.949, 311.949, 311.949, 311.949, 311.949, 311.949, 311.949, 311.949, 311.949, 311.949, 311.949, 311.949, 311.949, 311.949, 311.949, 311.949, 311.949, 311.949, 311.95, 311.95, 311.95, 311.95, 311.951, 311.951, 300, 
311.975, 311.975, 311.975, 311.975, 311.975, 311.975, 311.975, 311.975, 311.975, 311.975, 311.975, 311.975, 311.975, 311.975, 311.975, 311.975, 311.974, 311.974, 311.974, 311.974, 311.974, 311.974, 311.974, 311.974, 311.974, 311.974, 311.974, 311.974, 311.974, 311.974, 311.974, 311.974, 311.974, 311.974, 311.974, 311.975, 311.975, 311.975, 311.975, 311.975, 311.975, 311.975, 311.975, 311.975, 311.975, 311.975, 311.975, 311.975, 311.975, 311.975, 311.975, 311.975, 311.975, 311.975, 311.975, 311.975, 311.975, 311.975, 311.975, 311.975, 311.975, 311.975, 311.975, 311.975, 311.974, 311.974, 311.974, 311.974, 311.974, 311.974, 311.974, 311.974, 311.974, 311.974, 311.974, 311.974, 311.974, 311.974, 311.974, 311.974, 311.974, 311.974, 311.974, 311.974, 311.974, 311.974, 311.975, 311.975, 311.975, 311.975, 311.975, 311.975, 311.975, 311.975, 311.975, 311.975, 311.976, 311.976, 311.977, 300, 
312, 312, 312, 312, 312, 312, 312, 312, 312, 312, 312, 312, 312, 312, 312, 312, 312, 312, 312, 312, 312, 312, 312, 312, 312, 312, 312, 312, 312, 312, 312, 312, 312, 312, 312, 312, 312, 312, 312, 312, 312, 312, 312, 312, 312, 312, 312, 312, 312, 312, 312, 312, 312, 312, 312, 312, 312, 312, 312, 312, 312, 312, 312, 312, 312, 312, 312, 312, 312, 312, 312, 312, 312, 312, 312, 312, 312, 312, 312, 312, 312, 312, 312, 312, 312, 312, 312, 312, 312, 312, 312, 312, 312, 312, 312.001, 312.001, 312.001, 312.002, 312.002, 300, 
312.026, 312.026, 312.026, 312.026, 312.026, 312.026, 312.026, 312.026, 312.026, 312.026, 312.025, 312.025, 312.025, 312.025, 312.025, 312.025, 312.025, 312.025, 312.025, 312.025, 312.025, 312.025, 312.025, 312.025, 312.025, 312.025, 312.025, 312.025, 312.025, 312.025, 312.025, 312.025, 312.025, 312.025, 312.025, 312.025, 312.025, 312.025, 312.025, 312.025, 312.026, 312.026, 312.026, 312.026, 312.026, 312.026, 312.026, 312.026, 312.026, 312.026, 312.026, 312.026, 312.026, 312.026, 312.026, 312.026, 312.026, 312.026, 312.026, 312.026, 312.025, 312.025, 312.025, 312.025, 312.025, 312.025, 312.025, 312.025, 312.025, 312.025, 312.025, 312.025, 312.025, 312.025, 312.025, 312.025, 312.025, 312.025, 312.025, 312.025, 312.025, 312.025, 312.025, 312.025, 312.025, 312.025, 312.025, 312.026, 312.026, 312.026, 312.026, 312.026, 312.026, 312.026, 312.026, 312.026, 312.027, 312.027, 312.028, 300, 
312.051, 312.051, 312.051, 312.051, 312.051, 312.051, 312.051, 312.051, 312.051, 312.051, 312.051, 312.051, 312.051, 312.051, 312.051, 312.051, 312.051, 312.051, 312.051, 312.051, 312.051, 312.051, 312.051, 312.051, 312.051, 312.051, 312.051, 312.051, 312.051, 312.051, 312.051, 312.051, 312.051, 312.051, 312.051, 312.051, 312.051, 312.051, 312.051, 312.051, 312.051, 312.051, 312.051, 312.051, 312.051, 312.051, 312.051, 312.051, 312.051, 312.051, 312.051, 312.051, 312.051, 312.051, 312.051, 312.051, 312.051, 312.051, 312.051, 312.051, 312.051, 312.051, 312.051, 312.051, 312.051, 312.051, 312.051, 312.051, 312.051, 312.051, 312.051, 312.051, 312.051, 312.051, 312.051, 312.051, 312.051, 312.051, 312.051, 312.051, 312.051, 312.051, 312.051, 312.051, 312.051, 312.051, 312.051, 312.051, 312.051, 312.051, 312.051, 312.051, 312.051, 312.051, 312.052, 312.052, 312.052, 312.053, 312.053, 300, 
312.076, 312.076, 312.076, 312.076, 312.076, 312.076, 312.076, 312.076, 312.076, 312.076, 312.076, 312.076, 312.076, 312.076, 312.076, 312.076, 312.076, 312.076, 312.076, 312.076, 312.076, 312.076, 312.076, 312.076, 312.076, 312.076, 312.076, 312.076, 312.076, 312.076, 312.076, 312.076, 312.076, 312.076, 312.076, 312.076, 312.076, 312.076, 312.076, 312.076, 312.076, 312.076, 312.076, 312.076, 312.076, 312.076, 312.077, 312.077, 312.077, 312.077, 312.077, 312.077, 312.077, 312.077, 312.077, 312.076, 312.076, 312.076, 312.076, 312.076, 312.076, 312.076, 312.076, 312.076, 312.076, 312.076, 312.076, 312.076, 312.076, 312.076, 312.076, 312.076, 312.076, 312.076, 312.076, 312.076, 312.076, 312.076, 312.076, 312.076, 312.076, 312.076, 312.076, 312.076, 312.076, 312.076, 312.076, 312.076, 312.077, 312.077, 312.077, 312.077, 312.077, 312.077, 312.077, 312.077, 312.078, 312.078, 312.079, 300, 
312.102, 312.102, 312.102, 312.102, 312.102, 312.102, 312.102, 312.102, 312.102, 312.102, 312.102, 312.102, 312.102, 312.102, 312.102, 312.102, 312.102, 312.102, 312.102, 312.102, 312.102, 312.102, 312.102, 312.102, 312.102, 312.102, 312.102, 312.102, 312.102, 312.102, 312.102, 312.102, 312.102, 312.102, 312.102, 312.102, 312.102, 312.102, 312.102, 312.102, 312.102, 312.102, 312.102, 312.102, 312.102, 312.102, 312.102, 312.102, 312.102, 312.102, 312.102, 312.102, 312.102, 312.102, 312.102, 312.102, 312.102, 312.102, 312.102, 312.102, 312.102, 312.102, 312.102, 312.102, 312.102, 312.102, 312.102, 312.102, 312.102, 312.102, 312.102, 312.102, 312.102, 312.102, 312.102, 312.102, 312.102, 312.102, 312.102, 312.102, 312.102, 312.102, 312.102, 312.102, 312.102, 312.102, 312.102, 312.102, 312.102, 312.102, 312.102, 312.102, 312.102, 312.102, 312.103, 312.103, 312.103, 312.104, 312.104, 300, 
312.127, 312.127, 312.127, 312.127, 312.127, 312.127, 312.127, 312.127, 312.127, 312.127, 312.127, 312.127, 312.127, 312.127, 312.127, 312.127, 312.127, 312.127, 312.127, 312.127, 312.127, 312.127, 312.127, 312.127, 312.127, 312.127, 312.127, 312.127, 312.127, 312.127, 312.127, 312.127, 312.127, 312.127, 312.127, 312.127, 312.127, 312.127, 312.127, 312.127, 312.127, 312.127, 312.127, 312.127, 312.127, 312.127, 312.127, 312.127, 312.127, 312.127, 312.127, 312.127, 312.127, 312.127, 312.127, 312.127, 312.127, 312.127, 312.127, 312.127, 312.127, 312.127, 312.127, 312.127, 312.127, 312.127, 312.127, 312.127, 312.127, 312.127, 312.127, 312.127, 312.127, 312.127, 312.127, 312.127, 312.127, 312.127, 312.127, 312.127, 312.127, 312.127, 312.127, 312.127, 312.127, 312.127, 312.127, 312.127, 312.127, 312.128, 312.128, 312.128, 312.128, 312.128, 312.128, 312.128, 312.128, 312.129, 312.13, 300, 
312.153, 312.153, 312.153, 312.153, 312.153, 312.153, 312.153, 312.153, 312.153, 312.153, 312.153, 312.153, 312.153, 312.153, 312.153, 312.153, 312.153, 312.153, 312.153, 312.153, 312.153, 312.153, 312.153, 312.153, 312.153, 312.153, 312.153, 312.153, 312.153, 312.153, 312.153, 312.153, 312.153, 312.153, 312.153, 312.153, 312.153, 312.153, 312.153, 312.153, 312.153, 312.153, 312.153, 312.153, 312.153, 312.153, 312.153, 312.153, 312.153, 312.153, 312.153, 312.153, 312.153, 312.153, 312.153, 312.153, 312.153, 312.153, 312.153, 312.153, 312.153, 312.153, 312.153, 312.153, 312.153, 312.153, 312.153, 312.153, 312.153, 312.153, 312.153, 312.153, 312.153, 312.153, 312.153, 312.153, 312.153, 312.153, 312.153, 312.153, 312.153, 312.153, 312.153, 312.153, 312.153, 312.153, 312.153, 312.153, 312.153, 312.153, 312.153, 312.153, 312.153, 312.153, 312.153, 312.154, 312.154, 312.154, 312.155, 300, 
312.178, 312.178, 312.178, 312.178, 312.178, 312.178, 312.178, 312.178, 312.178, 312.178, 312.178, 312.178, 312.178, 312.178, 312.178, 312.178, 312.178, 312.178, 312.178, 312.178, 312.178, 312.178, 312.178, 312.178, 312.178, 312.178, 312.178, 312.178, 312.178, 312.178, 312.178, 312.178, 312.178, 312.178, 312.178, 312.178, 312.178, 312.178, 312.178, 312.178, 312.178, 312.178, 312.178, 312.178, 312.178, 312.178, 312.178, 312.178, 312.178, 312.178, 312.178, 312.178, 312.178, 312.178, 312.178, 312.178, 312.178, 312.178, 312.178, 312.178, 312.178, 312.178, 312.178, 312.178, 312.178, 312.178, 312.178, 312.178, 312.178, 312.178, 312.178, 312.178, 312.178, 312.178, 312.178, 312.178, 312.178, 312.178, 312.178, 312.178, 312.178, 312.178, 312.178, 312.178, 312.178, 312.178, 312.178, 312.178, 312.178, 312.178, 312.179, 312.179, 312.179, 312.179, 312.179, 312.179, 312.179, 312.18, 312.181, 300, 
312.204, 312.204, 312.204, 312.204, 312.204, 312.204, 312.204, 312.204, 312.204, 312.204, 312.204, 312.204, 312.204, 312.204, 312.204, 312.204, 312.204, 312.204, 312.204, 312.204, 312.204, 312.204, 312.204, 312.204, 312.204, 312.204, 312.204, 312.204, 312.204, 312.204, 312.204, 312.204, 312.204, 312.204, 312.204, 312.204, 312.204, 312.204, 312.204, 312.204, 312.204, 312.204, 312.204, 312.204, 312.204, 312.204, 312.204, 312.204, 312.204, 312.204, 312.204, 312.204, 312.204, 312.204, 312.204, 312.204, 312.204, 312.204, 312.204, 312.204, 312.204, 312.204, 312.204, 312.204, 312.204, 312.204, 312.204, 312.204, 312.204, 312.204, 312.204, 312.204, 312.204, 312.204, 312.204, 312.204, 312.204, 312.204, 312.204, 312.204, 312.204, 312.204, 312.204, 312.204, 312.204, 312.204, 312.204, 312.204, 312.204, 312.204, 312.204, 312.204, 312.204, 312.204, 312.204, 312.205, 312.205, 312.205, 312.206, 300, 
312.229, 312.229, 312.229, 312.229, 312.229, 312.229, 312.229, 312.229, 312.229, 312.229, 312.229, 312.229, 312.229, 312.229, 312.229, 312.229, 312.229, 312.229, 312.229, 312.229, 312.229, 312.229, 312.229, 312.229, 312.229, 312.229, 312.229, 312.229, 312.229, 312.229, 312.229, 312.229, 312.229, 312.229, 312.229, 312.229, 312.229, 312.229, 312.229, 312.229, 312.229, 312.229, 312.229, 312.229, 312.229, 312.229, 312.229, 312.229, 312.229, 312.229, 312.229, 312.229, 312.229, 312.229, 312.229, 312.229, 312.229, 312.229, 312.229, 312.229, 312.229, 312.229, 312.229, 312.229, 312.229, 312.229, 312.229, 312.229, 312.229, 312.229, 312.229, 312.229, 312.229, 312.229, 312.229, 312.229, 312.229, 312.229, 312.229, 312.229, 312.229, 312.229, 312.229, 312.229, 312.229, 312.229, 312.229, 312.229, 312.229, 312.229, 312.229, 312.23, 312.23, 312.23, 312.23, 312.23, 312.23, 312.231, 312.231, 300, 
312.255, 312.255, 312.255, 312.255, 312.255, 312.255, 312.255, 312.255, 312.255, 312.255, 312.255, 312.255, 312.255, 312.255, 312.255, 312.255, 312.255, 312.255, 312.255, 312.255, 312.255, 312.255, 312.255, 312.255, 312.255, 312.255, 312.255, 312.255, 312.255, 312.255, 312.255, 312.255, 312.255, 312.255, 312.255, 312.255, 312.255, 312.255, 312.255, 312.255, 312.255, 312.255, 312.255, 312.255, 312.255, 312.255, 312.255, 312.255, 312.255, 312.255, 312.255, 312.255, 312.255, 312.255, 312.255, 312.255, 312.255, 312.255, 312.255, 312.255, 312.255, 312.255, 312.255, 312.255, 312.255, 312.255, 312.255, 312.255, 312.255, 312.255, 312.255, 312.255, 312.255, 312.255, 312.255, 312.255, 312.255, 312.255, 312.255, 312.255, 312.255, 312.255, 312.255, 312.255, 312.255, 312.255, 312.255, 312.255, 312.255, 312.255, 312.255, 312.255, 312.255, 312.255, 312.255, 312.256, 312.256, 312.256, 312.257, 300, 
312.28, 312.28, 312.28, 312.28, 312.28, 312.28, 312.28, 312.28, 312.28, 312.28, 312.28, 312.28, 312.28, 312.28, 312.28, 312.28, 312.28, 312.28, 312.28, 312.28, 312.28, 312.28, 312.28, 312.28, 312.28, 312.28, 312.28, 312.28, 312.28, 312.28, 312.28, 312.28, 312.28, 312.28, 312.28, 312.28, 312.28, 312.28, 312.28, 312.28, 312.28, 312.28, 312.28, 312.28, 312.28, 312.28, 312.28, 312.28, 312.28, 312.28, 312.28, 312.28, 312.28, 312.28, 312.28, 312.28, 312.28, 312.28, 312.28, 312.28, 312.28, 312.28, 312.28, 312.28, 312.28, 312.28, 312.28, 312.28, 312.28, 312.28, 312.28, 312.28, 312.28, 312.28, 312.28, 312.28, 312.28, 312.28, 312.28, 312.28, 312.28, 312.28, 312.28, 312.28, 312.28, 312.28, 312.28, 312.28, 312.28, 312.28, 312.28, 312.281, 312.281, 312.281, 312.281, 312.281, 312.281, 312.282, 312.282, 300, 
312.306, 312.306, 312.306, 312.306, 312.306, 312.306, 312.306, 312.306, 312.306, 312.306, 312.306, 312.306, 312.306, 312.306, 312.306, 312.306, 312.306, 312.306, 312.306, 312.306, 312.306, 312.306, 312.306, 312.306, 312.306, 312.306, 312.306, 312.306, 312.306, 312.306, 312.306, 312.306, 312.306, 312.306, 312.306, 312.306, 312.306, 312.306, 312.306, 312.306, 312.306, 312.306, 312.306, 312.306, 312.306, 312.306, 312.306, 312.306, 312.306, 312.306, 312.306, 312.306, 312.306, 312.306, 312.306, 312.306, 312.306, 312.306, 312.306, 312.306, 312.306, 312.306, 312.306, 312.306, 312.306, 312.306, 312.306, 312.306, 312.306, 312.306, 312.306, 312.306, 312.306, 312.306, 312.306, 312.306, 312.306, 312.306, 312.306, 312.306, 312.306, 312.306, 312.306, 312.306, 312.306, 312.306, 312.306, 312.306, 312.306, 312.306, 312.306, 312.306, 312.306, 312.306, 312.306, 312.306, 312.307, 312.307, 312.308, 300, 
312.331, 312.331, 312.331, 312.331, 312.331, 312.331, 312.331, 312.331, 312.331, 312.331, 312.331, 312.331, 312.331, 312.331, 312.331, 312.331, 312.331, 312.331, 312.331, 312.331, 312.331, 312.331, 312.331, 312.331, 312.331, 312.331, 312.331, 312.331, 312.331, 312.331, 312.331, 312.331, 312.331, 312.331, 312.331, 312.331, 312.331, 312.331, 312.331, 312.331, 312.331, 312.331, 312.331, 312.331, 312.331, 312.331, 312.331, 312.331, 312.331, 312.331, 312.331, 312.331, 312.331, 312.331, 312.331, 312.331, 312.331, 312.331, 312.331, 312.331, 312.331, 312.331, 312.331, 312.331, 312.331, 312.331, 312.331, 312.331, 312.331, 312.331, 312.331, 312.331, 312.331, 312.331, 312.331, 312.331, 312.331, 312.331, 312.331, 312.331, 312.331, 312.331, 312.331, 312.331, 312.331, 312.331, 312.331, 312.331, 312.331, 312.331, 312.331, 312.331, 312.332, 312.332, 312.332, 312.332, 312.332, 312.333, 312.333, 300, 
312.357, 312.357, 312.357, 312.357, 312.357, 312.357, 312.357, 312.357, 312.357, 312.357, 312.357, 312.357, 312.357, 312.357, 312.357, 312.357, 312.357, 312.357, 312.357, 312.357, 312.357, 312.357, 312.357, 312.357, 312.357, 312.357, 312.357, 312.357, 312.357, 312.357, 312.357, 312.357, 312.357, 312.357, 312.357, 312.357, 312.357, 312.357, 312.357, 312.357, 312.357, 312.357, 312.357, 312.357, 312.357, 312.357, 312.357, 312.357, 312.357, 312.357, 312.357, 312.357, 312.357, 312.357, 312.357, 312.357, 312.357, 312.357, 312.357, 312.357, 312.357, 312.357, 312.357, 312.357, 312.357, 312.357, 312.357, 312.357, 312.357, 312.357, 312.357, 312.357, 312.357, 312.357, 312.357, 312.357, 312.357, 312.357, 312.357, 312.357, 312.357, 312.357, 312.357, 312.357, 312.357, 312.357, 312.357, 312.357, 312.357, 312.357, 312.357, 312.357, 312.357, 312.357, 312.357, 312.357, 312.358, 312.358, 312.359, 300, 
312.382, 312.382, 312.382, 312.382, 312.382, 312.382, 312.382, 312.382, 312.382, 312.382, 312.382, 312.382, 312.382, 312.382, 312.382, 312.382, 312.382, 312.382, 312.382, 312.382, 312.382, 312.382, 312.382, 312.382, 312.382, 312.382, 312.382, 312.382, 312.382, 312.382, 312.382, 312.382, 312.382, 312.382, 312.382, 312.382, 312.382, 312.382, 312.382, 312.382, 312.382, 312.382, 312.382, 312.382, 312.382, 312.382, 312.382, 312.382, 312.382, 312.382, 312.382, 312.382, 312.382, 312.382, 312.382, 312.382, 312.382, 312.382, 312.382, 312.382, 312.382, 312.382, 312.382, 312.382, 312.382, 312.382, 312.382, 312.382, 312.382, 312.382, 312.382, 312.382, 312.382, 312.382, 312.382, 312.382, 312.382, 312.382, 312.382, 312.382, 312.382, 312.382, 312.382, 312.382, 312.382, 312.382, 312.382, 312.382, 312.382, 312.382, 312.382, 312.382, 312.382, 312.383, 312.383, 312.383, 312.383, 312.384, 312.384, 300, 
312.408, 312.408, 312.408, 312.408, 312.408, 312.408, 312.408, 312.408, 312.408, 312.408, 312.408, 312.408, 312.408, 312.408, 312.408, 312.408, 312.408, 312.408, 312.408, 312.408, 312.408, 312.408, 312.408, 312.408, 312.408, 312.408, 312.408, 312.408, 312.408, 312.408, 312.408, 312.408, 312.408, 312.408, 312.408, 312.408, 312.408, 312.408, 312.408, 312.408, 312.408, 312.408, 312.408, 312.408, 312.408, 312.408, 312.408, 312.408, 312.408, 312.408, 312.408, 312.408, 312.408, 312.408, 312.408, 312.408, 312.408, 312.408, 312.408, 312.408, 312.408, 312.408, 312.408, 312.408, 312.408, 312.408, 312.408, 312.408, 312.408, 312.408, 312.408, 312.408, 312.408, 312.408, 312.408, 312.408, 312.408, 312.408, 312.408, 312.408, 312.408, 312.408, 312.408, 312.408, 312.408, 312.408, 312.408, 312.408, 312.408, 312.408, 312.408, 312.408, 312.408, 312.408, 312.408, 312.408, 312.409, 312.409, 312.41, 300, 
312.433, 312.433, 312.433, 312.433, 312.433, 312.433, 312.433, 312.433, 312.433, 312.433, 312.433, 312.433, 312.433, 312.433, 312.433, 312.433, 312.433, 312.433, 312.433, 312.433, 312.433, 312.433, 312.433, 312.433, 312.433, 312.433, 312.433, 312.433, 312.433, 312.433, 312.433, 312.433, 312.433, 312.433, 312.433, 312.433, 312.433, 312.433, 312.433, 312.433, 312.433, 312.433, 312.433, 312.433, 312.433, 312.433, 312.433, 312.433, 312.433, 312.433, 312.433, 312.433, 312.433, 312.433, 312.433, 312.433, 312.433, 312.433, 312.433, 312.433, 312.433, 312.433, 312.433, 312.433, 312.433, 312.433, 312.433, 312.433, 312.433, 312.433, 312.433, 312.433, 312.433, 312.433, 312.433, 312.433, 312.433, 312.433, 312.433, 312.433, 312.433, 312.433, 312.433, 312.433, 312.433, 312.433, 312.433, 312.433, 312.433, 312.433, 312.433, 312.433, 312.433, 312.434, 312.434, 312.434, 312.434, 312.435, 312.435, 300, 
312.459, 312.459, 312.459, 312.459, 312.459, 312.459, 312.459, 312.459, 312.459, 312.459, 312.459, 312.459, 312.459, 312.459, 312.459, 312.459, 312.459, 312.459, 312.459, 312.459, 312.459, 312.459, 312.459, 312.459, 312.459, 312.459, 312.459, 312.459, 312.459, 312.459, 312.459, 312.459, 312.459, 312.459, 312.459, 312.459, 312.459, 312.459, 312.459, 312.459, 312.459, 312.459, 312.459, 312.459, 312.459, 312.459, 312.459, 312.459, 312.459, 312.459, 312.459, 312.459, 312.459, 312.459, 312.459, 312.459, 312.459, 312.459, 312.459, 312.459, 312.459, 312.459, 312.459, 312.459, 312.459, 312.459, 312.459, 312.459, 312.459, 312.459, 312.459, 312.458, 312.458, 312.458, 312.458, 312.458, 312.458, 312.458, 312.458, 312.458, 312.458, 312.458, 312.459, 312.459, 312.459, 312.459, 312.459, 312.459, 312.459, 312.459, 312.459, 312.459, 312.459, 312.459, 312.459, 312.459, 312.46, 312.46, 312.461, 300, 
312.484, 312.484, 312.484, 312.484, 312.484, 312.484, 312.484, 312.484, 312.484, 312.484, 312.484, 312.484, 312.484, 312.484, 312.484, 312.484, 312.484, 312.484, 312.484, 312.484, 312.484, 312.484, 312.484, 312.484, 312.484, 312.484, 312.484, 312.484, 312.484, 312.484, 312.484, 312.484, 312.484, 312.484, 312.484, 312.484, 312.484, 312.484, 312.484, 312.484, 312.484, 312.484, 312.484, 312.484, 312.484, 312.484, 312.484, 312.484, 312.484, 312.484, 312.484, 312.484, 312.484, 312.484, 312.484, 312.484, 312.484, 312.484, 312.484, 312.484, 312.484, 312.484, 312.484, 312.484, 312.484, 312.484, 312.484, 312.484, 312.484, 312.484, 312.484, 312.484, 312.484, 312.484, 312.484, 312.484, 312.484, 312.484, 312.484, 312.484, 312.484, 312.484, 312.484, 312.484, 312.484, 312.484, 312.484, 312.484, 312.484, 312.484, 312.484, 312.484, 312.484, 312.484, 312.485, 312.485, 312.485, 312.485, 312.486, 300, 
312.51, 312.51, 312.51, 312.51, 312.51, 312.51, 312.51, 312.51, 312.51, 312.51, 312.51, 312.51, 312.51, 312.51, 312.51, 312.51, 312.51, 312.51, 312.51, 312.51, 312.51, 312.51, 312.51, 312.51, 312.51, 312.51, 312.51, 312.51, 312.51, 312.51, 312.51, 312.51, 312.51, 312.51, 312.51, 312.51, 312.51, 312.51, 312.51, 312.51, 312.51, 312.51, 312.51, 312.51, 312.51, 312.51, 312.51, 312.51, 312.51, 312.51, 312.51, 312.51, 312.51, 312.51, 312.51, 312.51, 312.51, 312.51, 312.51, 312.51, 312.51, 312.51, 312.51, 312.51, 312.51, 312.51, 312.51, 312.509, 312.509, 312.509, 312.509, 312.509, 312.509, 312.509, 312.509, 312.509, 312.509, 312.509, 312.509, 312.509, 312.509, 312.509, 312.509, 312.509, 312.509, 312.51, 312.51, 312.51, 312.51, 312.51, 312.51, 312.51, 312.51, 312.51, 312.51, 312.51, 312.511, 312.511, 312.511, 300, 
312.535, 312.535, 312.535, 312.535, 312.535, 312.535, 312.535, 312.535, 312.535, 312.535, 312.535, 312.535, 312.535, 312.535, 312.535, 312.535, 312.535, 312.535, 312.535, 312.535, 312.535, 312.535, 312.535, 312.535, 312.535, 312.535, 312.535, 312.535, 312.535, 312.535, 312.535, 312.535, 312.535, 312.535, 312.535, 312.535, 312.535, 312.535, 312.535, 312.535, 312.535, 312.535, 312.535, 312.535, 312.535, 312.535, 312.535, 312.535, 312.535, 312.535, 312.535, 312.535, 312.535, 312.535, 312.535, 312.535, 312.535, 312.535, 312.535, 312.535, 312.535, 312.535, 312.535, 312.535, 312.535, 312.535, 312.535, 312.535, 312.535, 312.535, 312.535, 312.535, 312.535, 312.535, 312.535, 312.535, 312.535, 312.535, 312.535, 312.535, 312.535, 312.535, 312.535, 312.535, 312.535, 312.535, 312.535, 312.535, 312.535, 312.535, 312.535, 312.535, 312.535, 312.535, 312.536, 312.536, 312.536, 312.536, 312.537, 300, 
312.561, 312.561, 312.561, 312.561, 312.561, 312.561, 312.561, 312.561, 312.561, 312.561, 312.561, 312.561, 312.561, 312.561, 312.56, 312.56, 312.56, 312.56, 312.56, 312.56, 312.56, 312.56, 312.56, 312.56, 312.56, 312.56, 312.56, 312.56, 312.56, 312.56, 312.56, 312.56, 312.56, 312.56, 312.56, 312.56, 312.561, 312.561, 312.561, 312.561, 312.561, 312.561, 312.561, 312.561, 312.561, 312.561, 312.561, 312.561, 312.561, 312.561, 312.561, 312.561, 312.561, 312.561, 312.561, 312.561, 312.561, 312.561, 312.561, 312.561, 312.561, 312.561, 312.561, 312.56, 312.56, 312.56, 312.56, 312.56, 312.56, 312.56, 312.56, 312.56, 312.56, 312.56, 312.56, 312.56, 312.56, 312.56, 312.56, 312.56, 312.56, 312.56, 312.56, 312.56, 312.56, 312.56, 312.561, 312.561, 312.561, 312.561, 312.561, 312.561, 312.561, 312.561, 312.561, 312.561, 312.561, 312.562, 312.562, 300, 
312.586, 312.586, 312.586, 312.586, 312.586, 312.586, 312.586, 312.586, 312.586, 312.586, 312.586, 312.586, 312.586, 312.586, 312.586, 312.586, 312.586, 312.586, 312.586, 312.586, 312.586, 312.586, 312.586, 312.586, 312.586, 312.586, 312.586, 312.586, 312.586, 312.586, 312.586, 312.586, 312.586, 312.586, 312.586, 312.586, 312.586, 312.586, 312.586, 312.586, 312.586, 312.586, 312.586, 312.586, 312.586, 312.586, 312.586, 312.586, 312.586, 312.586, 312.586, 312.586, 312.586, 312.586, 312.586, 312.586, 312.586, 312.586, 312.586, 312.586, 312.586, 312.586, 312.586, 312.586, 312.586, 312.586, 312.586, 312.586, 312.586, 312.586, 312.586, 312.586, 312.586, 312.586, 312.586, 312.586, 312.586, 312.586, 312.586, 312.586, 312.586, 312.586, 312.586, 312.586, 312.586, 312.586, 312.586, 312.586, 312.586, 312.586, 312.586, 312.586, 312.586, 312.586, 312.587, 312.587, 312.587, 312.587, 312.588, 300, 
312.612, 312.612, 312.612, 312.612, 312.612, 312.612, 312.611, 312.611, 312.611, 312.611, 312.611, 312.611, 312.611, 312.611, 312.611, 312.611, 312.611, 312.611, 312.611, 312.611, 312.611, 312.611, 312.611, 312.611, 312.611, 312.611, 312.611, 312.611, 312.611, 312.611, 312.611, 312.611, 312.611, 312.611, 312.611, 312.611, 312.611, 312.611, 312.611, 312.611, 312.611, 312.611, 312.612, 312.612, 312.612, 312.612, 312.612, 312.612, 312.612, 312.612, 312.612, 312.612, 312.612, 312.612, 312.612, 312.612, 312.612, 312.612, 312.612, 312.611, 312.611, 312.611, 312.611, 312.611, 312.611, 312.611, 312.611, 312.611, 312.611, 312.611, 312.611, 312.611, 312.611, 312.611, 312.611, 312.611, 312.611, 312.611, 312.611, 312.611, 312.611, 312.611, 312.611, 312.611, 312.611, 312.611, 312.611, 312.611, 312.612, 312.612, 312.612, 312.612, 312.612, 312.612, 312.612, 312.612, 312.612, 312.613, 312.613, 300, 
312.637, 312.637, 312.637, 312.637, 312.637, 312.637, 312.637, 312.637, 312.637, 312.637, 312.637, 312.637, 312.637, 312.637, 312.637, 312.637, 312.637, 312.637, 312.637, 312.637, 312.637, 312.637, 312.637, 312.637, 312.637, 312.637, 312.637, 312.637, 312.637, 312.637, 312.637, 312.637, 312.637, 312.637, 312.637, 312.637, 312.637, 312.637, 312.637, 312.637, 312.637, 312.637, 312.637, 312.637, 312.637, 312.637, 312.637, 312.637, 312.637, 312.637, 312.637, 312.637, 312.637, 312.637, 312.637, 312.637, 312.637, 312.637, 312.637, 312.637, 312.637, 312.637, 312.637, 312.637, 312.637, 312.637, 312.637, 312.637, 312.637, 312.637, 312.637, 312.637, 312.637, 312.637, 312.637, 312.637, 312.637, 312.637, 312.637, 312.637, 312.637, 312.637, 312.637, 312.637, 312.637, 312.637, 312.637, 312.637, 312.637, 312.637, 312.637, 312.637, 312.637, 312.637, 312.637, 312.638, 312.638, 312.638, 312.639, 300, 
312.662, 312.662, 312.662, 312.662, 312.662, 312.662, 312.662, 312.662, 312.662, 312.662, 312.662, 312.662, 312.662, 312.662, 312.662, 312.662, 312.662, 312.662, 312.662, 312.662, 312.662, 312.662, 312.662, 312.662, 312.662, 312.662, 312.662, 312.662, 312.662, 312.662, 312.662, 312.662, 312.662, 312.662, 312.662, 312.662, 312.662, 312.662, 312.662, 312.662, 312.662, 312.662, 312.662, 312.662, 312.662, 312.662, 312.662, 312.662, 312.662, 312.662, 312.662, 312.662, 312.662, 312.662, 312.662, 312.662, 312.662, 312.662, 312.662, 312.662, 312.662, 312.662, 312.662, 312.662, 312.662, 312.662, 312.662, 312.662, 312.662, 312.662, 312.662, 312.662, 312.662, 312.662, 312.662, 312.662, 312.662, 312.662, 312.662, 312.662, 312.662, 312.662, 312.662, 312.662, 312.662, 312.662, 312.662, 312.662, 312.662, 312.663, 312.663, 312.663, 312.663, 312.663, 312.663, 312.663, 312.663, 312.664, 312.664, 300, 
312.688, 312.688, 312.688, 312.688, 312.688, 312.688, 312.688, 312.688, 312.688, 312.688, 312.688, 312.688, 312.688, 312.688, 312.688, 312.688, 312.688, 312.688, 312.688, 312.688, 312.688, 312.688, 312.688, 312.688, 312.688, 312.688, 312.688, 312.688, 312.688, 312.688, 312.688, 312.688, 312.688, 312.688, 312.688, 312.688, 312.688, 312.688, 312.688, 312.688, 312.688, 312.688, 312.688, 312.688, 312.688, 312.688, 312.688, 312.688, 312.688, 312.688, 312.688, 312.688, 312.688, 312.688, 312.688, 312.688, 312.688, 312.688, 312.688, 312.688, 312.688, 312.688, 312.688, 312.688, 312.688, 312.688, 312.688, 312.688, 312.688, 312.688, 312.688, 312.688, 312.688, 312.688, 312.688, 312.688, 312.688, 312.688, 312.688, 312.688, 312.688, 312.688, 312.688, 312.688, 312.688, 312.688, 312.688, 312.688, 312.688, 312.688, 312.688, 312.688, 312.688, 312.688, 312.688, 312.689, 312.689, 312.689, 312.69, 300, 
312.713, 312.713, 312.713, 312.713, 312.713, 312.713, 312.713, 312.713, 312.713, 312.713, 312.713, 312.713, 312.713, 312.713, 312.713, 312.713, 312.713, 312.713, 312.713, 312.713, 312.713, 312.713, 312.713, 312.713, 312.713, 312.713, 312.713, 312.713, 312.713, 312.713, 312.713, 312.713, 312.713, 312.713, 312.713, 312.713, 312.713, 312.713, 312.713, 312.713, 312.713, 312.713, 312.713, 312.713, 312.713, 312.713, 312.713, 312.713, 312.713, 312.713, 312.713, 312.713, 312.713, 312.713, 312.713, 312.713, 312.713, 312.713, 312.713, 312.713, 312.713, 312.713, 312.713, 312.713, 312.713, 312.713, 312.713, 312.713, 312.713, 312.713, 312.713, 312.713, 312.713, 312.713, 312.713, 312.713, 312.713, 312.713, 312.713, 312.713, 312.713, 312.713, 312.713, 312.713, 312.713, 312.713, 312.713, 312.713, 312.713, 312.713, 312.714, 312.714, 312.714, 312.714, 312.714, 312.714, 312.714, 312.715, 312.715, 300, 
312.739, 312.739, 312.739, 312.739, 312.739, 312.739, 312.739, 312.739, 312.739, 312.739, 312.739, 312.739, 312.739, 312.739, 312.739, 312.739, 312.739, 312.739, 312.739, 312.739, 312.739, 312.739, 312.739, 312.739, 312.739, 312.739, 312.739, 312.739, 312.739, 312.739, 312.739, 312.739, 312.739, 312.739, 312.739, 312.739, 312.739, 312.739, 312.739, 312.739, 312.739, 312.739, 312.739, 312.739, 312.739, 312.739, 312.739, 312.739, 312.739, 312.739, 312.739, 312.739, 312.739, 312.739, 312.739, 312.739, 312.739, 312.739, 312.739, 312.739, 312.739, 312.739, 312.739, 312.739, 312.739, 312.739, 312.739, 312.739, 312.739, 312.739, 312.739, 312.739, 312.739, 312.739, 312.739, 312.739, 312.739, 312.739, 312.739, 312.739, 312.739, 312.739, 312.739, 312.739, 312.739, 312.739, 312.739, 312.739, 312.739, 312.739, 312.739, 312.739, 312.739, 312.739, 312.739, 312.74, 312.74, 312.74, 312.741, 300, 
312.764, 312.764, 312.764, 312.764, 312.764, 312.764, 312.764, 312.764, 312.764, 312.764, 312.764, 312.764, 312.764, 312.764, 312.764, 312.764, 312.764, 312.764, 312.764, 312.764, 312.764, 312.764, 312.764, 312.764, 312.764, 312.764, 312.764, 312.764, 312.764, 312.764, 312.764, 312.764, 312.764, 312.764, 312.764, 312.764, 312.764, 312.764, 312.764, 312.764, 312.764, 312.764, 312.764, 312.764, 312.764, 312.764, 312.764, 312.764, 312.764, 312.764, 312.764, 312.764, 312.764, 312.764, 312.764, 312.764, 312.764, 312.764, 312.764, 312.764, 312.764, 312.764, 312.764, 312.764, 312.764, 312.764, 312.764, 312.764, 312.764, 312.764, 312.764, 312.764, 312.764, 312.764, 312.764, 312.764, 312.764, 312.764, 312.764, 312.764, 312.764, 312.764, 312.764, 312.764, 312.764, 312.764, 312.764, 312.764, 312.764, 312.764, 312.764, 312.765, 312.765, 312.765, 312.765, 312.765, 312.765, 312.766, 312.766, 300, 
312.79, 312.79, 312.79, 312.79, 312.79, 312.79, 312.79, 312.79, 312.79, 312.79, 312.79, 312.79, 312.79, 312.79, 312.79, 312.79, 312.79, 312.79, 312.79, 312.79, 312.79, 312.79, 312.79, 312.79, 312.79, 312.79, 312.79, 312.79, 312.79, 312.79, 312.79, 312.79, 312.79, 312.79, 312.79, 312.79, 312.79, 312.79, 312.79, 312.79, 312.79, 312.79, 312.79, 312.79, 312.79, 312.79, 312.79, 312.79, 312.79, 312.79, 312.79, 312.79, 312.79, 312.79, 312.79, 312.79, 312.79, 312.79, 312.79, 312.79, 312.79, 312.79, 312.79, 312.79, 312.79, 312.79, 312.79, 312.79, 312.79, 312.79, 312.79, 312.79, 312.79, 312.79, 312.79, 312.79, 312.79, 312.79, 312.79, 312.79, 312.79, 312.79, 312.79, 312.79, 312.79, 312.79, 312.79, 312.79, 312.79, 312.79, 312.79, 312.79, 312.79, 312.79, 312.79, 312.79, 312.791, 312.791, 312.792, 300, 
312.815, 312.815, 312.815, 312.815, 312.815, 312.815, 312.815, 312.815, 312.815, 312.815, 312.815, 312.815, 312.815, 312.815, 312.815, 312.815, 312.815, 312.815, 312.815, 312.815, 312.815, 312.815, 312.815, 312.815, 312.815, 312.815, 312.815, 312.815, 312.815, 312.815, 312.815, 312.815, 312.815, 312.815, 312.815, 312.815, 312.815, 312.815, 312.815, 312.815, 312.815, 312.815, 312.815, 312.815, 312.815, 312.815, 312.815, 312.815, 312.815, 312.815, 312.815, 312.815, 312.815, 312.815, 312.815, 312.815, 312.815, 312.815, 312.815, 312.815, 312.815, 312.815, 312.815, 312.815, 312.815, 312.815, 312.815, 312.815, 312.815, 312.815, 312.815, 312.815, 312.815, 312.815, 312.815, 312.815, 312.815, 312.815, 312.815, 312.815, 312.815, 312.815, 312.815, 312.815, 312.815, 312.815, 312.815, 312.815, 312.815, 312.815, 312.815, 312.815, 312.816, 312.816, 312.816, 312.816, 312.816, 312.817, 312.817, 300, 
312.841, 312.841, 312.841, 312.841, 312.841, 312.841, 312.841, 312.841, 312.841, 312.841, 312.841, 312.841, 312.841, 312.841, 312.841, 312.841, 312.841, 312.841, 312.841, 312.841, 312.841, 312.841, 312.841, 312.841, 312.841, 312.841, 312.841, 312.841, 312.841, 312.841, 312.841, 312.841, 312.841, 312.841, 312.841, 312.841, 312.841, 312.841, 312.841, 312.841, 312.841, 312.841, 312.841, 312.841, 312.841, 312.841, 312.841, 312.841, 312.841, 312.841, 312.841, 312.841, 312.841, 312.841, 312.841, 312.841, 312.841, 312.841, 312.841, 312.841, 312.841, 312.841, 312.841, 312.841, 312.841, 312.841, 312.841, 312.841, 312.841, 312.841, 312.841, 312.841, 312.841, 312.841, 312.841, 312.841, 312.841, 312.841, 312.841, 312.841, 312.841, 312.841, 312.841, 312.841, 312.841, 312.841, 312.841, 312.841, 312.841, 312.841, 312.841, 312.841, 312.841, 312.841, 312.841, 312.841, 312.842, 312.842, 312.842, 300, 
312.866, 312.866, 312.866, 312.866, 312.866, 312.866, 312.866, 312.866, 312.866, 312.866, 312.866, 312.866, 312.866, 312.866, 312.866, 312.866, 312.866, 312.866, 312.866, 312.866, 312.866, 312.866, 312.866, 312.866, 312.866, 312.866, 312.866, 312.866, 312.866, 312.866, 312.866, 312.866, 312.866, 312.866, 312.866, 312.866, 312.866, 312.866, 312.866, 312.866, 312.866, 312.866, 312.866, 312.866, 312.866, 312.866, 312.866, 312.866, 312.866, 312.866, 312.866, 312.866, 312.866, 312.866, 312.866, 312.866, 312.866, 312.866, 312.866, 312.866, 312.866, 312.866, 312.866, 312.866, 312.866, 312.866, 312.866, 312.866, 312.866, 312.866, 312.866, 312.866, 312.866, 312.866, 312.866, 312.866, 312.866, 312.866, 312.866, 312.866, 312.866, 312.866, 312.866, 312.866, 312.866, 312.866, 312.866, 312.866, 312.866, 312.866, 312.866, 312.866, 312.867, 312.867, 312.867, 312.867, 312.867, 312.867, 312.868, 300, 
312.892, 312.892, 312.892, 312.892, 312.892, 312.892, 312.892, 312.892, 312.892, 312.892, 312.892, 312.892, 312.892, 312.892, 312.892, 312.892, 312.892, 312.892, 312.892, 312.892, 312.892, 312.892, 312.892, 312.892, 312.892, 312.892, 312.892, 312.892, 312.892, 312.892, 312.892, 312.892, 312.892, 312.892, 312.892, 312.892, 312.892, 312.892, 312.892, 312.892, 312.892, 312.892, 312.892, 312.892, 312.892, 312.892, 312.892, 312.892, 312.892, 312.892, 312.892, 312.892, 312.892, 312.892, 312.892, 312.892, 312.892, 312.892, 312.892, 312.892, 312.892, 312.892, 312.892, 312.892, 312.892, 312.892, 312.892, 312.892, 312.892, 312.892, 312.892, 312.892, 312.892, 312.892, 312.892, 312.892, 312.892, 312.892, 312.892, 312.892, 312.892, 312.892, 312.892, 312.892, 312.892, 312.892, 312.892, 312.892, 312.892, 312.892, 312.892, 312.892, 312.892, 312.892, 312.892, 312.892, 312.893, 312.893, 312.893, 300, 
312.917, 312.917, 312.917, 312.917, 312.917, 312.917, 312.917, 312.917, 312.917, 312.917, 312.917, 312.917, 312.917, 312.917, 312.917, 312.917, 312.917, 312.917, 312.917, 312.917, 312.917, 312.917, 312.917, 312.917, 312.917, 312.917, 312.917, 312.917, 312.917, 312.917, 312.917, 312.917, 312.917, 312.917, 312.917, 312.917, 312.917, 312.917, 312.917, 312.917, 312.917, 312.917, 312.917, 312.917, 312.917, 312.917, 312.917, 312.917, 312.917, 312.917, 312.917, 312.917, 312.917, 312.917, 312.917, 312.917, 312.917, 312.917, 312.917, 312.917, 312.917, 312.917, 312.917, 312.917, 312.917, 312.917, 312.917, 312.917, 312.917, 312.917, 312.917, 312.917, 312.917, 312.917, 312.917, 312.917, 312.917, 312.917, 312.917, 312.917, 312.917, 312.917, 312.917, 312.917, 312.917, 312.917, 312.917, 312.917, 312.917, 312.917, 312.917, 312.917, 312.917, 312.918, 312.918, 312.918, 312.918, 312.918, 312.919, 300, 
312.943, 312.943, 312.943, 312.943, 312.943, 312.943, 312.943, 312.943, 312.943, 312.943, 312.943, 312.943, 312.943, 312.943, 312.943, 312.943, 312.943, 312.943, 312.943, 312.943, 312.943, 312.943, 312.943, 312.943, 312.943, 312.943, 312.943, 312.943, 312.943, 312.943, 312.943, 312.943, 312.943, 312.943, 312.943, 312.943, 312.943, 312.943, 312.943, 312.943, 312.943, 312.943, 312.943, 312.943, 312.943, 312.943, 312.943, 312.943, 312.943, 312.943, 312.943, 312.943, 312.943, 312.943, 312.943, 312.943, 312.943, 312.943, 312.943, 312.943, 312.943, 312.943, 312.943, 312.943, 312.943, 312.943, 312.943, 312.943, 312.943, 312.943, 312.943, 312.943, 312.943, 312.943, 312.943, 312.943, 312.943, 312.943, 312.943, 312.943, 312.943, 312.943, 312.943, 312.943, 312.943, 312.943, 312.943, 312.943, 312.943, 312.943, 312.943, 312.943, 312.943, 312.943, 312.943, 312.943, 312.944, 312.944, 312.944, 300, 
312.968, 312.968, 312.968, 312.968, 312.968, 312.968, 312.968, 312.968, 312.968, 312.968, 312.968, 312.968, 312.968, 312.968, 312.968, 312.968, 312.968, 312.968, 312.968, 312.968, 312.968, 312.968, 312.968, 312.968, 312.968, 312.968, 312.968, 312.968, 312.968, 312.968, 312.968, 312.968, 312.968, 312.968, 312.968, 312.968, 312.968, 312.968, 312.968, 312.968, 312.968, 312.968, 312.968, 312.968, 312.968, 312.968, 312.968, 312.968, 312.968, 312.968, 312.968, 312.968, 312.968, 312.968, 312.968, 312.968, 312.968, 312.968, 312.968, 312.968, 312.968, 312.968, 312.968, 312.968, 312.968, 312.968, 312.968, 312.968, 312.968, 312.968, 312.968, 312.968, 312.968, 312.968, 312.968, 312.968, 312.968, 312.968, 312.968, 312.968, 312.968, 312.968, 312.968, 312.968, 312.968, 312.968, 312.968, 312.968, 312.968, 312.968, 312.968, 312.968, 312.968, 312.969, 312.969, 312.969, 312.969, 312.969, 312.97, 300, 
312.994, 312.994, 312.994, 312.994, 312.994, 312.994, 312.994, 312.994, 312.994, 312.994, 312.994, 312.994, 312.994, 312.994, 312.994, 312.994, 312.994, 312.994, 312.994, 312.994, 312.994, 312.994, 312.994, 312.994, 312.994, 312.994, 312.994, 312.994, 312.994, 312.994, 312.994, 312.994, 312.994, 312.994, 312.994, 312.994, 312.994, 312.994, 312.994, 312.994, 312.994, 312.994, 312.994, 312.994, 312.994, 312.994, 312.994, 312.994, 312.994, 312.994, 312.994, 312.994, 312.994, 312.994, 312.994, 312.994, 312.994, 312.994, 312.994, 312.994, 312.994, 312.994, 312.994, 312.994, 312.994, 312.994, 312.994, 312.994, 312.994, 312.994, 312.994, 312.994, 312.994, 312.994, 312.994, 312.994, 312.994, 312.994, 312.994, 312.994, 312.994, 312.994, 312.994, 312.994, 312.994, 312.994, 312.994, 312.994, 312.994, 312.994, 312.994, 312.994, 312.994, 312.994, 312.994, 312.994, 312.994, 312.995, 312.995, 300, 
313.019, 313.019, 313.019, 313.019, 313.019, 313.019, 313.019, 313.019, 313.019, 313.019, 313.019, 313.019, 313.019, 313.019, 313.019, 313.019, 313.019, 313.019, 313.019, 313.019, 313.019, 313.019, 313.019, 313.019, 313.019, 313.019, 313.019, 313.019, 313.019, 313.019, 313.019, 313.019, 313.019, 313.019, 313.019, 313.019, 313.019, 313.019, 313.019, 313.019, 313.019, 313.019, 313.019, 313.019, 313.019, 313.019, 313.019, 313.019, 313.019, 313.019, 313.019, 313.019, 313.019, 313.019, 313.019, 313.019, 313.019, 313.019, 313.019, 313.019, 313.019, 313.019, 313.019, 313.019, 313.019, 313.019, 313.019, 313.019, 313.019, 313.019, 313.019, 313.019, 313.019, 313.019, 313.019, 313.019, 313.019, 313.019, 313.019, 313.019, 313.019, 313.019, 313.019, 313.019, 313.019, 313.019, 313.019, 313.019, 313.019, 313.019, 313.019, 313.019, 313.019, 313.019, 313.02, 313.02, 313.02, 313.02, 313.021, 300, 
313.045, 313.045, 313.045, 313.045, 313.045, 313.045, 313.045, 313.045, 313.045, 313.045, 313.045, 313.045, 313.045, 313.045, 313.045, 313.045, 313.045, 313.045, 313.045, 313.045, 313.045, 313.045, 313.045, 313.045, 313.045, 313.045, 313.045, 313.045, 313.045, 313.045, 313.045, 313.045, 313.045, 313.045, 313.045, 313.045, 313.045, 313.045, 313.045, 313.045, 313.045, 313.045, 313.045, 313.045, 313.045, 313.045, 313.045, 313.045, 313.045, 313.045, 313.045, 313.045, 313.045, 313.045, 313.045, 313.045, 313.045, 313.045, 313.045, 313.045, 313.045, 313.045, 313.045, 313.045, 313.045, 313.045, 313.045, 313.045, 313.045, 313.045, 313.045, 313.044, 313.044, 313.044, 313.044, 313.044, 313.044, 313.044, 313.044, 313.044, 313.044, 313.044, 313.045, 313.045, 313.045, 313.045, 313.045, 313.045, 313.045, 313.045, 313.045, 313.045, 313.045, 313.045, 313.045, 313.045, 313.045, 313.046, 313.046, 300, 
313.07, 313.07, 313.07, 313.07, 313.07, 313.07, 313.07, 313.07, 313.07, 313.07, 313.07, 313.07, 313.07, 313.07, 313.07, 313.07, 313.07, 313.07, 313.07, 313.07, 313.07, 313.07, 313.07, 313.07, 313.07, 313.07, 313.07, 313.07, 313.07, 313.07, 313.07, 313.07, 313.07, 313.07, 313.07, 313.07, 313.07, 313.07, 313.07, 313.07, 313.07, 313.07, 313.07, 313.07, 313.07, 313.07, 313.07, 313.07, 313.07, 313.07, 313.07, 313.07, 313.07, 313.07, 313.07, 313.07, 313.07, 313.07, 313.07, 313.07, 313.07, 313.07, 313.07, 313.07, 313.07, 313.07, 313.07, 313.07, 313.07, 313.07, 313.07, 313.07, 313.07, 313.07, 313.07, 313.07, 313.07, 313.07, 313.07, 313.07, 313.07, 313.07, 313.07, 313.07, 313.07, 313.07, 313.07, 313.07, 313.07, 313.07, 313.07, 313.07, 313.07, 313.07, 313.071, 313.071, 313.071, 313.071, 313.072, 300, 
313.096, 313.096, 313.096, 313.096, 313.096, 313.096, 313.096, 313.096, 313.096, 313.096, 313.096, 313.096, 313.096, 313.096, 313.096, 313.096, 313.096, 313.096, 313.096, 313.096, 313.096, 313.096, 313.096, 313.095, 313.095, 313.095, 313.095, 313.095, 313.096, 313.096, 313.096, 313.096, 313.096, 313.096, 313.096, 313.096, 313.096, 313.096, 313.096, 313.096, 313.096, 313.096, 313.096, 313.096, 313.096, 313.096, 313.096, 313.096, 313.096, 313.096, 313.096, 313.096, 313.096, 313.096, 313.096, 313.096, 313.096, 313.096, 313.096, 313.096, 313.096, 313.096, 313.096, 313.096, 313.096, 313.096, 313.095, 313.095, 313.095, 313.095, 313.095, 313.095, 313.095, 313.095, 313.095, 313.095, 313.095, 313.095, 313.095, 313.095, 313.095, 313.095, 313.095, 313.095, 313.095, 313.096, 313.096, 313.096, 313.096, 313.096, 313.096, 313.096, 313.096, 313.096, 313.096, 313.096, 313.096, 313.097, 313.097, 300, 
313.121, 313.121, 313.121, 313.121, 313.121, 313.121, 313.121, 313.121, 313.121, 313.121, 313.121, 313.121, 313.121, 313.121, 313.121, 313.121, 313.121, 313.121, 313.121, 313.121, 313.121, 313.121, 313.121, 313.121, 313.121, 313.121, 313.121, 313.121, 313.121, 313.121, 313.121, 313.121, 313.121, 313.121, 313.121, 313.121, 313.121, 313.121, 313.121, 313.121, 313.121, 313.121, 313.121, 313.121, 313.121, 313.121, 313.121, 313.121, 313.121, 313.121, 313.121, 313.121, 313.121, 313.121, 313.121, 313.121, 313.121, 313.121, 313.121, 313.121, 313.121, 313.121, 313.121, 313.121, 313.121, 313.121, 313.121, 313.121, 313.121, 313.121, 313.121, 313.121, 313.121, 313.121, 313.121, 313.121, 313.121, 313.121, 313.121, 313.121, 313.121, 313.121, 313.121, 313.121, 313.121, 313.121, 313.121, 313.121, 313.121, 313.121, 313.121, 313.121, 313.121, 313.121, 313.121, 313.122, 313.122, 313.122, 313.123, 300, 
313.147, 313.147, 313.147, 313.147, 313.147, 313.147, 313.147, 313.147, 313.147, 313.147, 313.147, 313.147, 313.146, 313.146, 313.146, 313.146, 313.146, 313.146, 313.146, 313.146, 313.146, 313.146, 313.146, 313.146, 313.146, 313.146, 313.146, 313.146, 313.146, 313.146, 313.146, 313.146, 313.146, 313.146, 313.146, 313.146, 313.146, 313.146, 313.147, 313.147, 313.147, 313.147, 313.147, 313.147, 313.147, 313.147, 313.147, 313.147, 313.147, 313.147, 313.147, 313.147, 313.147, 313.147, 313.147, 313.147, 313.147, 313.147, 313.147, 313.147, 313.147, 313.147, 313.146, 313.146, 313.146, 313.146, 313.146, 313.146, 313.146, 313.146, 313.146, 313.146, 313.146, 313.146, 313.146, 313.146, 313.146, 313.146, 313.146, 313.146, 313.146, 313.146, 313.146, 313.146, 313.146, 313.146, 313.146, 313.147, 313.147, 313.147, 313.147, 313.147, 313.147, 313.147, 313.147, 313.147, 313.147, 313.148, 313.148, 300, 
313.172, 313.172, 313.172, 313.172, 313.172, 313.172, 313.172, 313.172, 313.172, 313.172, 313.172, 313.172, 313.172, 313.172, 313.172, 313.172, 313.172, 313.172, 313.172, 313.172, 313.172, 313.172, 313.172, 313.172, 313.172, 313.172, 313.172, 313.172, 313.172, 313.172, 313.172, 313.172, 313.172, 313.172, 313.172, 313.172, 313.172, 313.172, 313.172, 313.172, 313.172, 313.172, 313.172, 313.172, 313.172, 313.172, 313.172, 313.172, 313.172, 313.172, 313.172, 313.172, 313.172, 313.172, 313.172, 313.172, 313.172, 313.172, 313.172, 313.172, 313.172, 313.172, 313.172, 313.172, 313.172, 313.172, 313.172, 313.172, 313.172, 313.172, 313.172, 313.172, 313.172, 313.172, 313.172, 313.172, 313.172, 313.172, 313.172, 313.172, 313.172, 313.172, 313.172, 313.172, 313.172, 313.172, 313.172, 313.172, 313.172, 313.172, 313.172, 313.172, 313.172, 313.172, 313.172, 313.173, 313.173, 313.173, 313.173, 300, 
313.197, 313.197, 313.197, 313.197, 313.197, 313.197, 313.197, 313.197, 313.197, 313.197, 313.197, 313.197, 313.197, 313.197, 313.197, 313.197, 313.197, 313.197, 313.197, 313.197, 313.197, 313.197, 313.197, 313.197, 313.197, 313.197, 313.197, 313.197, 313.197, 313.197, 313.197, 313.197, 313.197, 313.197, 313.197, 313.197, 313.197, 313.197, 313.197, 313.197, 313.197, 313.197, 313.197, 313.197, 313.197, 313.197, 313.197, 313.198, 313.198, 313.198, 313.198, 313.198, 313.198, 313.198, 313.198, 313.197, 313.197, 313.197, 313.197, 313.197, 313.197, 313.197, 313.197, 313.197, 313.197, 313.197, 313.197, 313.197, 313.197, 313.197, 313.197, 313.197, 313.197, 313.197, 313.197, 313.197, 313.197, 313.197, 313.197, 313.197, 313.197, 313.197, 313.197, 313.197, 313.197, 313.197, 313.197, 313.197, 313.198, 313.198, 313.198, 313.198, 313.198, 313.198, 313.198, 313.198, 313.198, 313.199, 313.199, 300, 
313.223, 313.223, 313.223, 313.223, 313.223, 313.223, 313.223, 313.223, 313.223, 313.223, 313.223, 313.223, 313.223, 313.223, 313.223, 313.223, 313.223, 313.223, 313.223, 313.223, 313.223, 313.223, 313.223, 313.223, 313.223, 313.223, 313.223, 313.223, 313.223, 313.223, 313.223, 313.223, 313.223, 313.223, 313.223, 313.223, 313.223, 313.223, 313.223, 313.223, 313.223, 313.223, 313.223, 313.223, 313.223, 313.223, 313.223, 313.223, 313.223, 313.223, 313.223, 313.223, 313.223, 313.223, 313.223, 313.223, 313.223, 313.223, 313.223, 313.223, 313.223, 313.223, 313.223, 313.223, 313.223, 313.223, 313.223, 313.223, 313.223, 313.223, 313.223, 313.223, 313.223, 313.223, 313.223, 313.223, 313.223, 313.223, 313.223, 313.223, 313.223, 313.223, 313.223, 313.223, 313.223, 313.223, 313.223, 313.223, 313.223, 313.223, 313.223, 313.223, 313.223, 313.223, 313.223, 313.224, 313.224, 313.224, 313.224, 300, 
313.248, 313.248, 313.248, 313.248, 313.248, 313.248, 313.248, 313.248, 313.248, 313.248, 313.248, 313.248, 313.248, 313.248, 313.248, 313.248, 313.248, 313.248, 313.248, 313.248, 313.248, 313.248, 313.248, 313.248, 313.248, 313.248, 313.248, 313.248, 313.248, 313.248, 313.248, 313.248, 313.248, 313.248, 313.248, 313.248, 313.248, 313.248, 313.248, 313.248, 313.248, 313.248, 313.248, 313.248, 313.248, 313.248, 313.248, 313.248, 313.248, 313.248, 313.248, 313.248, 313.248, 313.248, 313.248, 313.248, 313.248, 313.248, 313.248, 313.248, 313.248, 313.248, 313.248, 313.248, 313.248, 313.248, 313.248, 313.248, 313.248, 313.248, 313.248, 313.248, 313.248, 313.248, 313.248, 313.248, 313.248, 313.248, 313.248, 313.248, 313.248, 313.248, 313.248, 313.248, 313.248, 313.248, 313.248, 313.248, 313.248, 313.248, 313.249, 313.249, 313.249, 313.249, 313.249, 313.249, 313.249, 313.25, 313.25, 300, 
313.274, 313.274, 313.274, 313.274, 313.274, 313.274, 313.274, 313.274, 313.274, 313.274, 313.274, 313.274, 313.274, 313.274, 313.274, 313.274, 313.274, 313.274, 313.274, 313.274, 313.274, 313.274, 313.274, 313.274, 313.274, 313.274, 313.274, 313.274, 313.274, 313.274, 313.274, 313.274, 313.274, 313.274, 313.274, 313.274, 313.274, 313.274, 313.274, 313.274, 313.274, 313.274, 313.274, 313.274, 313.274, 313.274, 313.274, 313.274, 313.274, 313.274, 313.274, 313.274, 313.274, 313.274, 313.274, 313.274, 313.274, 313.274, 313.274, 313.274, 313.274, 313.274, 313.274, 313.274, 313.274, 313.274, 313.274, 313.274, 313.274, 313.274, 313.274, 313.274, 313.274, 313.274, 313.274, 313.274, 313.274, 313.274, 313.274, 313.274, 313.274, 313.274, 313.274, 313.274, 313.274, 313.274, 313.274, 313.274, 313.274, 313.274, 313.274, 313.274, 313.274, 313.274, 313.274, 313.274, 313.275, 313.275, 313.275, 300, 
313.299, 313.299, 313.299, 313.299, 313.299, 313.299, 313.299, 313.299, 313.299, 313.299, 313.299, 313.299, 313.299, 313.299, 313.299, 313.299, 313.299, 313.299, 313.299, 313.299, 313.299, 313.299, 313.299, 313.299, 313.299, 313.299, 313.299, 313.299, 313.299, 313.299, 313.299, 313.299, 313.299, 313.299, 313.299, 313.299, 313.299, 313.299, 313.299, 313.299, 313.299, 313.299, 313.299, 313.299, 313.299, 313.299, 313.299, 313.299, 313.299, 313.299, 313.299, 313.299, 313.299, 313.299, 313.299, 313.299, 313.299, 313.299, 313.299, 313.299, 313.299, 313.299, 313.299, 313.299, 313.299, 313.299, 313.299, 313.299, 313.299, 313.299, 313.299, 313.299, 313.299, 313.299, 313.299, 313.299, 313.299, 313.299, 313.299, 313.299, 313.299, 313.299, 313.299, 313.299, 313.299, 313.299, 313.299, 313.299, 313.299, 313.299, 313.299, 313.3, 313.3, 313.3, 313.3, 313.3, 313.3, 313.3, 313.301, 300, 
313.325, 313.325, 313.325, 313.325, 313.325, 313.325, 313.325, 313.325, 313.325, 313.325, 313.325, 313.325, 313.325, 313.325, 313.325, 313.325, 313.325, 313.325, 313.325, 313.325, 313.325, 313.325, 313.325, 313.325, 313.325, 313.325, 313.325, 313.325, 313.325, 313.325, 313.325, 313.325, 313.325, 313.325, 313.325, 313.325, 313.325, 313.325, 313.325, 313.325, 313.325, 313.325, 313.325, 313.325, 313.325, 313.325, 313.325, 313.325, 313.325, 313.325, 313.325, 313.325, 313.325, 313.325, 313.325, 313.325, 313.325, 313.325, 313.325, 313.325, 313.325, 313.325, 313.325, 313.325, 313.325, 313.325, 313.325, 313.325, 313.325, 313.325, 313.325, 313.325, 313.325, 313.325, 313.325, 313.325, 313.325, 313.325, 313.325, 313.325, 313.325, 313.325, 313.325, 313.325, 313.325, 313.325, 313.325, 313.325, 313.325, 313.325, 313.325, 313.325, 313.325, 313.325, 313.325, 313.325, 313.326, 313.326, 313.326, 300, 
313.35, 313.35, 313.35, 313.35, 313.35, 313.35, 313.35, 313.35, 313.35, 313.35, 313.35, 313.35, 313.35, 313.35, 313.35, 313.35, 313.35, 313.35, 313.35, 313.35, 313.35, 313.35, 313.35, 313.35, 313.35, 313.35, 313.35, 313.35, 313.35, 313.35, 313.35, 313.35, 313.35, 313.35, 313.35, 313.35, 313.35, 313.35, 313.35, 313.35, 313.35, 313.35, 313.35, 313.35, 313.35, 313.35, 313.35, 313.35, 313.35, 313.35, 313.35, 313.35, 313.35, 313.35, 313.35, 313.35, 313.35, 313.35, 313.35, 313.35, 313.35, 313.35, 313.35, 313.35, 313.35, 313.35, 313.35, 313.35, 313.35, 313.35, 313.35, 313.35, 313.35, 313.35, 313.35, 313.35, 313.35, 313.35, 313.35, 313.35, 313.35, 313.35, 313.35, 313.35, 313.35, 313.35, 313.35, 313.35, 313.35, 313.35, 313.35, 313.35, 313.351, 313.351, 313.351, 313.351, 313.351, 313.351, 313.352, 300, 
313.376, 313.376, 313.376, 313.376, 313.376, 313.376, 313.376, 313.376, 313.376, 313.376, 313.376, 313.376, 313.376, 313.376, 313.376, 313.376, 313.376, 313.376, 313.376, 313.376, 313.376, 313.376, 313.376, 313.376, 313.376, 313.376, 313.376, 313.376, 313.376, 313.376, 313.376, 313.376, 313.376, 313.376, 313.376, 313.376, 313.376, 313.376, 313.376, 313.376, 313.376, 313.376, 313.376, 313.376, 313.376, 313.376, 313.376, 313.376, 313.376, 313.376, 313.376, 313.376, 313.376, 313.376, 313.376, 313.376, 313.376, 313.376, 313.376, 313.376, 313.376, 313.376, 313.376, 313.376, 313.376, 313.376, 313.376, 313.376, 313.376, 313.376, 313.376, 313.376, 313.376, 313.376, 313.376, 313.376, 313.376, 313.376, 313.376, 313.376, 313.376, 313.376, 313.376, 313.376, 313.376, 313.376, 313.376, 313.376, 313.376, 313.376, 313.376, 313.376, 313.376, 313.376, 313.376, 313.376, 313.377, 313.377, 313.377, 300, 
313.401, 313.401, 313.401, 313.401, 313.401, 313.401, 313.401, 313.401, 313.401, 313.401, 313.401, 313.401, 313.401, 313.401, 313.401, 313.401, 313.401, 313.401, 313.401, 313.401, 313.401, 313.401, 313.401, 313.401, 313.401, 313.401, 313.401, 313.401, 313.401, 313.401, 313.401, 313.401, 313.401, 313.401, 313.401, 313.401, 313.401, 313.401, 313.401, 313.401, 313.401, 313.401, 313.401, 313.401, 313.401, 313.401, 313.401, 313.401, 313.401, 313.401, 313.401, 313.401, 313.401, 313.401, 313.401, 313.401, 313.401, 313.401, 313.401, 313.401, 313.401, 313.401, 313.401, 313.401, 313.401, 313.401, 313.401, 313.401, 313.401, 313.401, 313.401, 313.401, 313.401, 313.401, 313.401, 313.401, 313.401, 313.401, 313.401, 313.401, 313.401, 313.401, 313.401, 313.401, 313.401, 313.401, 313.401, 313.401, 313.401, 313.401, 313.401, 313.401, 313.402, 313.402, 313.402, 313.402, 313.402, 313.402, 313.403, 300, 
313.427, 313.427, 313.427, 313.427, 313.427, 313.427, 313.427, 313.427, 313.427, 313.427, 313.427, 313.427, 313.427, 313.427, 313.427, 313.427, 313.427, 313.427, 313.427, 313.427, 313.427, 313.427, 313.427, 313.427, 313.427, 313.427, 313.427, 313.427, 313.427, 313.427, 313.427, 313.427, 313.427, 313.427, 313.427, 313.427, 313.427, 313.427, 313.427, 313.427, 313.427, 313.427, 313.427, 313.427, 313.427, 313.427, 313.427, 313.427, 313.427, 313.427, 313.427, 313.427, 313.427, 313.427, 313.427, 313.427, 313.427, 313.427, 313.427, 313.427, 313.427, 313.427, 313.427, 313.427, 313.427, 313.427, 313.427, 313.427, 313.427, 313.427, 313.427, 313.427, 313.427, 313.427, 313.427, 313.427, 313.427, 313.427, 313.427, 313.427, 313.427, 313.427, 313.427, 313.427, 313.427, 313.427, 313.427, 313.427, 313.427, 313.427, 313.427, 313.427, 313.427, 313.427, 313.427, 313.427, 313.427, 313.428, 313.428, 300, 
313.452, 313.452, 313.452, 313.452, 313.452, 313.452, 313.452, 313.452, 313.452, 313.452, 313.452, 313.452, 313.452, 313.452, 313.452, 313.452, 313.452, 313.452, 313.452, 313.452, 313.452, 313.452, 313.452, 313.452, 313.452, 313.452, 313.452, 313.452, 313.452, 313.452, 313.452, 313.452, 313.452, 313.452, 313.452, 313.452, 313.452, 313.452, 313.452, 313.452, 313.452, 313.452, 313.452, 313.452, 313.452, 313.452, 313.452, 313.452, 313.452, 313.452, 313.452, 313.452, 313.452, 313.452, 313.452, 313.452, 313.452, 313.452, 313.452, 313.452, 313.452, 313.452, 313.452, 313.452, 313.452, 313.452, 313.452, 313.452, 313.452, 313.452, 313.452, 313.452, 313.452, 313.452, 313.452, 313.452, 313.452, 313.452, 313.452, 313.452, 313.452, 313.452, 313.452, 313.452, 313.452, 313.452, 313.452, 313.452, 313.452, 313.452, 313.452, 313.452, 313.452, 313.453, 313.453, 313.453, 313.453, 313.453, 313.454, 300, 
313.478, 313.478, 313.478, 313.478, 313.478, 313.478, 313.478, 313.478, 313.478, 313.478, 313.478, 313.478, 313.478, 313.478, 313.478, 313.478, 313.478, 313.478, 313.478, 313.478, 313.478, 313.478, 313.478, 313.478, 313.478, 313.478, 313.478, 313.478, 313.478, 313.478, 313.478, 313.478, 313.478, 313.478, 313.478, 313.478, 313.478, 313.478, 313.478, 313.478, 313.478, 313.478, 313.478, 313.478, 313.478, 313.478, 313.478, 313.478, 313.478, 313.478, 313.478, 313.478, 313.478, 313.478, 313.478, 313.478, 313.478, 313.478, 313.478, 313.478, 313.478, 313.478, 313.478, 313.478, 313.478, 313.478, 313.478, 313.478, 313.478, 313.478, 313.478, 313.478, 313.478, 313.478, 313.478, 313.478, 313.478, 313.478, 313.478, 313.478, 313.478, 313.478, 313.478, 313.478, 313.478, 313.478, 313.478, 313.478, 313.478, 313.478, 313.478, 313.478, 313.478, 313.478, 313.478, 313.478, 313.478, 313.479, 313.479, 300, 
313.503, 313.503, 313.503, 313.503, 313.503, 313.503, 313.503, 313.503, 313.503, 313.503, 313.503, 313.503, 313.503, 313.503, 313.503, 313.503, 313.503, 313.503, 313.503, 313.503, 313.503, 313.503, 313.503, 313.503, 313.503, 313.503, 313.503, 313.503, 313.503, 313.503, 313.503, 313.503, 313.503, 313.503, 313.503, 313.503, 313.503, 313.503, 313.503, 313.503, 313.503, 313.503, 313.503, 313.503, 313.503, 313.503, 313.503, 313.503, 313.503, 313.503, 313.503, 313.503, 313.503, 313.503, 313.503, 313.503, 313.503, 313.503, 313.503, 313.503, 313.503, 313.503, 313.503, 313.503, 313.503, 313.503, 313.503, 313.503, 313.503, 313.503, 313.503, 313.503, 313.503, 313.503, 313.503, 313.503, 313.503, 313.503, 313.503, 313.503, 313.503, 313.503, 313.503, 313.503, 313.503, 313.503, 313.503, 313.503, 313.503, 313.503, 313.503, 313.503, 313.503, 313.503, 313.504, 313.504, 313.504, 313.504, 313.505, 300, 
313.529, 313.529, 313.529, 313.529, 313.529, 313.529, 313.529, 313.529, 313.529, 313.529, 313.529, 313.529, 313.529, 313.529, 313.529, 313.529, 313.529, 313.529, 313.529, 313.529, 313.529, 313.529, 313.529, 313.529, 313.529, 313.529, 313.529, 313.529, 313.529, 313.529, 313.529, 313.529, 313.529, 313.529, 313.529, 313.529, 313.529, 313.529, 313.529, 313.529, 313.529, 313.529, 313.529, 313.529, 313.529, 313.529, 313.529, 313.529, 313.529, 313.529, 313.529, 313.529, 313.529, 313.529, 313.529, 313.529, 313.529, 313.529, 313.529, 313.529, 313.529, 313.529, 313.529, 313.529, 313.529, 313.529, 313.529, 313.529, 313.529, 313.529, 313.529, 313.529, 313.529, 313.529, 313.529, 313.529, 313.529, 313.529, 313.529, 313.529, 313.529, 313.529, 313.529, 313.529, 313.529, 313.529, 313.529, 313.529, 313.529, 313.529, 313.529, 313.529, 313.529, 313.529, 313.529, 313.529, 313.529, 313.53, 313.53, 300, 
313.554, 313.554, 313.554, 313.554, 313.554, 313.554, 313.554, 313.554, 313.554, 313.554, 313.554, 313.554, 313.554, 313.554, 313.554, 313.554, 313.554, 313.554, 313.554, 313.554, 313.554, 313.554, 313.554, 313.554, 313.554, 313.554, 313.554, 313.554, 313.554, 313.554, 313.554, 313.554, 313.554, 313.554, 313.554, 313.554, 313.554, 313.554, 313.554, 313.554, 313.554, 313.554, 313.554, 313.554, 313.554, 313.554, 313.554, 313.554, 313.554, 313.554, 313.554, 313.554, 313.554, 313.554, 313.554, 313.554, 313.554, 313.554, 313.554, 313.554, 313.554, 313.554, 313.554, 313.554, 313.554, 313.554, 313.554, 313.554, 313.554, 313.554, 313.554, 313.554, 313.554, 313.554, 313.554, 313.554, 313.554, 313.554, 313.554, 313.554, 313.554, 313.554, 313.554, 313.554, 313.554, 313.554, 313.554, 313.554, 313.554, 313.554, 313.554, 313.554, 313.554, 313.554, 313.555, 313.555, 313.555, 313.555, 313.555, 300, 
313.58, 313.58, 313.58, 313.58, 313.58, 313.58, 313.58, 313.58, 313.58, 313.58, 313.58, 313.58, 313.58, 313.58, 313.58, 313.58, 313.58, 313.58, 313.58, 313.58, 313.58, 313.58, 313.58, 313.58, 313.58, 313.58, 313.58, 313.58, 313.58, 313.58, 313.58, 313.58, 313.58, 313.58, 313.58, 313.58, 313.58, 313.58, 313.58, 313.58, 313.58, 313.58, 313.58, 313.58, 313.58, 313.58, 313.58, 313.58, 313.58, 313.58, 313.58, 313.58, 313.58, 313.58, 313.58, 313.58, 313.58, 313.58, 313.58, 313.58, 313.58, 313.58, 313.58, 313.58, 313.58, 313.58, 313.58, 313.58, 313.58, 313.58, 313.58, 313.58, 313.58, 313.58, 313.58, 313.58, 313.58, 313.58, 313.58, 313.58, 313.58, 313.58, 313.58, 313.58, 313.58, 313.58, 313.58, 313.58, 313.58, 313.58, 313.58, 313.58, 313.58, 313.58, 313.58, 313.58, 313.58, 313.581, 313.581, 300, 
313.605, 313.605, 313.605, 313.605, 313.605, 313.605, 313.605, 313.605, 313.605, 313.605, 313.605, 313.605, 313.605, 313.605, 313.605, 313.605, 313.605, 313.605, 313.605, 313.605, 313.605, 313.605, 313.605, 313.605, 313.605, 313.605, 313.605, 313.605, 313.605, 313.605, 313.605, 313.605, 313.605, 313.605, 313.605, 313.605, 313.605, 313.605, 313.605, 313.605, 313.605, 313.605, 313.605, 313.605, 313.605, 313.605, 313.605, 313.605, 313.605, 313.605, 313.605, 313.605, 313.605, 313.605, 313.605, 313.605, 313.605, 313.605, 313.605, 313.605, 313.605, 313.605, 313.605, 313.605, 313.605, 313.605, 313.605, 313.605, 313.605, 313.605, 313.605, 313.605, 313.605, 313.605, 313.605, 313.605, 313.605, 313.605, 313.605, 313.605, 313.605, 313.605, 313.605, 313.605, 313.605, 313.605, 313.605, 313.605, 313.605, 313.605, 313.605, 313.605, 313.605, 313.605, 313.605, 313.606, 313.606, 313.606, 313.606, 300, 
313.631, 313.631, 313.631, 313.631, 313.631, 313.631, 313.631, 313.631, 313.631, 313.631, 313.631, 313.631, 313.631, 313.631, 313.631, 313.631, 313.631, 313.631, 313.631, 313.631, 313.631, 313.631, 313.631, 313.631, 313.631, 313.631, 313.631, 313.631, 313.631, 313.631, 313.631, 313.631, 313.631, 313.631, 313.631, 313.631, 313.631, 313.631, 313.631, 313.631, 313.631, 313.631, 313.631, 313.631, 313.631, 313.631, 313.631, 313.631, 313.631, 313.631, 313.631, 313.631, 313.631, 313.631, 313.631, 313.631, 313.631, 313.631, 313.631, 313.631, 313.631, 313.631, 313.631, 313.631, 313.631, 313.631, 313.631, 313.631, 313.631, 313.631, 313.631, 313.63, 313.63, 313.63, 313.63, 313.63, 313.63, 313.63, 313.63, 313.63, 313.63, 313.63, 313.631, 313.631, 313.631, 313.631, 313.631, 313.631, 313.631, 313.631, 313.631, 313.631, 313.631, 313.631, 313.631, 313.631, 313.631, 313.632, 313.632, 300, 
313.656, 313.656, 313.656, 313.656, 313.656, 313.656, 313.656, 313.656, 313.656, 313.656, 313.656, 313.656, 313.656, 313.656, 313.656, 313.656, 313.656, 313.656, 313.656, 313.656, 313.656, 313.656, 313.656, 313.656, 313.656, 313.656, 313.656, 313.656, 313.656, 313.656, 313.656, 313.656, 313.656, 313.656, 313.656, 313.656, 313.656, 313.656, 313.656, 313.656, 313.656, 313.656, 313.656, 313.656, 313.656, 313.656, 313.656, 313.656, 313.656, 313.656, 313.656, 313.656, 313.656, 313.656, 313.656, 313.656, 313.656, 313.656, 313.656, 313.656, 313.656, 313.656, 313.656, 313.656, 313.656, 313.656, 313.656, 313.656, 313.656, 313.656, 313.656, 313.656, 313.656, 313.656, 313.656, 313.656, 313.656, 313.656, 313.656, 313.656, 313.656, 313.656, 313.656, 313.656, 313.656, 313.656, 313.656, 313.656, 313.656, 313.656, 313.656, 313.656, 313.656, 313.656, 313.656, 313.657, 313.657, 313.657, 313.657, 300, 
313.682, 313.682, 313.682, 313.682, 313.682, 313.682, 313.682, 313.682, 313.682, 313.682, 313.682, 313.682, 313.682, 313.682, 313.682, 313.682, 313.682, 313.682, 313.682, 313.682, 313.681, 313.681, 313.681, 313.681, 313.681, 313.681, 313.681, 313.681, 313.681, 313.681, 313.681, 313.682, 313.682, 313.682, 313.682, 313.682, 313.682, 313.682, 313.682, 313.682, 313.682, 313.682, 313.682, 313.682, 313.682, 313.682, 313.682, 313.682, 313.682, 313.682, 313.682, 313.682, 313.682, 313.682, 313.682, 313.682, 313.682, 313.682, 313.682, 313.682, 313.682, 313.682, 313.682, 313.682, 313.682, 313.682, 313.681, 313.681, 313.681, 313.681, 313.681, 313.681, 313.681, 313.681, 313.681, 313.681, 313.681, 313.681, 313.681, 313.681, 313.681, 313.681, 313.681, 313.681, 313.681, 313.682, 313.682, 313.682, 313.682, 313.682, 313.682, 313.682, 313.682, 313.682, 313.682, 313.682, 313.682, 313.682, 313.683, 300, 
313.707, 313.707, 313.707, 313.707, 313.707, 313.707, 313.707, 313.707, 313.707, 313.707, 313.707, 313.707, 313.707, 313.707, 313.707, 313.707, 313.707, 313.707, 313.707, 313.707, 313.707, 313.707, 313.707, 313.707, 313.707, 313.707, 313.707, 313.707, 313.707, 313.707, 313.707, 313.707, 313.707, 313.707, 313.707, 313.707, 313.707, 313.707, 313.707, 313.707, 313.707, 313.707, 313.707, 313.707, 313.707, 313.707, 313.707, 313.707, 313.707, 313.707, 313.707, 313.707, 313.707, 313.707, 313.707, 313.707, 313.707, 313.707, 313.707, 313.707, 313.707, 313.707, 313.707, 313.707, 313.707, 313.707, 313.707, 313.707, 313.707, 313.707, 313.707, 313.707, 313.707, 313.707, 313.707, 313.707, 313.707, 313.707, 313.707, 313.707, 313.707, 313.707, 313.707, 313.707, 313.707, 313.707, 313.707, 313.707, 313.707, 313.707, 313.707, 313.707, 313.707, 313.707, 313.707, 313.707, 313.708, 313.708, 313.708, 300, 
313.733, 313.733, 313.733, 313.733, 313.733, 313.733, 313.733, 313.733, 313.733, 313.732, 313.732, 313.732, 313.732, 313.732, 313.732, 313.732, 313.732, 313.732, 313.732, 313.732, 313.732, 313.732, 313.732, 313.732, 313.732, 313.732, 313.732, 313.732, 313.732, 313.732, 313.732, 313.732, 313.732, 313.732, 313.732, 313.732, 313.732, 313.732, 313.732, 313.732, 313.732, 313.733, 313.733, 313.733, 313.733, 313.733, 313.733, 313.733, 313.733, 313.733, 313.733, 313.733, 313.733, 313.733, 313.733, 313.733, 313.733, 313.733, 313.733, 313.733, 313.732, 313.732, 313.732, 313.732, 313.732, 313.732, 313.732, 313.732, 313.732, 313.732, 313.732, 313.732, 313.732, 313.732, 313.732, 313.732, 313.732, 313.732, 313.732, 313.732, 313.732, 313.732, 313.732, 313.732, 313.732, 313.732, 313.732, 313.733, 313.733, 313.733, 313.733, 313.733, 313.733, 313.733, 313.733, 313.733, 313.733, 313.733, 313.734, 300, 
313.758, 313.758, 313.758, 313.758, 313.758, 313.758, 313.758, 313.758, 313.758, 313.758, 313.758, 313.758, 313.758, 313.758, 313.758, 313.758, 313.758, 313.758, 313.758, 313.758, 313.758, 313.758, 313.758, 313.758, 313.758, 313.758, 313.758, 313.758, 313.758, 313.758, 313.758, 313.758, 313.758, 313.758, 313.758, 313.758, 313.758, 313.758, 313.758, 313.758, 313.758, 313.758, 313.758, 313.758, 313.758, 313.758, 313.758, 313.758, 313.758, 313.758, 313.758, 313.758, 313.758, 313.758, 313.758, 313.758, 313.758, 313.758, 313.758, 313.758, 313.758, 313.758, 313.758, 313.758, 313.758, 313.758, 313.758, 313.758, 313.758, 313.758, 313.758, 313.758, 313.758, 313.758, 313.758, 313.758, 313.758, 313.758, 313.758, 313.758, 313.758, 313.758, 313.758, 313.758, 313.758, 313.758, 313.758, 313.758, 313.758, 313.758, 313.758, 313.758, 313.758, 313.758, 313.758, 313.758, 313.759, 313.759, 313.759, 300, 
313.783, 313.783, 313.783, 313.783, 313.783, 313.783, 313.783, 313.783, 313.783, 313.783, 313.783, 313.783, 313.783, 313.783, 313.783, 313.783, 313.783, 313.783, 313.783, 313.783, 313.783, 313.783, 313.783, 313.783, 313.783, 313.783, 313.783, 313.783, 313.783, 313.783, 313.783, 313.783, 313.783, 313.783, 313.783, 313.783, 313.783, 313.783, 313.783, 313.783, 313.783, 313.783, 313.783, 313.783, 313.783, 313.783, 313.783, 313.783, 313.783, 313.783, 313.783, 313.783, 313.783, 313.783, 313.783, 313.783, 313.783, 313.783, 313.783, 313.783, 313.783, 313.783, 313.783, 313.783, 313.783, 313.783, 313.783, 313.783, 313.783, 313.783, 313.783, 313.783, 313.783, 313.783, 313.783, 313.783, 313.783, 313.783, 313.783, 313.783, 313.783, 313.783, 313.783, 313.783, 313.783, 313.783, 313.783, 313.783, 313.783, 313.784, 313.784, 313.784, 313.784, 313.784, 313.784, 313.784, 313.784, 313.784, 313.785, 300, 
313.809, 313.809, 313.809, 313.809, 313.809, 313.809, 313.809, 313.809, 313.809, 313.809, 313.809, 313.809, 313.809, 313.809, 313.809, 313.809, 313.809, 313.809, 313.809, 313.809, 313.809, 313.809, 313.809, 313.809, 313.809, 313.809, 313.809, 313.809, 313.809, 313.809, 313.809, 313.809, 313.809, 313.809, 313.809, 313.809, 313.809, 313.809, 313.809, 313.809, 313.809, 313.809, 313.809, 313.809, 313.809, 313.809, 313.809, 313.809, 313.809, 313.809, 313.809, 313.809, 313.809, 313.809, 313.809, 313.809, 313.809, 313.809, 313.809, 313.809, 313.809, 313.809, 313.809, 313.809, 313.809, 313.809, 313.809, 313.809, 313.809, 313.809, 313.809, 313.809, 313.809, 313.809, 313.809, 313.809, 313.809, 313.809, 313.809, 313.809, 313.809, 313.809, 313.809, 313.809, 313.809, 313.809, 313.809, 313.809, 313.809, 313.809, 313.809, 313.809, 313.809, 313.809, 313.809, 313.809, 313.81, 313.81, 313.81, 300, 
313.834, 313.834, 313.834, 313.834, 313.834, 313.834, 313.834, 313.834, 313.834, 313.834, 313.834, 313.834, 313.834, 313.834, 313.834, 313.834, 313.834, 313.834, 313.834, 313.834, 313.834, 313.834, 313.834, 313.834, 313.834, 313.834, 313.834, 313.834, 313.834, 313.834, 313.834, 313.834, 313.834, 313.834, 313.834, 313.834, 313.834, 313.834, 313.834, 313.834, 313.834, 313.834, 313.834, 313.834, 313.834, 313.834, 313.834, 313.834, 313.834, 313.834, 313.834, 313.834, 313.834, 313.834, 313.834, 313.834, 313.834, 313.834, 313.834, 313.834, 313.834, 313.834, 313.834, 313.834, 313.834, 313.834, 313.834, 313.834, 313.834, 313.834, 313.834, 313.834, 313.834, 313.834, 313.834, 313.834, 313.834, 313.834, 313.834, 313.834, 313.834, 313.834, 313.834, 313.834, 313.834, 313.834, 313.834, 313.834, 313.834, 313.834, 313.835, 313.835, 313.835, 313.835, 313.835, 313.835, 313.835, 313.835, 313.836, 300, 
313.86, 313.86, 313.86, 313.86, 313.86, 313.86, 313.86, 313.86, 313.86, 313.86, 313.86, 313.86, 313.86, 313.86, 313.86, 313.86, 313.86, 313.86, 313.86, 313.86, 313.86, 313.86, 313.86, 313.86, 313.86, 313.86, 313.86, 313.86, 313.86, 313.86, 313.86, 313.86, 313.86, 313.86, 313.86, 313.86, 313.86, 313.86, 313.86, 313.86, 313.86, 313.86, 313.86, 313.86, 313.86, 313.86, 313.86, 313.86, 313.86, 313.86, 313.86, 313.86, 313.86, 313.86, 313.86, 313.86, 313.86, 313.86, 313.86, 313.86, 313.86, 313.86, 313.86, 313.86, 313.86, 313.86, 313.86, 313.86, 313.86, 313.86, 313.86, 313.86, 313.86, 313.86, 313.86, 313.86, 313.86, 313.86, 313.86, 313.86, 313.86, 313.86, 313.86, 313.86, 313.86, 313.86, 313.86, 313.86, 313.86, 313.86, 313.86, 313.86, 313.86, 313.86, 313.86, 313.86, 313.861, 313.861, 313.861, 300, 
313.885, 313.885, 313.885, 313.885, 313.885, 313.885, 313.885, 313.885, 313.885, 313.885, 313.885, 313.885, 313.885, 313.885, 313.885, 313.885, 313.885, 313.885, 313.885, 313.885, 313.885, 313.885, 313.885, 313.885, 313.885, 313.885, 313.885, 313.885, 313.885, 313.885, 313.885, 313.885, 313.885, 313.885, 313.885, 313.885, 313.885, 313.885, 313.885, 313.885, 313.885, 313.885, 313.885, 313.885, 313.885, 313.885, 313.885, 313.885, 313.885, 313.885, 313.885, 313.885, 313.885, 313.885, 313.885, 313.885, 313.885, 313.885, 313.885, 313.885, 313.885, 313.885, 313.885, 313.885, 313.885, 313.885, 313.885, 313.885, 313.885, 313.885, 313.885, 313.885, 313.885, 313.885, 313.885, 313.885, 313.885, 313.885, 313.885, 313.885, 313.885, 313.885, 313.885, 313.885, 313.885, 313.885, 313.885, 313.885, 313.885, 313.885, 313.885, 313.886, 313.886, 313.886, 313.886, 313.886, 313.886, 313.886, 313.886, 300, 
313.911, 313.911, 313.911, 313.911, 313.911, 313.911, 313.911, 313.911, 313.911, 313.911, 313.911, 313.911, 313.911, 313.911, 313.911, 313.911, 313.911, 313.911, 313.911, 313.911, 313.911, 313.911, 313.911, 313.911, 313.911, 313.911, 313.911, 313.911, 313.911, 313.911, 313.911, 313.911, 313.911, 313.911, 313.911, 313.911, 313.911, 313.911, 313.911, 313.911, 313.911, 313.911, 313.911, 313.911, 313.911, 313.911, 313.911, 313.911, 313.911, 313.911, 313.911, 313.911, 313.911, 313.911, 313.911, 313.911, 313.911, 313.911, 313.911, 313.911, 313.911, 313.911, 313.911, 313.911, 313.911, 313.911, 313.911, 313.911, 313.911, 313.911, 313.911, 313.911, 313.911, 313.911, 313.911, 313.911, 313.911, 313.911, 313.911, 313.911, 313.911, 313.911, 313.911, 313.911, 313.911, 313.911, 313.911, 313.911, 313.911, 313.911, 313.911, 313.911, 313.911, 313.911, 313.911, 313.911, 313.911, 313.912, 313.912, 300, 
313.936, 313.936, 313.936, 313.936, 313.936, 313.936, 313.936, 313.936, 313.936, 313.936, 313.936, 313.936, 313.936, 313.936, 313.936, 313.936, 313.936, 313.936, 313.936, 313.936, 313.936, 313.936, 313.936, 313.936, 313.936, 313.936, 313.936, 313.936, 313.936, 313.936, 313.936, 313.936, 313.936, 313.936, 313.936, 313.936, 313.936, 313.936, 313.936, 313.936, 313.936, 313.936, 313.936, 313.936, 313.936, 313.936, 313.936, 313.936, 313.936, 313.936, 313.936, 313.936, 313.936, 313.936, 313.936, 313.936, 313.936, 313.936, 313.936, 313.936, 313.936, 313.936, 313.936, 313.936, 313.936, 313.936, 313.936, 313.936, 313.936, 313.936, 313.936, 313.936, 313.936, 313.936, 313.936, 313.936, 313.936, 313.936, 313.936, 313.936, 313.936, 313.936, 313.936, 313.936, 313.936, 313.936, 313.936, 313.936, 313.936, 313.936, 313.936, 313.936, 313.937, 313.937, 313.937, 313.937, 313.937, 313.937, 313.937, 300, 
313.962, 313.962, 313.962, 313.962, 313.962, 313.962, 313.962, 313.962, 313.962, 313.962, 313.962, 313.962, 313.962, 313.962, 313.962, 313.962, 313.962, 313.962, 313.962, 313.962, 313.962, 313.962, 313.962, 313.962, 313.962, 313.962, 313.962, 313.962, 313.962, 313.962, 313.962, 313.962, 313.962, 313.962, 313.962, 313.962, 313.962, 313.962, 313.962, 313.962, 313.962, 313.962, 313.962, 313.962, 313.962, 313.962, 313.962, 313.962, 313.962, 313.962, 313.962, 313.962, 313.962, 313.962, 313.962, 313.962, 313.962, 313.962, 313.962, 313.962, 313.962, 313.962, 313.962, 313.962, 313.962, 313.962, 313.962, 313.962, 313.962, 313.962, 313.962, 313.962, 313.962, 313.962, 313.962, 313.962, 313.962, 313.962, 313.962, 313.962, 313.962, 313.962, 313.962, 313.962, 313.962, 313.962, 313.962, 313.962, 313.962, 313.962, 313.962, 313.962, 313.962, 313.962, 313.962, 313.962, 313.962, 313.963, 313.963, 300, 
313.987, 313.987, 313.987, 313.987, 313.987, 313.987, 313.987, 313.987, 313.987, 313.987, 313.987, 313.987, 313.987, 313.987, 313.987, 313.987, 313.987, 313.987, 313.987, 313.987, 313.987, 313.987, 313.987, 313.987, 313.987, 313.987, 313.987, 313.987, 313.987, 313.987, 313.987, 313.987, 313.987, 313.987, 313.987, 313.987, 313.987, 313.987, 313.987, 313.987, 313.987, 313.987, 313.987, 313.987, 313.987, 313.987, 313.987, 313.987, 313.987, 313.987, 313.987, 313.987, 313.987, 313.987, 313.987, 313.987, 313.987, 313.987, 313.987, 313.987, 313.987, 313.987, 313.987, 313.987, 313.987, 313.987, 313.987, 313.987, 313.987, 313.987, 313.987, 313.987, 313.987, 313.987, 313.987, 313.987, 313.987, 313.987, 313.987, 313.987, 313.987, 313.987, 313.987, 313.987, 313.987, 313.987, 313.987, 313.987, 313.987, 313.987, 313.987, 313.987, 313.987, 313.988, 313.988, 313.988, 313.988, 313.988, 313.988, 300, 
314.013, 314.013, 314.013, 314.013, 314.013, 314.013, 314.013, 314.013, 314.013, 314.013, 314.013, 314.013, 314.013, 314.013, 314.013, 314.013, 314.013, 314.013, 314.013, 314.013, 314.013, 314.013, 314.013, 314.013, 314.013, 314.013, 314.013, 314.013, 314.013, 314.013, 314.013, 314.013, 314.013, 314.013, 314.013, 314.013, 314.013, 314.013, 314.013, 314.013, 314.013, 314.013, 314.013, 314.013, 314.013, 314.013, 314.013, 314.013, 314.013, 314.013, 314.013, 314.013, 314.013, 314.013, 314.013, 314.013, 314.013, 314.013, 314.013, 314.013, 314.013, 314.013, 314.013, 314.013, 314.013, 314.013, 314.013, 314.013, 314.013, 314.013, 314.013, 314.013, 314.013, 314.013, 314.013, 314.013, 314.013, 314.013, 314.013, 314.013, 314.013, 314.013, 314.013, 314.013, 314.013, 314.013, 314.013, 314.013, 314.013, 314.013, 314.013, 314.013, 314.013, 314.013, 314.013, 314.013, 314.013, 314.014, 314.014, 300, 
314.038, 314.038, 314.038, 314.038, 314.038, 314.038, 314.038, 314.038, 314.038, 314.038, 314.038, 314.038, 314.038, 314.038, 314.038, 314.038, 314.038, 314.038, 314.038, 314.038, 314.038, 314.038, 314.038, 314.038, 314.038, 314.038, 314.038, 314.038, 314.038, 314.038, 314.038, 314.038, 314.038, 314.038, 314.038, 314.038, 314.038, 314.038, 314.038, 314.038, 314.038, 314.038, 314.038, 314.038, 314.038, 314.038, 314.038, 314.038, 314.038, 314.038, 314.038, 314.038, 314.038, 314.038, 314.038, 314.038, 314.038, 314.038, 314.038, 314.038, 314.038, 314.038, 314.038, 314.038, 314.038, 314.038, 314.038, 314.038, 314.038, 314.038, 314.038, 314.038, 314.038, 314.038, 314.038, 314.038, 314.038, 314.038, 314.038, 314.038, 314.038, 314.038, 314.038, 314.038, 314.038, 314.038, 314.038, 314.038, 314.038, 314.038, 314.038, 314.038, 314.038, 314.038, 314.039, 314.039, 314.039, 314.039, 314.039, 300, 
314.064, 314.064, 314.064, 314.064, 314.064, 314.064, 314.064, 314.064, 314.064, 314.064, 314.064, 314.064, 314.064, 314.064, 314.064, 314.064, 314.064, 314.064, 314.064, 314.064, 314.064, 314.064, 314.064, 314.064, 314.064, 314.064, 314.064, 314.064, 314.064, 314.064, 314.064, 314.064, 314.064, 314.064, 314.064, 314.064, 314.064, 314.064, 314.064, 314.064, 314.064, 314.064, 314.064, 314.064, 314.064, 314.064, 314.064, 314.064, 314.064, 314.064, 314.064, 314.064, 314.064, 314.064, 314.064, 314.064, 314.064, 314.064, 314.064, 314.064, 314.064, 314.064, 314.064, 314.064, 314.064, 314.064, 314.064, 314.064, 314.064, 314.064, 314.064, 314.064, 314.064, 314.064, 314.064, 314.064, 314.064, 314.064, 314.064, 314.064, 314.064, 314.064, 314.064, 314.064, 314.064, 314.064, 314.064, 314.064, 314.064, 314.064, 314.064, 314.064, 314.064, 314.064, 314.064, 314.064, 314.064, 314.065, 314.065, 300, 
314.089, 314.089, 314.089, 314.089, 314.089, 314.089, 314.089, 314.089, 314.089, 314.089, 314.089, 314.089, 314.089, 314.089, 314.089, 314.089, 314.089, 314.089, 314.089, 314.089, 314.089, 314.089, 314.089, 314.089, 314.089, 314.089, 314.089, 314.089, 314.089, 314.089, 314.089, 314.089, 314.089, 314.089, 314.089, 314.089, 314.089, 314.089, 314.089, 314.089, 314.089, 314.089, 314.089, 314.089, 314.089, 314.089, 314.089, 314.089, 314.089, 314.089, 314.089, 314.089, 314.089, 314.089, 314.089, 314.089, 314.089, 314.089, 314.089, 314.089, 314.089, 314.089, 314.089, 314.089, 314.089, 314.089, 314.089, 314.089, 314.089, 314.089, 314.089, 314.089, 314.089, 314.089, 314.089, 314.089, 314.089, 314.089, 314.089, 314.089, 314.089, 314.089, 314.089, 314.089, 314.089, 314.089, 314.089, 314.089, 314.089, 314.089, 314.089, 314.089, 314.089, 314.089, 314.09, 314.09, 314.09, 314.09, 314.09, 300, 
314.115, 314.115, 314.115, 314.115, 314.115, 314.115, 314.115, 314.115, 314.115, 314.115, 314.115, 314.115, 314.115, 314.115, 314.115, 314.115, 314.115, 314.115, 314.115, 314.115, 314.115, 314.115, 314.115, 314.115, 314.115, 314.115, 314.115, 314.115, 314.115, 314.115, 314.115, 314.115, 314.115, 314.115, 314.115, 314.115, 314.115, 314.115, 314.115, 314.115, 314.115, 314.115, 314.115, 314.115, 314.115, 314.115, 314.115, 314.115, 314.115, 314.115, 314.115, 314.115, 314.115, 314.115, 314.115, 314.115, 314.115, 314.115, 314.115, 314.115, 314.115, 314.115, 314.115, 314.115, 314.115, 314.115, 314.115, 314.115, 314.115, 314.115, 314.115, 314.115, 314.115, 314.115, 314.115, 314.115, 314.115, 314.115, 314.115, 314.115, 314.115, 314.115, 314.115, 314.115, 314.115, 314.115, 314.115, 314.115, 314.115, 314.115, 314.115, 314.115, 314.115, 314.115, 314.115, 314.115, 314.115, 314.115, 314.116, 300, 
314.14, 314.14, 314.14, 314.14, 314.14, 314.14, 314.14, 314.14, 314.14, 314.14, 314.14, 314.14, 314.14, 314.14, 314.14, 314.14, 314.14, 314.14, 314.14, 314.14, 314.14, 314.14, 314.14, 314.14, 314.14, 314.14, 314.14, 314.14, 314.14, 314.14, 314.14, 314.14, 314.14, 314.14, 314.14, 314.14, 314.14, 314.14, 314.14, 314.14, 314.14, 314.14, 314.14, 314.14, 314.14, 314.14, 314.14, 314.14, 314.14, 314.14, 314.14, 314.14, 314.14, 314.14, 314.14, 314.14, 314.14, 314.14, 314.14, 314.14, 314.14, 314.14, 314.14, 314.14, 314.14, 314.14, 314.14, 314.14, 314.14, 314.14, 314.14, 314.14, 314.14, 314.14, 314.14, 314.14, 314.14, 314.14, 314.14, 314.14, 314.14, 314.14, 314.14, 314.14, 314.14, 314.14, 314.14, 314.14, 314.14, 314.14, 314.14, 314.14, 314.14, 314.14, 314.14, 314.141, 314.141, 314.141, 314.141, 300, 
314.166, 314.166, 314.166, 314.166, 314.166, 314.166, 314.166, 314.166, 314.166, 314.166, 314.166, 314.166, 314.166, 314.166, 314.166, 314.166, 314.166, 314.166, 314.166, 314.166, 314.166, 314.166, 314.166, 314.166, 314.166, 314.166, 314.166, 314.166, 314.166, 314.166, 314.166, 314.166, 314.166, 314.166, 314.166, 314.166, 314.166, 314.166, 314.166, 314.166, 314.166, 314.166, 314.166, 314.166, 314.166, 314.166, 314.166, 314.166, 314.166, 314.166, 314.166, 314.166, 314.166, 314.166, 314.166, 314.166, 314.166, 314.166, 314.166, 314.166, 314.166, 314.166, 314.166, 314.166, 314.166, 314.166, 314.166, 314.166, 314.166, 314.166, 314.166, 314.166, 314.166, 314.166, 314.166, 314.166, 314.166, 314.166, 314.166, 314.166, 314.166, 314.166, 314.166, 314.166, 314.166, 314.166, 314.166, 314.166, 314.166, 314.166, 314.166, 314.166, 314.166, 314.166, 314.166, 314.166, 314.166, 314.166, 314.167, 300, 
314.191, 314.191, 314.191, 314.191, 314.191, 314.191, 314.191, 314.191, 314.191, 314.191, 314.191, 314.191, 314.191, 314.191, 314.191, 314.191, 314.191, 314.191, 314.191, 314.191, 314.191, 314.191, 314.191, 314.191, 314.191, 314.191, 314.191, 314.191, 314.191, 314.191, 314.191, 314.191, 314.191, 314.191, 314.191, 314.191, 314.191, 314.191, 314.191, 314.191, 314.191, 314.191, 314.191, 314.191, 314.191, 314.191, 314.191, 314.191, 314.191, 314.191, 314.191, 314.191, 314.191, 314.191, 314.191, 314.191, 314.191, 314.191, 314.191, 314.191, 314.191, 314.191, 314.191, 314.191, 314.191, 314.191, 314.191, 314.191, 314.191, 314.191, 314.191, 314.191, 314.191, 314.191, 314.191, 314.191, 314.191, 314.191, 314.191, 314.191, 314.191, 314.191, 314.191, 314.191, 314.191, 314.191, 314.191, 314.191, 314.191, 314.191, 314.191, 314.191, 314.191, 314.191, 314.191, 314.192, 314.192, 314.192, 314.192, 300, 
314.217, 314.217, 314.217, 314.217, 314.217, 314.217, 314.217, 314.217, 314.217, 314.217, 314.217, 314.217, 314.217, 314.217, 314.217, 314.217, 314.217, 314.217, 314.217, 314.217, 314.217, 314.217, 314.217, 314.217, 314.217, 314.217, 314.217, 314.217, 314.217, 314.217, 314.217, 314.217, 314.217, 314.217, 314.217, 314.217, 314.217, 314.217, 314.217, 314.217, 314.217, 314.217, 314.217, 314.217, 314.217, 314.217, 314.217, 314.217, 314.217, 314.217, 314.217, 314.217, 314.217, 314.217, 314.217, 314.217, 314.217, 314.217, 314.217, 314.217, 314.217, 314.217, 314.217, 314.217, 314.217, 314.217, 314.217, 314.217, 314.217, 314.217, 314.217, 314.216, 314.216, 314.216, 314.216, 314.216, 314.216, 314.216, 314.216, 314.216, 314.216, 314.216, 314.217, 314.217, 314.217, 314.217, 314.217, 314.217, 314.217, 314.217, 314.217, 314.217, 314.217, 314.217, 314.217, 314.217, 314.217, 314.217, 314.218, 300, 
314.242, 314.242, 314.242, 314.242, 314.242, 314.242, 314.242, 314.242, 314.242, 314.242, 314.242, 314.242, 314.242, 314.242, 314.242, 314.242, 314.242, 314.242, 314.242, 314.242, 314.242, 314.242, 314.242, 314.242, 314.242, 314.242, 314.242, 314.242, 314.242, 314.242, 314.242, 314.242, 314.242, 314.242, 314.242, 314.242, 314.242, 314.242, 314.242, 314.242, 314.242, 314.242, 314.242, 314.242, 314.242, 314.242, 314.242, 314.242, 314.242, 314.242, 314.242, 314.242, 314.242, 314.242, 314.242, 314.242, 314.242, 314.242, 314.242, 314.242, 314.242, 314.242, 314.242, 314.242, 314.242, 314.242, 314.242, 314.242, 314.242, 314.242, 314.242, 314.242, 314.242, 314.242, 314.242, 314.242, 314.242, 314.242, 314.242, 314.242, 314.242, 314.242, 314.242, 314.242, 314.242, 314.242, 314.242, 314.242, 314.242, 314.242, 314.242, 314.242, 314.242, 314.242, 314.242, 314.242, 314.243, 314.243, 314.243, 300, 
314.268, 314.268, 314.268, 314.268, 314.268, 314.268, 314.268, 314.268, 314.268, 314.268, 314.268, 314.268, 314.268, 314.268, 314.268, 314.268, 314.268, 314.267, 314.267, 314.267, 314.267, 314.267, 314.267, 314.267, 314.267, 314.267, 314.267, 314.267, 314.267, 314.267, 314.267, 314.267, 314.267, 314.268, 314.268, 314.268, 314.268, 314.268, 314.268, 314.268, 314.268, 314.268, 314.268, 314.268, 314.268, 314.268, 314.268, 314.268, 314.268, 314.268, 314.268, 314.268, 314.268, 314.268, 314.268, 314.268, 314.268, 314.268, 314.268, 314.268, 314.268, 314.268, 314.268, 314.268, 314.268, 314.267, 314.267, 314.267, 314.267, 314.267, 314.267, 314.267, 314.267, 314.267, 314.267, 314.267, 314.267, 314.267, 314.267, 314.267, 314.267, 314.267, 314.267, 314.267, 314.267, 314.267, 314.268, 314.268, 314.268, 314.268, 314.268, 314.268, 314.268, 314.268, 314.268, 314.268, 314.268, 314.268, 314.268, 300, 
314.293, 314.293, 314.293, 314.293, 314.293, 314.293, 314.293, 314.293, 314.293, 314.293, 314.293, 314.293, 314.293, 314.293, 314.293, 314.293, 314.293, 314.293, 314.293, 314.293, 314.293, 314.293, 314.293, 314.293, 314.293, 314.293, 314.293, 314.293, 314.293, 314.293, 314.293, 314.293, 314.293, 314.293, 314.293, 314.293, 314.293, 314.293, 314.293, 314.293, 314.293, 314.293, 314.293, 314.293, 314.293, 314.293, 314.293, 314.293, 314.293, 314.293, 314.293, 314.293, 314.293, 314.293, 314.293, 314.293, 314.293, 314.293, 314.293, 314.293, 314.293, 314.293, 314.293, 314.293, 314.293, 314.293, 314.293, 314.293, 314.293, 314.293, 314.293, 314.293, 314.293, 314.293, 314.293, 314.293, 314.293, 314.293, 314.293, 314.293, 314.293, 314.293, 314.293, 314.293, 314.293, 314.293, 314.293, 314.293, 314.293, 314.293, 314.293, 314.293, 314.293, 314.293, 314.293, 314.293, 314.294, 314.294, 314.294, 300, 
314.318, 314.318, 314.318, 314.318, 314.318, 314.318, 314.318, 314.318, 314.318, 314.318, 314.318, 314.318, 314.318, 314.318, 314.318, 314.318, 314.318, 314.318, 314.318, 314.318, 314.318, 314.318, 314.318, 314.318, 314.318, 314.318, 314.318, 314.318, 314.318, 314.318, 314.318, 314.318, 314.318, 314.318, 314.318, 314.318, 314.318, 314.318, 314.318, 314.318, 314.318, 314.318, 314.318, 314.318, 314.318, 314.319, 314.319, 314.319, 314.319, 314.319, 314.319, 314.319, 314.319, 314.319, 314.319, 314.319, 314.319, 314.318, 314.318, 314.318, 314.318, 314.318, 314.318, 314.318, 314.318, 314.318, 314.318, 314.318, 314.318, 314.318, 314.318, 314.318, 314.318, 314.318, 314.318, 314.318, 314.318, 314.318, 314.318, 314.318, 314.318, 314.318, 314.318, 314.318, 314.318, 314.318, 314.318, 314.318, 314.319, 314.319, 314.319, 314.319, 314.319, 314.319, 314.319, 314.319, 314.319, 314.319, 314.319, 300, 
314.344, 314.344, 314.344, 314.344, 314.344, 314.344, 314.344, 314.344, 314.344, 314.344, 314.344, 314.344, 314.344, 314.344, 314.344, 314.344, 314.344, 314.344, 314.344, 314.344, 314.344, 314.344, 314.344, 314.344, 314.344, 314.344, 314.344, 314.344, 314.344, 314.344, 314.344, 314.344, 314.344, 314.344, 314.344, 314.344, 314.344, 314.344, 314.344, 314.344, 314.344, 314.344, 314.344, 314.344, 314.344, 314.344, 314.344, 314.344, 314.344, 314.344, 314.344, 314.344, 314.344, 314.344, 314.344, 314.344, 314.344, 314.344, 314.344, 314.344, 314.344, 314.344, 314.344, 314.344, 314.344, 314.344, 314.344, 314.344, 314.344, 314.344, 314.344, 314.344, 314.344, 314.344, 314.344, 314.344, 314.344, 314.344, 314.344, 314.344, 314.344, 314.344, 314.344, 314.344, 314.344, 314.344, 314.344, 314.344, 314.344, 314.344, 314.344, 314.344, 314.344, 314.344, 314.344, 314.344, 314.344, 314.345, 314.345, 300, 
314.369, 314.369, 314.369, 314.369, 314.369, 314.369, 314.369, 314.369, 314.369, 314.369, 314.369, 314.369, 314.369, 314.369, 314.369, 314.369, 314.369, 314.369, 314.369, 314.369, 314.369, 314.369, 314.369, 314.369, 314.369, 314.369, 314.369, 314.369, 314.369, 314.369, 314.369, 314.369, 314.369, 314.369, 314.369, 314.369, 314.369, 314.369, 314.369, 314.369, 314.369, 314.369, 314.369, 314.369, 314.369, 314.369, 314.369, 314.369, 314.369, 314.369, 314.369, 314.369, 314.369, 314.369, 314.369, 314.369, 314.369, 314.369, 314.369, 314.369, 314.369, 314.369, 314.369, 314.369, 314.369, 314.369, 314.369, 314.369, 314.369, 314.369, 314.369, 314.369, 314.369, 314.369, 314.369, 314.369, 314.369, 314.369, 314.369, 314.369, 314.369, 314.369, 314.369, 314.369, 314.369, 314.369, 314.369, 314.369, 314.369, 314.369, 314.37, 314.37, 314.37, 314.37, 314.37, 314.37, 314.37, 314.37, 314.37, 300, 
314.395, 314.395, 314.395, 314.395, 314.395, 314.395, 314.395, 314.395, 314.395, 314.395, 314.395, 314.395, 314.395, 314.395, 314.395, 314.395, 314.395, 314.395, 314.395, 314.395, 314.395, 314.395, 314.395, 314.395, 314.395, 314.395, 314.395, 314.395, 314.395, 314.395, 314.395, 314.395, 314.395, 314.395, 314.395, 314.395, 314.395, 314.395, 314.395, 314.395, 314.395, 314.395, 314.395, 314.395, 314.395, 314.395, 314.395, 314.395, 314.395, 314.395, 314.395, 314.395, 314.395, 314.395, 314.395, 314.395, 314.395, 314.395, 314.395, 314.395, 314.395, 314.395, 314.395, 314.395, 314.395, 314.395, 314.395, 314.395, 314.395, 314.395, 314.395, 314.395, 314.395, 314.395, 314.395, 314.395, 314.395, 314.395, 314.395, 314.395, 314.395, 314.395, 314.395, 314.395, 314.395, 314.395, 314.395, 314.395, 314.395, 314.395, 314.395, 314.395, 314.395, 314.395, 314.395, 314.395, 314.395, 314.396, 314.396, 300, 
314.42, 314.42, 314.42, 314.42, 314.42, 314.42, 314.42, 314.42, 314.42, 314.42, 314.42, 314.42, 314.42, 314.42, 314.42, 314.42, 314.42, 314.42, 314.42, 314.42, 314.42, 314.42, 314.42, 314.42, 314.42, 314.42, 314.42, 314.42, 314.42, 314.42, 314.42, 314.42, 314.42, 314.42, 314.42, 314.42, 314.42, 314.42, 314.42, 314.42, 314.42, 314.42, 314.42, 314.42, 314.42, 314.42, 314.42, 314.42, 314.42, 314.42, 314.42, 314.42, 314.42, 314.42, 314.42, 314.42, 314.42, 314.42, 314.42, 314.42, 314.42, 314.42, 314.42, 314.42, 314.42, 314.42, 314.42, 314.42, 314.42, 314.42, 314.42, 314.42, 314.42, 314.42, 314.42, 314.42, 314.42, 314.42, 314.42, 314.42, 314.42, 314.42, 314.42, 314.42, 314.42, 314.42, 314.42, 314.42, 314.42, 314.42, 314.42, 314.421, 314.421, 314.421, 314.421, 314.421, 314.421, 314.421, 314.421, 300, 
314.446, 314.446, 314.446, 314.446, 314.446, 314.446, 314.446, 314.446, 314.446, 314.446, 314.446, 314.446, 314.446, 314.446, 314.446, 314.446, 314.446, 314.446, 314.446, 314.446, 314.446, 314.446, 314.446, 314.446, 314.446, 314.446, 314.446, 314.446, 314.446, 314.446, 314.446, 314.446, 314.446, 314.446, 314.446, 314.446, 314.446, 314.446, 314.446, 314.446, 314.446, 314.446, 314.446, 314.446, 314.446, 314.446, 314.446, 314.446, 314.446, 314.446, 314.446, 314.446, 314.446, 314.446, 314.446, 314.446, 314.446, 314.446, 314.446, 314.446, 314.446, 314.446, 314.446, 314.446, 314.446, 314.446, 314.446, 314.446, 314.446, 314.446, 314.446, 314.446, 314.446, 314.446, 314.446, 314.446, 314.446, 314.446, 314.446, 314.446, 314.446, 314.446, 314.446, 314.446, 314.446, 314.446, 314.446, 314.446, 314.446, 314.446, 314.446, 314.446, 314.446, 314.446, 314.446, 314.446, 314.446, 314.447, 314.447, 300, 
314.471, 314.471, 314.471, 314.471, 314.471, 314.471, 314.471, 314.471, 314.471, 314.471, 314.471, 314.471, 314.471, 314.471, 314.471, 314.471, 314.471, 314.471, 314.471, 314.471, 314.471, 314.471, 314.471, 314.471, 314.471, 314.471, 314.471, 314.471, 314.471, 314.471, 314.471, 314.471, 314.471, 314.471, 314.471, 314.471, 314.471, 314.471, 314.471, 314.471, 314.471, 314.471, 314.471, 314.471, 314.471, 314.471, 314.471, 314.471, 314.471, 314.471, 314.471, 314.471, 314.471, 314.471, 314.471, 314.471, 314.471, 314.471, 314.471, 314.471, 314.471, 314.471, 314.471, 314.471, 314.471, 314.471, 314.471, 314.471, 314.471, 314.471, 314.471, 314.471, 314.471, 314.471, 314.471, 314.471, 314.471, 314.471, 314.471, 314.471, 314.471, 314.471, 314.471, 314.471, 314.471, 314.471, 314.471, 314.471, 314.471, 314.471, 314.471, 314.471, 314.472, 314.472, 314.472, 314.472, 314.472, 314.472, 314.472, 300, 
314.497, 314.497, 314.497, 314.497, 314.497, 314.497, 314.497, 314.497, 314.497, 314.497, 314.497, 314.497, 314.497, 314.497, 314.497, 314.497, 314.497, 314.497, 314.497, 314.497, 314.497, 314.497, 314.497, 314.497, 314.497, 314.497, 314.497, 314.497, 314.497, 314.497, 314.497, 314.497, 314.497, 314.497, 314.497, 314.497, 314.497, 314.497, 314.497, 314.497, 314.497, 314.497, 314.497, 314.497, 314.497, 314.497, 314.497, 314.497, 314.497, 314.497, 314.497, 314.497, 314.497, 314.497, 314.497, 314.497, 314.497, 314.497, 314.497, 314.497, 314.497, 314.497, 314.497, 314.497, 314.497, 314.497, 314.497, 314.497, 314.497, 314.497, 314.497, 314.497, 314.497, 314.497, 314.497, 314.497, 314.497, 314.497, 314.497, 314.497, 314.497, 314.497, 314.497, 314.497, 314.497, 314.497, 314.497, 314.497, 314.497, 314.497, 314.497, 314.497, 314.497, 314.497, 314.497, 314.497, 314.497, 314.498, 314.498, 300, 
314.522, 314.522, 314.522, 314.522, 314.522, 314.522, 314.522, 314.522, 314.522, 314.522, 314.522, 314.522, 314.522, 314.522, 314.522, 314.522, 314.522, 314.522, 314.522, 314.522, 314.522, 314.522, 314.522, 314.522, 314.522, 314.522, 314.522, 314.522, 314.522, 314.522, 314.522, 314.522, 314.522, 314.522, 314.522, 314.522, 314.522, 314.522, 314.522, 314.522, 314.522, 314.522, 314.522, 314.522, 314.522, 314.522, 314.522, 314.522, 314.522, 314.522, 314.522, 314.522, 314.522, 314.522, 314.522, 314.522, 314.522, 314.522, 314.522, 314.522, 314.522, 314.522, 314.522, 314.522, 314.522, 314.522, 314.522, 314.522, 314.522, 314.522, 314.522, 314.522, 314.522, 314.522, 314.522, 314.522, 314.522, 314.522, 314.522, 314.522, 314.522, 314.522, 314.522, 314.522, 314.522, 314.522, 314.522, 314.522, 314.522, 314.522, 314.522, 314.522, 314.522, 314.523, 314.523, 314.523, 314.523, 314.523, 314.523, 300, 
314.548, 314.548, 314.548, 314.548, 314.548, 314.548, 314.548, 314.548, 314.548, 314.548, 314.548, 314.548, 314.548, 314.548, 314.548, 314.548, 314.548, 314.548, 314.548, 314.548, 314.548, 314.548, 314.548, 314.548, 314.548, 314.548, 314.548, 314.548, 314.548, 314.548, 314.548, 314.548, 314.548, 314.548, 314.548, 314.548, 314.548, 314.548, 314.548, 314.548, 314.548, 314.548, 314.548, 314.548, 314.548, 314.548, 314.548, 314.548, 314.548, 314.548, 314.548, 314.548, 314.548, 314.548, 314.548, 314.548, 314.548, 314.548, 314.548, 314.548, 314.548, 314.548, 314.548, 314.548, 314.548, 314.548, 314.548, 314.548, 314.548, 314.548, 314.548, 314.548, 314.548, 314.548, 314.548, 314.548, 314.548, 314.548, 314.548, 314.548, 314.548, 314.548, 314.548, 314.548, 314.548, 314.548, 314.548, 314.548, 314.548, 314.548, 314.548, 314.548, 314.548, 314.548, 314.548, 314.548, 314.548, 314.548, 314.549, 300, 
314.573, 314.573, 314.573, 314.573, 314.573, 314.573, 314.573, 314.573, 314.573, 314.573, 314.573, 314.573, 314.573, 314.573, 314.573, 314.573, 314.573, 314.573, 314.573, 314.573, 314.573, 314.573, 314.573, 314.573, 314.573, 314.573, 314.573, 314.573, 314.573, 314.573, 314.573, 314.573, 314.573, 314.573, 314.573, 314.573, 314.573, 314.573, 314.573, 314.573, 314.573, 314.573, 314.573, 314.573, 314.573, 314.573, 314.573, 314.573, 314.573, 314.573, 314.573, 314.573, 314.573, 314.573, 314.573, 314.573, 314.573, 314.573, 314.573, 314.573, 314.573, 314.573, 314.573, 314.573, 314.573, 314.573, 314.573, 314.573, 314.573, 314.573, 314.573, 314.573, 314.573, 314.573, 314.573, 314.573, 314.573, 314.573, 314.573, 314.573, 314.573, 314.573, 314.573, 314.573, 314.573, 314.573, 314.573, 314.573, 314.573, 314.573, 314.573, 314.573, 314.573, 314.573, 314.574, 314.574, 314.574, 314.574, 314.574, 300, 
314.599, 314.599, 314.599, 314.599, 314.599, 314.599, 314.599, 314.599, 314.599, 314.599, 314.599, 314.599, 314.599, 314.599, 314.599, 314.599, 314.599, 314.599, 314.599, 314.599, 314.599, 314.599, 314.599, 314.599, 314.599, 314.599, 314.599, 314.599, 314.599, 314.599, 314.599, 314.599, 314.599, 314.599, 314.599, 314.599, 314.599, 314.599, 314.599, 314.599, 314.599, 314.599, 314.599, 314.599, 314.599, 314.599, 314.599, 314.599, 314.599, 314.599, 314.599, 314.599, 314.599, 314.599, 314.599, 314.599, 314.599, 314.599, 314.599, 314.599, 314.599, 314.599, 314.599, 314.599, 314.599, 314.599, 314.599, 314.599, 314.599, 314.599, 314.599, 314.599, 314.599, 314.599, 314.599, 314.599, 314.599, 314.599, 314.599, 314.599, 314.599, 314.599, 314.599, 314.599, 314.599, 314.599, 314.599, 314.599, 314.599, 314.599, 314.599, 314.599, 314.599, 314.599, 314.599, 314.599, 314.599, 314.599, 314.6, 300, 
314.624, 314.624, 314.624, 314.624, 314.624, 314.624, 314.624, 314.624, 314.624, 314.624, 314.624, 314.624, 314.624, 314.624, 314.624, 314.624, 314.624, 314.624, 314.624, 314.624, 314.624, 314.624, 314.624, 314.624, 314.624, 314.624, 314.624, 314.624, 314.624, 314.624, 314.624, 314.624, 314.624, 314.624, 314.624, 314.624, 314.624, 314.624, 314.624, 314.624, 314.624, 314.624, 314.624, 314.624, 314.624, 314.624, 314.624, 314.624, 314.624, 314.624, 314.624, 314.624, 314.624, 314.624, 314.624, 314.624, 314.624, 314.624, 314.624, 314.624, 314.624, 314.624, 314.624, 314.624, 314.624, 314.624, 314.624, 314.624, 314.624, 314.624, 314.624, 314.624, 314.624, 314.624, 314.624, 314.624, 314.624, 314.624, 314.624, 314.624, 314.624, 314.624, 314.624, 314.624, 314.624, 314.624, 314.624, 314.624, 314.624, 314.624, 314.624, 314.624, 314.624, 314.624, 314.624, 314.625, 314.625, 314.625, 314.625, 300, 
314.65, 314.65, 314.65, 314.65, 314.65, 314.65, 314.65, 314.65, 314.65, 314.65, 314.65, 314.65, 314.65, 314.65, 314.65, 314.65, 314.65, 314.65, 314.65, 314.65, 314.65, 314.65, 314.65, 314.65, 314.65, 314.65, 314.65, 314.65, 314.65, 314.65, 314.65, 314.65, 314.65, 314.65, 314.65, 314.65, 314.65, 314.65, 314.65, 314.65, 314.65, 314.65, 314.65, 314.65, 314.65, 314.65, 314.65, 314.65, 314.65, 314.65, 314.65, 314.65, 314.65, 314.65, 314.65, 314.65, 314.65, 314.65, 314.65, 314.65, 314.65, 314.65, 314.65, 314.65, 314.65, 314.65, 314.65, 314.65, 314.65, 314.65, 314.65, 314.65, 314.65, 314.65, 314.65, 314.65, 314.65, 314.65, 314.65, 314.65, 314.65, 314.65, 314.65, 314.65, 314.65, 314.65, 314.65, 314.65, 314.65, 314.65, 314.65, 314.65, 314.65, 314.65, 314.65, 314.65, 314.65, 314.65, 314.651, 300, 
314.675, 314.675, 314.675, 314.675, 314.675, 314.675, 314.675, 314.675, 314.675, 314.675, 314.675, 314.675, 314.675, 314.675, 314.675, 314.675, 314.675, 314.675, 314.675, 314.675, 314.675, 314.675, 314.675, 314.675, 314.675, 314.675, 314.675, 314.675, 314.675, 314.675, 314.675, 314.675, 314.675, 314.675, 314.675, 314.675, 314.675, 314.675, 314.675, 314.675, 314.675, 314.675, 314.675, 314.675, 314.675, 314.675, 314.675, 314.675, 314.675, 314.675, 314.675, 314.675, 314.675, 314.675, 314.675, 314.675, 314.675, 314.675, 314.675, 314.675, 314.675, 314.675, 314.675, 314.675, 314.675, 314.675, 314.675, 314.675, 314.675, 314.675, 314.675, 314.675, 314.675, 314.675, 314.675, 314.675, 314.675, 314.675, 314.675, 314.675, 314.675, 314.675, 314.675, 314.675, 314.675, 314.675, 314.675, 314.675, 314.675, 314.675, 314.675, 314.675, 314.675, 314.675, 314.675, 314.676, 314.676, 314.676, 314.676, 300, 
314.701, 314.701, 314.701, 314.701, 314.701, 314.701, 314.701, 314.701, 314.701, 314.701, 314.701, 314.701, 314.701, 314.701, 314.701, 314.701, 314.701, 314.701, 314.701, 314.701, 314.701, 314.701, 314.701, 314.701, 314.701, 314.701, 314.701, 314.701, 314.701, 314.701, 314.701, 314.701, 314.701, 314.701, 314.701, 314.701, 314.701, 314.701, 314.701, 314.701, 314.701, 314.701, 314.701, 314.701, 314.701, 314.701, 314.701, 314.701, 314.701, 314.701, 314.701, 314.701, 314.701, 314.701, 314.701, 314.701, 314.701, 314.701, 314.701, 314.701, 314.701, 314.701, 314.701, 314.701, 314.701, 314.701, 314.701, 314.701, 314.701, 314.701, 314.701, 314.701, 314.701, 314.701, 314.701, 314.701, 314.701, 314.701, 314.701, 314.701, 314.701, 314.701, 314.701, 314.701, 314.701, 314.701, 314.701, 314.701, 314.701, 314.701, 314.701, 314.701, 314.701, 314.701, 314.701, 314.701, 314.701, 314.701, 314.701, 300, 
314.726, 314.726, 314.726, 314.726, 314.726, 314.726, 314.726, 314.726, 314.726, 314.726, 314.726, 314.726, 314.726, 314.726, 314.726, 314.726, 314.726, 314.726, 314.726, 314.726, 314.726, 314.726, 314.726, 314.726, 314.726, 314.726, 314.726, 314.726, 314.726, 314.726, 314.726, 314.726, 314.726, 314.726, 314.726, 314.726, 314.726, 314.726, 314.726, 314.726, 314.726, 314.726, 314.726, 314.726, 314.726, 314.726, 314.726, 314.726, 314.726, 314.726, 314.726, 314.726, 314.726, 314.726, 314.726, 314.726, 314.726, 314.726, 314.726, 314.726, 314.726, 314.726, 314.726, 314.726, 314.726, 314.726, 314.726, 314.726, 314.726, 314.726, 314.726, 314.726, 314.726, 314.726, 314.726, 314.726, 314.726, 314.726, 314.726, 314.726, 314.726, 314.726, 314.726, 314.726, 314.726, 314.726, 314.726, 314.726, 314.726, 314.726, 314.726, 314.726, 314.726, 314.726, 314.726, 314.726, 314.727, 314.727, 314.727, 300, 
314.752, 314.752, 314.752, 314.752, 314.752, 314.752, 314.752, 314.752, 314.752, 314.752, 314.752, 314.752, 314.752, 314.752, 314.752, 314.752, 314.752, 314.752, 314.752, 314.752, 314.752, 314.752, 314.752, 314.752, 314.752, 314.752, 314.752, 314.752, 314.752, 314.752, 314.752, 314.752, 314.752, 314.752, 314.752, 314.752, 314.752, 314.752, 314.752, 314.752, 314.752, 314.752, 314.752, 314.752, 314.752, 314.752, 314.752, 314.752, 314.752, 314.752, 314.752, 314.752, 314.752, 314.752, 314.752, 314.752, 314.752, 314.752, 314.752, 314.752, 314.752, 314.752, 314.752, 314.752, 314.752, 314.752, 314.752, 314.752, 314.752, 314.752, 314.752, 314.752, 314.752, 314.752, 314.752, 314.752, 314.752, 314.752, 314.752, 314.752, 314.752, 314.752, 314.752, 314.752, 314.752, 314.752, 314.752, 314.752, 314.752, 314.752, 314.752, 314.752, 314.752, 314.752, 314.752, 314.752, 314.752, 314.752, 314.752, 300, 
314.777, 314.777, 314.777, 314.777, 314.777, 314.777, 314.777, 314.777, 314.777, 314.777, 314.777, 314.777, 314.777, 314.777, 314.777, 314.777, 314.777, 314.777, 314.777, 314.777, 314.777, 314.777, 314.777, 314.777, 314.777, 314.777, 314.777, 314.777, 314.777, 314.777, 314.777, 314.777, 314.777, 314.777, 314.777, 314.777, 314.777, 314.777, 314.777, 314.777, 314.777, 314.777, 314.777, 314.777, 314.777, 314.777, 314.777, 314.777, 314.777, 314.777, 314.777, 314.777, 314.777, 314.777, 314.777, 314.777, 314.777, 314.777, 314.777, 314.777, 314.777, 314.777, 314.777, 314.777, 314.777, 314.777, 314.777, 314.777, 314.777, 314.777, 314.777, 314.777, 314.777, 314.777, 314.777, 314.777, 314.777, 314.777, 314.777, 314.777, 314.777, 314.777, 314.777, 314.777, 314.777, 314.777, 314.777, 314.777, 314.777, 314.777, 314.777, 314.777, 314.777, 314.777, 314.777, 314.777, 314.778, 314.778, 314.778, 300, 
314.803, 314.803, 314.803, 314.803, 314.803, 314.803, 314.803, 314.803, 314.803, 314.803, 314.803, 314.803, 314.803, 314.803, 314.803, 314.803, 314.803, 314.803, 314.803, 314.803, 314.803, 314.803, 314.803, 314.803, 314.803, 314.803, 314.803, 314.803, 314.803, 314.803, 314.803, 314.803, 314.803, 314.803, 314.803, 314.803, 314.803, 314.803, 314.803, 314.803, 314.803, 314.803, 314.803, 314.803, 314.803, 314.803, 314.803, 314.803, 314.803, 314.803, 314.803, 314.803, 314.803, 314.803, 314.803, 314.803, 314.803, 314.803, 314.803, 314.803, 314.803, 314.803, 314.803, 314.803, 314.803, 314.803, 314.803, 314.803, 314.803, 314.803, 314.803, 314.802, 314.802, 314.802, 314.802, 314.802, 314.802, 314.802, 314.802, 314.802, 314.802, 314.802, 314.803, 314.803, 314.803, 314.803, 314.803, 314.803, 314.803, 314.803, 314.803, 314.803, 314.803, 314.803, 314.803, 314.803, 314.803, 314.803, 314.803, 300, 
314.828, 314.828, 314.828, 314.828, 314.828, 314.828, 314.828, 314.828, 314.828, 314.828, 314.828, 314.828, 314.828, 314.828, 314.828, 314.828, 314.828, 314.828, 314.828, 314.828, 314.828, 314.828, 314.828, 314.828, 314.828, 314.828, 314.828, 314.828, 314.828, 314.828, 314.828, 314.828, 314.828, 314.828, 314.828, 314.828, 314.828, 314.828, 314.828, 314.828, 314.828, 314.828, 314.828, 314.828, 314.828, 314.828, 314.828, 314.828, 314.828, 314.828, 314.828, 314.828, 314.828, 314.828, 314.828, 314.828, 314.828, 314.828, 314.828, 314.828, 314.828, 314.828, 314.828, 314.828, 314.828, 314.828, 314.828, 314.828, 314.828, 314.828, 314.828, 314.828, 314.828, 314.828, 314.828, 314.828, 314.828, 314.828, 314.828, 314.828, 314.828, 314.828, 314.828, 314.828, 314.828, 314.828, 314.828, 314.828, 314.828, 314.828, 314.828, 314.828, 314.828, 314.828, 314.828, 314.828, 314.828, 314.829, 314.829, 300, 
314.854, 314.854, 314.854, 314.854, 314.854, 314.854, 314.854, 314.854, 314.854, 314.854, 314.854, 314.854, 314.854, 314.854, 314.853, 314.853, 314.853, 314.853, 314.853, 314.853, 314.853, 314.853, 314.853, 314.853, 314.853, 314.853, 314.853, 314.853, 314.853, 314.853, 314.853, 314.853, 314.853, 314.853, 314.853, 314.853, 314.853, 314.854, 314.854, 314.854, 314.854, 314.854, 314.854, 314.854, 314.854, 314.854, 314.854, 314.854, 314.854, 314.854, 314.854, 314.854, 314.854, 314.854, 314.854, 314.854, 314.854, 314.854, 314.854, 314.854, 314.854, 314.854, 314.854, 314.853, 314.853, 314.853, 314.853, 314.853, 314.853, 314.853, 314.853, 314.853, 314.853, 314.853, 314.853, 314.853, 314.853, 314.853, 314.853, 314.853, 314.853, 314.853, 314.853, 314.853, 314.853, 314.853, 314.854, 314.854, 314.854, 314.854, 314.854, 314.854, 314.854, 314.854, 314.854, 314.854, 314.854, 314.854, 314.854, 300, 
314.879, 314.879, 314.879, 314.879, 314.879, 314.879, 314.879, 314.879, 314.879, 314.879, 314.879, 314.879, 314.879, 314.879, 314.879, 314.879, 314.879, 314.879, 314.879, 314.879, 314.879, 314.879, 314.879, 314.879, 314.879, 314.879, 314.879, 314.879, 314.879, 314.879, 314.879, 314.879, 314.879, 314.879, 314.879, 314.879, 314.879, 314.879, 314.879, 314.879, 314.879, 314.879, 314.879, 314.879, 314.879, 314.879, 314.879, 314.879, 314.879, 314.879, 314.879, 314.879, 314.879, 314.879, 314.879, 314.879, 314.879, 314.879, 314.879, 314.879, 314.879, 314.879, 314.879, 314.879, 314.879, 314.879, 314.879, 314.879, 314.879, 314.879, 314.879, 314.879, 314.879, 314.879, 314.879, 314.879, 314.879, 314.879, 314.879, 314.879, 314.879, 314.879, 314.879, 314.879, 314.879, 314.879, 314.879, 314.879, 314.879, 314.879, 314.879, 314.879, 314.879, 314.879, 314.879, 314.879, 314.879, 314.88, 314.88, 300, 
314.904, 314.904, 314.904, 314.904, 314.904, 314.904, 314.904, 314.904, 314.904, 314.904, 314.904, 314.904, 314.904, 314.904, 314.904, 314.904, 314.904, 314.904, 314.904, 314.904, 314.904, 314.904, 314.904, 314.904, 314.904, 314.904, 314.904, 314.904, 314.904, 314.904, 314.904, 314.904, 314.904, 314.904, 314.904, 314.904, 314.904, 314.904, 314.904, 314.904, 314.904, 314.904, 314.904, 314.904, 314.904, 314.904, 314.904, 314.904, 314.904, 314.904, 314.904, 314.904, 314.904, 314.904, 314.904, 314.904, 314.904, 314.904, 314.904, 314.904, 314.904, 314.904, 314.904, 314.904, 314.904, 314.904, 314.904, 314.904, 314.904, 314.904, 314.904, 314.904, 314.904, 314.904, 314.904, 314.904, 314.904, 314.904, 314.904, 314.904, 314.904, 314.904, 314.904, 314.904, 314.904, 314.904, 314.904, 314.904, 314.904, 314.905, 314.905, 314.905, 314.905, 314.905, 314.905, 314.905, 314.905, 314.905, 314.905, 300, 
314.93, 314.93, 314.93, 314.93, 314.93, 314.93, 314.93, 314.93, 314.93, 314.93, 314.93, 314.93, 314.93, 314.93, 314.93, 314.93, 314.93, 314.93, 314.93, 314.93, 314.93, 314.93, 314.93, 314.93, 314.93, 314.93, 314.93, 314.93, 314.93, 314.93, 314.93, 314.93, 314.93, 314.93, 314.93, 314.93, 314.93, 314.93, 314.93, 314.93, 314.93, 314.93, 314.93, 314.93, 314.93, 314.93, 314.93, 314.93, 314.93, 314.93, 314.93, 314.93, 314.93, 314.93, 314.93, 314.93, 314.93, 314.93, 314.93, 314.93, 314.93, 314.93, 314.93, 314.93, 314.93, 314.93, 314.93, 314.93, 314.93, 314.93, 314.93, 314.93, 314.93, 314.93, 314.93, 314.93, 314.93, 314.93, 314.93, 314.93, 314.93, 314.93, 314.93, 314.93, 314.93, 314.93, 314.93, 314.93, 314.93, 314.93, 314.93, 314.93, 314.93, 314.93, 314.93, 314.93, 314.93, 314.931, 314.931, 300, 
314.955, 314.955, 314.955, 314.955, 314.955, 314.955, 314.955, 314.955, 314.955, 314.955, 314.955, 314.955, 314.955, 314.955, 314.955, 314.955, 314.955, 314.955, 314.955, 314.955, 314.955, 314.955, 314.955, 314.955, 314.955, 314.955, 314.955, 314.955, 314.955, 314.955, 314.955, 314.955, 314.955, 314.955, 314.955, 314.955, 314.955, 314.955, 314.955, 314.955, 314.955, 314.955, 314.955, 314.955, 314.955, 314.955, 314.955, 314.955, 314.955, 314.955, 314.955, 314.955, 314.955, 314.955, 314.955, 314.955, 314.955, 314.955, 314.955, 314.955, 314.955, 314.955, 314.955, 314.955, 314.955, 314.955, 314.955, 314.955, 314.955, 314.955, 314.955, 314.955, 314.955, 314.955, 314.955, 314.955, 314.955, 314.955, 314.955, 314.955, 314.955, 314.955, 314.955, 314.955, 314.955, 314.955, 314.955, 314.955, 314.955, 314.955, 314.955, 314.956, 314.956, 314.956, 314.956, 314.956, 314.956, 314.956, 314.956, 300, 
314.981, 314.981, 314.981, 314.981, 314.981, 314.981, 314.981, 314.981, 314.981, 314.981, 314.981, 314.981, 314.981, 314.981, 314.981, 314.981, 314.981, 314.981, 314.981, 314.981, 314.981, 314.981, 314.981, 314.981, 314.981, 314.981, 314.981, 314.981, 314.981, 314.981, 314.981, 314.981, 314.981, 314.981, 314.981, 314.981, 314.981, 314.981, 314.981, 314.981, 314.981, 314.981, 314.981, 314.981, 314.981, 314.981, 314.981, 314.981, 314.981, 314.981, 314.981, 314.981, 314.981, 314.981, 314.981, 314.981, 314.981, 314.981, 314.981, 314.981, 314.981, 314.981, 314.981, 314.981, 314.981, 314.981, 314.981, 314.981, 314.981, 314.981, 314.981, 314.981, 314.981, 314.981, 314.981, 314.981, 314.981, 314.981, 314.981, 314.981, 314.981, 314.981, 314.981, 314.981, 314.981, 314.981, 314.981, 314.981, 314.981, 314.981, 314.981, 314.981, 314.981, 314.981, 314.981, 314.981, 314.981, 314.982, 314.982, 300, 
315.006, 315.006, 315.006, 315.006, 315.006, 315.006, 315.006, 315.006, 315.006, 315.006, 315.006, 315.006, 315.006, 315.006, 315.006, 315.006, 315.006, 315.006, 315.006, 315.006, 315.006, 315.006, 315.006, 315.006, 315.006, 315.006, 315.006, 315.006, 315.006, 315.006, 315.006, 315.006, 315.006, 315.006, 315.006, 315.006, 315.006, 315.006, 315.006, 315.006, 315.006, 315.006, 315.006, 315.006, 315.006, 315.006, 315.006, 315.006, 315.006, 315.006, 315.006, 315.006, 315.006, 315.006, 315.006, 315.006, 315.006, 315.006, 315.006, 315.006, 315.006, 315.006, 315.006, 315.006, 315.006, 315.006, 315.006, 315.006, 315.006, 315.006, 315.006, 315.006, 315.006, 315.006, 315.006, 315.006, 315.006, 315.006, 315.006, 315.006, 315.006, 315.006, 315.006, 315.006, 315.006, 315.006, 315.006, 315.006, 315.006, 315.006, 315.006, 315.006, 315.007, 315.007, 315.007, 315.007, 315.007, 315.007, 315.007, 300, 
315.032, 315.032, 315.032, 315.032, 315.032, 315.032, 315.032, 315.032, 315.032, 315.032, 315.032, 315.032, 315.032, 315.032, 315.032, 315.032, 315.032, 315.032, 315.032, 315.032, 315.032, 315.032, 315.032, 315.032, 315.032, 315.032, 315.032, 315.032, 315.032, 315.032, 315.032, 315.032, 315.032, 315.032, 315.032, 315.032, 315.032, 315.032, 315.032, 315.032, 315.032, 315.032, 315.032, 315.032, 315.032, 315.032, 315.032, 315.032, 315.032, 315.032, 315.032, 315.032, 315.032, 315.032, 315.032, 315.032, 315.032, 315.032, 315.032, 315.032, 315.032, 315.032, 315.032, 315.032, 315.032, 315.032, 315.032, 315.032, 315.032, 315.032, 315.032, 315.032, 315.032, 315.032, 315.032, 315.032, 315.032, 315.032, 315.032, 315.032, 315.032, 315.032, 315.032, 315.032, 315.032, 315.032, 315.032, 315.032, 315.032, 315.032, 315.032, 315.032, 315.032, 315.032, 315.032, 315.032, 315.032, 315.032, 315.033, 300, 
315.057, 315.057, 315.057, 315.057, 315.057, 315.057, 315.057, 315.057, 315.057, 315.057, 315.057, 315.057, 315.057, 315.057, 315.057, 315.057, 315.057, 315.057, 315.057, 315.057, 315.057, 315.057, 315.057, 315.057, 315.057, 315.057, 315.057, 315.057, 315.057, 315.057, 315.057, 315.057, 315.057, 315.057, 315.057, 315.057, 315.057, 315.057, 315.057, 315.057, 315.057, 315.057, 315.057, 315.057, 315.057, 315.057, 315.057, 315.057, 315.057, 315.057, 315.057, 315.057, 315.057, 315.057, 315.057, 315.057, 315.057, 315.057, 315.057, 315.057, 315.057, 315.057, 315.057, 315.057, 315.057, 315.057, 315.057, 315.057, 315.057, 315.057, 315.057, 315.057, 315.057, 315.057, 315.057, 315.057, 315.057, 315.057, 315.057, 315.057, 315.057, 315.057, 315.057, 315.057, 315.057, 315.057, 315.057, 315.057, 315.057, 315.057, 315.057, 315.057, 315.057, 315.058, 315.058, 315.058, 315.058, 315.058, 315.058, 300, 
315.083, 315.083, 315.083, 315.083, 315.083, 315.083, 315.083, 315.083, 315.083, 315.083, 315.083, 315.083, 315.083, 315.083, 315.083, 315.083, 315.083, 315.083, 315.083, 315.083, 315.083, 315.083, 315.083, 315.083, 315.083, 315.083, 315.083, 315.083, 315.083, 315.083, 315.083, 315.083, 315.083, 315.083, 315.083, 315.083, 315.083, 315.083, 315.083, 315.083, 315.083, 315.083, 315.083, 315.083, 315.083, 315.083, 315.083, 315.083, 315.083, 315.083, 315.083, 315.083, 315.083, 315.083, 315.083, 315.083, 315.083, 315.083, 315.083, 315.083, 315.083, 315.083, 315.083, 315.083, 315.083, 315.083, 315.083, 315.083, 315.083, 315.083, 315.083, 315.083, 315.083, 315.083, 315.083, 315.083, 315.083, 315.083, 315.083, 315.083, 315.083, 315.083, 315.083, 315.083, 315.083, 315.083, 315.083, 315.083, 315.083, 315.083, 315.083, 315.083, 315.083, 315.083, 315.083, 315.083, 315.083, 315.083, 315.084, 300, 
315.108, 315.108, 315.108, 315.108, 315.108, 315.108, 315.108, 315.108, 315.108, 315.108, 315.108, 315.108, 315.108, 315.108, 315.108, 315.108, 315.108, 315.108, 315.108, 315.108, 315.108, 315.108, 315.108, 315.108, 315.108, 315.108, 315.108, 315.108, 315.108, 315.108, 315.108, 315.108, 315.108, 315.108, 315.108, 315.108, 315.108, 315.108, 315.108, 315.108, 315.108, 315.108, 315.108, 315.108, 315.108, 315.108, 315.108, 315.108, 315.108, 315.108, 315.108, 315.108, 315.108, 315.108, 315.108, 315.108, 315.108, 315.108, 315.108, 315.108, 315.108, 315.108, 315.108, 315.108, 315.108, 315.108, 315.108, 315.108, 315.108, 315.108, 315.108, 315.108, 315.108, 315.108, 315.108, 315.108, 315.108, 315.108, 315.108, 315.108, 315.108, 315.108, 315.108, 315.108, 315.108, 315.108, 315.108, 315.108, 315.108, 315.108, 315.108, 315.108, 315.108, 315.108, 315.109, 315.109, 315.109, 315.109, 315.109, 300, 
315.134, 315.134, 315.134, 315.134, 315.134, 315.134, 315.134, 315.134, 315.134, 315.134, 315.134, 315.134, 315.134, 315.134, 315.134, 315.134, 315.134, 315.134, 315.134, 315.134, 315.134, 315.134, 315.134, 315.134, 315.134, 315.134, 315.134, 315.134, 315.134, 315.134, 315.134, 315.134, 315.134, 315.134, 315.134, 315.134, 315.134, 315.134, 315.134, 315.134, 315.134, 315.134, 315.134, 315.134, 315.134, 315.134, 315.134, 315.134, 315.134, 315.134, 315.134, 315.134, 315.134, 315.134, 315.134, 315.134, 315.134, 315.134, 315.134, 315.134, 315.134, 315.134, 315.134, 315.134, 315.134, 315.134, 315.134, 315.134, 315.134, 315.134, 315.134, 315.134, 315.134, 315.134, 315.134, 315.134, 315.134, 315.134, 315.134, 315.134, 315.134, 315.134, 315.134, 315.134, 315.134, 315.134, 315.134, 315.134, 315.134, 315.134, 315.134, 315.134, 315.134, 315.134, 315.134, 315.134, 315.134, 315.134, 315.134, 300, 
315.159, 315.159, 315.159, 315.159, 315.159, 315.159, 315.159, 315.159, 315.159, 315.159, 315.159, 315.159, 315.159, 315.159, 315.159, 315.159, 315.159, 315.159, 315.159, 315.159, 315.159, 315.159, 315.159, 315.159, 315.159, 315.159, 315.159, 315.159, 315.159, 315.159, 315.159, 315.159, 315.159, 315.159, 315.159, 315.159, 315.159, 315.159, 315.159, 315.159, 315.159, 315.159, 315.159, 315.159, 315.159, 315.159, 315.159, 315.159, 315.159, 315.159, 315.159, 315.159, 315.159, 315.159, 315.159, 315.159, 315.159, 315.159, 315.159, 315.159, 315.159, 315.159, 315.159, 315.159, 315.159, 315.159, 315.159, 315.159, 315.159, 315.159, 315.159, 315.159, 315.159, 315.159, 315.159, 315.159, 315.159, 315.159, 315.159, 315.159, 315.159, 315.159, 315.159, 315.159, 315.159, 315.159, 315.159, 315.159, 315.159, 315.159, 315.159, 315.159, 315.159, 315.159, 315.159, 315.16, 315.16, 315.16, 315.16, 300, 
315.185, 315.185, 315.185, 315.185, 315.185, 315.185, 315.185, 315.185, 315.185, 315.185, 315.185, 315.185, 315.185, 315.185, 315.185, 315.185, 315.185, 315.185, 315.185, 315.185, 315.185, 315.185, 315.185, 315.185, 315.185, 315.185, 315.185, 315.185, 315.185, 315.185, 315.185, 315.185, 315.185, 315.185, 315.185, 315.185, 315.185, 315.185, 315.185, 315.185, 315.185, 315.185, 315.185, 315.185, 315.185, 315.185, 315.185, 315.185, 315.185, 315.185, 315.185, 315.185, 315.185, 315.185, 315.185, 315.185, 315.185, 315.185, 315.185, 315.185, 315.185, 315.185, 315.185, 315.185, 315.185, 315.185, 315.185, 315.185, 315.185, 315.185, 315.185, 315.185, 315.185, 315.185, 315.185, 315.185, 315.185, 315.185, 315.185, 315.185, 315.185, 315.185, 315.185, 315.185, 315.185, 315.185, 315.185, 315.185, 315.185, 315.185, 315.185, 315.185, 315.185, 315.185, 315.185, 315.185, 315.185, 315.185, 315.185, 300, 
315.21, 315.21, 315.21, 315.21, 315.21, 315.21, 315.21, 315.21, 315.21, 315.21, 315.21, 315.21, 315.21, 315.21, 315.21, 315.21, 315.21, 315.21, 315.21, 315.21, 315.21, 315.21, 315.21, 315.21, 315.21, 315.21, 315.21, 315.21, 315.21, 315.21, 315.21, 315.21, 315.21, 315.21, 315.21, 315.21, 315.21, 315.21, 315.21, 315.21, 315.21, 315.21, 315.21, 315.21, 315.21, 315.21, 315.21, 315.21, 315.21, 315.21, 315.21, 315.21, 315.21, 315.21, 315.21, 315.21, 315.21, 315.21, 315.21, 315.21, 315.21, 315.21, 315.21, 315.21, 315.21, 315.21, 315.21, 315.21, 315.21, 315.21, 315.21, 315.21, 315.21, 315.21, 315.21, 315.21, 315.21, 315.21, 315.21, 315.21, 315.21, 315.21, 315.21, 315.21, 315.21, 315.21, 315.21, 315.21, 315.21, 315.21, 315.21, 315.21, 315.21, 315.21, 315.21, 315.21, 315.211, 315.211, 315.211, 300, 
315.236, 315.236, 315.236, 315.236, 315.236, 315.236, 315.236, 315.236, 315.236, 315.236, 315.236, 315.236, 315.236, 315.236, 315.236, 315.236, 315.236, 315.236, 315.236, 315.236, 315.236, 315.236, 315.236, 315.236, 315.236, 315.236, 315.236, 315.236, 315.236, 315.236, 315.236, 315.236, 315.236, 315.236, 315.236, 315.236, 315.236, 315.236, 315.236, 315.236, 315.236, 315.236, 315.236, 315.236, 315.236, 315.236, 315.236, 315.236, 315.236, 315.236, 315.236, 315.236, 315.236, 315.236, 315.236, 315.236, 315.236, 315.236, 315.236, 315.236, 315.236, 315.236, 315.236, 315.236, 315.236, 315.236, 315.236, 315.236, 315.236, 315.236, 315.236, 315.236, 315.236, 315.236, 315.236, 315.236, 315.236, 315.236, 315.236, 315.236, 315.236, 315.236, 315.236, 315.236, 315.236, 315.236, 315.236, 315.236, 315.236, 315.236, 315.236, 315.236, 315.236, 315.236, 315.236, 315.236, 315.236, 315.236, 315.236, 300, 
315.261, 315.261, 315.261, 315.261, 315.261, 315.261, 315.261, 315.261, 315.261, 315.261, 315.261, 315.261, 315.261, 315.261, 315.261, 315.261, 315.261, 315.261, 315.261, 315.261, 315.261, 315.261, 315.261, 315.261, 315.261, 315.261, 315.261, 315.261, 315.261, 315.261, 315.261, 315.261, 315.261, 315.261, 315.261, 315.261, 315.261, 315.261, 315.261, 315.261, 315.261, 315.261, 315.261, 315.261, 315.261, 315.261, 315.261, 315.261, 315.261, 315.261, 315.261, 315.261, 315.261, 315.261, 315.261, 315.261, 315.261, 315.261, 315.261, 315.261, 315.261, 315.261, 315.261, 315.261, 315.261, 315.261, 315.261, 315.261, 315.261, 315.261, 315.261, 315.261, 315.261, 315.261, 315.261, 315.261, 315.261, 315.261, 315.261, 315.261, 315.261, 315.261, 315.261, 315.261, 315.261, 315.261, 315.261, 315.261, 315.261, 315.261, 315.261, 315.261, 315.261, 315.261, 315.261, 315.261, 315.262, 315.262, 315.262, 300, 
315.287, 315.287, 315.287, 315.287, 315.287, 315.287, 315.287, 315.287, 315.287, 315.287, 315.287, 315.287, 315.287, 315.287, 315.287, 315.287, 315.287, 315.287, 315.287, 315.287, 315.287, 315.287, 315.287, 315.287, 315.287, 315.287, 315.287, 315.287, 315.287, 315.287, 315.287, 315.287, 315.287, 315.287, 315.287, 315.287, 315.287, 315.287, 315.287, 315.287, 315.287, 315.287, 315.287, 315.287, 315.287, 315.287, 315.287, 315.287, 315.287, 315.287, 315.287, 315.287, 315.287, 315.287, 315.287, 315.287, 315.287, 315.287, 315.287, 315.287, 315.287, 315.287, 315.287, 315.287, 315.287, 315.287, 315.287, 315.287, 315.287, 315.287, 315.287, 315.287, 315.287, 315.287, 315.287, 315.287, 315.287, 315.287, 315.287, 315.287, 315.287, 315.287, 315.287, 315.287, 315.287, 315.287, 315.287, 315.287, 315.287, 315.287, 315.287, 315.287, 315.287, 315.287, 315.287, 315.287, 315.287, 315.287, 315.287, 300, 
315.312, 315.312, 315.312, 315.312, 315.312, 315.312, 315.312, 315.312, 315.312, 315.312, 315.312, 315.312, 315.312, 315.312, 315.312, 315.312, 315.312, 315.312, 315.312, 315.312, 315.312, 315.312, 315.312, 315.312, 315.312, 315.312, 315.312, 315.312, 315.312, 315.312, 315.312, 315.312, 315.312, 315.312, 315.312, 315.312, 315.312, 315.312, 315.312, 315.312, 315.312, 315.312, 315.312, 315.312, 315.312, 315.312, 315.312, 315.312, 315.312, 315.312, 315.312, 315.312, 315.312, 315.312, 315.312, 315.312, 315.312, 315.312, 315.312, 315.312, 315.312, 315.312, 315.312, 315.312, 315.312, 315.312, 315.312, 315.312, 315.312, 315.312, 315.312, 315.312, 315.312, 315.312, 315.312, 315.312, 315.312, 315.312, 315.312, 315.312, 315.312, 315.312, 315.312, 315.312, 315.312, 315.312, 315.312, 315.312, 315.312, 315.312, 315.312, 315.312, 315.312, 315.312, 315.312, 315.312, 315.313, 315.313, 315.313, 300, 
315.338, 315.338, 315.338, 315.338, 315.338, 315.338, 315.338, 315.338, 315.338, 315.338, 315.338, 315.338, 315.338, 315.338, 315.338, 315.338, 315.338, 315.338, 315.338, 315.338, 315.338, 315.338, 315.338, 315.338, 315.338, 315.338, 315.338, 315.338, 315.338, 315.338, 315.338, 315.338, 315.338, 315.338, 315.338, 315.338, 315.338, 315.338, 315.338, 315.338, 315.338, 315.338, 315.338, 315.338, 315.338, 315.338, 315.338, 315.338, 315.338, 315.338, 315.338, 315.338, 315.338, 315.338, 315.338, 315.338, 315.338, 315.338, 315.338, 315.338, 315.338, 315.338, 315.338, 315.338, 315.338, 315.338, 315.338, 315.338, 315.338, 315.338, 315.338, 315.338, 315.338, 315.338, 315.338, 315.338, 315.338, 315.338, 315.338, 315.338, 315.338, 315.338, 315.338, 315.338, 315.338, 315.338, 315.338, 315.338, 315.338, 315.338, 315.338, 315.338, 315.338, 315.338, 315.338, 315.338, 315.338, 315.338, 315.338, 300, 
315.363, 315.363, 315.363, 315.363, 315.363, 315.363, 315.363, 315.363, 315.363, 315.363, 315.363, 315.363, 315.363, 315.363, 315.363, 315.363, 315.363, 315.363, 315.363, 315.363, 315.363, 315.363, 315.363, 315.363, 315.363, 315.363, 315.363, 315.363, 315.363, 315.363, 315.363, 315.363, 315.363, 315.363, 315.363, 315.363, 315.363, 315.363, 315.363, 315.363, 315.363, 315.363, 315.363, 315.363, 315.363, 315.363, 315.363, 315.363, 315.363, 315.363, 315.363, 315.363, 315.363, 315.363, 315.363, 315.363, 315.363, 315.363, 315.363, 315.363, 315.363, 315.363, 315.363, 315.363, 315.363, 315.363, 315.363, 315.363, 315.363, 315.363, 315.363, 315.363, 315.363, 315.363, 315.363, 315.363, 315.363, 315.363, 315.363, 315.363, 315.363, 315.363, 315.363, 315.363, 315.363, 315.363, 315.363, 315.363, 315.363, 315.363, 315.363, 315.363, 315.363, 315.363, 315.363, 315.363, 315.363, 315.364, 315.364, 300, 
315.389, 315.389, 315.389, 315.389, 315.389, 315.389, 315.389, 315.389, 315.389, 315.389, 315.389, 315.389, 315.389, 315.389, 315.389, 315.389, 315.389, 315.389, 315.389, 315.389, 315.389, 315.389, 315.389, 315.389, 315.389, 315.389, 315.389, 315.389, 315.389, 315.389, 315.389, 315.389, 315.389, 315.389, 315.389, 315.389, 315.389, 315.389, 315.389, 315.389, 315.389, 315.389, 315.389, 315.389, 315.389, 315.389, 315.389, 315.389, 315.389, 315.389, 315.389, 315.389, 315.389, 315.389, 315.389, 315.389, 315.389, 315.389, 315.389, 315.389, 315.389, 315.389, 315.389, 315.389, 315.389, 315.389, 315.389, 315.389, 315.389, 315.389, 315.388, 315.388, 315.388, 315.388, 315.388, 315.388, 315.388, 315.388, 315.388, 315.388, 315.388, 315.388, 315.388, 315.389, 315.389, 315.389, 315.389, 315.389, 315.389, 315.389, 315.389, 315.389, 315.389, 315.389, 315.389, 315.389, 315.389, 315.389, 315.389, 300, 
315.414, 315.414, 315.414, 315.414, 315.414, 315.414, 315.414, 315.414, 315.414, 315.414, 315.414, 315.414, 315.414, 315.414, 315.414, 315.414, 315.414, 315.414, 315.414, 315.414, 315.414, 315.414, 315.414, 315.414, 315.414, 315.414, 315.414, 315.414, 315.414, 315.414, 315.414, 315.414, 315.414, 315.414, 315.414, 315.414, 315.414, 315.414, 315.414, 315.414, 315.414, 315.414, 315.414, 315.414, 315.414, 315.414, 315.414, 315.414, 315.414, 315.414, 315.414, 315.414, 315.414, 315.414, 315.414, 315.414, 315.414, 315.414, 315.414, 315.414, 315.414, 315.414, 315.414, 315.414, 315.414, 315.414, 315.414, 315.414, 315.414, 315.414, 315.414, 315.414, 315.414, 315.414, 315.414, 315.414, 315.414, 315.414, 315.414, 315.414, 315.414, 315.414, 315.414, 315.414, 315.414, 315.414, 315.414, 315.414, 315.414, 315.414, 315.414, 315.414, 315.414, 315.414, 315.414, 315.414, 315.414, 315.415, 315.415, 300, 
315.44, 315.44, 315.44, 315.44, 315.44, 315.44, 315.44, 315.44, 315.44, 315.439, 315.439, 315.439, 315.439, 315.439, 315.439, 315.439, 315.439, 315.439, 315.439, 315.439, 315.439, 315.439, 315.439, 315.439, 315.439, 315.439, 315.439, 315.439, 315.439, 315.439, 315.439, 315.439, 315.439, 315.439, 315.439, 315.439, 315.439, 315.439, 315.439, 315.439, 315.439, 315.44, 315.44, 315.44, 315.44, 315.44, 315.44, 315.44, 315.44, 315.44, 315.44, 315.44, 315.44, 315.44, 315.44, 315.44, 315.44, 315.44, 315.44, 315.44, 315.439, 315.439, 315.439, 315.439, 315.439, 315.439, 315.439, 315.439, 315.439, 315.439, 315.439, 315.439, 315.439, 315.439, 315.439, 315.439, 315.439, 315.439, 315.439, 315.439, 315.439, 315.439, 315.439, 315.439, 315.439, 315.439, 315.439, 315.44, 315.44, 315.44, 315.44, 315.44, 315.44, 315.44, 315.44, 315.44, 315.44, 315.44, 315.44, 300, 
315.465, 315.465, 315.465, 315.465, 315.465, 315.465, 315.465, 315.465, 315.465, 315.465, 315.465, 315.465, 315.465, 315.465, 315.465, 315.465, 315.465, 315.465, 315.465, 315.465, 315.465, 315.465, 315.465, 315.465, 315.465, 315.465, 315.465, 315.465, 315.465, 315.465, 315.465, 315.465, 315.465, 315.465, 315.465, 315.465, 315.465, 315.465, 315.465, 315.465, 315.465, 315.465, 315.465, 315.465, 315.465, 315.465, 315.465, 315.465, 315.465, 315.465, 315.465, 315.465, 315.465, 315.465, 315.465, 315.465, 315.465, 315.465, 315.465, 315.465, 315.465, 315.465, 315.465, 315.465, 315.465, 315.465, 315.465, 315.465, 315.465, 315.465, 315.465, 315.465, 315.465, 315.465, 315.465, 315.465, 315.465, 315.465, 315.465, 315.465, 315.465, 315.465, 315.465, 315.465, 315.465, 315.465, 315.465, 315.465, 315.465, 315.465, 315.465, 315.465, 315.465, 315.465, 315.465, 315.465, 315.465, 315.465, 315.466, 300, 
315.49, 315.49, 315.49, 315.49, 315.49, 315.49, 315.49, 315.49, 315.49, 315.49, 315.49, 315.49, 315.49, 315.49, 315.49, 315.49, 315.49, 315.49, 315.49, 315.49, 315.49, 315.49, 315.49, 315.49, 315.49, 315.49, 315.49, 315.49, 315.49, 315.49, 315.49, 315.49, 315.49, 315.49, 315.49, 315.49, 315.49, 315.49, 315.49, 315.49, 315.49, 315.49, 315.49, 315.49, 315.49, 315.49, 315.49, 315.49, 315.49, 315.49, 315.49, 315.49, 315.49, 315.49, 315.49, 315.49, 315.49, 315.49, 315.49, 315.49, 315.49, 315.49, 315.49, 315.49, 315.49, 315.49, 315.49, 315.49, 315.49, 315.49, 315.49, 315.49, 315.49, 315.49, 315.49, 315.49, 315.49, 315.49, 315.49, 315.49, 315.49, 315.49, 315.49, 315.49, 315.49, 315.49, 315.49, 315.49, 315.49, 315.49, 315.491, 315.491, 315.491, 315.491, 315.491, 315.491, 315.491, 315.491, 315.491, 300, 
315.516, 315.516, 315.516, 315.516, 315.516, 315.516, 315.516, 315.516, 315.516, 315.516, 315.516, 315.516, 315.516, 315.516, 315.516, 315.516, 315.516, 315.516, 315.516, 315.516, 315.516, 315.516, 315.516, 315.516, 315.516, 315.516, 315.516, 315.516, 315.516, 315.516, 315.516, 315.516, 315.516, 315.516, 315.516, 315.516, 315.516, 315.516, 315.516, 315.516, 315.516, 315.516, 315.516, 315.516, 315.516, 315.516, 315.516, 315.516, 315.516, 315.516, 315.516, 315.516, 315.516, 315.516, 315.516, 315.516, 315.516, 315.516, 315.516, 315.516, 315.516, 315.516, 315.516, 315.516, 315.516, 315.516, 315.516, 315.516, 315.516, 315.516, 315.516, 315.516, 315.516, 315.516, 315.516, 315.516, 315.516, 315.516, 315.516, 315.516, 315.516, 315.516, 315.516, 315.516, 315.516, 315.516, 315.516, 315.516, 315.516, 315.516, 315.516, 315.516, 315.516, 315.516, 315.516, 315.516, 315.516, 315.516, 315.516, 300, 
315.541, 315.541, 315.541, 315.541, 315.541, 315.541, 315.541, 315.541, 315.541, 315.541, 315.541, 315.541, 315.541, 315.541, 315.541, 315.541, 315.541, 315.541, 315.541, 315.541, 315.541, 315.541, 315.541, 315.541, 315.541, 315.541, 315.541, 315.541, 315.541, 315.541, 315.541, 315.541, 315.541, 315.541, 315.541, 315.541, 315.541, 315.541, 315.541, 315.541, 315.541, 315.541, 315.541, 315.541, 315.541, 315.541, 315.541, 315.541, 315.541, 315.541, 315.541, 315.541, 315.541, 315.541, 315.541, 315.541, 315.541, 315.541, 315.541, 315.541, 315.541, 315.541, 315.541, 315.541, 315.541, 315.541, 315.541, 315.541, 315.541, 315.541, 315.541, 315.541, 315.541, 315.541, 315.541, 315.541, 315.541, 315.541, 315.541, 315.541, 315.541, 315.541, 315.541, 315.541, 315.541, 315.541, 315.541, 315.541, 315.541, 315.541, 315.541, 315.541, 315.542, 315.542, 315.542, 315.542, 315.542, 315.542, 315.542, 300, 
315.567, 315.567, 315.567, 315.567, 315.567, 315.567, 315.567, 315.567, 315.567, 315.567, 315.567, 315.567, 315.567, 315.567, 315.567, 315.567, 315.567, 315.567, 315.567, 315.567, 315.567, 315.567, 315.567, 315.567, 315.567, 315.567, 315.567, 315.567, 315.567, 315.567, 315.567, 315.567, 315.567, 315.567, 315.567, 315.567, 315.567, 315.567, 315.567, 315.567, 315.567, 315.567, 315.567, 315.567, 315.567, 315.567, 315.567, 315.567, 315.567, 315.567, 315.567, 315.567, 315.567, 315.567, 315.567, 315.567, 315.567, 315.567, 315.567, 315.567, 315.567, 315.567, 315.567, 315.567, 315.567, 315.567, 315.567, 315.567, 315.567, 315.567, 315.567, 315.567, 315.567, 315.567, 315.567, 315.567, 315.567, 315.567, 315.567, 315.567, 315.567, 315.567, 315.567, 315.567, 315.567, 315.567, 315.567, 315.567, 315.567, 315.567, 315.567, 315.567, 315.567, 315.567, 315.567, 315.567, 315.567, 315.567, 315.567, 300, 
315.592, 315.592, 315.592, 315.592, 315.592, 315.592, 315.592, 315.592, 315.592, 315.592, 315.592, 315.592, 315.592, 315.592, 315.592, 315.592, 315.592, 315.592, 315.592, 315.592, 315.592, 315.592, 315.592, 315.592, 315.592, 315.592, 315.592, 315.592, 315.592, 315.592, 315.592, 315.592, 315.592, 315.592, 315.592, 315.592, 315.592, 315.592, 315.592, 315.592, 315.592, 315.592, 315.592, 315.592, 315.592, 315.592, 315.592, 315.592, 315.592, 315.592, 315.592, 315.592, 315.592, 315.592, 315.592, 315.592, 315.592, 315.592, 315.592, 315.592, 315.592, 315.592, 315.592, 315.592, 315.592, 315.592, 315.592, 315.592, 315.592, 315.592, 315.592, 315.592, 315.592, 315.592, 315.592, 315.592, 315.592, 315.592, 315.592, 315.592, 315.592, 315.592, 315.592, 315.592, 315.592, 315.592, 315.592, 315.592, 315.592, 315.592, 315.592, 315.592, 315.592, 315.593, 315.593, 315.593, 315.593, 315.593, 315.593, 300, 
315.618, 315.618, 315.618, 315.618, 315.618, 315.618, 315.618, 315.618, 315.618, 315.618, 315.618, 315.618, 315.618, 315.618, 315.618, 315.618, 315.618, 315.618, 315.618, 315.618, 315.618, 315.618, 315.618, 315.618, 315.618, 315.618, 315.618, 315.618, 315.618, 315.618, 315.618, 315.618, 315.618, 315.618, 315.618, 315.618, 315.618, 315.618, 315.618, 315.618, 315.618, 315.618, 315.618, 315.618, 315.618, 315.618, 315.618, 315.618, 315.618, 315.618, 315.618, 315.618, 315.618, 315.618, 315.618, 315.618, 315.618, 315.618, 315.618, 315.618, 315.618, 315.618, 315.618, 315.618, 315.618, 315.618, 315.618, 315.618, 315.618, 315.618, 315.618, 315.618, 315.618, 315.618, 315.618, 315.618, 315.618, 315.618, 315.618, 315.618, 315.618, 315.618, 315.618, 315.618, 315.618, 315.618, 315.618, 315.618, 315.618, 315.618, 315.618, 315.618, 315.618, 315.618, 315.618, 315.618, 315.618, 315.618, 315.618, 300, 
315.643, 315.643, 315.643, 315.643, 315.643, 315.643, 315.643, 315.643, 315.643, 315.643, 315.643, 315.643, 315.643, 315.643, 315.643, 315.643, 315.643, 315.643, 315.643, 315.643, 315.643, 315.643, 315.643, 315.643, 315.643, 315.643, 315.643, 315.643, 315.643, 315.643, 315.643, 315.643, 315.643, 315.643, 315.643, 315.643, 315.643, 315.643, 315.643, 315.643, 315.643, 315.643, 315.643, 315.643, 315.643, 315.643, 315.643, 315.643, 315.643, 315.643, 315.643, 315.643, 315.643, 315.643, 315.643, 315.643, 315.643, 315.643, 315.643, 315.643, 315.643, 315.643, 315.643, 315.643, 315.643, 315.643, 315.643, 315.643, 315.643, 315.643, 315.643, 315.643, 315.643, 315.643, 315.643, 315.643, 315.643, 315.643, 315.643, 315.643, 315.643, 315.643, 315.643, 315.643, 315.643, 315.643, 315.643, 315.643, 315.643, 315.643, 315.643, 315.643, 315.643, 315.643, 315.644, 315.644, 315.644, 315.644, 315.644, 300, 
315.669, 315.669, 315.669, 315.669, 315.669, 315.669, 315.669, 315.669, 315.669, 315.669, 315.669, 315.669, 315.669, 315.669, 315.669, 315.669, 315.669, 315.669, 315.669, 315.669, 315.669, 315.669, 315.669, 315.669, 315.669, 315.669, 315.669, 315.669, 315.669, 315.669, 315.669, 315.669, 315.669, 315.669, 315.669, 315.669, 315.669, 315.669, 315.669, 315.669, 315.669, 315.669, 315.669, 315.669, 315.669, 315.669, 315.669, 315.669, 315.669, 315.669, 315.669, 315.669, 315.669, 315.669, 315.669, 315.669, 315.669, 315.669, 315.669, 315.669, 315.669, 315.669, 315.669, 315.669, 315.669, 315.669, 315.669, 315.669, 315.669, 315.669, 315.669, 315.669, 315.669, 315.669, 315.669, 315.669, 315.669, 315.669, 315.669, 315.669, 315.669, 315.669, 315.669, 315.669, 315.669, 315.669, 315.669, 315.669, 315.669, 315.669, 315.669, 315.669, 315.669, 315.669, 315.669, 315.669, 315.669, 315.669, 315.669, 300, 
315.694, 315.694, 315.694, 315.694, 315.694, 315.694, 315.694, 315.694, 315.694, 315.694, 315.694, 315.694, 315.694, 315.694, 315.694, 315.694, 315.694, 315.694, 315.694, 315.694, 315.694, 315.694, 315.694, 315.694, 315.694, 315.694, 315.694, 315.694, 315.694, 315.694, 315.694, 315.694, 315.694, 315.694, 315.694, 315.694, 315.694, 315.694, 315.694, 315.694, 315.694, 315.694, 315.694, 315.694, 315.694, 315.694, 315.694, 315.694, 315.694, 315.694, 315.694, 315.694, 315.694, 315.694, 315.694, 315.694, 315.694, 315.694, 315.694, 315.694, 315.694, 315.694, 315.694, 315.694, 315.694, 315.694, 315.694, 315.694, 315.694, 315.694, 315.694, 315.694, 315.694, 315.694, 315.694, 315.694, 315.694, 315.694, 315.694, 315.694, 315.694, 315.694, 315.694, 315.694, 315.694, 315.694, 315.694, 315.694, 315.694, 315.694, 315.694, 315.694, 315.694, 315.694, 315.694, 315.695, 315.695, 315.695, 315.695, 300, 
315.72, 315.72, 315.72, 315.72, 315.72, 315.72, 315.72, 315.72, 315.72, 315.72, 315.72, 315.72, 315.72, 315.72, 315.72, 315.72, 315.72, 315.72, 315.72, 315.72, 315.72, 315.72, 315.72, 315.72, 315.72, 315.72, 315.72, 315.72, 315.72, 315.72, 315.72, 315.72, 315.72, 315.72, 315.72, 315.72, 315.72, 315.72, 315.72, 315.72, 315.72, 315.72, 315.72, 315.72, 315.72, 315.72, 315.72, 315.72, 315.72, 315.72, 315.72, 315.72, 315.72, 315.72, 315.72, 315.72, 315.72, 315.72, 315.72, 315.72, 315.72, 315.72, 315.72, 315.72, 315.72, 315.72, 315.72, 315.72, 315.72, 315.72, 315.72, 315.72, 315.72, 315.72, 315.72, 315.72, 315.72, 315.72, 315.72, 315.72, 315.72, 315.72, 315.72, 315.72, 315.72, 315.72, 315.72, 315.72, 315.72, 315.72, 315.72, 315.72, 315.72, 315.72, 315.72, 315.72, 315.72, 315.72, 315.72, 300, 
315.745, 315.745, 315.745, 315.745, 315.745, 315.745, 315.745, 315.745, 315.745, 315.745, 315.745, 315.745, 315.745, 315.745, 315.745, 315.745, 315.745, 315.745, 315.745, 315.745, 315.745, 315.745, 315.745, 315.745, 315.745, 315.745, 315.745, 315.745, 315.745, 315.745, 315.745, 315.745, 315.745, 315.745, 315.745, 315.745, 315.745, 315.745, 315.745, 315.745, 315.745, 315.745, 315.745, 315.745, 315.745, 315.745, 315.745, 315.745, 315.745, 315.745, 315.745, 315.745, 315.745, 315.745, 315.745, 315.745, 315.745, 315.745, 315.745, 315.745, 315.745, 315.745, 315.745, 315.745, 315.745, 315.745, 315.745, 315.745, 315.745, 315.745, 315.745, 315.745, 315.745, 315.745, 315.745, 315.745, 315.745, 315.745, 315.745, 315.745, 315.745, 315.745, 315.745, 315.745, 315.745, 315.745, 315.745, 315.745, 315.745, 315.745, 315.745, 315.745, 315.745, 315.745, 315.745, 315.745, 315.746, 315.746, 315.746, 300, 
315.771, 315.771, 315.771, 315.771, 315.771, 315.771, 315.771, 315.771, 315.771, 315.771, 315.771, 315.771, 315.771, 315.771, 315.771, 315.771, 315.771, 315.771, 315.771, 315.771, 315.771, 315.771, 315.771, 315.771, 315.771, 315.771, 315.771, 315.771, 315.771, 315.771, 315.771, 315.771, 315.771, 315.771, 315.771, 315.771, 315.771, 315.771, 315.771, 315.771, 315.771, 315.771, 315.771, 315.771, 315.771, 315.771, 315.771, 315.771, 315.771, 315.771, 315.771, 315.771, 315.771, 315.771, 315.771, 315.771, 315.771, 315.771, 315.771, 315.771, 315.771, 315.771, 315.771, 315.771, 315.771, 315.771, 315.771, 315.771, 315.771, 315.771, 315.771, 315.771, 315.771, 315.771, 315.771, 315.771, 315.771, 315.771, 315.771, 315.771, 315.771, 315.771, 315.771, 315.771, 315.771, 315.771, 315.771, 315.771, 315.771, 315.771, 315.771, 315.771, 315.771, 315.771, 315.771, 315.771, 315.771, 315.771, 315.771, 300, 
315.796, 315.796, 315.796, 315.796, 315.796, 315.796, 315.796, 315.796, 315.796, 315.796, 315.796, 315.796, 315.796, 315.796, 315.796, 315.796, 315.796, 315.796, 315.796, 315.796, 315.796, 315.796, 315.796, 315.796, 315.796, 315.796, 315.796, 315.796, 315.796, 315.796, 315.796, 315.796, 315.796, 315.796, 315.796, 315.796, 315.796, 315.796, 315.796, 315.796, 315.796, 315.796, 315.796, 315.796, 315.796, 315.796, 315.796, 315.796, 315.796, 315.796, 315.796, 315.796, 315.796, 315.796, 315.796, 315.796, 315.796, 315.796, 315.796, 315.796, 315.796, 315.796, 315.796, 315.796, 315.796, 315.796, 315.796, 315.796, 315.796, 315.796, 315.796, 315.796, 315.796, 315.796, 315.796, 315.796, 315.796, 315.796, 315.796, 315.796, 315.796, 315.796, 315.796, 315.796, 315.796, 315.796, 315.796, 315.796, 315.796, 315.796, 315.796, 315.796, 315.796, 315.796, 315.796, 315.796, 315.797, 315.797, 315.797, 300, 
315.822, 315.822, 315.822, 315.822, 315.822, 315.822, 315.822, 315.822, 315.822, 315.822, 315.822, 315.822, 315.822, 315.822, 315.822, 315.822, 315.822, 315.822, 315.822, 315.822, 315.822, 315.822, 315.822, 315.822, 315.822, 315.822, 315.822, 315.822, 315.822, 315.822, 315.822, 315.822, 315.822, 315.822, 315.822, 315.822, 315.822, 315.822, 315.822, 315.822, 315.822, 315.822, 315.822, 315.822, 315.822, 315.822, 315.822, 315.822, 315.822, 315.822, 315.822, 315.822, 315.822, 315.822, 315.822, 315.822, 315.822, 315.822, 315.822, 315.822, 315.822, 315.822, 315.822, 315.822, 315.822, 315.822, 315.822, 315.822, 315.822, 315.822, 315.822, 315.822, 315.822, 315.822, 315.822, 315.822, 315.822, 315.822, 315.822, 315.822, 315.822, 315.822, 315.822, 315.822, 315.822, 315.822, 315.822, 315.822, 315.822, 315.822, 315.822, 315.822, 315.822, 315.822, 315.822, 315.822, 315.822, 315.822, 315.822, 300, 
315.847, 315.847, 315.847, 315.847, 315.847, 315.847, 315.847, 315.847, 315.847, 315.847, 315.847, 315.847, 315.847, 315.847, 315.847, 315.847, 315.847, 315.847, 315.847, 315.847, 315.847, 315.847, 315.847, 315.847, 315.847, 315.847, 315.847, 315.847, 315.847, 315.847, 315.847, 315.847, 315.847, 315.847, 315.847, 315.847, 315.847, 315.847, 315.847, 315.847, 315.847, 315.847, 315.847, 315.847, 315.847, 315.847, 315.847, 315.847, 315.847, 315.847, 315.847, 315.847, 315.847, 315.847, 315.847, 315.847, 315.847, 315.847, 315.847, 315.847, 315.847, 315.847, 315.847, 315.847, 315.847, 315.847, 315.847, 315.847, 315.847, 315.847, 315.847, 315.847, 315.847, 315.847, 315.847, 315.847, 315.847, 315.847, 315.847, 315.847, 315.847, 315.847, 315.847, 315.847, 315.847, 315.847, 315.847, 315.847, 315.847, 315.847, 315.847, 315.847, 315.847, 315.847, 315.847, 315.847, 315.847, 315.848, 315.848, 300, 
315.873, 315.873, 315.873, 315.873, 315.873, 315.873, 315.873, 315.873, 315.873, 315.873, 315.873, 315.873, 315.873, 315.873, 315.873, 315.873, 315.873, 315.873, 315.873, 315.873, 315.873, 315.873, 315.873, 315.873, 315.873, 315.873, 315.873, 315.873, 315.873, 315.873, 315.873, 315.873, 315.873, 315.873, 315.873, 315.873, 315.873, 315.873, 315.873, 315.873, 315.873, 315.873, 315.873, 315.873, 315.873, 315.873, 315.873, 315.873, 315.873, 315.873, 315.873, 315.873, 315.873, 315.873, 315.873, 315.873, 315.873, 315.873, 315.873, 315.873, 315.873, 315.873, 315.873, 315.873, 315.873, 315.873, 315.873, 315.873, 315.873, 315.873, 315.873, 315.873, 315.873, 315.873, 315.873, 315.873, 315.873, 315.873, 315.873, 315.873, 315.873, 315.873, 315.873, 315.873, 315.873, 315.873, 315.873, 315.873, 315.873, 315.873, 315.873, 315.873, 315.873, 315.873, 315.873, 315.873, 315.873, 315.873, 315.873, 300, 
315.898, 315.898, 315.898, 315.898, 315.898, 315.898, 315.898, 315.898, 315.898, 315.898, 315.898, 315.898, 315.898, 315.898, 315.898, 315.898, 315.898, 315.898, 315.898, 315.898, 315.898, 315.898, 315.898, 315.898, 315.898, 315.898, 315.898, 315.898, 315.898, 315.898, 315.898, 315.898, 315.898, 315.898, 315.898, 315.898, 315.898, 315.898, 315.898, 315.898, 315.898, 315.898, 315.898, 315.898, 315.898, 315.898, 315.898, 315.898, 315.898, 315.898, 315.898, 315.898, 315.898, 315.898, 315.898, 315.898, 315.898, 315.898, 315.898, 315.898, 315.898, 315.898, 315.898, 315.898, 315.898, 315.898, 315.898, 315.898, 315.898, 315.898, 315.898, 315.898, 315.898, 315.898, 315.898, 315.898, 315.898, 315.898, 315.898, 315.898, 315.898, 315.898, 315.898, 315.898, 315.898, 315.898, 315.898, 315.898, 315.898, 315.898, 315.898, 315.898, 315.898, 315.898, 315.898, 315.898, 315.898, 315.899, 315.899, 300, 
315.924, 315.924, 315.924, 315.924, 315.924, 315.924, 315.924, 315.924, 315.924, 315.924, 315.924, 315.924, 315.924, 315.924, 315.924, 315.924, 315.924, 315.924, 315.924, 315.924, 315.924, 315.924, 315.924, 315.924, 315.924, 315.924, 315.924, 315.924, 315.924, 315.924, 315.924, 315.924, 315.924, 315.924, 315.924, 315.924, 315.924, 315.924, 315.924, 315.924, 315.924, 315.924, 315.924, 315.924, 315.924, 315.924, 315.924, 315.924, 315.924, 315.924, 315.924, 315.924, 315.924, 315.924, 315.924, 315.924, 315.924, 315.924, 315.924, 315.924, 315.924, 315.924, 315.924, 315.924, 315.924, 315.924, 315.924, 315.924, 315.924, 315.924, 315.924, 315.924, 315.924, 315.924, 315.924, 315.924, 315.924, 315.924, 315.924, 315.924, 315.924, 315.924, 315.924, 315.924, 315.924, 315.924, 315.924, 315.924, 315.924, 315.924, 315.924, 315.924, 315.924, 315.924, 315.924, 315.924, 315.924, 315.924, 315.924, 300, 
315.949, 315.949, 315.949, 315.949, 315.949, 315.949, 315.949, 315.949, 315.949, 315.949, 315.949, 315.949, 315.949, 315.949, 315.949, 315.949, 315.949, 315.949, 315.949, 315.949, 315.949, 315.949, 315.949, 315.949, 315.949, 315.949, 315.949, 315.949, 315.949, 315.949, 315.949, 315.949, 315.949, 315.949, 315.949, 315.949, 315.949, 315.949, 315.949, 315.949, 315.949, 315.949, 315.949, 315.949, 315.949, 315.949, 315.949, 315.949, 315.949, 315.949, 315.949, 315.949, 315.949, 315.949, 315.949, 315.949, 315.949, 315.949, 315.949, 315.949, 315.949, 315.949, 315.949, 315.949, 315.949, 315.949, 315.949, 315.949, 315.949, 315.949, 315.949, 315.949, 315.949, 315.949, 315.949, 315.949, 315.949, 315.949, 315.949, 315.949, 315.949, 315.949, 315.949, 315.949, 315.949, 315.949, 315.949, 315.949, 315.949, 315.949, 315.949, 315.949, 315.949, 315.949, 315.949, 315.949, 315.949, 315.949, 315.949, 300, 
315.975, 315.975, 315.975, 315.975, 315.975, 315.975, 315.975, 315.975, 315.975, 315.975, 315.975, 315.975, 315.975, 315.975, 315.975, 315.975, 315.975, 315.975, 315.975, 315.975, 315.975, 315.975, 315.975, 315.975, 315.975, 315.975, 315.975, 315.975, 315.975, 315.975, 315.975, 315.975, 315.975, 315.975, 315.975, 315.975, 315.975, 315.975, 315.975, 315.975, 315.975, 315.975, 315.975, 315.975, 315.975, 315.975, 315.975, 315.975, 315.975, 315.975, 315.975, 315.975, 315.975, 315.975, 315.975, 315.975, 315.975, 315.975, 315.975, 315.975, 315.975, 315.975, 315.975, 315.975, 315.975, 315.975, 315.975, 315.975, 315.974, 315.974, 315.974, 315.974, 315.974, 315.974, 315.974, 315.974, 315.974, 315.974, 315.974, 315.974, 315.974, 315.974, 315.974, 315.974, 315.975, 315.975, 315.975, 315.975, 315.975, 315.975, 315.975, 315.975, 315.975, 315.975, 315.975, 315.975, 315.975, 315.975, 315.975, 300, 
316, 316, 316, 316, 316, 316, 316, 316, 316, 316, 316, 316, 316, 316, 316, 316, 316, 316, 316, 316, 316, 316, 316, 316, 316, 316, 316, 316, 316, 316, 316, 316, 316, 316, 316, 316, 316, 316, 316, 316, 316, 316, 316, 316, 316, 316, 316, 316, 316, 316, 316, 316, 316, 316, 316, 316, 316, 316, 316, 316, 316, 316, 316, 316, 316, 316, 316, 316, 316, 316, 316, 316, 316, 316, 316, 316, 316, 316, 316, 316, 316, 316, 316, 316, 316, 316, 316, 316, 316, 316, 316, 316, 316, 316, 316, 316, 316, 316, 316, 300, 
316.025, 316.025, 316.025, 316.025, 316.025, 316.025, 316.025, 316.025, 316.025, 316.025, 316.025, 316.025, 316.025, 316.025, 316.025, 316.025, 316.025, 316.025, 316.025, 316.025, 316.025, 316.025, 316.025, 316.025, 316.025, 316.025, 316.025, 316.025, 316.025, 316.025, 316.025, 316.025, 316.025, 316.025, 316.025, 316.025, 316.025, 316.025, 316.025, 316.025, 316.025, 316.025, 316.025, 316.025, 316.025, 316.025, 316.025, 316.025, 316.025, 316.026, 316.026, 316.026, 316.025, 316.025, 316.025, 316.025, 316.025, 316.025, 316.025, 316.025, 316.025, 316.025, 316.025, 316.025, 316.025, 316.025, 316.025, 316.025, 316.025, 316.025, 316.025, 316.025, 316.025, 316.025, 316.025, 316.025, 316.025, 316.025, 316.025, 316.025, 316.025, 316.025, 316.025, 316.025, 316.025, 316.025, 316.025, 316.025, 316.026, 316.026, 316.026, 316.026, 316.026, 316.026, 316.026, 316.026, 316.026, 316.026, 316.026, 300, 
316.051, 316.051, 316.051, 316.051, 316.051, 316.051, 316.051, 316.051, 316.051, 316.051, 316.051, 316.051, 316.051, 316.051, 316.051, 316.051, 316.051, 316.051, 316.051, 316.051, 316.051, 316.051, 316.051, 316.051, 316.051, 316.051, 316.051, 316.051, 316.051, 316.051, 316.051, 316.051, 316.051, 316.051, 316.051, 316.051, 316.051, 316.051, 316.051, 316.051, 316.051, 316.051, 316.051, 316.051, 316.051, 316.051, 316.051, 316.051, 316.051, 316.051, 316.051, 316.051, 316.051, 316.051, 316.051, 316.051, 316.051, 316.051, 316.051, 316.051, 316.051, 316.051, 316.051, 316.051, 316.051, 316.051, 316.051, 316.051, 316.051, 316.051, 316.051, 316.051, 316.051, 316.051, 316.051, 316.051, 316.051, 316.051, 316.051, 316.051, 316.051, 316.051, 316.051, 316.051, 316.051, 316.051, 316.051, 316.051, 316.051, 316.051, 316.051, 316.051, 316.051, 316.051, 316.051, 316.051, 316.051, 316.051, 316.051, 300, 
316.076, 316.076, 316.076, 316.076, 316.076, 316.076, 316.076, 316.076, 316.076, 316.076, 316.076, 316.076, 316.076, 316.076, 316.076, 316.076, 316.076, 316.076, 316.076, 316.076, 316.076, 316.076, 316.076, 316.076, 316.076, 316.076, 316.076, 316.076, 316.076, 316.076, 316.076, 316.076, 316.076, 316.076, 316.076, 316.076, 316.076, 316.076, 316.076, 316.076, 316.076, 316.076, 316.076, 316.076, 316.076, 316.076, 316.076, 316.076, 316.076, 316.076, 316.076, 316.076, 316.076, 316.076, 316.076, 316.076, 316.076, 316.076, 316.076, 316.076, 316.076, 316.076, 316.076, 316.076, 316.076, 316.076, 316.076, 316.076, 316.076, 316.076, 316.076, 316.076, 316.076, 316.076, 316.076, 316.076, 316.076, 316.076, 316.076, 316.076, 316.076, 316.076, 316.076, 316.076, 316.076, 316.076, 316.076, 316.076, 316.076, 316.076, 316.076, 316.077, 316.077, 316.077, 316.077, 316.077, 316.077, 316.077, 316.077, 300, 
316.102, 316.102, 316.102, 316.102, 316.102, 316.102, 316.102, 316.102, 316.102, 316.102, 316.102, 316.102, 316.102, 316.102, 316.102, 316.102, 316.102, 316.102, 316.102, 316.102, 316.102, 316.102, 316.102, 316.102, 316.102, 316.102, 316.102, 316.102, 316.102, 316.102, 316.102, 316.102, 316.102, 316.102, 316.102, 316.102, 316.102, 316.102, 316.102, 316.102, 316.102, 316.102, 316.102, 316.102, 316.102, 316.102, 316.102, 316.102, 316.102, 316.102, 316.102, 316.102, 316.102, 316.102, 316.102, 316.102, 316.102, 316.102, 316.102, 316.102, 316.102, 316.102, 316.102, 316.102, 316.102, 316.102, 316.102, 316.102, 316.102, 316.102, 316.102, 316.102, 316.102, 316.102, 316.102, 316.102, 316.102, 316.102, 316.102, 316.102, 316.102, 316.102, 316.102, 316.102, 316.102, 316.102, 316.102, 316.102, 316.102, 316.102, 316.102, 316.102, 316.102, 316.102, 316.102, 316.102, 316.102, 316.102, 316.102, 300, 
316.127, 316.127, 316.127, 316.127, 316.127, 316.127, 316.127, 316.127, 316.127, 316.127, 316.127, 316.127, 316.127, 316.127, 316.127, 316.127, 316.127, 316.127, 316.127, 316.127, 316.127, 316.127, 316.127, 316.127, 316.127, 316.127, 316.127, 316.127, 316.127, 316.127, 316.127, 316.127, 316.127, 316.127, 316.127, 316.127, 316.127, 316.127, 316.127, 316.127, 316.127, 316.127, 316.127, 316.127, 316.127, 316.127, 316.127, 316.127, 316.127, 316.127, 316.127, 316.127, 316.127, 316.127, 316.127, 316.127, 316.127, 316.127, 316.127, 316.127, 316.127, 316.127, 316.127, 316.127, 316.127, 316.127, 316.127, 316.127, 316.127, 316.127, 316.127, 316.127, 316.127, 316.127, 316.127, 316.127, 316.127, 316.127, 316.127, 316.127, 316.127, 316.127, 316.127, 316.127, 316.127, 316.127, 316.127, 316.127, 316.127, 316.127, 316.127, 316.127, 316.127, 316.128, 316.128, 316.128, 316.128, 316.128, 316.128, 300, 
316.153, 316.153, 316.153, 316.153, 316.153, 316.153, 316.153, 316.153, 316.153, 316.153, 316.153, 316.153, 316.153, 316.153, 316.153, 316.153, 316.153, 316.153, 316.153, 316.153, 316.153, 316.153, 316.153, 316.153, 316.153, 316.153, 316.153, 316.153, 316.153, 316.153, 316.153, 316.153, 316.153, 316.153, 316.153, 316.153, 316.153, 316.153, 316.153, 316.153, 316.153, 316.153, 316.153, 316.153, 316.153, 316.153, 316.153, 316.153, 316.153, 316.153, 316.153, 316.153, 316.153, 316.153, 316.153, 316.153, 316.153, 316.153, 316.153, 316.153, 316.153, 316.153, 316.153, 316.153, 316.153, 316.153, 316.153, 316.153, 316.153, 316.153, 316.153, 316.153, 316.153, 316.153, 316.153, 316.153, 316.153, 316.153, 316.153, 316.153, 316.153, 316.153, 316.153, 316.153, 316.153, 316.153, 316.153, 316.153, 316.153, 316.153, 316.153, 316.153, 316.153, 316.153, 316.153, 316.153, 316.153, 316.153, 316.153, 300, 
316.178, 316.178, 316.178, 316.178, 316.178, 316.178, 316.178, 316.178, 316.178, 316.178, 316.178, 316.178, 316.178, 316.178, 316.178, 316.178, 316.178, 316.178, 316.178, 316.178, 316.178, 316.178, 316.178, 316.178, 316.178, 316.178, 316.178, 316.178, 316.178, 316.178, 316.178, 316.178, 316.178, 316.178, 316.178, 316.178, 316.178, 316.178, 316.178, 316.178, 316.178, 316.178, 316.178, 316.178, 316.178, 316.178, 316.178, 316.178, 316.178, 316.178, 316.178, 316.178, 316.178, 316.178, 316.178, 316.178, 316.178, 316.178, 316.178, 316.178, 316.178, 316.178, 316.178, 316.178, 316.178, 316.178, 316.178, 316.178, 316.178, 316.178, 316.178, 316.178, 316.178, 316.178, 316.178, 316.178, 316.178, 316.178, 316.178, 316.178, 316.178, 316.178, 316.178, 316.178, 316.178, 316.178, 316.178, 316.178, 316.178, 316.178, 316.178, 316.178, 316.178, 316.178, 316.179, 316.179, 316.179, 316.179, 316.179, 300, 
316.204, 316.204, 316.204, 316.204, 316.204, 316.204, 316.204, 316.204, 316.204, 316.204, 316.204, 316.204, 316.204, 316.204, 316.204, 316.204, 316.204, 316.204, 316.204, 316.204, 316.204, 316.204, 316.204, 316.204, 316.204, 316.204, 316.204, 316.204, 316.204, 316.204, 316.204, 316.204, 316.204, 316.204, 316.204, 316.204, 316.204, 316.204, 316.204, 316.204, 316.204, 316.204, 316.204, 316.204, 316.204, 316.204, 316.204, 316.204, 316.204, 316.204, 316.204, 316.204, 316.204, 316.204, 316.204, 316.204, 316.204, 316.204, 316.204, 316.204, 316.204, 316.204, 316.204, 316.204, 316.204, 316.204, 316.204, 316.204, 316.204, 316.204, 316.204, 316.204, 316.204, 316.204, 316.204, 316.204, 316.204, 316.204, 316.204, 316.204, 316.204, 316.204, 316.204, 316.204, 316.204, 316.204, 316.204, 316.204, 316.204, 316.204, 316.204, 316.204, 316.204, 316.204, 316.204, 316.204, 316.204, 316.204, 316.204, 300, 
316.229, 316.229, 316.229, 316.229, 316.229, 316.229, 316.229, 316.229, 316.229, 316.229, 316.229, 316.229, 316.229, 316.229, 316.229, 316.229, 316.229, 316.229, 316.229, 316.229, 316.229, 316.229, 316.229, 316.229, 316.229, 316.229, 316.229, 316.229, 316.229, 316.229, 316.229, 316.229, 316.229, 316.229, 316.229, 316.229, 316.229, 316.229, 316.229, 316.229, 316.229, 316.229, 316.229, 316.229, 316.229, 316.229, 316.229, 316.229, 316.229, 316.229, 316.229, 316.229, 316.229, 316.229, 316.229, 316.229, 316.229, 316.229, 316.229, 316.229, 316.229, 316.229, 316.229, 316.229, 316.229, 316.229, 316.229, 316.229, 316.229, 316.229, 316.229, 316.229, 316.229, 316.229, 316.229, 316.229, 316.229, 316.229, 316.229, 316.229, 316.229, 316.229, 316.229, 316.229, 316.229, 316.229, 316.229, 316.229, 316.229, 316.229, 316.229, 316.229, 316.229, 316.229, 316.229, 316.23, 316.23, 316.23, 316.23, 300, 
316.255, 316.255, 316.255, 316.255, 316.255, 316.255, 316.255, 316.255, 316.255, 316.255, 316.255, 316.255, 316.255, 316.255, 316.255, 316.255, 316.255, 316.255, 316.255, 316.255, 316.255, 316.255, 316.255, 316.255, 316.255, 316.255, 316.255, 316.255, 316.255, 316.255, 316.255, 316.255, 316.255, 316.255, 316.255, 316.255, 316.255, 316.255, 316.255, 316.255, 316.255, 316.255, 316.255, 316.255, 316.255, 316.255, 316.255, 316.255, 316.255, 316.255, 316.255, 316.255, 316.255, 316.255, 316.255, 316.255, 316.255, 316.255, 316.255, 316.255, 316.255, 316.255, 316.255, 316.255, 316.255, 316.255, 316.255, 316.255, 316.255, 316.255, 316.255, 316.255, 316.255, 316.255, 316.255, 316.255, 316.255, 316.255, 316.255, 316.255, 316.255, 316.255, 316.255, 316.255, 316.255, 316.255, 316.255, 316.255, 316.255, 316.255, 316.255, 316.255, 316.255, 316.255, 316.255, 316.255, 316.255, 316.255, 316.255, 300, 
316.28, 316.28, 316.28, 316.28, 316.28, 316.28, 316.28, 316.28, 316.28, 316.28, 316.28, 316.28, 316.28, 316.28, 316.28, 316.28, 316.28, 316.28, 316.28, 316.28, 316.28, 316.28, 316.28, 316.28, 316.28, 316.28, 316.28, 316.28, 316.28, 316.28, 316.28, 316.28, 316.28, 316.28, 316.28, 316.28, 316.28, 316.28, 316.28, 316.28, 316.28, 316.28, 316.28, 316.28, 316.28, 316.28, 316.28, 316.28, 316.28, 316.28, 316.28, 316.28, 316.28, 316.28, 316.28, 316.28, 316.28, 316.28, 316.28, 316.28, 316.28, 316.28, 316.28, 316.28, 316.28, 316.28, 316.28, 316.28, 316.28, 316.28, 316.28, 316.28, 316.28, 316.28, 316.28, 316.28, 316.28, 316.28, 316.28, 316.28, 316.28, 316.28, 316.28, 316.28, 316.28, 316.28, 316.28, 316.28, 316.28, 316.28, 316.28, 316.28, 316.28, 316.28, 316.28, 316.28, 316.281, 316.281, 316.281, 300, 
316.306, 316.306, 316.306, 316.306, 316.306, 316.306, 316.306, 316.306, 316.306, 316.306, 316.306, 316.306, 316.306, 316.306, 316.306, 316.306, 316.306, 316.306, 316.306, 316.306, 316.306, 316.306, 316.306, 316.306, 316.306, 316.306, 316.306, 316.306, 316.306, 316.306, 316.306, 316.306, 316.306, 316.306, 316.306, 316.306, 316.306, 316.306, 316.306, 316.306, 316.306, 316.306, 316.306, 316.306, 316.306, 316.306, 316.306, 316.306, 316.306, 316.306, 316.306, 316.306, 316.306, 316.306, 316.306, 316.306, 316.306, 316.306, 316.306, 316.306, 316.306, 316.306, 316.306, 316.306, 316.306, 316.306, 316.306, 316.306, 316.306, 316.306, 316.306, 316.306, 316.306, 316.306, 316.306, 316.306, 316.306, 316.306, 316.306, 316.306, 316.306, 316.306, 316.306, 316.306, 316.306, 316.306, 316.306, 316.306, 316.306, 316.306, 316.306, 316.306, 316.306, 316.306, 316.306, 316.306, 316.306, 316.306, 316.306, 300, 
316.331, 316.331, 316.331, 316.331, 316.331, 316.331, 316.331, 316.331, 316.331, 316.331, 316.331, 316.331, 316.331, 316.331, 316.331, 316.331, 316.331, 316.331, 316.331, 316.331, 316.331, 316.331, 316.331, 316.331, 316.331, 316.331, 316.331, 316.331, 316.331, 316.331, 316.331, 316.331, 316.331, 316.331, 316.331, 316.331, 316.331, 316.331, 316.331, 316.331, 316.331, 316.331, 316.331, 316.331, 316.331, 316.331, 316.331, 316.331, 316.331, 316.331, 316.331, 316.331, 316.331, 316.331, 316.331, 316.331, 316.331, 316.331, 316.331, 316.331, 316.331, 316.331, 316.331, 316.331, 316.331, 316.331, 316.331, 316.331, 316.331, 316.331, 316.331, 316.331, 316.331, 316.331, 316.331, 316.331, 316.331, 316.331, 316.331, 316.331, 316.331, 316.331, 316.331, 316.331, 316.331, 316.331, 316.331, 316.331, 316.331, 316.331, 316.331, 316.331, 316.331, 316.331, 316.331, 316.331, 316.331, 316.332, 316.332, 300, 
316.357, 316.357, 316.357, 316.357, 316.357, 316.357, 316.357, 316.357, 316.357, 316.357, 316.357, 316.357, 316.357, 316.357, 316.357, 316.357, 316.357, 316.357, 316.357, 316.357, 316.357, 316.357, 316.357, 316.357, 316.357, 316.357, 316.357, 316.357, 316.357, 316.357, 316.357, 316.357, 316.357, 316.357, 316.357, 316.357, 316.357, 316.357, 316.357, 316.357, 316.357, 316.357, 316.357, 316.357, 316.357, 316.357, 316.357, 316.357, 316.357, 316.357, 316.357, 316.357, 316.357, 316.357, 316.357, 316.357, 316.357, 316.357, 316.357, 316.357, 316.357, 316.357, 316.357, 316.357, 316.357, 316.357, 316.357, 316.357, 316.357, 316.357, 316.357, 316.357, 316.357, 316.357, 316.357, 316.357, 316.357, 316.357, 316.357, 316.357, 316.357, 316.357, 316.357, 316.357, 316.357, 316.357, 316.357, 316.357, 316.357, 316.357, 316.357, 316.357, 316.357, 316.357, 316.357, 316.357, 316.357, 316.357, 316.357, 300, 
316.382, 316.382, 316.382, 316.382, 316.382, 316.382, 316.382, 316.382, 316.382, 316.382, 316.382, 316.382, 316.382, 316.382, 316.382, 316.382, 316.382, 316.382, 316.382, 316.382, 316.382, 316.382, 316.382, 316.382, 316.382, 316.382, 316.382, 316.382, 316.382, 316.382, 316.382, 316.382, 316.382, 316.382, 316.382, 316.382, 316.382, 316.382, 316.382, 316.382, 316.382, 316.382, 316.382, 316.382, 316.382, 316.382, 316.382, 316.382, 316.382, 316.382, 316.382, 316.382, 316.382, 316.382, 316.382, 316.382, 316.382, 316.382, 316.382, 316.382, 316.382, 316.382, 316.382, 316.382, 316.382, 316.382, 316.382, 316.382, 316.382, 316.382, 316.382, 316.382, 316.382, 316.382, 316.382, 316.382, 316.382, 316.382, 316.382, 316.382, 316.382, 316.382, 316.382, 316.382, 316.382, 316.382, 316.382, 316.382, 316.382, 316.382, 316.382, 316.382, 316.382, 316.382, 316.382, 316.382, 316.382, 316.383, 316.383, 300, 
316.408, 316.408, 316.408, 316.408, 316.408, 316.408, 316.408, 316.408, 316.408, 316.408, 316.408, 316.408, 316.408, 316.408, 316.408, 316.408, 316.408, 316.408, 316.408, 316.408, 316.408, 316.408, 316.408, 316.408, 316.408, 316.408, 316.408, 316.408, 316.408, 316.408, 316.408, 316.408, 316.408, 316.408, 316.408, 316.408, 316.408, 316.408, 316.408, 316.408, 316.408, 316.408, 316.408, 316.408, 316.408, 316.408, 316.408, 316.408, 316.408, 316.408, 316.408, 316.408, 316.408, 316.408, 316.408, 316.408, 316.408, 316.408, 316.408, 316.408, 316.408, 316.408, 316.408, 316.408, 316.408, 316.408, 316.408, 316.408, 316.408, 316.408, 316.408, 316.408, 316.408, 316.408, 316.408, 316.408, 316.408, 316.408, 316.408, 316.408, 316.408, 316.408, 316.408, 316.408, 316.408, 316.408, 316.408, 316.408, 316.408, 316.408, 316.408, 316.408, 316.408, 316.408, 316.408, 316.408, 316.408, 316.408, 316.408, 300, 
316.433, 316.433, 316.433, 316.433, 316.433, 316.433, 316.433, 316.433, 316.433, 316.433, 316.433, 316.433, 316.433, 316.433, 316.433, 316.433, 316.433, 316.433, 316.433, 316.433, 316.433, 316.433, 316.433, 316.433, 316.433, 316.433, 316.433, 316.433, 316.433, 316.433, 316.433, 316.433, 316.433, 316.433, 316.433, 316.433, 316.433, 316.433, 316.433, 316.433, 316.433, 316.433, 316.433, 316.433, 316.433, 316.433, 316.433, 316.433, 316.433, 316.433, 316.433, 316.433, 316.433, 316.433, 316.433, 316.433, 316.433, 316.433, 316.433, 316.433, 316.433, 316.433, 316.433, 316.433, 316.433, 316.433, 316.433, 316.433, 316.433, 316.433, 316.433, 316.433, 316.433, 316.433, 316.433, 316.433, 316.433, 316.433, 316.433, 316.433, 316.433, 316.433, 316.433, 316.433, 316.433, 316.433, 316.433, 316.433, 316.433, 316.433, 316.433, 316.433, 316.433, 316.433, 316.433, 316.433, 316.433, 316.434, 316.433, 300, 
316.459, 316.459, 316.459, 316.459, 316.459, 316.459, 316.459, 316.459, 316.459, 316.459, 316.459, 316.459, 316.459, 316.459, 316.459, 316.459, 316.459, 316.459, 316.459, 316.459, 316.459, 316.459, 316.459, 316.459, 316.459, 316.459, 316.459, 316.459, 316.459, 316.459, 316.459, 316.459, 316.459, 316.459, 316.459, 316.459, 316.459, 316.459, 316.459, 316.459, 316.459, 316.459, 316.459, 316.459, 316.459, 316.459, 316.459, 316.459, 316.459, 316.459, 316.459, 316.459, 316.459, 316.459, 316.459, 316.459, 316.459, 316.459, 316.459, 316.459, 316.459, 316.459, 316.459, 316.459, 316.459, 316.459, 316.459, 316.459, 316.459, 316.459, 316.459, 316.459, 316.459, 316.459, 316.459, 316.459, 316.459, 316.459, 316.459, 316.459, 316.459, 316.459, 316.459, 316.459, 316.459, 316.459, 316.459, 316.459, 316.459, 316.459, 316.459, 316.459, 316.459, 316.459, 316.459, 316.459, 316.459, 316.459, 316.459, 300, 
316.484, 316.484, 316.484, 316.484, 316.484, 316.484, 316.484, 316.484, 316.484, 316.484, 316.484, 316.484, 316.484, 316.484, 316.484, 316.484, 316.484, 316.484, 316.484, 316.484, 316.484, 316.484, 316.484, 316.484, 316.484, 316.484, 316.484, 316.484, 316.484, 316.484, 316.484, 316.484, 316.484, 316.484, 316.484, 316.484, 316.484, 316.484, 316.484, 316.484, 316.484, 316.484, 316.484, 316.484, 316.484, 316.484, 316.484, 316.484, 316.484, 316.484, 316.484, 316.484, 316.484, 316.484, 316.484, 316.484, 316.484, 316.484, 316.484, 316.484, 316.484, 316.484, 316.484, 316.484, 316.484, 316.484, 316.484, 316.484, 316.484, 316.484, 316.484, 316.484, 316.484, 316.484, 316.484, 316.484, 316.484, 316.484, 316.484, 316.484, 316.484, 316.484, 316.484, 316.484, 316.484, 316.484, 316.484, 316.484, 316.484, 316.484, 316.484, 316.484, 316.484, 316.484, 316.484, 316.484, 316.484, 316.484, 316.484, 300, 
316.51, 316.51, 316.51, 316.51, 316.51, 316.51, 316.51, 316.51, 316.51, 316.51, 316.51, 316.51, 316.51, 316.51, 316.51, 316.51, 316.51, 316.51, 316.51, 316.51, 316.51, 316.51, 316.51, 316.51, 316.51, 316.51, 316.51, 316.51, 316.51, 316.51, 316.51, 316.51, 316.51, 316.51, 316.51, 316.51, 316.51, 316.51, 316.51, 316.51, 316.51, 316.51, 316.51, 316.51, 316.51, 316.51, 316.51, 316.51, 316.51, 316.51, 316.51, 316.51, 316.51, 316.51, 316.51, 316.51, 316.51, 316.51, 316.51, 316.51, 316.51, 316.51, 316.51, 316.51, 316.51, 316.51, 316.51, 316.51, 316.51, 316.51, 316.51, 316.51, 316.51, 316.51, 316.51, 316.51, 316.51, 316.51, 316.51, 316.51, 316.51, 316.51, 316.51, 316.51, 316.51, 316.51, 316.51, 316.51, 316.51, 316.51, 316.51, 316.51, 316.51, 316.51, 316.51, 316.51, 316.51, 316.51, 316.51, 300, 
316.535, 316.535, 316.535, 316.535, 316.535, 316.535, 316.535, 316.535, 316.535, 316.535, 316.535, 316.535, 316.535, 316.535, 316.535, 316.535, 316.535, 316.535, 316.535, 316.535, 316.535, 316.535, 316.535, 316.535, 316.535, 316.535, 316.535, 316.535, 316.535, 316.535, 316.535, 316.535, 316.535, 316.535, 316.535, 316.535, 316.535, 316.535, 316.535, 316.535, 316.535, 316.535, 316.535, 316.535, 316.535, 316.535, 316.535, 316.535, 316.535, 316.535, 316.535, 316.535, 316.535, 316.535, 316.535, 316.535, 316.535, 316.535, 316.535, 316.535, 316.535, 316.535, 316.535, 316.535, 316.535, 316.535, 316.535, 316.535, 316.535, 316.535, 316.535, 316.535, 316.535, 316.535, 316.535, 316.535, 316.535, 316.535, 316.535, 316.535, 316.535, 316.535, 316.535, 316.535, 316.535, 316.535, 316.535, 316.535, 316.535, 316.535, 316.535, 316.535, 316.535, 316.535, 316.535, 316.535, 316.535, 316.535, 316.535, 300, 
316.561, 316.561, 316.561, 316.561, 316.561, 316.561, 316.561, 316.561, 316.561, 316.561, 316.561, 316.561, 316.561, 316.561, 316.561, 316.561, 316.561, 316.561, 316.561, 316.56, 316.56, 316.56, 316.56, 316.56, 316.56, 316.56, 316.56, 316.56, 316.56, 316.56, 316.56, 316.56, 316.561, 316.561, 316.561, 316.561, 316.561, 316.561, 316.561, 316.561, 316.561, 316.561, 316.561, 316.561, 316.561, 316.561, 316.561, 316.561, 316.561, 316.561, 316.561, 316.561, 316.561, 316.561, 316.561, 316.561, 316.561, 316.561, 316.561, 316.561, 316.561, 316.561, 316.561, 316.561, 316.561, 316.56, 316.56, 316.56, 316.56, 316.56, 316.56, 316.56, 316.56, 316.56, 316.56, 316.56, 316.56, 316.56, 316.56, 316.56, 316.56, 316.56, 316.56, 316.56, 316.56, 316.561, 316.561, 316.561, 316.561, 316.561, 316.561, 316.561, 316.561, 316.561, 316.561, 316.561, 316.561, 316.561, 316.561, 300, 
316.586, 316.586, 316.586, 316.586, 316.586, 316.586, 316.586, 316.586, 316.586, 316.586, 316.586, 316.586, 316.586, 316.586, 316.586, 316.586, 316.586, 316.586, 316.586, 316.586, 316.586, 316.586, 316.586, 316.586, 316.586, 316.586, 316.586, 316.586, 316.586, 316.586, 316.586, 316.586, 316.586, 316.586, 316.586, 316.586, 316.586, 316.586, 316.586, 316.586, 316.586, 316.586, 316.586, 316.586, 316.586, 316.586, 316.586, 316.586, 316.586, 316.586, 316.586, 316.586, 316.586, 316.586, 316.586, 316.586, 316.586, 316.586, 316.586, 316.586, 316.586, 316.586, 316.586, 316.586, 316.586, 316.586, 316.586, 316.586, 316.586, 316.586, 316.586, 316.586, 316.586, 316.586, 316.586, 316.586, 316.586, 316.586, 316.586, 316.586, 316.586, 316.586, 316.586, 316.586, 316.586, 316.586, 316.586, 316.586, 316.586, 316.586, 316.586, 316.586, 316.586, 316.586, 316.586, 316.586, 316.586, 316.586, 316.586, 300, 
316.611, 316.611, 316.611, 316.611, 316.611, 316.611, 316.611, 316.611, 316.611, 316.611, 316.611, 316.611, 316.611, 316.611, 316.611, 316.611, 316.611, 316.611, 316.611, 316.611, 316.611, 316.611, 316.611, 316.611, 316.611, 316.611, 316.611, 316.611, 316.611, 316.611, 316.611, 316.611, 316.611, 316.611, 316.611, 316.611, 316.611, 316.611, 316.611, 316.611, 316.611, 316.611, 316.611, 316.611, 316.611, 316.611, 316.611, 316.611, 316.611, 316.611, 316.611, 316.611, 316.611, 316.611, 316.611, 316.611, 316.611, 316.611, 316.611, 316.611, 316.611, 316.611, 316.611, 316.611, 316.611, 316.611, 316.611, 316.611, 316.611, 316.611, 316.611, 316.611, 316.611, 316.611, 316.611, 316.611, 316.611, 316.611, 316.611, 316.611, 316.611, 316.611, 316.611, 316.611, 316.611, 316.611, 316.611, 316.611, 316.611, 316.611, 316.612, 316.612, 316.612, 316.612, 316.612, 316.612, 316.612, 316.612, 316.612, 300, 
316.637, 316.637, 316.637, 316.637, 316.637, 316.637, 316.637, 316.637, 316.637, 316.637, 316.637, 316.637, 316.637, 316.637, 316.637, 316.637, 316.637, 316.637, 316.637, 316.637, 316.637, 316.637, 316.637, 316.637, 316.637, 316.637, 316.637, 316.637, 316.637, 316.637, 316.637, 316.637, 316.637, 316.637, 316.637, 316.637, 316.637, 316.637, 316.637, 316.637, 316.637, 316.637, 316.637, 316.637, 316.637, 316.637, 316.637, 316.637, 316.637, 316.637, 316.637, 316.637, 316.637, 316.637, 316.637, 316.637, 316.637, 316.637, 316.637, 316.637, 316.637, 316.637, 316.637, 316.637, 316.637, 316.637, 316.637, 316.637, 316.637, 316.637, 316.637, 316.637, 316.637, 316.637, 316.637, 316.637, 316.637, 316.637, 316.637, 316.637, 316.637, 316.637, 316.637, 316.637, 316.637, 316.637, 316.637, 316.637, 316.637, 316.637, 316.637, 316.637, 316.637, 316.637, 316.637, 316.637, 316.637, 316.637, 316.637, 300, 
316.662, 316.662, 316.662, 316.662, 316.662, 316.662, 316.662, 316.662, 316.662, 316.662, 316.662, 316.662, 316.662, 316.662, 316.662, 316.662, 316.662, 316.662, 316.662, 316.662, 316.662, 316.662, 316.662, 316.662, 316.662, 316.662, 316.662, 316.662, 316.662, 316.662, 316.662, 316.662, 316.662, 316.662, 316.662, 316.662, 316.662, 316.662, 316.662, 316.662, 316.662, 316.662, 316.662, 316.662, 316.662, 316.662, 316.662, 316.662, 316.662, 316.662, 316.662, 316.662, 316.662, 316.662, 316.662, 316.662, 316.662, 316.662, 316.662, 316.662, 316.662, 316.662, 316.662, 316.662, 316.662, 316.662, 316.662, 316.662, 316.662, 316.662, 316.662, 316.662, 316.662, 316.662, 316.662, 316.662, 316.662, 316.662, 316.662, 316.662, 316.662, 316.662, 316.662, 316.662, 316.662, 316.662, 316.662, 316.662, 316.662, 316.662, 316.662, 316.662, 316.663, 316.663, 316.663, 316.663, 316.663, 316.663, 316.663, 300, 
316.688, 316.688, 316.688, 316.688, 316.688, 316.688, 316.688, 316.688, 316.688, 316.688, 316.688, 316.688, 316.688, 316.688, 316.688, 316.688, 316.688, 316.688, 316.688, 316.688, 316.688, 316.688, 316.688, 316.688, 316.688, 316.688, 316.688, 316.688, 316.688, 316.688, 316.688, 316.688, 316.688, 316.688, 316.688, 316.688, 316.688, 316.688, 316.688, 316.688, 316.688, 316.688, 316.688, 316.688, 316.688, 316.688, 316.688, 316.688, 316.688, 316.688, 316.688, 316.688, 316.688, 316.688, 316.688, 316.688, 316.688, 316.688, 316.688, 316.688, 316.688, 316.688, 316.688, 316.688, 316.688, 316.688, 316.688, 316.688, 316.688, 316.688, 316.688, 316.688, 316.688, 316.688, 316.688, 316.688, 316.688, 316.688, 316.688, 316.688, 316.688, 316.688, 316.688, 316.688, 316.688, 316.688, 316.688, 316.688, 316.688, 316.688, 316.688, 316.688, 316.688, 316.688, 316.688, 316.688, 316.688, 316.688, 316.688, 300, 
316.713, 316.713, 316.713, 316.713, 316.713, 316.713, 316.713, 316.713, 316.713, 316.713, 316.713, 316.713, 316.713, 316.713, 316.713, 316.713, 316.713, 316.713, 316.713, 316.713, 316.713, 316.713, 316.713, 316.713, 316.713, 316.713, 316.713, 316.713, 316.713, 316.713, 316.713, 316.713, 316.713, 316.713, 316.713, 316.713, 316.713, 316.713, 316.713, 316.713, 316.713, 316.713, 316.713, 316.713, 316.713, 316.713, 316.713, 316.713, 316.713, 316.713, 316.713, 316.713, 316.713, 316.713, 316.713, 316.713, 316.713, 316.713, 316.713, 316.713, 316.713, 316.713, 316.713, 316.713, 316.713, 316.713, 316.713, 316.713, 316.713, 316.713, 316.713, 316.713, 316.713, 316.713, 316.713, 316.713, 316.713, 316.713, 316.713, 316.713, 316.713, 316.713, 316.713, 316.713, 316.713, 316.713, 316.713, 316.713, 316.713, 316.713, 316.713, 316.713, 316.713, 316.713, 316.714, 316.714, 316.714, 316.714, 316.714, 300, 
316.739, 316.739, 316.739, 316.739, 316.739, 316.739, 316.739, 316.739, 316.739, 316.739, 316.739, 316.739, 316.739, 316.739, 316.739, 316.739, 316.739, 316.739, 316.739, 316.739, 316.739, 316.739, 316.739, 316.739, 316.739, 316.739, 316.739, 316.739, 316.739, 316.739, 316.739, 316.739, 316.739, 316.739, 316.739, 316.739, 316.739, 316.739, 316.739, 316.739, 316.739, 316.739, 316.739, 316.739, 316.739, 316.739, 316.739, 316.739, 316.739, 316.739, 316.739, 316.739, 316.739, 316.739, 316.739, 316.739, 316.739, 316.739, 316.739, 316.739, 316.739, 316.739, 316.739, 316.739, 316.739, 316.739, 316.739, 316.739, 316.739, 316.739, 316.739, 316.739, 316.739, 316.739, 316.739, 316.739, 316.739, 316.739, 316.739, 316.739, 316.739, 316.739, 316.739, 316.739, 316.739, 316.739, 316.739, 316.739, 316.739, 316.739, 316.739, 316.739, 316.739, 316.739, 316.739, 316.739, 316.739, 316.739, 316.739, 300, 
316.764, 316.764, 316.764, 316.764, 316.764, 316.764, 316.764, 316.764, 316.764, 316.764, 316.764, 316.764, 316.764, 316.764, 316.764, 316.764, 316.764, 316.764, 316.764, 316.764, 316.764, 316.764, 316.764, 316.764, 316.764, 316.764, 316.764, 316.764, 316.764, 316.764, 316.764, 316.764, 316.764, 316.764, 316.764, 316.764, 316.764, 316.764, 316.764, 316.764, 316.764, 316.764, 316.764, 316.764, 316.764, 316.764, 316.764, 316.764, 316.764, 316.764, 316.764, 316.764, 316.764, 316.764, 316.764, 316.764, 316.764, 316.764, 316.764, 316.764, 316.764, 316.764, 316.764, 316.764, 316.764, 316.764, 316.764, 316.764, 316.764, 316.764, 316.764, 316.764, 316.764, 316.764, 316.764, 316.764, 316.764, 316.764, 316.764, 316.764, 316.764, 316.764, 316.764, 316.764, 316.764, 316.764, 316.764, 316.764, 316.764, 316.764, 316.764, 316.764, 316.764, 316.764, 316.764, 316.765, 316.765, 316.765, 316.765, 300, 
316.79, 316.79, 316.79, 316.79, 316.79, 316.79, 316.79, 316.79, 316.79, 316.79, 316.79, 316.79, 316.79, 316.79, 316.79, 316.79, 316.79, 316.79, 316.79, 316.79, 316.79, 316.79, 316.79, 316.79, 316.79, 316.79, 316.79, 316.79, 316.79, 316.79, 316.79, 316.79, 316.79, 316.79, 316.79, 316.79, 316.79, 316.79, 316.79, 316.79, 316.79, 316.79, 316.79, 316.79, 316.79, 316.79, 316.79, 316.79, 316.79, 316.79, 316.79, 316.79, 316.79, 316.79, 316.79, 316.79, 316.79, 316.79, 316.79, 316.79, 316.79, 316.79, 316.79, 316.79, 316.79, 316.79, 316.79, 316.79, 316.79, 316.79, 316.79, 316.79, 316.79, 316.79, 316.79, 316.79, 316.79, 316.79, 316.79, 316.79, 316.79, 316.79, 316.79, 316.79, 316.79, 316.79, 316.79, 316.79, 316.79, 316.79, 316.79, 316.79, 316.79, 316.79, 316.79, 316.79, 316.79, 316.79, 316.79, 300, 
316.815, 316.815, 316.815, 316.815, 316.815, 316.815, 316.815, 316.815, 316.815, 316.815, 316.815, 316.815, 316.815, 316.815, 316.815, 316.815, 316.815, 316.815, 316.815, 316.815, 316.815, 316.815, 316.815, 316.815, 316.815, 316.815, 316.815, 316.815, 316.815, 316.815, 316.815, 316.815, 316.815, 316.815, 316.815, 316.815, 316.815, 316.815, 316.815, 316.815, 316.815, 316.815, 316.815, 316.815, 316.815, 316.815, 316.815, 316.815, 316.815, 316.815, 316.815, 316.815, 316.815, 316.815, 316.815, 316.815, 316.815, 316.815, 316.815, 316.815, 316.815, 316.815, 316.815, 316.815, 316.815, 316.815, 316.815, 316.815, 316.815, 316.815, 316.815, 316.815, 316.815, 316.815, 316.815, 316.815, 316.815, 316.815, 316.815, 316.815, 316.815, 316.815, 316.815, 316.815, 316.815, 316.815, 316.815, 316.815, 316.815, 316.815, 316.815, 316.815, 316.815, 316.815, 316.815, 316.815, 316.816, 316.816, 316.816, 300, 
316.841, 316.841, 316.841, 316.841, 316.841, 316.841, 316.841, 316.841, 316.841, 316.841, 316.841, 316.841, 316.841, 316.841, 316.841, 316.841, 316.841, 316.841, 316.841, 316.841, 316.841, 316.841, 316.841, 316.841, 316.841, 316.841, 316.841, 316.841, 316.841, 316.841, 316.841, 316.841, 316.841, 316.841, 316.841, 316.841, 316.841, 316.841, 316.841, 316.841, 316.841, 316.841, 316.841, 316.841, 316.841, 316.841, 316.841, 316.841, 316.841, 316.841, 316.841, 316.841, 316.841, 316.841, 316.841, 316.841, 316.841, 316.841, 316.841, 316.841, 316.841, 316.841, 316.841, 316.841, 316.841, 316.841, 316.841, 316.841, 316.841, 316.841, 316.841, 316.841, 316.841, 316.841, 316.841, 316.841, 316.841, 316.841, 316.841, 316.841, 316.841, 316.841, 316.841, 316.841, 316.841, 316.841, 316.841, 316.841, 316.841, 316.841, 316.841, 316.841, 316.841, 316.841, 316.841, 316.841, 316.841, 316.841, 316.841, 300, 
316.866, 316.866, 316.866, 316.866, 316.866, 316.866, 316.866, 316.866, 316.866, 316.866, 316.866, 316.866, 316.866, 316.866, 316.866, 316.866, 316.866, 316.866, 316.866, 316.866, 316.866, 316.866, 316.866, 316.866, 316.866, 316.866, 316.866, 316.866, 316.866, 316.866, 316.866, 316.866, 316.866, 316.866, 316.866, 316.866, 316.866, 316.866, 316.866, 316.866, 316.866, 316.866, 316.866, 316.866, 316.866, 316.866, 316.866, 316.866, 316.866, 316.866, 316.866, 316.866, 316.866, 316.866, 316.866, 316.866, 316.866, 316.866, 316.866, 316.866, 316.866, 316.866, 316.866, 316.866, 316.866, 316.866, 316.866, 316.866, 316.866, 316.866, 316.866, 316.866, 316.866, 316.866, 316.866, 316.866, 316.866, 316.866, 316.866, 316.866, 316.866, 316.866, 316.866, 316.866, 316.866, 316.866, 316.866, 316.866, 316.866, 316.866, 316.866, 316.866, 316.866, 316.866, 316.866, 316.866, 316.866, 316.867, 316.866, 300, 
316.892, 316.892, 316.892, 316.892, 316.892, 316.892, 316.892, 316.892, 316.892, 316.892, 316.892, 316.892, 316.892, 316.892, 316.892, 316.892, 316.892, 316.892, 316.892, 316.892, 316.892, 316.892, 316.892, 316.892, 316.892, 316.892, 316.892, 316.892, 316.892, 316.892, 316.892, 316.892, 316.892, 316.892, 316.892, 316.892, 316.892, 316.892, 316.892, 316.892, 316.892, 316.892, 316.892, 316.892, 316.892, 316.892, 316.892, 316.892, 316.892, 316.892, 316.892, 316.892, 316.892, 316.892, 316.892, 316.892, 316.892, 316.892, 316.892, 316.892, 316.892, 316.892, 316.892, 316.892, 316.892, 316.892, 316.892, 316.892, 316.892, 316.892, 316.892, 316.892, 316.892, 316.892, 316.892, 316.892, 316.892, 316.892, 316.892, 316.892, 316.892, 316.892, 316.892, 316.892, 316.892, 316.892, 316.892, 316.892, 316.892, 316.892, 316.892, 316.892, 316.892, 316.892, 316.892, 316.892, 316.892, 316.892, 316.892, 300, 
316.917, 316.917, 316.917, 316.917, 316.917, 316.917, 316.917, 316.917, 316.917, 316.917, 316.917, 316.917, 316.917, 316.917, 316.917, 316.917, 316.917, 316.917, 316.917, 316.917, 316.917, 316.917, 316.917, 316.917, 316.917, 316.917, 316.917, 316.917, 316.917, 316.917, 316.917, 316.917, 316.917, 316.917, 316.917, 316.917, 316.917, 316.917, 316.917, 316.917, 316.917, 316.917, 316.917, 316.917, 316.917, 316.917, 316.917, 316.917, 316.917, 316.917, 316.917, 316.917, 316.917, 316.917, 316.917, 316.917, 316.917, 316.917, 316.917, 316.917, 316.917, 316.917, 316.917, 316.917, 316.917, 316.917, 316.917, 316.917, 316.917, 316.917, 316.917, 316.917, 316.917, 316.917, 316.917, 316.917, 316.917, 316.917, 316.917, 316.917, 316.917, 316.917, 316.917, 316.917, 316.917, 316.917, 316.917, 316.917, 316.917, 316.917, 316.917, 316.917, 316.917, 316.917, 316.917, 316.917, 316.917, 316.918, 316.917, 300, 
316.943, 316.943, 316.943, 316.943, 316.943, 316.943, 316.943, 316.943, 316.943, 316.943, 316.943, 316.943, 316.943, 316.943, 316.943, 316.943, 316.943, 316.943, 316.943, 316.943, 316.943, 316.943, 316.943, 316.943, 316.943, 316.943, 316.943, 316.943, 316.943, 316.943, 316.943, 316.943, 316.943, 316.943, 316.943, 316.943, 316.943, 316.943, 316.943, 316.943, 316.943, 316.943, 316.943, 316.943, 316.943, 316.943, 316.943, 316.943, 316.943, 316.943, 316.943, 316.943, 316.943, 316.943, 316.943, 316.943, 316.943, 316.943, 316.943, 316.943, 316.943, 316.943, 316.943, 316.943, 316.943, 316.943, 316.943, 316.943, 316.943, 316.943, 316.943, 316.943, 316.943, 316.943, 316.943, 316.943, 316.943, 316.943, 316.943, 316.943, 316.943, 316.943, 316.943, 316.943, 316.943, 316.943, 316.943, 316.943, 316.943, 316.943, 316.943, 316.943, 316.943, 316.943, 316.943, 316.943, 316.943, 316.943, 316.943, 300, 
316.968, 316.968, 316.968, 316.968, 316.968, 316.968, 316.968, 316.968, 316.968, 316.968, 316.968, 316.968, 316.968, 316.968, 316.968, 316.968, 316.968, 316.968, 316.968, 316.968, 316.968, 316.968, 316.968, 316.968, 316.968, 316.968, 316.968, 316.968, 316.968, 316.968, 316.968, 316.968, 316.968, 316.968, 316.968, 316.968, 316.968, 316.968, 316.968, 316.968, 316.968, 316.968, 316.968, 316.968, 316.968, 316.968, 316.968, 316.968, 316.968, 316.968, 316.968, 316.968, 316.968, 316.968, 316.968, 316.968, 316.968, 316.968, 316.968, 316.968, 316.968, 316.968, 316.968, 316.968, 316.968, 316.968, 316.968, 316.968, 316.968, 316.968, 316.968, 316.968, 316.968, 316.968, 316.968, 316.968, 316.968, 316.968, 316.968, 316.968, 316.968, 316.968, 316.968, 316.968, 316.968, 316.968, 316.968, 316.968, 316.968, 316.968, 316.968, 316.968, 316.968, 316.968, 316.968, 316.968, 316.968, 316.968, 316.968, 300, 
316.994, 316.994, 316.994, 316.994, 316.994, 316.994, 316.994, 316.994, 316.994, 316.994, 316.994, 316.994, 316.994, 316.994, 316.994, 316.994, 316.994, 316.994, 316.994, 316.994, 316.994, 316.994, 316.994, 316.994, 316.994, 316.994, 316.994, 316.994, 316.994, 316.994, 316.994, 316.994, 316.994, 316.994, 316.994, 316.994, 316.994, 316.994, 316.994, 316.994, 316.994, 316.994, 316.994, 316.994, 316.994, 316.994, 316.994, 316.994, 316.994, 316.994, 316.994, 316.994, 316.994, 316.994, 316.994, 316.994, 316.994, 316.994, 316.994, 316.994, 316.994, 316.994, 316.994, 316.994, 316.994, 316.994, 316.994, 316.994, 316.994, 316.994, 316.994, 316.994, 316.994, 316.994, 316.994, 316.994, 316.994, 316.994, 316.994, 316.994, 316.994, 316.994, 316.994, 316.994, 316.994, 316.994, 316.994, 316.994, 316.994, 316.994, 316.994, 316.994, 316.994, 316.994, 316.994, 316.994, 316.994, 316.994, 316.994, 300, 
317.019, 317.019, 317.019, 317.019, 317.019, 317.019, 317.019, 317.019, 317.019, 317.019, 317.019, 317.019, 317.019, 317.019, 317.019, 317.019, 317.019, 317.019, 317.019, 317.019, 317.019, 317.019, 317.019, 317.019, 317.019, 317.019, 317.019, 317.019, 317.019, 317.019, 317.019, 317.019, 317.019, 317.019, 317.019, 317.019, 317.019, 317.019, 317.019, 317.019, 317.019, 317.019, 317.019, 317.019, 317.019, 317.019, 317.019, 317.019, 317.019, 317.019, 317.019, 317.019, 317.019, 317.019, 317.019, 317.019, 317.019, 317.019, 317.019, 317.019, 317.019, 317.019, 317.019, 317.019, 317.019, 317.019, 317.019, 317.019, 317.019, 317.019, 317.019, 317.019, 317.019, 317.019, 317.019, 317.019, 317.019, 317.019, 317.019, 317.019, 317.019, 317.019, 317.019, 317.019, 317.019, 317.019, 317.019, 317.019, 317.019, 317.019, 317.019, 317.019, 317.019, 317.019, 317.019, 317.019, 317.019, 317.019, 317.019, 300, 
317.045, 317.045, 317.045, 317.045, 317.045, 317.045, 317.045, 317.045, 317.045, 317.045, 317.045, 317.045, 317.045, 317.045, 317.045, 317.045, 317.045, 317.045, 317.045, 317.045, 317.045, 317.045, 317.045, 317.045, 317.045, 317.045, 317.045, 317.045, 317.045, 317.045, 317.045, 317.045, 317.045, 317.045, 317.045, 317.045, 317.045, 317.045, 317.045, 317.045, 317.045, 317.045, 317.045, 317.045, 317.045, 317.045, 317.045, 317.045, 317.045, 317.045, 317.045, 317.045, 317.045, 317.045, 317.045, 317.045, 317.045, 317.045, 317.045, 317.045, 317.045, 317.045, 317.045, 317.045, 317.045, 317.045, 317.045, 317.045, 317.045, 317.045, 317.045, 317.045, 317.045, 317.045, 317.045, 317.045, 317.045, 317.045, 317.045, 317.045, 317.045, 317.045, 317.045, 317.045, 317.045, 317.045, 317.045, 317.045, 317.045, 317.045, 317.045, 317.045, 317.045, 317.045, 317.045, 317.045, 317.045, 317.045, 317.045, 300, 
317.07, 317.07, 317.07, 317.07, 317.07, 317.07, 317.07, 317.07, 317.07, 317.07, 317.07, 317.07, 317.07, 317.07, 317.07, 317.07, 317.07, 317.07, 317.07, 317.07, 317.07, 317.07, 317.07, 317.07, 317.07, 317.07, 317.07, 317.07, 317.07, 317.07, 317.07, 317.07, 317.07, 317.07, 317.07, 317.07, 317.07, 317.07, 317.07, 317.07, 317.07, 317.07, 317.07, 317.07, 317.07, 317.07, 317.07, 317.07, 317.07, 317.07, 317.07, 317.07, 317.07, 317.07, 317.07, 317.07, 317.07, 317.07, 317.07, 317.07, 317.07, 317.07, 317.07, 317.07, 317.07, 317.07, 317.07, 317.07, 317.07, 317.07, 317.07, 317.07, 317.07, 317.07, 317.07, 317.07, 317.07, 317.07, 317.07, 317.07, 317.07, 317.07, 317.07, 317.07, 317.07, 317.07, 317.07, 317.07, 317.07, 317.07, 317.07, 317.07, 317.07, 317.07, 317.07, 317.07, 317.07, 317.07, 317.07, 300, 
317.096, 317.096, 317.096, 317.096, 317.096, 317.096, 317.096, 317.096, 317.096, 317.096, 317.096, 317.096, 317.096, 317.096, 317.096, 317.096, 317.096, 317.096, 317.096, 317.096, 317.096, 317.096, 317.096, 317.096, 317.096, 317.096, 317.096, 317.096, 317.096, 317.096, 317.096, 317.096, 317.096, 317.096, 317.096, 317.096, 317.096, 317.096, 317.096, 317.096, 317.096, 317.096, 317.096, 317.096, 317.096, 317.096, 317.096, 317.096, 317.096, 317.096, 317.096, 317.096, 317.096, 317.096, 317.096, 317.096, 317.096, 317.096, 317.096, 317.096, 317.096, 317.096, 317.096, 317.096, 317.096, 317.096, 317.096, 317.096, 317.096, 317.096, 317.096, 317.096, 317.096, 317.096, 317.096, 317.096, 317.096, 317.096, 317.096, 317.096, 317.096, 317.096, 317.096, 317.096, 317.096, 317.096, 317.096, 317.096, 317.096, 317.096, 317.096, 317.096, 317.096, 317.096, 317.096, 317.096, 317.096, 317.096, 317.096, 300, 
317.121, 317.121, 317.121, 317.121, 317.121, 317.121, 317.121, 317.121, 317.121, 317.121, 317.121, 317.121, 317.121, 317.121, 317.121, 317.121, 317.121, 317.121, 317.121, 317.121, 317.121, 317.121, 317.121, 317.121, 317.121, 317.121, 317.121, 317.121, 317.121, 317.121, 317.121, 317.121, 317.121, 317.121, 317.121, 317.121, 317.121, 317.121, 317.121, 317.121, 317.121, 317.121, 317.121, 317.121, 317.121, 317.121, 317.121, 317.121, 317.121, 317.121, 317.121, 317.121, 317.121, 317.121, 317.121, 317.121, 317.121, 317.121, 317.121, 317.121, 317.121, 317.121, 317.121, 317.121, 317.121, 317.121, 317.121, 317.121, 317.121, 317.121, 317.121, 317.121, 317.121, 317.121, 317.121, 317.121, 317.121, 317.121, 317.121, 317.121, 317.121, 317.121, 317.121, 317.121, 317.121, 317.121, 317.121, 317.121, 317.121, 317.121, 317.121, 317.121, 317.121, 317.121, 317.121, 317.121, 317.121, 317.121, 317.121, 300, 
317.147, 317.147, 317.147, 317.147, 317.147, 317.147, 317.147, 317.147, 317.147, 317.147, 317.147, 317.146, 317.146, 317.146, 317.146, 317.146, 317.146, 317.146, 317.146, 317.146, 317.146, 317.146, 317.146, 317.146, 317.146, 317.146, 317.146, 317.146, 317.146, 317.146, 317.146, 317.146, 317.146, 317.146, 317.146, 317.146, 317.146, 317.146, 317.146, 317.147, 317.147, 317.147, 317.147, 317.147, 317.147, 317.147, 317.147, 317.147, 317.147, 317.147, 317.147, 317.147, 317.147, 317.147, 317.147, 317.147, 317.147, 317.147, 317.147, 317.147, 317.147, 317.146, 317.146, 317.146, 317.146, 317.146, 317.146, 317.146, 317.146, 317.146, 317.146, 317.146, 317.146, 317.146, 317.146, 317.146, 317.146, 317.146, 317.146, 317.146, 317.146, 317.146, 317.146, 317.146, 317.146, 317.146, 317.146, 317.147, 317.147, 317.147, 317.147, 317.147, 317.147, 317.147, 317.147, 317.147, 317.147, 317.147, 317.147, 300, 
317.172, 317.172, 317.172, 317.172, 317.172, 317.172, 317.172, 317.172, 317.172, 317.172, 317.172, 317.172, 317.172, 317.172, 317.172, 317.172, 317.172, 317.172, 317.172, 317.172, 317.172, 317.172, 317.172, 317.172, 317.172, 317.172, 317.172, 317.172, 317.172, 317.172, 317.172, 317.172, 317.172, 317.172, 317.172, 317.172, 317.172, 317.172, 317.172, 317.172, 317.172, 317.172, 317.172, 317.172, 317.172, 317.172, 317.172, 317.172, 317.172, 317.172, 317.172, 317.172, 317.172, 317.172, 317.172, 317.172, 317.172, 317.172, 317.172, 317.172, 317.172, 317.172, 317.172, 317.172, 317.172, 317.172, 317.172, 317.172, 317.172, 317.172, 317.172, 317.172, 317.172, 317.172, 317.172, 317.172, 317.172, 317.172, 317.172, 317.172, 317.172, 317.172, 317.172, 317.172, 317.172, 317.172, 317.172, 317.172, 317.172, 317.172, 317.172, 317.172, 317.172, 317.172, 317.172, 317.172, 317.172, 317.172, 317.172, 300, 
317.197, 317.197, 317.197, 317.197, 317.197, 317.197, 317.197, 317.197, 317.197, 317.197, 317.197, 317.197, 317.197, 317.197, 317.197, 317.197, 317.197, 317.197, 317.197, 317.197, 317.197, 317.197, 317.197, 317.197, 317.197, 317.197, 317.197, 317.197, 317.197, 317.197, 317.197, 317.197, 317.197, 317.197, 317.197, 317.197, 317.197, 317.197, 317.197, 317.197, 317.197, 317.197, 317.197, 317.197, 317.197, 317.197, 317.197, 317.197, 317.197, 317.197, 317.197, 317.197, 317.197, 317.197, 317.197, 317.197, 317.197, 317.197, 317.197, 317.197, 317.197, 317.197, 317.197, 317.197, 317.197, 317.197, 317.197, 317.197, 317.197, 317.197, 317.197, 317.197, 317.197, 317.197, 317.197, 317.197, 317.197, 317.197, 317.197, 317.197, 317.197, 317.197, 317.197, 317.197, 317.197, 317.197, 317.197, 317.197, 317.197, 317.197, 317.197, 317.198, 317.198, 317.198, 317.198, 317.198, 317.198, 317.198, 317.198, 300, 
317.223, 317.223, 317.223, 317.223, 317.223, 317.223, 317.223, 317.223, 317.223, 317.223, 317.223, 317.223, 317.223, 317.223, 317.223, 317.223, 317.223, 317.223, 317.223, 317.223, 317.223, 317.223, 317.223, 317.223, 317.223, 317.223, 317.223, 317.223, 317.223, 317.223, 317.223, 317.223, 317.223, 317.223, 317.223, 317.223, 317.223, 317.223, 317.223, 317.223, 317.223, 317.223, 317.223, 317.223, 317.223, 317.223, 317.223, 317.223, 317.223, 317.223, 317.223, 317.223, 317.223, 317.223, 317.223, 317.223, 317.223, 317.223, 317.223, 317.223, 317.223, 317.223, 317.223, 317.223, 317.223, 317.223, 317.223, 317.223, 317.223, 317.223, 317.223, 317.223, 317.223, 317.223, 317.223, 317.223, 317.223, 317.223, 317.223, 317.223, 317.223, 317.223, 317.223, 317.223, 317.223, 317.223, 317.223, 317.223, 317.223, 317.223, 317.223, 317.223, 317.223, 317.223, 317.223, 317.223, 317.223, 317.223, 317.223, 300, 
317.248, 317.248, 317.248, 317.248, 317.248, 317.248, 317.248, 317.248, 317.248, 317.248, 317.248, 317.248, 317.248, 317.248, 317.248, 317.248, 317.248, 317.248, 317.248, 317.248, 317.248, 317.248, 317.248, 317.248, 317.248, 317.248, 317.248, 317.248, 317.248, 317.248, 317.248, 317.248, 317.248, 317.248, 317.248, 317.248, 317.248, 317.248, 317.248, 317.248, 317.248, 317.248, 317.248, 317.248, 317.248, 317.248, 317.248, 317.248, 317.248, 317.248, 317.248, 317.248, 317.248, 317.248, 317.248, 317.248, 317.248, 317.248, 317.248, 317.248, 317.248, 317.248, 317.248, 317.248, 317.248, 317.248, 317.248, 317.248, 317.248, 317.248, 317.248, 317.248, 317.248, 317.248, 317.248, 317.248, 317.248, 317.248, 317.248, 317.248, 317.248, 317.248, 317.248, 317.248, 317.248, 317.248, 317.248, 317.248, 317.248, 317.248, 317.248, 317.248, 317.248, 317.249, 317.249, 317.249, 317.249, 317.249, 317.249, 300, 
317.274, 317.274, 317.274, 317.274, 317.274, 317.274, 317.274, 317.274, 317.274, 317.274, 317.274, 317.274, 317.274, 317.274, 317.274, 317.274, 317.274, 317.274, 317.274, 317.274, 317.274, 317.274, 317.274, 317.274, 317.274, 317.274, 317.274, 317.274, 317.274, 317.274, 317.274, 317.274, 317.274, 317.274, 317.274, 317.274, 317.274, 317.274, 317.274, 317.274, 317.274, 317.274, 317.274, 317.274, 317.274, 317.274, 317.274, 317.274, 317.274, 317.274, 317.274, 317.274, 317.274, 317.274, 317.274, 317.274, 317.274, 317.274, 317.274, 317.274, 317.274, 317.274, 317.274, 317.274, 317.274, 317.274, 317.274, 317.274, 317.274, 317.274, 317.274, 317.274, 317.274, 317.274, 317.274, 317.274, 317.274, 317.274, 317.274, 317.274, 317.274, 317.274, 317.274, 317.274, 317.274, 317.274, 317.274, 317.274, 317.274, 317.274, 317.274, 317.274, 317.274, 317.274, 317.274, 317.274, 317.274, 317.274, 317.274, 300, 
317.299, 317.299, 317.299, 317.299, 317.299, 317.299, 317.299, 317.299, 317.299, 317.299, 317.299, 317.299, 317.299, 317.299, 317.299, 317.299, 317.299, 317.299, 317.299, 317.299, 317.299, 317.299, 317.299, 317.299, 317.299, 317.299, 317.299, 317.299, 317.299, 317.299, 317.299, 317.299, 317.299, 317.299, 317.299, 317.299, 317.299, 317.299, 317.299, 317.299, 317.299, 317.299, 317.299, 317.299, 317.299, 317.299, 317.299, 317.299, 317.299, 317.299, 317.299, 317.299, 317.299, 317.299, 317.299, 317.299, 317.299, 317.299, 317.299, 317.299, 317.299, 317.299, 317.299, 317.299, 317.299, 317.299, 317.299, 317.299, 317.299, 317.299, 317.299, 317.299, 317.299, 317.299, 317.299, 317.299, 317.299, 317.299, 317.299, 317.299, 317.299, 317.299, 317.299, 317.299, 317.299, 317.299, 317.299, 317.299, 317.299, 317.299, 317.299, 317.299, 317.299, 317.299, 317.299, 317.3, 317.3, 317.3, 317.299, 300, 
317.325, 317.325, 317.325, 317.325, 317.325, 317.325, 317.325, 317.325, 317.325, 317.325, 317.325, 317.325, 317.325, 317.325, 317.325, 317.325, 317.325, 317.325, 317.325, 317.325, 317.325, 317.325, 317.325, 317.325, 317.325, 317.325, 317.325, 317.325, 317.325, 317.325, 317.325, 317.325, 317.325, 317.325, 317.325, 317.325, 317.325, 317.325, 317.325, 317.325, 317.325, 317.325, 317.325, 317.325, 317.325, 317.325, 317.325, 317.325, 317.325, 317.325, 317.325, 317.325, 317.325, 317.325, 317.325, 317.325, 317.325, 317.325, 317.325, 317.325, 317.325, 317.325, 317.325, 317.325, 317.325, 317.325, 317.325, 317.325, 317.325, 317.325, 317.325, 317.325, 317.325, 317.325, 317.325, 317.325, 317.325, 317.325, 317.325, 317.325, 317.325, 317.325, 317.325, 317.325, 317.325, 317.325, 317.325, 317.325, 317.325, 317.325, 317.325, 317.325, 317.325, 317.325, 317.325, 317.325, 317.325, 317.325, 317.325, 300, 
317.35, 317.35, 317.35, 317.35, 317.35, 317.35, 317.35, 317.35, 317.35, 317.35, 317.35, 317.35, 317.35, 317.35, 317.35, 317.35, 317.35, 317.35, 317.35, 317.35, 317.35, 317.35, 317.35, 317.35, 317.35, 317.35, 317.35, 317.35, 317.35, 317.35, 317.35, 317.35, 317.35, 317.35, 317.35, 317.35, 317.35, 317.35, 317.35, 317.35, 317.35, 317.35, 317.35, 317.35, 317.35, 317.35, 317.35, 317.35, 317.35, 317.35, 317.35, 317.35, 317.35, 317.35, 317.35, 317.35, 317.35, 317.35, 317.35, 317.35, 317.35, 317.35, 317.35, 317.35, 317.35, 317.35, 317.35, 317.35, 317.35, 317.35, 317.35, 317.35, 317.35, 317.35, 317.35, 317.35, 317.35, 317.35, 317.35, 317.35, 317.35, 317.35, 317.35, 317.35, 317.35, 317.35, 317.35, 317.35, 317.35, 317.35, 317.35, 317.35, 317.35, 317.35, 317.35, 317.35, 317.351, 317.351, 317.35, 300, 
317.376, 317.376, 317.376, 317.376, 317.376, 317.376, 317.376, 317.376, 317.376, 317.376, 317.376, 317.376, 317.376, 317.376, 317.376, 317.376, 317.376, 317.376, 317.376, 317.376, 317.376, 317.376, 317.376, 317.376, 317.376, 317.376, 317.376, 317.376, 317.376, 317.376, 317.376, 317.376, 317.376, 317.376, 317.376, 317.376, 317.376, 317.376, 317.376, 317.376, 317.376, 317.376, 317.376, 317.376, 317.376, 317.376, 317.376, 317.376, 317.376, 317.376, 317.376, 317.376, 317.376, 317.376, 317.376, 317.376, 317.376, 317.376, 317.376, 317.376, 317.376, 317.376, 317.376, 317.376, 317.376, 317.376, 317.376, 317.376, 317.376, 317.376, 317.376, 317.376, 317.376, 317.376, 317.376, 317.376, 317.376, 317.376, 317.376, 317.376, 317.376, 317.376, 317.376, 317.376, 317.376, 317.376, 317.376, 317.376, 317.376, 317.376, 317.376, 317.376, 317.376, 317.376, 317.376, 317.376, 317.376, 317.376, 317.376, 300, 
317.401, 317.401, 317.401, 317.401, 317.401, 317.401, 317.401, 317.401, 317.401, 317.401, 317.401, 317.401, 317.401, 317.401, 317.401, 317.401, 317.401, 317.401, 317.401, 317.401, 317.401, 317.401, 317.401, 317.401, 317.401, 317.401, 317.401, 317.401, 317.401, 317.401, 317.401, 317.401, 317.401, 317.401, 317.401, 317.401, 317.401, 317.401, 317.401, 317.401, 317.401, 317.401, 317.401, 317.401, 317.401, 317.401, 317.401, 317.401, 317.401, 317.401, 317.401, 317.401, 317.401, 317.401, 317.401, 317.401, 317.401, 317.401, 317.401, 317.401, 317.401, 317.401, 317.401, 317.401, 317.401, 317.401, 317.401, 317.401, 317.401, 317.401, 317.401, 317.401, 317.401, 317.401, 317.401, 317.401, 317.401, 317.401, 317.401, 317.401, 317.401, 317.401, 317.401, 317.401, 317.401, 317.401, 317.401, 317.401, 317.401, 317.401, 317.401, 317.401, 317.401, 317.401, 317.401, 317.401, 317.401, 317.402, 317.401, 300, 
317.427, 317.427, 317.427, 317.427, 317.427, 317.427, 317.427, 317.427, 317.427, 317.427, 317.427, 317.427, 317.427, 317.427, 317.427, 317.427, 317.427, 317.427, 317.427, 317.427, 317.427, 317.427, 317.427, 317.427, 317.427, 317.427, 317.427, 317.427, 317.427, 317.427, 317.427, 317.427, 317.427, 317.427, 317.427, 317.427, 317.427, 317.427, 317.427, 317.427, 317.427, 317.427, 317.427, 317.427, 317.427, 317.427, 317.427, 317.427, 317.427, 317.427, 317.427, 317.427, 317.427, 317.427, 317.427, 317.427, 317.427, 317.427, 317.427, 317.427, 317.427, 317.427, 317.427, 317.427, 317.427, 317.427, 317.427, 317.427, 317.427, 317.427, 317.427, 317.427, 317.427, 317.427, 317.427, 317.427, 317.427, 317.427, 317.427, 317.427, 317.427, 317.427, 317.427, 317.427, 317.427, 317.427, 317.427, 317.427, 317.427, 317.427, 317.427, 317.427, 317.427, 317.427, 317.427, 317.427, 317.427, 317.427, 317.427, 300, 
317.452, 317.452, 317.452, 317.452, 317.452, 317.452, 317.452, 317.452, 317.452, 317.452, 317.452, 317.452, 317.452, 317.452, 317.452, 317.452, 317.452, 317.452, 317.452, 317.452, 317.452, 317.452, 317.452, 317.452, 317.452, 317.452, 317.452, 317.452, 317.452, 317.452, 317.452, 317.452, 317.452, 317.452, 317.452, 317.452, 317.452, 317.452, 317.452, 317.452, 317.452, 317.452, 317.452, 317.452, 317.452, 317.452, 317.452, 317.452, 317.452, 317.452, 317.452, 317.452, 317.452, 317.452, 317.452, 317.452, 317.452, 317.452, 317.452, 317.452, 317.452, 317.452, 317.452, 317.452, 317.452, 317.452, 317.452, 317.452, 317.452, 317.452, 317.452, 317.452, 317.452, 317.452, 317.452, 317.452, 317.452, 317.452, 317.452, 317.452, 317.452, 317.452, 317.452, 317.452, 317.452, 317.452, 317.452, 317.452, 317.452, 317.452, 317.452, 317.452, 317.452, 317.452, 317.452, 317.452, 317.452, 317.453, 317.452, 300, 
317.478, 317.478, 317.478, 317.478, 317.478, 317.478, 317.478, 317.478, 317.478, 317.478, 317.478, 317.478, 317.478, 317.478, 317.478, 317.478, 317.478, 317.478, 317.478, 317.478, 317.478, 317.478, 317.478, 317.478, 317.478, 317.478, 317.478, 317.478, 317.478, 317.478, 317.478, 317.478, 317.478, 317.478, 317.478, 317.478, 317.478, 317.478, 317.478, 317.478, 317.478, 317.478, 317.478, 317.478, 317.478, 317.478, 317.478, 317.478, 317.478, 317.478, 317.478, 317.478, 317.478, 317.478, 317.478, 317.478, 317.478, 317.478, 317.478, 317.478, 317.478, 317.478, 317.478, 317.478, 317.478, 317.478, 317.478, 317.478, 317.478, 317.478, 317.478, 317.478, 317.478, 317.478, 317.478, 317.478, 317.478, 317.478, 317.478, 317.478, 317.478, 317.478, 317.478, 317.478, 317.478, 317.478, 317.478, 317.478, 317.478, 317.478, 317.478, 317.478, 317.478, 317.478, 317.478, 317.478, 317.478, 317.478, 317.478, 300, 
317.503, 317.503, 317.503, 317.503, 317.503, 317.503, 317.503, 317.503, 317.503, 317.503, 317.503, 317.503, 317.503, 317.503, 317.503, 317.503, 317.503, 317.503, 317.503, 317.503, 317.503, 317.503, 317.503, 317.503, 317.503, 317.503, 317.503, 317.503, 317.503, 317.503, 317.503, 317.503, 317.503, 317.503, 317.503, 317.503, 317.503, 317.503, 317.503, 317.503, 317.503, 317.503, 317.503, 317.503, 317.503, 317.503, 317.503, 317.503, 317.503, 317.503, 317.503, 317.503, 317.503, 317.503, 317.503, 317.503, 317.503, 317.503, 317.503, 317.503, 317.503, 317.503, 317.503, 317.503, 317.503, 317.503, 317.503, 317.503, 317.503, 317.503, 317.503, 317.503, 317.503, 317.503, 317.503, 317.503, 317.503, 317.503, 317.503, 317.503, 317.503, 317.503, 317.503, 317.503, 317.503, 317.503, 317.503, 317.503, 317.503, 317.503, 317.503, 317.503, 317.503, 317.503, 317.503, 317.503, 317.503, 317.503, 317.503, 300, 
317.529, 317.529, 317.529, 317.529, 317.529, 317.529, 317.529, 317.529, 317.529, 317.529, 317.529, 317.529, 317.529, 317.529, 317.529, 317.529, 317.529, 317.529, 317.529, 317.529, 317.529, 317.529, 317.529, 317.529, 317.529, 317.529, 317.529, 317.529, 317.529, 317.529, 317.529, 317.529, 317.529, 317.529, 317.529, 317.529, 317.529, 317.529, 317.529, 317.529, 317.529, 317.529, 317.529, 317.529, 317.529, 317.529, 317.529, 317.529, 317.529, 317.529, 317.529, 317.529, 317.529, 317.529, 317.529, 317.529, 317.529, 317.529, 317.529, 317.529, 317.529, 317.529, 317.529, 317.529, 317.529, 317.529, 317.529, 317.529, 317.529, 317.529, 317.529, 317.529, 317.529, 317.529, 317.529, 317.529, 317.529, 317.529, 317.529, 317.529, 317.529, 317.529, 317.529, 317.529, 317.529, 317.529, 317.529, 317.529, 317.529, 317.529, 317.529, 317.529, 317.529, 317.529, 317.529, 317.529, 317.529, 317.529, 317.529, 300, 
317.554, 317.554, 317.554, 317.554, 317.554, 317.554, 317.554, 317.554, 317.554, 317.554, 317.554, 317.554, 317.554, 317.554, 317.554, 317.554, 317.554, 317.554, 317.554, 317.554, 317.554, 317.554, 317.554, 317.554, 317.554, 317.554, 317.554, 317.554, 317.554, 317.554, 317.554, 317.554, 317.554, 317.554, 317.554, 317.554, 317.554, 317.554, 317.554, 317.554, 317.554, 317.554, 317.554, 317.554, 317.554, 317.554, 317.554, 317.554, 317.554, 317.554, 317.554, 317.554, 317.554, 317.554, 317.554, 317.554, 317.554, 317.554, 317.554, 317.554, 317.554, 317.554, 317.554, 317.554, 317.554, 317.554, 317.554, 317.554, 317.554, 317.554, 317.554, 317.554, 317.554, 317.554, 317.554, 317.554, 317.554, 317.554, 317.554, 317.554, 317.554, 317.554, 317.554, 317.554, 317.554, 317.554, 317.554, 317.554, 317.554, 317.554, 317.554, 317.554, 317.554, 317.554, 317.554, 317.554, 317.554, 317.554, 317.554, 300, 
317.58, 317.58, 317.58, 317.58, 317.58, 317.58, 317.58, 317.58, 317.58, 317.58, 317.58, 317.58, 317.58, 317.58, 317.58, 317.58, 317.58, 317.58, 317.58, 317.58, 317.58, 317.58, 317.58, 317.58, 317.58, 317.58, 317.58, 317.58, 317.58, 317.58, 317.58, 317.58, 317.58, 317.58, 317.58, 317.58, 317.58, 317.58, 317.58, 317.58, 317.58, 317.58, 317.58, 317.58, 317.58, 317.58, 317.58, 317.58, 317.58, 317.58, 317.58, 317.58, 317.58, 317.58, 317.58, 317.58, 317.58, 317.58, 317.58, 317.58, 317.58, 317.58, 317.58, 317.58, 317.58, 317.58, 317.58, 317.58, 317.58, 317.58, 317.58, 317.58, 317.58, 317.58, 317.58, 317.58, 317.58, 317.58, 317.58, 317.58, 317.58, 317.58, 317.58, 317.58, 317.58, 317.58, 317.58, 317.58, 317.58, 317.58, 317.58, 317.58, 317.58, 317.58, 317.58, 317.58, 317.58, 317.58, 317.58, 300, 
317.605, 317.605, 317.605, 317.605, 317.605, 317.605, 317.605, 317.605, 317.605, 317.605, 317.605, 317.605, 317.605, 317.605, 317.605, 317.605, 317.605, 317.605, 317.605, 317.605, 317.605, 317.605, 317.605, 317.605, 317.605, 317.605, 317.605, 317.605, 317.605, 317.605, 317.605, 317.605, 317.605, 317.605, 317.605, 317.605, 317.605, 317.605, 317.605, 317.605, 317.605, 317.605, 317.605, 317.605, 317.605, 317.605, 317.605, 317.605, 317.605, 317.605, 317.605, 317.605, 317.605, 317.605, 317.605, 317.605, 317.605, 317.605, 317.605, 317.605, 317.605, 317.605, 317.605, 317.605, 317.605, 317.605, 317.605, 317.605, 317.605, 317.605, 317.605, 317.605, 317.605, 317.605, 317.605, 317.605, 317.605, 317.605, 317.605, 317.605, 317.605, 317.605, 317.605, 317.605, 317.605, 317.605, 317.605, 317.605, 317.605, 317.605, 317.605, 317.605, 317.605, 317.605, 317.605, 317.605, 317.605, 317.605, 317.605, 300, 
317.631, 317.631, 317.631, 317.631, 317.631, 317.631, 317.631, 317.631, 317.631, 317.631, 317.631, 317.631, 317.631, 317.631, 317.631, 317.631, 317.631, 317.631, 317.631, 317.631, 317.631, 317.631, 317.631, 317.631, 317.631, 317.631, 317.631, 317.631, 317.631, 317.631, 317.631, 317.631, 317.631, 317.631, 317.631, 317.631, 317.631, 317.631, 317.631, 317.631, 317.631, 317.631, 317.631, 317.631, 317.631, 317.631, 317.631, 317.631, 317.631, 317.631, 317.631, 317.631, 317.631, 317.631, 317.631, 317.631, 317.631, 317.631, 317.631, 317.631, 317.631, 317.631, 317.631, 317.631, 317.631, 317.631, 317.631, 317.631, 317.631, 317.631, 317.631, 317.631, 317.631, 317.631, 317.631, 317.631, 317.631, 317.631, 317.631, 317.631, 317.631, 317.631, 317.631, 317.631, 317.631, 317.631, 317.631, 317.631, 317.631, 317.631, 317.631, 317.631, 317.631, 317.631, 317.631, 317.631, 317.631, 317.631, 317.631, 300, 
317.656, 317.656, 317.656, 317.656, 317.656, 317.656, 317.656, 317.656, 317.656, 317.656, 317.656, 317.656, 317.656, 317.656, 317.656, 317.656, 317.656, 317.656, 317.656, 317.656, 317.656, 317.656, 317.656, 317.656, 317.656, 317.656, 317.656, 317.656, 317.656, 317.656, 317.656, 317.656, 317.656, 317.656, 317.656, 317.656, 317.656, 317.656, 317.656, 317.656, 317.656, 317.656, 317.656, 317.656, 317.656, 317.656, 317.656, 317.656, 317.656, 317.656, 317.656, 317.656, 317.656, 317.656, 317.656, 317.656, 317.656, 317.656, 317.656, 317.656, 317.656, 317.656, 317.656, 317.656, 317.656, 317.656, 317.656, 317.656, 317.656, 317.656, 317.656, 317.656, 317.656, 317.656, 317.656, 317.656, 317.656, 317.656, 317.656, 317.656, 317.656, 317.656, 317.656, 317.656, 317.656, 317.656, 317.656, 317.656, 317.656, 317.656, 317.656, 317.656, 317.656, 317.656, 317.656, 317.656, 317.656, 317.656, 317.656, 300, 
317.682, 317.682, 317.682, 317.682, 317.682, 317.682, 317.682, 317.682, 317.682, 317.682, 317.682, 317.682, 317.682, 317.682, 317.682, 317.682, 317.682, 317.682, 317.682, 317.682, 317.682, 317.682, 317.682, 317.682, 317.682, 317.682, 317.682, 317.682, 317.682, 317.682, 317.682, 317.682, 317.682, 317.682, 317.682, 317.682, 317.682, 317.682, 317.682, 317.682, 317.682, 317.682, 317.682, 317.682, 317.682, 317.682, 317.682, 317.682, 317.682, 317.682, 317.682, 317.682, 317.682, 317.682, 317.682, 317.682, 317.682, 317.682, 317.682, 317.682, 317.682, 317.682, 317.682, 317.682, 317.682, 317.682, 317.682, 317.682, 317.682, 317.682, 317.682, 317.682, 317.682, 317.682, 317.682, 317.682, 317.682, 317.682, 317.682, 317.682, 317.682, 317.682, 317.682, 317.682, 317.682, 317.682, 317.682, 317.682, 317.682, 317.682, 317.682, 317.682, 317.682, 317.682, 317.682, 317.682, 317.682, 317.682, 317.682, 300, 
317.707, 317.707, 317.707, 317.707, 317.707, 317.707, 317.707, 317.707, 317.707, 317.707, 317.707, 317.707, 317.707, 317.707, 317.707, 317.707, 317.707, 317.707, 317.707, 317.707, 317.707, 317.707, 317.707, 317.707, 317.707, 317.707, 317.707, 317.707, 317.707, 317.707, 317.707, 317.707, 317.707, 317.707, 317.707, 317.707, 317.707, 317.707, 317.707, 317.707, 317.707, 317.707, 317.707, 317.707, 317.707, 317.707, 317.707, 317.707, 317.707, 317.707, 317.707, 317.707, 317.707, 317.707, 317.707, 317.707, 317.707, 317.707, 317.707, 317.707, 317.707, 317.707, 317.707, 317.707, 317.707, 317.707, 317.707, 317.707, 317.707, 317.707, 317.707, 317.707, 317.707, 317.707, 317.707, 317.707, 317.707, 317.707, 317.707, 317.707, 317.707, 317.707, 317.707, 317.707, 317.707, 317.707, 317.707, 317.707, 317.707, 317.707, 317.707, 317.707, 317.707, 317.707, 317.707, 317.707, 317.707, 317.707, 317.707, 300, 
317.732, 317.732, 317.732, 317.732, 317.732, 317.732, 317.732, 317.732, 317.732, 317.732, 317.732, 317.732, 317.732, 317.732, 317.732, 317.732, 317.732, 317.732, 317.732, 317.732, 317.732, 317.732, 317.732, 317.732, 317.732, 317.732, 317.732, 317.732, 317.732, 317.732, 317.732, 317.732, 317.732, 317.732, 317.732, 317.732, 317.732, 317.732, 317.732, 317.732, 317.732, 317.732, 317.732, 317.732, 317.732, 317.732, 317.732, 317.732, 317.732, 317.732, 317.732, 317.732, 317.732, 317.732, 317.732, 317.732, 317.732, 317.732, 317.732, 317.732, 317.732, 317.732, 317.732, 317.732, 317.732, 317.732, 317.732, 317.732, 317.732, 317.732, 317.732, 317.732, 317.732, 317.732, 317.732, 317.732, 317.732, 317.732, 317.732, 317.732, 317.732, 317.732, 317.732, 317.732, 317.732, 317.732, 317.732, 317.732, 317.732, 317.733, 317.733, 317.733, 317.733, 317.733, 317.733, 317.733, 317.733, 317.733, 317.732, 300, 
317.758, 317.758, 317.758, 317.758, 317.758, 317.758, 317.758, 317.758, 317.758, 317.758, 317.758, 317.758, 317.758, 317.758, 317.758, 317.758, 317.758, 317.758, 317.758, 317.758, 317.758, 317.758, 317.758, 317.758, 317.758, 317.758, 317.758, 317.758, 317.758, 317.758, 317.758, 317.758, 317.758, 317.758, 317.758, 317.758, 317.758, 317.758, 317.758, 317.758, 317.758, 317.758, 317.758, 317.758, 317.758, 317.758, 317.758, 317.758, 317.758, 317.758, 317.758, 317.758, 317.758, 317.758, 317.758, 317.758, 317.758, 317.758, 317.758, 317.758, 317.758, 317.758, 317.758, 317.758, 317.758, 317.758, 317.758, 317.758, 317.758, 317.758, 317.758, 317.758, 317.758, 317.758, 317.758, 317.758, 317.758, 317.758, 317.758, 317.758, 317.758, 317.758, 317.758, 317.758, 317.758, 317.758, 317.758, 317.758, 317.758, 317.758, 317.758, 317.758, 317.758, 317.758, 317.758, 317.758, 317.758, 317.758, 317.758, 300, 
317.783, 317.783, 317.783, 317.783, 317.783, 317.783, 317.783, 317.783, 317.783, 317.783, 317.783, 317.783, 317.783, 317.783, 317.783, 317.783, 317.783, 317.783, 317.783, 317.783, 317.783, 317.783, 317.783, 317.783, 317.783, 317.783, 317.783, 317.783, 317.783, 317.783, 317.783, 317.783, 317.783, 317.783, 317.783, 317.783, 317.783, 317.783, 317.783, 317.783, 317.783, 317.783, 317.783, 317.783, 317.783, 317.783, 317.783, 317.783, 317.783, 317.783, 317.783, 317.783, 317.783, 317.783, 317.783, 317.783, 317.783, 317.783, 317.783, 317.783, 317.783, 317.783, 317.783, 317.783, 317.783, 317.783, 317.783, 317.783, 317.783, 317.783, 317.783, 317.783, 317.783, 317.783, 317.783, 317.783, 317.783, 317.783, 317.783, 317.783, 317.783, 317.783, 317.783, 317.783, 317.783, 317.783, 317.783, 317.783, 317.783, 317.783, 317.783, 317.783, 317.784, 317.784, 317.784, 317.784, 317.784, 317.784, 317.783, 300, 
317.809, 317.809, 317.809, 317.809, 317.809, 317.809, 317.809, 317.809, 317.809, 317.809, 317.809, 317.809, 317.809, 317.809, 317.809, 317.809, 317.809, 317.809, 317.809, 317.809, 317.809, 317.809, 317.809, 317.809, 317.809, 317.809, 317.809, 317.809, 317.809, 317.809, 317.809, 317.809, 317.809, 317.809, 317.809, 317.809, 317.809, 317.809, 317.809, 317.809, 317.809, 317.809, 317.809, 317.809, 317.809, 317.809, 317.809, 317.809, 317.809, 317.809, 317.809, 317.809, 317.809, 317.809, 317.809, 317.809, 317.809, 317.809, 317.809, 317.809, 317.809, 317.809, 317.809, 317.809, 317.809, 317.809, 317.809, 317.809, 317.809, 317.809, 317.809, 317.809, 317.809, 317.809, 317.809, 317.809, 317.809, 317.809, 317.809, 317.809, 317.809, 317.809, 317.809, 317.809, 317.809, 317.809, 317.809, 317.809, 317.809, 317.809, 317.809, 317.809, 317.809, 317.809, 317.809, 317.809, 317.809, 317.809, 317.809, 300, 
317.834, 317.834, 317.834, 317.834, 317.834, 317.834, 317.834, 317.834, 317.834, 317.834, 317.834, 317.834, 317.834, 317.834, 317.834, 317.834, 317.834, 317.834, 317.834, 317.834, 317.834, 317.834, 317.834, 317.834, 317.834, 317.834, 317.834, 317.834, 317.834, 317.834, 317.834, 317.834, 317.834, 317.834, 317.834, 317.834, 317.834, 317.834, 317.834, 317.834, 317.834, 317.834, 317.834, 317.834, 317.834, 317.834, 317.834, 317.834, 317.834, 317.834, 317.834, 317.834, 317.834, 317.834, 317.834, 317.834, 317.834, 317.834, 317.834, 317.834, 317.834, 317.834, 317.834, 317.834, 317.834, 317.834, 317.834, 317.834, 317.834, 317.834, 317.834, 317.834, 317.834, 317.834, 317.834, 317.834, 317.834, 317.834, 317.834, 317.834, 317.834, 317.834, 317.834, 317.834, 317.834, 317.834, 317.834, 317.834, 317.834, 317.834, 317.834, 317.834, 317.834, 317.834, 317.834, 317.835, 317.835, 317.835, 317.834, 300, 
317.86, 317.86, 317.86, 317.86, 317.86, 317.86, 317.86, 317.86, 317.86, 317.86, 317.86, 317.86, 317.86, 317.86, 317.86, 317.86, 317.86, 317.86, 317.86, 317.86, 317.86, 317.86, 317.86, 317.86, 317.86, 317.86, 317.86, 317.86, 317.86, 317.86, 317.86, 317.86, 317.86, 317.86, 317.86, 317.86, 317.86, 317.86, 317.86, 317.86, 317.86, 317.86, 317.86, 317.86, 317.86, 317.86, 317.86, 317.86, 317.86, 317.86, 317.86, 317.86, 317.86, 317.86, 317.86, 317.86, 317.86, 317.86, 317.86, 317.86, 317.86, 317.86, 317.86, 317.86, 317.86, 317.86, 317.86, 317.86, 317.86, 317.86, 317.86, 317.86, 317.86, 317.86, 317.86, 317.86, 317.86, 317.86, 317.86, 317.86, 317.86, 317.86, 317.86, 317.86, 317.86, 317.86, 317.86, 317.86, 317.86, 317.86, 317.86, 317.86, 317.86, 317.86, 317.86, 317.86, 317.86, 317.86, 317.86, 300, 
317.885, 317.885, 317.885, 317.885, 317.885, 317.885, 317.885, 317.885, 317.885, 317.885, 317.885, 317.885, 317.885, 317.885, 317.885, 317.885, 317.885, 317.885, 317.885, 317.885, 317.885, 317.885, 317.885, 317.885, 317.885, 317.885, 317.885, 317.885, 317.885, 317.885, 317.885, 317.885, 317.885, 317.885, 317.885, 317.885, 317.885, 317.885, 317.885, 317.885, 317.885, 317.885, 317.885, 317.885, 317.885, 317.885, 317.885, 317.885, 317.885, 317.885, 317.885, 317.885, 317.885, 317.885, 317.885, 317.885, 317.885, 317.885, 317.885, 317.885, 317.885, 317.885, 317.885, 317.885, 317.885, 317.885, 317.885, 317.885, 317.885, 317.885, 317.885, 317.885, 317.885, 317.885, 317.885, 317.885, 317.885, 317.885, 317.885, 317.885, 317.885, 317.885, 317.885, 317.885, 317.885, 317.885, 317.885, 317.885, 317.885, 317.885, 317.885, 317.885, 317.885, 317.885, 317.885, 317.885, 317.886, 317.886, 317.885, 300, 
317.911, 317.911, 317.911, 317.911, 317.911, 317.911, 317.911, 317.911, 317.911, 317.911, 317.911, 317.911, 317.911, 317.911, 317.911, 317.911, 317.911, 317.911, 317.911, 317.911, 317.911, 317.911, 317.911, 317.911, 317.911, 317.911, 317.911, 317.911, 317.911, 317.911, 317.911, 317.911, 317.911, 317.911, 317.911, 317.911, 317.911, 317.911, 317.911, 317.911, 317.911, 317.911, 317.911, 317.911, 317.911, 317.911, 317.911, 317.911, 317.911, 317.911, 317.911, 317.911, 317.911, 317.911, 317.911, 317.911, 317.911, 317.911, 317.911, 317.911, 317.911, 317.911, 317.911, 317.911, 317.911, 317.911, 317.911, 317.911, 317.911, 317.911, 317.911, 317.911, 317.911, 317.911, 317.911, 317.911, 317.911, 317.911, 317.911, 317.911, 317.911, 317.911, 317.911, 317.911, 317.911, 317.911, 317.911, 317.911, 317.911, 317.911, 317.911, 317.911, 317.911, 317.911, 317.911, 317.911, 317.911, 317.911, 317.911, 300, 
317.936, 317.936, 317.936, 317.936, 317.936, 317.936, 317.936, 317.936, 317.936, 317.936, 317.936, 317.936, 317.936, 317.936, 317.936, 317.936, 317.936, 317.936, 317.936, 317.936, 317.936, 317.936, 317.936, 317.936, 317.936, 317.936, 317.936, 317.936, 317.936, 317.936, 317.936, 317.936, 317.936, 317.936, 317.936, 317.936, 317.936, 317.936, 317.936, 317.936, 317.936, 317.936, 317.936, 317.936, 317.936, 317.936, 317.936, 317.936, 317.936, 317.936, 317.936, 317.936, 317.936, 317.936, 317.936, 317.936, 317.936, 317.936, 317.936, 317.936, 317.936, 317.936, 317.936, 317.936, 317.936, 317.936, 317.936, 317.936, 317.936, 317.936, 317.936, 317.936, 317.936, 317.936, 317.936, 317.936, 317.936, 317.936, 317.936, 317.936, 317.936, 317.936, 317.936, 317.936, 317.936, 317.936, 317.936, 317.936, 317.936, 317.936, 317.936, 317.936, 317.936, 317.936, 317.936, 317.936, 317.936, 317.937, 317.936, 300, 
317.962, 317.962, 317.962, 317.962, 317.962, 317.962, 317.962, 317.962, 317.962, 317.962, 317.962, 317.962, 317.962, 317.962, 317.962, 317.962, 317.962, 317.962, 317.962, 317.962, 317.962, 317.962, 317.962, 317.962, 317.962, 317.962, 317.962, 317.962, 317.962, 317.962, 317.962, 317.962, 317.962, 317.962, 317.962, 317.962, 317.962, 317.962, 317.962, 317.962, 317.962, 317.962, 317.962, 317.962, 317.962, 317.962, 317.962, 317.962, 317.962, 317.962, 317.962, 317.962, 317.962, 317.962, 317.962, 317.962, 317.962, 317.962, 317.962, 317.962, 317.962, 317.962, 317.962, 317.962, 317.962, 317.962, 317.962, 317.962, 317.962, 317.962, 317.962, 317.962, 317.962, 317.962, 317.962, 317.962, 317.962, 317.962, 317.962, 317.962, 317.962, 317.962, 317.962, 317.962, 317.962, 317.962, 317.962, 317.962, 317.962, 317.962, 317.962, 317.962, 317.962, 317.962, 317.962, 317.962, 317.962, 317.962, 317.962, 300, 
317.987, 317.987, 317.987, 317.987, 317.987, 317.987, 317.987, 317.987, 317.987, 317.987, 317.987, 317.987, 317.987, 317.987, 317.987, 317.987, 317.987, 317.987, 317.987, 317.987, 317.987, 317.987, 317.987, 317.987, 317.987, 317.987, 317.987, 317.987, 317.987, 317.987, 317.987, 317.987, 317.987, 317.987, 317.987, 317.987, 317.987, 317.987, 317.987, 317.987, 317.987, 317.987, 317.987, 317.987, 317.987, 317.987, 317.987, 317.987, 317.987, 317.987, 317.987, 317.987, 317.987, 317.987, 317.987, 317.987, 317.987, 317.987, 317.987, 317.987, 317.987, 317.987, 317.987, 317.987, 317.987, 317.987, 317.987, 317.987, 317.987, 317.987, 317.987, 317.987, 317.987, 317.987, 317.987, 317.987, 317.987, 317.987, 317.987, 317.987, 317.987, 317.987, 317.987, 317.987, 317.987, 317.987, 317.987, 317.987, 317.987, 317.987, 317.987, 317.987, 317.987, 317.987, 317.987, 317.987, 317.987, 317.987, 317.987, 300, 
318.013, 318.013, 318.013, 318.013, 318.013, 318.013, 318.013, 318.013, 318.013, 318.013, 318.013, 318.013, 318.013, 318.013, 318.013, 318.013, 318.013, 318.013, 318.013, 318.013, 318.013, 318.013, 318.013, 318.013, 318.013, 318.013, 318.013, 318.013, 318.013, 318.013, 318.013, 318.013, 318.013, 318.013, 318.013, 318.013, 318.013, 318.013, 318.013, 318.013, 318.013, 318.013, 318.013, 318.013, 318.013, 318.013, 318.013, 318.013, 318.013, 318.013, 318.013, 318.013, 318.013, 318.013, 318.013, 318.013, 318.013, 318.013, 318.013, 318.013, 318.013, 318.013, 318.013, 318.013, 318.013, 318.013, 318.013, 318.013, 318.013, 318.013, 318.013, 318.013, 318.013, 318.013, 318.013, 318.013, 318.013, 318.013, 318.013, 318.013, 318.013, 318.013, 318.013, 318.013, 318.013, 318.013, 318.013, 318.013, 318.013, 318.013, 318.013, 318.013, 318.013, 318.013, 318.013, 318.013, 318.013, 318.013, 318.013, 300, 
318.038, 318.038, 318.038, 318.038, 318.038, 318.038, 318.038, 318.038, 318.038, 318.038, 318.038, 318.038, 318.038, 318.038, 318.038, 318.038, 318.038, 318.038, 318.038, 318.038, 318.038, 318.038, 318.038, 318.038, 318.038, 318.038, 318.038, 318.038, 318.038, 318.038, 318.038, 318.038, 318.038, 318.038, 318.038, 318.038, 318.038, 318.038, 318.038, 318.038, 318.038, 318.038, 318.038, 318.038, 318.038, 318.038, 318.038, 318.038, 318.038, 318.038, 318.038, 318.038, 318.038, 318.038, 318.038, 318.038, 318.038, 318.038, 318.038, 318.038, 318.038, 318.038, 318.038, 318.038, 318.038, 318.038, 318.038, 318.038, 318.038, 318.038, 318.038, 318.038, 318.038, 318.038, 318.038, 318.038, 318.038, 318.038, 318.038, 318.038, 318.038, 318.038, 318.038, 318.038, 318.038, 318.038, 318.038, 318.038, 318.038, 318.038, 318.038, 318.038, 318.038, 318.038, 318.038, 318.038, 318.038, 318.038, 318.038, 300, 
318.064, 318.064, 318.064, 318.064, 318.064, 318.064, 318.064, 318.064, 318.064, 318.064, 318.064, 318.064, 318.064, 318.064, 318.064, 318.064, 318.064, 318.064, 318.064, 318.064, 318.064, 318.064, 318.064, 318.064, 318.064, 318.064, 318.064, 318.064, 318.064, 318.064, 318.064, 318.064, 318.064, 318.064, 318.064, 318.064, 318.064, 318.064, 318.064, 318.064, 318.064, 318.064, 318.064, 318.064, 318.064, 318.064, 318.064, 318.064, 318.064, 318.064, 318.064, 318.064, 318.064, 318.064, 318.064, 318.064, 318.064, 318.064, 318.064, 318.064, 318.064, 318.064, 318.064, 318.064, 318.064, 318.064, 318.064, 318.064, 318.064, 318.064, 318.064, 318.064, 318.064, 318.064, 318.064, 318.064, 318.064, 318.064, 318.064, 318.064, 318.064, 318.064, 318.064, 318.064, 318.064, 318.064, 318.064, 318.064, 318.064, 318.064, 318.064, 318.064, 318.064, 318.064, 318.064, 318.064, 318.064, 318.064, 318.064, 300, 
318.089, 318.089, 318.089, 318.089, 318.089, 318.089, 318.089, 318.089, 318.089, 318.089, 318.089, 318.089, 318.089, 318.089, 318.089, 318.089, 318.089, 318.089, 318.089, 318.089, 318.089, 318.089, 318.089, 318.089, 318.089, 318.089, 318.089, 318.089, 318.089, 318.089, 318.089, 318.089, 318.089, 318.089, 318.089, 318.089, 318.089, 318.089, 318.089, 318.089, 318.089, 318.089, 318.089, 318.089, 318.089, 318.089, 318.089, 318.089, 318.089, 318.089, 318.089, 318.089, 318.089, 318.089, 318.089, 318.089, 318.089, 318.089, 318.089, 318.089, 318.089, 318.089, 318.089, 318.089, 318.089, 318.089, 318.089, 318.089, 318.089, 318.089, 318.089, 318.089, 318.089, 318.089, 318.089, 318.089, 318.089, 318.089, 318.089, 318.089, 318.089, 318.089, 318.089, 318.089, 318.089, 318.089, 318.089, 318.089, 318.089, 318.089, 318.089, 318.089, 318.089, 318.089, 318.089, 318.089, 318.089, 318.089, 318.089, 300, 
318.115, 318.115, 318.115, 318.115, 318.115, 318.115, 318.115, 318.115, 318.115, 318.115, 318.115, 318.115, 318.115, 318.115, 318.115, 318.115, 318.115, 318.115, 318.115, 318.115, 318.115, 318.115, 318.115, 318.115, 318.115, 318.115, 318.115, 318.115, 318.115, 318.115, 318.115, 318.115, 318.115, 318.115, 318.115, 318.115, 318.115, 318.115, 318.115, 318.115, 318.115, 318.115, 318.115, 318.115, 318.115, 318.115, 318.115, 318.115, 318.115, 318.115, 318.115, 318.115, 318.115, 318.115, 318.115, 318.115, 318.115, 318.115, 318.115, 318.115, 318.115, 318.115, 318.115, 318.115, 318.115, 318.115, 318.115, 318.115, 318.115, 318.115, 318.115, 318.115, 318.115, 318.115, 318.115, 318.115, 318.115, 318.115, 318.115, 318.115, 318.115, 318.115, 318.115, 318.115, 318.115, 318.115, 318.115, 318.115, 318.115, 318.115, 318.115, 318.115, 318.115, 318.115, 318.115, 318.115, 318.115, 318.115, 318.115, 300, 
318.14, 318.14, 318.14, 318.14, 318.14, 318.14, 318.14, 318.14, 318.14, 318.14, 318.14, 318.14, 318.14, 318.14, 318.14, 318.14, 318.14, 318.14, 318.14, 318.14, 318.14, 318.14, 318.14, 318.14, 318.14, 318.14, 318.14, 318.14, 318.14, 318.14, 318.14, 318.14, 318.14, 318.14, 318.14, 318.14, 318.14, 318.14, 318.14, 318.14, 318.14, 318.14, 318.14, 318.14, 318.14, 318.14, 318.14, 318.14, 318.14, 318.14, 318.14, 318.14, 318.14, 318.14, 318.14, 318.14, 318.14, 318.14, 318.14, 318.14, 318.14, 318.14, 318.14, 318.14, 318.14, 318.14, 318.14, 318.14, 318.14, 318.14, 318.14, 318.14, 318.14, 318.14, 318.14, 318.14, 318.14, 318.14, 318.14, 318.14, 318.14, 318.14, 318.14, 318.14, 318.14, 318.14, 318.14, 318.14, 318.14, 318.14, 318.14, 318.14, 318.14, 318.14, 318.14, 318.14, 318.14, 318.14, 318.14, 300, 
318.166, 318.166, 318.166, 318.166, 318.166, 318.166, 318.166, 318.166, 318.166, 318.166, 318.166, 318.166, 318.166, 318.166, 318.166, 318.166, 318.166, 318.166, 318.166, 318.166, 318.166, 318.166, 318.166, 318.166, 318.166, 318.166, 318.166, 318.166, 318.166, 318.166, 318.166, 318.166, 318.166, 318.166, 318.166, 318.166, 318.166, 318.166, 318.166, 318.166, 318.166, 318.166, 318.166, 318.166, 318.166, 318.166, 318.166, 318.166, 318.166, 318.166, 318.166, 318.166, 318.166, 318.166, 318.166, 318.166, 318.166, 318.166, 318.166, 318.166, 318.166, 318.166, 318.166, 318.166, 318.166, 318.166, 318.166, 318.166, 318.166, 318.166, 318.166, 318.166, 318.166, 318.166, 318.166, 318.166, 318.166, 318.166, 318.166, 318.166, 318.166, 318.166, 318.166, 318.166, 318.166, 318.166, 318.166, 318.166, 318.166, 318.166, 318.166, 318.166, 318.166, 318.166, 318.166, 318.166, 318.166, 318.166, 318.166, 300, 
318.191, 318.191, 318.191, 318.191, 318.191, 318.191, 318.191, 318.191, 318.191, 318.191, 318.191, 318.191, 318.191, 318.191, 318.191, 318.191, 318.191, 318.191, 318.191, 318.191, 318.191, 318.191, 318.191, 318.191, 318.191, 318.191, 318.191, 318.191, 318.191, 318.191, 318.191, 318.191, 318.191, 318.191, 318.191, 318.191, 318.191, 318.191, 318.191, 318.191, 318.191, 318.191, 318.191, 318.191, 318.191, 318.191, 318.191, 318.191, 318.191, 318.191, 318.191, 318.191, 318.191, 318.191, 318.191, 318.191, 318.191, 318.191, 318.191, 318.191, 318.191, 318.191, 318.191, 318.191, 318.191, 318.191, 318.191, 318.191, 318.191, 318.191, 318.191, 318.191, 318.191, 318.191, 318.191, 318.191, 318.191, 318.191, 318.191, 318.191, 318.191, 318.191, 318.191, 318.191, 318.191, 318.191, 318.191, 318.191, 318.191, 318.191, 318.191, 318.191, 318.191, 318.191, 318.191, 318.191, 318.191, 318.191, 318.191, 300, 
318.217, 318.217, 318.217, 318.217, 318.217, 318.217, 318.217, 318.217, 318.217, 318.217, 318.217, 318.217, 318.217, 318.217, 318.217, 318.217, 318.217, 318.217, 318.217, 318.217, 318.217, 318.217, 318.217, 318.217, 318.217, 318.217, 318.217, 318.217, 318.217, 318.217, 318.217, 318.217, 318.217, 318.217, 318.217, 318.217, 318.217, 318.217, 318.217, 318.217, 318.217, 318.217, 318.217, 318.217, 318.217, 318.217, 318.217, 318.217, 318.217, 318.217, 318.217, 318.217, 318.217, 318.217, 318.217, 318.217, 318.217, 318.217, 318.217, 318.217, 318.217, 318.217, 318.217, 318.217, 318.217, 318.217, 318.217, 318.217, 318.217, 318.217, 318.217, 318.217, 318.217, 318.217, 318.217, 318.217, 318.217, 318.217, 318.217, 318.217, 318.217, 318.217, 318.217, 318.217, 318.217, 318.217, 318.217, 318.217, 318.217, 318.217, 318.217, 318.217, 318.217, 318.217, 318.217, 318.217, 318.217, 318.217, 318.216, 300, 
318.242, 318.242, 318.242, 318.242, 318.242, 318.242, 318.242, 318.242, 318.242, 318.242, 318.242, 318.242, 318.242, 318.242, 318.242, 318.242, 318.242, 318.242, 318.242, 318.242, 318.242, 318.242, 318.242, 318.242, 318.242, 318.242, 318.242, 318.242, 318.242, 318.242, 318.242, 318.242, 318.242, 318.242, 318.242, 318.242, 318.242, 318.242, 318.242, 318.242, 318.242, 318.242, 318.242, 318.242, 318.242, 318.242, 318.242, 318.242, 318.242, 318.242, 318.242, 318.242, 318.242, 318.242, 318.242, 318.242, 318.242, 318.242, 318.242, 318.242, 318.242, 318.242, 318.242, 318.242, 318.242, 318.242, 318.242, 318.242, 318.242, 318.242, 318.242, 318.242, 318.242, 318.242, 318.242, 318.242, 318.242, 318.242, 318.242, 318.242, 318.242, 318.242, 318.242, 318.242, 318.242, 318.242, 318.242, 318.242, 318.242, 318.242, 318.242, 318.242, 318.242, 318.242, 318.242, 318.242, 318.242, 318.242, 318.242, 300, 
318.268, 318.268, 318.268, 318.268, 318.268, 318.268, 318.268, 318.268, 318.268, 318.268, 318.268, 318.268, 318.268, 318.268, 318.268, 318.268, 318.268, 318.268, 318.268, 318.268, 318.268, 318.268, 318.268, 318.268, 318.268, 318.268, 318.268, 318.268, 318.268, 318.268, 318.268, 318.268, 318.268, 318.268, 318.268, 318.268, 318.268, 318.268, 318.268, 318.268, 318.268, 318.268, 318.268, 318.268, 318.268, 318.268, 318.268, 318.268, 318.268, 318.268, 318.268, 318.268, 318.268, 318.268, 318.268, 318.268, 318.268, 318.268, 318.268, 318.268, 318.268, 318.268, 318.268, 318.268, 318.268, 318.268, 318.268, 318.268, 318.268, 318.268, 318.268, 318.267, 318.267, 318.267, 318.267, 318.267, 318.267, 318.267, 318.267, 318.267, 318.267, 318.267, 318.268, 318.268, 318.268, 318.268, 318.268, 318.268, 318.268, 318.268, 318.268, 318.268, 318.268, 318.268, 318.268, 318.268, 318.268, 318.268, 318.267, 300, 
318.293, 318.293, 318.293, 318.293, 318.293, 318.293, 318.293, 318.293, 318.293, 318.293, 318.293, 318.293, 318.293, 318.293, 318.293, 318.293, 318.293, 318.293, 318.293, 318.293, 318.293, 318.293, 318.293, 318.293, 318.293, 318.293, 318.293, 318.293, 318.293, 318.293, 318.293, 318.293, 318.293, 318.293, 318.293, 318.293, 318.293, 318.293, 318.293, 318.293, 318.293, 318.293, 318.293, 318.293, 318.293, 318.293, 318.293, 318.293, 318.293, 318.293, 318.293, 318.293, 318.293, 318.293, 318.293, 318.293, 318.293, 318.293, 318.293, 318.293, 318.293, 318.293, 318.293, 318.293, 318.293, 318.293, 318.293, 318.293, 318.293, 318.293, 318.293, 318.293, 318.293, 318.293, 318.293, 318.293, 318.293, 318.293, 318.293, 318.293, 318.293, 318.293, 318.293, 318.293, 318.293, 318.293, 318.293, 318.293, 318.293, 318.293, 318.293, 318.293, 318.293, 318.293, 318.293, 318.293, 318.293, 318.293, 318.293, 300, 
318.318, 318.318, 318.318, 318.318, 318.318, 318.318, 318.318, 318.318, 318.318, 318.318, 318.318, 318.318, 318.318, 318.318, 318.318, 318.318, 318.318, 318.318, 318.318, 318.318, 318.318, 318.318, 318.318, 318.318, 318.318, 318.318, 318.318, 318.318, 318.318, 318.318, 318.318, 318.318, 318.318, 318.318, 318.318, 318.318, 318.318, 318.318, 318.318, 318.318, 318.318, 318.318, 318.318, 318.318, 318.318, 318.318, 318.318, 318.318, 318.318, 318.318, 318.318, 318.318, 318.318, 318.318, 318.318, 318.318, 318.318, 318.318, 318.318, 318.318, 318.318, 318.318, 318.318, 318.318, 318.318, 318.318, 318.318, 318.318, 318.318, 318.318, 318.318, 318.318, 318.318, 318.318, 318.318, 318.318, 318.318, 318.318, 318.318, 318.318, 318.318, 318.318, 318.318, 318.318, 318.318, 318.318, 318.318, 318.318, 318.318, 318.318, 318.318, 318.319, 318.319, 318.319, 318.319, 318.319, 318.319, 318.319, 318.318, 300, 
318.344, 318.344, 318.344, 318.344, 318.344, 318.344, 318.344, 318.344, 318.344, 318.344, 318.344, 318.344, 318.344, 318.344, 318.344, 318.344, 318.344, 318.344, 318.344, 318.344, 318.344, 318.344, 318.344, 318.344, 318.344, 318.344, 318.344, 318.344, 318.344, 318.344, 318.344, 318.344, 318.344, 318.344, 318.344, 318.344, 318.344, 318.344, 318.344, 318.344, 318.344, 318.344, 318.344, 318.344, 318.344, 318.344, 318.344, 318.344, 318.344, 318.344, 318.344, 318.344, 318.344, 318.344, 318.344, 318.344, 318.344, 318.344, 318.344, 318.344, 318.344, 318.344, 318.344, 318.344, 318.344, 318.344, 318.344, 318.344, 318.344, 318.344, 318.344, 318.344, 318.344, 318.344, 318.344, 318.344, 318.344, 318.344, 318.344, 318.344, 318.344, 318.344, 318.344, 318.344, 318.344, 318.344, 318.344, 318.344, 318.344, 318.344, 318.344, 318.344, 318.344, 318.344, 318.344, 318.344, 318.344, 318.344, 318.344, 300, 
318.369, 318.369, 318.369, 318.369, 318.369, 318.369, 318.369, 318.369, 318.369, 318.369, 318.369, 318.369, 318.369, 318.369, 318.369, 318.369, 318.369, 318.369, 318.369, 318.369, 318.369, 318.369, 318.369, 318.369, 318.369, 318.369, 318.369, 318.369, 318.369, 318.369, 318.369, 318.369, 318.369, 318.369, 318.369, 318.369, 318.369, 318.369, 318.369, 318.369, 318.369, 318.369, 318.369, 318.369, 318.369, 318.369, 318.369, 318.369, 318.369, 318.369, 318.369, 318.369, 318.369, 318.369, 318.369, 318.369, 318.369, 318.369, 318.369, 318.369, 318.369, 318.369, 318.369, 318.369, 318.369, 318.369, 318.369, 318.369, 318.369, 318.369, 318.369, 318.369, 318.369, 318.369, 318.369, 318.369, 318.369, 318.369, 318.369, 318.369, 318.369, 318.369, 318.369, 318.369, 318.369, 318.369, 318.369, 318.369, 318.369, 318.369, 318.369, 318.369, 318.369, 318.369, 318.37, 318.37, 318.37, 318.37, 318.369, 300, 
318.395, 318.395, 318.395, 318.395, 318.395, 318.395, 318.395, 318.395, 318.395, 318.395, 318.395, 318.395, 318.395, 318.395, 318.395, 318.395, 318.395, 318.395, 318.395, 318.395, 318.395, 318.395, 318.395, 318.395, 318.395, 318.395, 318.395, 318.395, 318.395, 318.395, 318.395, 318.395, 318.395, 318.395, 318.395, 318.395, 318.395, 318.395, 318.395, 318.395, 318.395, 318.395, 318.395, 318.395, 318.395, 318.395, 318.395, 318.395, 318.395, 318.395, 318.395, 318.395, 318.395, 318.395, 318.395, 318.395, 318.395, 318.395, 318.395, 318.395, 318.395, 318.395, 318.395, 318.395, 318.395, 318.395, 318.395, 318.395, 318.395, 318.395, 318.395, 318.395, 318.395, 318.395, 318.395, 318.395, 318.395, 318.395, 318.395, 318.395, 318.395, 318.395, 318.395, 318.395, 318.395, 318.395, 318.395, 318.395, 318.395, 318.395, 318.395, 318.395, 318.395, 318.395, 318.395, 318.395, 318.395, 318.395, 318.395, 300, 
318.42, 318.42, 318.42, 318.42, 318.42, 318.42, 318.42, 318.42, 318.42, 318.42, 318.42, 318.42, 318.42, 318.42, 318.42, 318.42, 318.42, 318.42, 318.42, 318.42, 318.42, 318.42, 318.42, 318.42, 318.42, 318.42, 318.42, 318.42, 318.42, 318.42, 318.42, 318.42, 318.42, 318.42, 318.42, 318.42, 318.42, 318.42, 318.42, 318.42, 318.42, 318.42, 318.42, 318.42, 318.42, 318.42, 318.42, 318.42, 318.42, 318.42, 318.42, 318.42, 318.42, 318.42, 318.42, 318.42, 318.42, 318.42, 318.42, 318.42, 318.42, 318.42, 318.42, 318.42, 318.42, 318.42, 318.42, 318.42, 318.42, 318.42, 318.42, 318.42, 318.42, 318.42, 318.42, 318.42, 318.42, 318.42, 318.42, 318.42, 318.42, 318.42, 318.42, 318.42, 318.42, 318.42, 318.42, 318.42, 318.42, 318.42, 318.42, 318.42, 318.42, 318.42, 318.42, 318.42, 318.421, 318.421, 318.42, 300, 
318.446, 318.446, 318.446, 318.446, 318.446, 318.446, 318.446, 318.446, 318.446, 318.446, 318.446, 318.446, 318.446, 318.446, 318.446, 318.446, 318.446, 318.446, 318.446, 318.446, 318.446, 318.446, 318.446, 318.446, 318.446, 318.446, 318.446, 318.446, 318.446, 318.446, 318.446, 318.446, 318.446, 318.446, 318.446, 318.446, 318.446, 318.446, 318.446, 318.446, 318.446, 318.446, 318.446, 318.446, 318.446, 318.446, 318.446, 318.446, 318.446, 318.446, 318.446, 318.446, 318.446, 318.446, 318.446, 318.446, 318.446, 318.446, 318.446, 318.446, 318.446, 318.446, 318.446, 318.446, 318.446, 318.446, 318.446, 318.446, 318.446, 318.446, 318.446, 318.446, 318.446, 318.446, 318.446, 318.446, 318.446, 318.446, 318.446, 318.446, 318.446, 318.446, 318.446, 318.446, 318.446, 318.446, 318.446, 318.446, 318.446, 318.446, 318.446, 318.446, 318.446, 318.446, 318.446, 318.446, 318.446, 318.446, 318.446, 300, 
318.471, 318.471, 318.471, 318.471, 318.471, 318.471, 318.471, 318.471, 318.471, 318.471, 318.471, 318.471, 318.471, 318.471, 318.471, 318.471, 318.471, 318.471, 318.471, 318.471, 318.471, 318.471, 318.471, 318.471, 318.471, 318.471, 318.471, 318.471, 318.471, 318.471, 318.471, 318.471, 318.471, 318.471, 318.471, 318.471, 318.471, 318.471, 318.471, 318.471, 318.471, 318.471, 318.471, 318.471, 318.471, 318.471, 318.471, 318.471, 318.471, 318.471, 318.471, 318.471, 318.471, 318.471, 318.471, 318.471, 318.471, 318.471, 318.471, 318.471, 318.471, 318.471, 318.471, 318.471, 318.471, 318.471, 318.471, 318.471, 318.471, 318.471, 318.471, 318.471, 318.471, 318.471, 318.471, 318.471, 318.471, 318.471, 318.471, 318.471, 318.471, 318.471, 318.471, 318.471, 318.471, 318.471, 318.471, 318.471, 318.471, 318.471, 318.471, 318.471, 318.471, 318.471, 318.471, 318.471, 318.471, 318.472, 318.471, 300, 
318.497, 318.497, 318.497, 318.497, 318.497, 318.497, 318.497, 318.497, 318.497, 318.497, 318.497, 318.497, 318.497, 318.497, 318.497, 318.497, 318.497, 318.497, 318.497, 318.497, 318.497, 318.497, 318.497, 318.497, 318.497, 318.497, 318.497, 318.497, 318.497, 318.497, 318.497, 318.497, 318.497, 318.497, 318.497, 318.497, 318.497, 318.497, 318.497, 318.497, 318.497, 318.497, 318.497, 318.497, 318.497, 318.497, 318.497, 318.497, 318.497, 318.497, 318.497, 318.497, 318.497, 318.497, 318.497, 318.497, 318.497, 318.497, 318.497, 318.497, 318.497, 318.497, 318.497, 318.497, 318.497, 318.497, 318.497, 318.497, 318.497, 318.497, 318.497, 318.497, 318.497, 318.497, 318.497, 318.497, 318.497, 318.497, 318.497, 318.497, 318.497, 318.497, 318.497, 318.497, 318.497, 318.497, 318.497, 318.497, 318.497, 318.497, 318.497, 318.497, 318.497, 318.497, 318.497, 318.497, 318.497, 318.497, 318.497, 300, 
318.522, 318.522, 318.522, 318.522, 318.522, 318.522, 318.522, 318.522, 318.522, 318.522, 318.522, 318.522, 318.522, 318.522, 318.522, 318.522, 318.522, 318.522, 318.522, 318.522, 318.522, 318.522, 318.522, 318.522, 318.522, 318.522, 318.522, 318.522, 318.522, 318.522, 318.522, 318.522, 318.522, 318.522, 318.522, 318.522, 318.522, 318.522, 318.522, 318.522, 318.522, 318.522, 318.522, 318.522, 318.522, 318.522, 318.522, 318.522, 318.522, 318.522, 318.522, 318.522, 318.522, 318.522, 318.522, 318.522, 318.522, 318.522, 318.522, 318.522, 318.522, 318.522, 318.522, 318.522, 318.522, 318.522, 318.522, 318.522, 318.522, 318.522, 318.522, 318.522, 318.522, 318.522, 318.522, 318.522, 318.522, 318.522, 318.522, 318.522, 318.522, 318.522, 318.522, 318.522, 318.522, 318.522, 318.522, 318.522, 318.522, 318.522, 318.522, 318.522, 318.522, 318.522, 318.522, 318.522, 318.522, 318.522, 318.522, 300, 
318.548, 318.548, 318.548, 318.548, 318.548, 318.548, 318.548, 318.548, 318.548, 318.548, 318.548, 318.548, 318.548, 318.548, 318.548, 318.548, 318.548, 318.548, 318.548, 318.548, 318.548, 318.548, 318.548, 318.548, 318.548, 318.548, 318.548, 318.548, 318.548, 318.548, 318.548, 318.548, 318.548, 318.548, 318.548, 318.548, 318.548, 318.548, 318.548, 318.548, 318.548, 318.548, 318.548, 318.548, 318.548, 318.548, 318.548, 318.548, 318.548, 318.548, 318.548, 318.548, 318.548, 318.548, 318.548, 318.548, 318.548, 318.548, 318.548, 318.548, 318.548, 318.548, 318.548, 318.548, 318.548, 318.548, 318.548, 318.548, 318.548, 318.548, 318.548, 318.548, 318.548, 318.548, 318.548, 318.548, 318.548, 318.548, 318.548, 318.548, 318.548, 318.548, 318.548, 318.548, 318.548, 318.548, 318.548, 318.548, 318.548, 318.548, 318.548, 318.548, 318.548, 318.548, 318.548, 318.548, 318.548, 318.548, 318.548, 300, 
318.573, 318.573, 318.573, 318.573, 318.573, 318.573, 318.573, 318.573, 318.573, 318.573, 318.573, 318.573, 318.573, 318.573, 318.573, 318.573, 318.573, 318.573, 318.573, 318.573, 318.573, 318.573, 318.573, 318.573, 318.573, 318.573, 318.573, 318.573, 318.573, 318.573, 318.573, 318.573, 318.573, 318.573, 318.573, 318.573, 318.573, 318.573, 318.573, 318.573, 318.573, 318.573, 318.573, 318.573, 318.573, 318.573, 318.573, 318.573, 318.573, 318.573, 318.573, 318.573, 318.573, 318.573, 318.573, 318.573, 318.573, 318.573, 318.573, 318.573, 318.573, 318.573, 318.573, 318.573, 318.573, 318.573, 318.573, 318.573, 318.573, 318.573, 318.573, 318.573, 318.573, 318.573, 318.573, 318.573, 318.573, 318.573, 318.573, 318.573, 318.573, 318.573, 318.573, 318.573, 318.573, 318.573, 318.573, 318.573, 318.573, 318.573, 318.573, 318.573, 318.573, 318.573, 318.573, 318.573, 318.573, 318.573, 318.573, 300, 
318.599, 318.599, 318.599, 318.599, 318.599, 318.599, 318.599, 318.599, 318.599, 318.599, 318.599, 318.599, 318.599, 318.599, 318.599, 318.599, 318.599, 318.599, 318.599, 318.599, 318.599, 318.599, 318.599, 318.599, 318.599, 318.599, 318.599, 318.599, 318.599, 318.599, 318.599, 318.599, 318.599, 318.599, 318.599, 318.599, 318.599, 318.599, 318.599, 318.599, 318.599, 318.599, 318.599, 318.599, 318.599, 318.599, 318.599, 318.599, 318.599, 318.599, 318.599, 318.599, 318.599, 318.599, 318.599, 318.599, 318.599, 318.599, 318.599, 318.599, 318.599, 318.599, 318.599, 318.599, 318.599, 318.599, 318.599, 318.599, 318.599, 318.599, 318.599, 318.599, 318.599, 318.599, 318.599, 318.599, 318.599, 318.599, 318.599, 318.599, 318.599, 318.599, 318.599, 318.599, 318.599, 318.599, 318.599, 318.599, 318.599, 318.599, 318.599, 318.599, 318.599, 318.599, 318.599, 318.599, 318.599, 318.599, 318.599, 300, 
318.624, 318.624, 318.624, 318.624, 318.624, 318.624, 318.624, 318.624, 318.624, 318.624, 318.624, 318.624, 318.624, 318.624, 318.624, 318.624, 318.624, 318.624, 318.624, 318.624, 318.624, 318.624, 318.624, 318.624, 318.624, 318.624, 318.624, 318.624, 318.624, 318.624, 318.624, 318.624, 318.624, 318.624, 318.624, 318.624, 318.624, 318.624, 318.624, 318.624, 318.624, 318.624, 318.624, 318.624, 318.624, 318.624, 318.624, 318.624, 318.624, 318.624, 318.624, 318.624, 318.624, 318.624, 318.624, 318.624, 318.624, 318.624, 318.624, 318.624, 318.624, 318.624, 318.624, 318.624, 318.624, 318.624, 318.624, 318.624, 318.624, 318.624, 318.624, 318.624, 318.624, 318.624, 318.624, 318.624, 318.624, 318.624, 318.624, 318.624, 318.624, 318.624, 318.624, 318.624, 318.624, 318.624, 318.624, 318.624, 318.624, 318.624, 318.624, 318.624, 318.624, 318.624, 318.624, 318.624, 318.624, 318.624, 318.624, 300, 
318.65, 318.65, 318.65, 318.65, 318.65, 318.65, 318.65, 318.65, 318.65, 318.65, 318.65, 318.65, 318.65, 318.65, 318.65, 318.65, 318.65, 318.65, 318.65, 318.65, 318.65, 318.65, 318.65, 318.65, 318.65, 318.65, 318.65, 318.65, 318.65, 318.65, 318.65, 318.65, 318.65, 318.65, 318.65, 318.65, 318.65, 318.65, 318.65, 318.65, 318.65, 318.65, 318.65, 318.65, 318.65, 318.65, 318.65, 318.65, 318.65, 318.65, 318.65, 318.65, 318.65, 318.65, 318.65, 318.65, 318.65, 318.65, 318.65, 318.65, 318.65, 318.65, 318.65, 318.65, 318.65, 318.65, 318.65, 318.65, 318.65, 318.65, 318.65, 318.65, 318.65, 318.65, 318.65, 318.65, 318.65, 318.65, 318.65, 318.65, 318.65, 318.65, 318.65, 318.65, 318.65, 318.65, 318.65, 318.65, 318.65, 318.65, 318.65, 318.65, 318.65, 318.65, 318.65, 318.65, 318.65, 318.65, 318.649, 300, 
318.675, 318.675, 318.675, 318.675, 318.675, 318.675, 318.675, 318.675, 318.675, 318.675, 318.675, 318.675, 318.675, 318.675, 318.675, 318.675, 318.675, 318.675, 318.675, 318.675, 318.675, 318.675, 318.675, 318.675, 318.675, 318.675, 318.675, 318.675, 318.675, 318.675, 318.675, 318.675, 318.675, 318.675, 318.675, 318.675, 318.675, 318.675, 318.675, 318.675, 318.675, 318.675, 318.675, 318.675, 318.675, 318.675, 318.675, 318.675, 318.675, 318.675, 318.675, 318.675, 318.675, 318.675, 318.675, 318.675, 318.675, 318.675, 318.675, 318.675, 318.675, 318.675, 318.675, 318.675, 318.675, 318.675, 318.675, 318.675, 318.675, 318.675, 318.675, 318.675, 318.675, 318.675, 318.675, 318.675, 318.675, 318.675, 318.675, 318.675, 318.675, 318.675, 318.675, 318.675, 318.675, 318.675, 318.675, 318.675, 318.675, 318.675, 318.675, 318.675, 318.675, 318.675, 318.675, 318.675, 318.675, 318.675, 318.675, 300, 
318.701, 318.701, 318.701, 318.701, 318.701, 318.701, 318.701, 318.701, 318.701, 318.701, 318.701, 318.701, 318.701, 318.701, 318.701, 318.701, 318.701, 318.701, 318.701, 318.701, 318.701, 318.701, 318.701, 318.701, 318.701, 318.701, 318.701, 318.701, 318.701, 318.701, 318.701, 318.701, 318.701, 318.701, 318.701, 318.701, 318.701, 318.701, 318.701, 318.701, 318.701, 318.701, 318.701, 318.701, 318.701, 318.701, 318.701, 318.701, 318.701, 318.701, 318.701, 318.701, 318.701, 318.701, 318.701, 318.701, 318.701, 318.701, 318.701, 318.701, 318.701, 318.701, 318.701, 318.701, 318.701, 318.701, 318.701, 318.701, 318.701, 318.701, 318.701, 318.701, 318.701, 318.701, 318.701, 318.701, 318.701, 318.701, 318.701, 318.701, 318.701, 318.701, 318.701, 318.701, 318.701, 318.701, 318.701, 318.701, 318.701, 318.701, 318.701, 318.701, 318.701, 318.701, 318.701, 318.701, 318.701, 318.701, 318.7, 300, 
318.726, 318.726, 318.726, 318.726, 318.726, 318.726, 318.726, 318.726, 318.726, 318.726, 318.726, 318.726, 318.726, 318.726, 318.726, 318.726, 318.726, 318.726, 318.726, 318.726, 318.726, 318.726, 318.726, 318.726, 318.726, 318.726, 318.726, 318.726, 318.726, 318.726, 318.726, 318.726, 318.726, 318.726, 318.726, 318.726, 318.726, 318.726, 318.726, 318.726, 318.726, 318.726, 318.726, 318.726, 318.726, 318.726, 318.726, 318.726, 318.726, 318.726, 318.726, 318.726, 318.726, 318.726, 318.726, 318.726, 318.726, 318.726, 318.726, 318.726, 318.726, 318.726, 318.726, 318.726, 318.726, 318.726, 318.726, 318.726, 318.726, 318.726, 318.726, 318.726, 318.726, 318.726, 318.726, 318.726, 318.726, 318.726, 318.726, 318.726, 318.726, 318.726, 318.726, 318.726, 318.726, 318.726, 318.726, 318.726, 318.726, 318.726, 318.726, 318.726, 318.726, 318.726, 318.726, 318.726, 318.726, 318.726, 318.726, 300, 
318.752, 318.752, 318.752, 318.752, 318.752, 318.752, 318.752, 318.752, 318.752, 318.752, 318.752, 318.752, 318.752, 318.752, 318.752, 318.752, 318.752, 318.752, 318.752, 318.752, 318.752, 318.752, 318.752, 318.752, 318.752, 318.752, 318.752, 318.752, 318.752, 318.752, 318.752, 318.752, 318.752, 318.752, 318.752, 318.752, 318.752, 318.752, 318.752, 318.752, 318.752, 318.752, 318.752, 318.752, 318.752, 318.752, 318.752, 318.752, 318.752, 318.752, 318.752, 318.752, 318.752, 318.752, 318.752, 318.752, 318.752, 318.752, 318.752, 318.752, 318.752, 318.752, 318.752, 318.752, 318.752, 318.752, 318.752, 318.752, 318.752, 318.752, 318.752, 318.752, 318.752, 318.752, 318.752, 318.752, 318.752, 318.752, 318.752, 318.752, 318.752, 318.752, 318.752, 318.752, 318.752, 318.752, 318.752, 318.752, 318.752, 318.752, 318.752, 318.752, 318.752, 318.752, 318.752, 318.752, 318.752, 318.752, 318.751, 300, 
318.777, 318.777, 318.777, 318.777, 318.777, 318.777, 318.777, 318.777, 318.777, 318.777, 318.777, 318.777, 318.777, 318.777, 318.777, 318.777, 318.777, 318.777, 318.777, 318.777, 318.777, 318.777, 318.777, 318.777, 318.777, 318.777, 318.777, 318.777, 318.777, 318.777, 318.777, 318.777, 318.777, 318.777, 318.777, 318.777, 318.777, 318.777, 318.777, 318.777, 318.777, 318.777, 318.777, 318.777, 318.777, 318.777, 318.777, 318.777, 318.777, 318.777, 318.777, 318.777, 318.777, 318.777, 318.777, 318.777, 318.777, 318.777, 318.777, 318.777, 318.777, 318.777, 318.777, 318.777, 318.777, 318.777, 318.777, 318.777, 318.777, 318.777, 318.777, 318.777, 318.777, 318.777, 318.777, 318.777, 318.777, 318.777, 318.777, 318.777, 318.777, 318.777, 318.777, 318.777, 318.777, 318.777, 318.777, 318.777, 318.777, 318.777, 318.777, 318.777, 318.777, 318.777, 318.777, 318.777, 318.777, 318.777, 318.777, 300, 
318.803, 318.803, 318.803, 318.803, 318.803, 318.803, 318.803, 318.803, 318.803, 318.803, 318.803, 318.803, 318.803, 318.803, 318.803, 318.803, 318.803, 318.803, 318.803, 318.803, 318.803, 318.803, 318.803, 318.803, 318.803, 318.803, 318.803, 318.803, 318.803, 318.803, 318.803, 318.803, 318.803, 318.803, 318.803, 318.803, 318.803, 318.803, 318.803, 318.803, 318.803, 318.803, 318.803, 318.803, 318.803, 318.803, 318.803, 318.803, 318.803, 318.803, 318.803, 318.803, 318.803, 318.803, 318.803, 318.803, 318.803, 318.803, 318.803, 318.803, 318.803, 318.803, 318.803, 318.803, 318.803, 318.803, 318.803, 318.803, 318.803, 318.803, 318.803, 318.803, 318.803, 318.803, 318.803, 318.803, 318.803, 318.803, 318.803, 318.803, 318.803, 318.803, 318.803, 318.803, 318.803, 318.803, 318.803, 318.803, 318.803, 318.803, 318.803, 318.803, 318.803, 318.803, 318.803, 318.803, 318.803, 318.803, 318.802, 300, 
318.828, 318.828, 318.828, 318.828, 318.828, 318.828, 318.828, 318.828, 318.828, 318.828, 318.828, 318.828, 318.828, 318.828, 318.828, 318.828, 318.828, 318.828, 318.828, 318.828, 318.828, 318.828, 318.828, 318.828, 318.828, 318.828, 318.828, 318.828, 318.828, 318.828, 318.828, 318.828, 318.828, 318.828, 318.828, 318.828, 318.828, 318.828, 318.828, 318.828, 318.828, 318.828, 318.828, 318.828, 318.828, 318.828, 318.828, 318.828, 318.828, 318.828, 318.828, 318.828, 318.828, 318.828, 318.828, 318.828, 318.828, 318.828, 318.828, 318.828, 318.828, 318.828, 318.828, 318.828, 318.828, 318.828, 318.828, 318.828, 318.828, 318.828, 318.828, 318.828, 318.828, 318.828, 318.828, 318.828, 318.828, 318.828, 318.828, 318.828, 318.828, 318.828, 318.828, 318.828, 318.828, 318.828, 318.828, 318.828, 318.828, 318.828, 318.828, 318.828, 318.828, 318.828, 318.828, 318.828, 318.828, 318.828, 318.828, 300, 
318.854, 318.854, 318.854, 318.854, 318.854, 318.854, 318.854, 318.854, 318.854, 318.854, 318.854, 318.854, 318.854, 318.854, 318.854, 318.854, 318.854, 318.853, 318.853, 318.853, 318.853, 318.853, 318.853, 318.853, 318.853, 318.853, 318.853, 318.853, 318.853, 318.853, 318.853, 318.853, 318.853, 318.853, 318.854, 318.854, 318.854, 318.854, 318.854, 318.854, 318.854, 318.854, 318.854, 318.854, 318.854, 318.854, 318.854, 318.854, 318.854, 318.854, 318.854, 318.854, 318.854, 318.854, 318.854, 318.854, 318.854, 318.854, 318.854, 318.854, 318.854, 318.854, 318.854, 318.854, 318.853, 318.853, 318.853, 318.853, 318.853, 318.853, 318.853, 318.853, 318.853, 318.853, 318.853, 318.853, 318.853, 318.853, 318.853, 318.853, 318.853, 318.853, 318.853, 318.853, 318.853, 318.853, 318.854, 318.854, 318.854, 318.854, 318.854, 318.854, 318.854, 318.854, 318.854, 318.854, 318.854, 318.854, 318.853, 300, 
318.879, 318.879, 318.879, 318.879, 318.879, 318.879, 318.879, 318.879, 318.879, 318.879, 318.879, 318.879, 318.879, 318.879, 318.879, 318.879, 318.879, 318.879, 318.879, 318.879, 318.879, 318.879, 318.879, 318.879, 318.879, 318.879, 318.879, 318.879, 318.879, 318.879, 318.879, 318.879, 318.879, 318.879, 318.879, 318.879, 318.879, 318.879, 318.879, 318.879, 318.879, 318.879, 318.879, 318.879, 318.879, 318.879, 318.879, 318.879, 318.879, 318.879, 318.879, 318.879, 318.879, 318.879, 318.879, 318.879, 318.879, 318.879, 318.879, 318.879, 318.879, 318.879, 318.879, 318.879, 318.879, 318.879, 318.879, 318.879, 318.879, 318.879, 318.879, 318.879, 318.879, 318.879, 318.879, 318.879, 318.879, 318.879, 318.879, 318.879, 318.879, 318.879, 318.879, 318.879, 318.879, 318.879, 318.879, 318.879, 318.879, 318.879, 318.879, 318.879, 318.879, 318.879, 318.879, 318.879, 318.879, 318.879, 318.879, 300, 
318.904, 318.904, 318.904, 318.904, 318.904, 318.904, 318.904, 318.904, 318.904, 318.904, 318.904, 318.904, 318.904, 318.904, 318.904, 318.904, 318.904, 318.904, 318.904, 318.904, 318.904, 318.904, 318.904, 318.904, 318.904, 318.904, 318.904, 318.904, 318.904, 318.904, 318.904, 318.904, 318.904, 318.904, 318.904, 318.904, 318.904, 318.904, 318.904, 318.904, 318.904, 318.904, 318.904, 318.904, 318.904, 318.904, 318.904, 318.904, 318.904, 318.904, 318.904, 318.904, 318.904, 318.904, 318.904, 318.904, 318.904, 318.904, 318.904, 318.904, 318.904, 318.904, 318.904, 318.904, 318.904, 318.904, 318.904, 318.904, 318.904, 318.904, 318.904, 318.904, 318.904, 318.904, 318.904, 318.904, 318.904, 318.904, 318.904, 318.904, 318.904, 318.904, 318.904, 318.904, 318.904, 318.904, 318.904, 318.904, 318.904, 318.904, 318.904, 318.904, 318.905, 318.905, 318.905, 318.905, 318.905, 318.905, 318.904, 300, 
318.93, 318.93, 318.93, 318.93, 318.93, 318.93, 318.93, 318.93, 318.93, 318.93, 318.93, 318.93, 318.93, 318.93, 318.93, 318.93, 318.93, 318.93, 318.93, 318.93, 318.93, 318.93, 318.93, 318.93, 318.93, 318.93, 318.93, 318.93, 318.93, 318.93, 318.93, 318.93, 318.93, 318.93, 318.93, 318.93, 318.93, 318.93, 318.93, 318.93, 318.93, 318.93, 318.93, 318.93, 318.93, 318.93, 318.93, 318.93, 318.93, 318.93, 318.93, 318.93, 318.93, 318.93, 318.93, 318.93, 318.93, 318.93, 318.93, 318.93, 318.93, 318.93, 318.93, 318.93, 318.93, 318.93, 318.93, 318.93, 318.93, 318.93, 318.93, 318.93, 318.93, 318.93, 318.93, 318.93, 318.93, 318.93, 318.93, 318.93, 318.93, 318.93, 318.93, 318.93, 318.93, 318.93, 318.93, 318.93, 318.93, 318.93, 318.93, 318.93, 318.93, 318.93, 318.93, 318.93, 318.93, 318.93, 318.93, 300, 
318.955, 318.955, 318.955, 318.955, 318.955, 318.955, 318.955, 318.955, 318.955, 318.955, 318.955, 318.955, 318.955, 318.955, 318.955, 318.955, 318.955, 318.955, 318.955, 318.955, 318.955, 318.955, 318.955, 318.955, 318.955, 318.955, 318.955, 318.955, 318.955, 318.955, 318.955, 318.955, 318.955, 318.955, 318.955, 318.955, 318.955, 318.955, 318.955, 318.955, 318.955, 318.955, 318.955, 318.955, 318.955, 318.955, 318.955, 318.955, 318.955, 318.955, 318.955, 318.955, 318.955, 318.955, 318.955, 318.955, 318.955, 318.955, 318.955, 318.955, 318.955, 318.955, 318.955, 318.955, 318.955, 318.955, 318.955, 318.955, 318.955, 318.955, 318.955, 318.955, 318.955, 318.955, 318.955, 318.955, 318.955, 318.955, 318.955, 318.955, 318.955, 318.955, 318.955, 318.955, 318.955, 318.955, 318.955, 318.955, 318.955, 318.955, 318.955, 318.955, 318.955, 318.955, 318.955, 318.956, 318.956, 318.956, 318.955, 300, 
318.981, 318.981, 318.981, 318.981, 318.981, 318.981, 318.981, 318.981, 318.981, 318.981, 318.981, 318.981, 318.981, 318.981, 318.981, 318.981, 318.981, 318.981, 318.981, 318.981, 318.981, 318.981, 318.981, 318.981, 318.981, 318.981, 318.981, 318.981, 318.981, 318.981, 318.981, 318.981, 318.981, 318.981, 318.981, 318.981, 318.981, 318.981, 318.981, 318.981, 318.981, 318.981, 318.981, 318.981, 318.981, 318.981, 318.981, 318.981, 318.981, 318.981, 318.981, 318.981, 318.981, 318.981, 318.981, 318.981, 318.981, 318.981, 318.981, 318.981, 318.981, 318.981, 318.981, 318.981, 318.981, 318.981, 318.981, 318.981, 318.981, 318.981, 318.981, 318.981, 318.981, 318.981, 318.981, 318.981, 318.981, 318.981, 318.981, 318.981, 318.981, 318.981, 318.981, 318.981, 318.981, 318.981, 318.981, 318.981, 318.981, 318.981, 318.981, 318.981, 318.981, 318.981, 318.981, 318.981, 318.981, 318.981, 318.981, 300, 
319.006, 319.006, 319.006, 319.006, 319.006, 319.006, 319.006, 319.006, 319.006, 319.006, 319.006, 319.006, 319.006, 319.006, 319.006, 319.006, 319.006, 319.006, 319.006, 319.006, 319.006, 319.006, 319.006, 319.006, 319.006, 319.006, 319.006, 319.006, 319.006, 319.006, 319.006, 319.006, 319.006, 319.006, 319.006, 319.006, 319.006, 319.006, 319.006, 319.006, 319.006, 319.006, 319.006, 319.006, 319.006, 319.006, 319.006, 319.006, 319.006, 319.006, 319.006, 319.006, 319.006, 319.006, 319.006, 319.006, 319.006, 319.006, 319.006, 319.006, 319.006, 319.006, 319.006, 319.006, 319.006, 319.006, 319.006, 319.006, 319.006, 319.006, 319.006, 319.006, 319.006, 319.006, 319.006, 319.006, 319.006, 319.006, 319.006, 319.006, 319.006, 319.006, 319.006, 319.006, 319.006, 319.006, 319.006, 319.006, 319.006, 319.006, 319.006, 319.006, 319.006, 319.006, 319.006, 319.006, 319.006, 319.007, 319.006, 300, 
319.032, 319.032, 319.032, 319.032, 319.032, 319.032, 319.032, 319.032, 319.032, 319.032, 319.032, 319.032, 319.032, 319.032, 319.032, 319.032, 319.032, 319.032, 319.032, 319.032, 319.032, 319.032, 319.032, 319.032, 319.032, 319.032, 319.032, 319.032, 319.032, 319.032, 319.032, 319.032, 319.032, 319.032, 319.032, 319.032, 319.032, 319.032, 319.032, 319.032, 319.032, 319.032, 319.032, 319.032, 319.032, 319.032, 319.032, 319.032, 319.032, 319.032, 319.032, 319.032, 319.032, 319.032, 319.032, 319.032, 319.032, 319.032, 319.032, 319.032, 319.032, 319.032, 319.032, 319.032, 319.032, 319.032, 319.032, 319.032, 319.032, 319.032, 319.032, 319.032, 319.032, 319.032, 319.032, 319.032, 319.032, 319.032, 319.032, 319.032, 319.032, 319.032, 319.032, 319.032, 319.032, 319.032, 319.032, 319.032, 319.032, 319.032, 319.032, 319.032, 319.032, 319.032, 319.032, 319.032, 319.032, 319.032, 319.031, 300, 
319.057, 319.057, 319.057, 319.057, 319.057, 319.057, 319.057, 319.057, 319.057, 319.057, 319.057, 319.057, 319.057, 319.057, 319.057, 319.057, 319.057, 319.057, 319.057, 319.057, 319.057, 319.057, 319.057, 319.057, 319.057, 319.057, 319.057, 319.057, 319.057, 319.057, 319.057, 319.057, 319.057, 319.057, 319.057, 319.057, 319.057, 319.057, 319.057, 319.057, 319.057, 319.057, 319.057, 319.057, 319.057, 319.057, 319.057, 319.057, 319.057, 319.057, 319.057, 319.057, 319.057, 319.057, 319.057, 319.057, 319.057, 319.057, 319.057, 319.057, 319.057, 319.057, 319.057, 319.057, 319.057, 319.057, 319.057, 319.057, 319.057, 319.057, 319.057, 319.057, 319.057, 319.057, 319.057, 319.057, 319.057, 319.057, 319.057, 319.057, 319.057, 319.057, 319.057, 319.057, 319.057, 319.057, 319.057, 319.057, 319.057, 319.057, 319.057, 319.057, 319.057, 319.057, 319.057, 319.057, 319.057, 319.057, 319.057, 300, 
319.083, 319.083, 319.083, 319.083, 319.083, 319.083, 319.083, 319.083, 319.083, 319.083, 319.083, 319.083, 319.083, 319.083, 319.083, 319.083, 319.083, 319.083, 319.083, 319.083, 319.083, 319.083, 319.083, 319.083, 319.083, 319.083, 319.083, 319.083, 319.083, 319.083, 319.083, 319.083, 319.083, 319.083, 319.083, 319.083, 319.083, 319.083, 319.083, 319.083, 319.083, 319.083, 319.083, 319.083, 319.083, 319.083, 319.083, 319.083, 319.083, 319.083, 319.083, 319.083, 319.083, 319.083, 319.083, 319.083, 319.083, 319.083, 319.083, 319.083, 319.083, 319.083, 319.083, 319.083, 319.083, 319.083, 319.083, 319.083, 319.083, 319.083, 319.083, 319.083, 319.083, 319.083, 319.083, 319.083, 319.083, 319.083, 319.083, 319.083, 319.083, 319.083, 319.083, 319.083, 319.083, 319.083, 319.083, 319.083, 319.083, 319.083, 319.083, 319.083, 319.083, 319.083, 319.083, 319.083, 319.083, 319.083, 319.082, 300, 
319.108, 319.108, 319.108, 319.108, 319.108, 319.108, 319.108, 319.108, 319.108, 319.108, 319.108, 319.108, 319.108, 319.108, 319.108, 319.108, 319.108, 319.108, 319.108, 319.108, 319.108, 319.108, 319.108, 319.108, 319.108, 319.108, 319.108, 319.108, 319.108, 319.108, 319.108, 319.108, 319.108, 319.108, 319.108, 319.108, 319.108, 319.108, 319.108, 319.108, 319.108, 319.108, 319.108, 319.108, 319.108, 319.108, 319.108, 319.108, 319.108, 319.108, 319.108, 319.108, 319.108, 319.108, 319.108, 319.108, 319.108, 319.108, 319.108, 319.108, 319.108, 319.108, 319.108, 319.108, 319.108, 319.108, 319.108, 319.108, 319.108, 319.108, 319.108, 319.108, 319.108, 319.108, 319.108, 319.108, 319.108, 319.108, 319.108, 319.108, 319.108, 319.108, 319.108, 319.108, 319.108, 319.108, 319.108, 319.108, 319.108, 319.108, 319.108, 319.108, 319.108, 319.108, 319.108, 319.108, 319.108, 319.108, 319.108, 300, 
319.134, 319.134, 319.134, 319.134, 319.134, 319.134, 319.134, 319.134, 319.134, 319.134, 319.134, 319.134, 319.134, 319.134, 319.134, 319.134, 319.134, 319.134, 319.134, 319.134, 319.134, 319.134, 319.134, 319.134, 319.134, 319.134, 319.134, 319.134, 319.134, 319.134, 319.134, 319.134, 319.134, 319.134, 319.134, 319.134, 319.134, 319.134, 319.134, 319.134, 319.134, 319.134, 319.134, 319.134, 319.134, 319.134, 319.134, 319.134, 319.134, 319.134, 319.134, 319.134, 319.134, 319.134, 319.134, 319.134, 319.134, 319.134, 319.134, 319.134, 319.134, 319.134, 319.134, 319.134, 319.134, 319.134, 319.134, 319.134, 319.134, 319.134, 319.134, 319.134, 319.134, 319.134, 319.134, 319.134, 319.134, 319.134, 319.134, 319.134, 319.134, 319.134, 319.134, 319.134, 319.134, 319.134, 319.134, 319.134, 319.134, 319.134, 319.134, 319.134, 319.134, 319.134, 319.134, 319.134, 319.134, 319.134, 319.133, 300, 
319.159, 319.159, 319.159, 319.159, 319.159, 319.159, 319.159, 319.159, 319.159, 319.159, 319.159, 319.159, 319.159, 319.159, 319.159, 319.159, 319.159, 319.159, 319.159, 319.159, 319.159, 319.159, 319.159, 319.159, 319.159, 319.159, 319.159, 319.159, 319.159, 319.159, 319.159, 319.159, 319.159, 319.159, 319.159, 319.159, 319.159, 319.159, 319.159, 319.159, 319.159, 319.159, 319.159, 319.159, 319.159, 319.159, 319.159, 319.159, 319.159, 319.159, 319.159, 319.159, 319.159, 319.159, 319.159, 319.159, 319.159, 319.159, 319.159, 319.159, 319.159, 319.159, 319.159, 319.159, 319.159, 319.159, 319.159, 319.159, 319.159, 319.159, 319.159, 319.159, 319.159, 319.159, 319.159, 319.159, 319.159, 319.159, 319.159, 319.159, 319.159, 319.159, 319.159, 319.159, 319.159, 319.159, 319.159, 319.159, 319.159, 319.159, 319.159, 319.159, 319.159, 319.159, 319.159, 319.159, 319.159, 319.159, 319.159, 300, 
319.185, 319.185, 319.185, 319.185, 319.185, 319.185, 319.185, 319.185, 319.185, 319.185, 319.185, 319.185, 319.185, 319.185, 319.185, 319.185, 319.185, 319.185, 319.185, 319.185, 319.185, 319.185, 319.185, 319.185, 319.185, 319.185, 319.185, 319.185, 319.185, 319.185, 319.185, 319.185, 319.185, 319.185, 319.185, 319.185, 319.185, 319.185, 319.185, 319.185, 319.185, 319.185, 319.185, 319.185, 319.185, 319.185, 319.185, 319.185, 319.185, 319.185, 319.185, 319.185, 319.185, 319.185, 319.185, 319.185, 319.185, 319.185, 319.185, 319.185, 319.185, 319.185, 319.185, 319.185, 319.185, 319.185, 319.185, 319.185, 319.185, 319.185, 319.185, 319.185, 319.185, 319.185, 319.185, 319.185, 319.185, 319.185, 319.185, 319.185, 319.185, 319.185, 319.185, 319.185, 319.185, 319.185, 319.185, 319.185, 319.185, 319.185, 319.185, 319.185, 319.185, 319.185, 319.185, 319.185, 319.185, 319.185, 319.184, 300, 
319.21, 319.21, 319.21, 319.21, 319.21, 319.21, 319.21, 319.21, 319.21, 319.21, 319.21, 319.21, 319.21, 319.21, 319.21, 319.21, 319.21, 319.21, 319.21, 319.21, 319.21, 319.21, 319.21, 319.21, 319.21, 319.21, 319.21, 319.21, 319.21, 319.21, 319.21, 319.21, 319.21, 319.21, 319.21, 319.21, 319.21, 319.21, 319.21, 319.21, 319.21, 319.21, 319.21, 319.21, 319.21, 319.21, 319.21, 319.21, 319.21, 319.21, 319.21, 319.21, 319.21, 319.21, 319.21, 319.21, 319.21, 319.21, 319.21, 319.21, 319.21, 319.21, 319.21, 319.21, 319.21, 319.21, 319.21, 319.21, 319.21, 319.21, 319.21, 319.21, 319.21, 319.21, 319.21, 319.21, 319.21, 319.21, 319.21, 319.21, 319.21, 319.21, 319.21, 319.21, 319.21, 319.21, 319.21, 319.21, 319.21, 319.21, 319.21, 319.21, 319.21, 319.21, 319.21, 319.21, 319.21, 319.21, 319.21, 300, 
319.236, 319.236, 319.236, 319.236, 319.236, 319.236, 319.236, 319.236, 319.236, 319.236, 319.236, 319.236, 319.236, 319.236, 319.236, 319.236, 319.236, 319.236, 319.236, 319.236, 319.236, 319.236, 319.236, 319.236, 319.236, 319.236, 319.236, 319.236, 319.236, 319.236, 319.236, 319.236, 319.236, 319.236, 319.236, 319.236, 319.236, 319.236, 319.236, 319.236, 319.236, 319.236, 319.236, 319.236, 319.236, 319.236, 319.236, 319.236, 319.236, 319.236, 319.236, 319.236, 319.236, 319.236, 319.236, 319.236, 319.236, 319.236, 319.236, 319.236, 319.236, 319.236, 319.236, 319.236, 319.236, 319.236, 319.236, 319.236, 319.236, 319.236, 319.236, 319.236, 319.236, 319.236, 319.236, 319.236, 319.236, 319.236, 319.236, 319.236, 319.236, 319.236, 319.236, 319.236, 319.236, 319.236, 319.236, 319.236, 319.236, 319.236, 319.236, 319.236, 319.236, 319.236, 319.236, 319.236, 319.236, 319.236, 319.235, 300, 
319.261, 319.261, 319.261, 319.261, 319.261, 319.261, 319.261, 319.261, 319.261, 319.261, 319.261, 319.261, 319.261, 319.261, 319.261, 319.261, 319.261, 319.261, 319.261, 319.261, 319.261, 319.261, 319.261, 319.261, 319.261, 319.261, 319.261, 319.261, 319.261, 319.261, 319.261, 319.261, 319.261, 319.261, 319.261, 319.261, 319.261, 319.261, 319.261, 319.261, 319.261, 319.261, 319.261, 319.261, 319.261, 319.261, 319.261, 319.261, 319.261, 319.261, 319.261, 319.261, 319.261, 319.261, 319.261, 319.261, 319.261, 319.261, 319.261, 319.261, 319.261, 319.261, 319.261, 319.261, 319.261, 319.261, 319.261, 319.261, 319.261, 319.261, 319.261, 319.261, 319.261, 319.261, 319.261, 319.261, 319.261, 319.261, 319.261, 319.261, 319.261, 319.261, 319.261, 319.261, 319.261, 319.261, 319.261, 319.261, 319.261, 319.261, 319.261, 319.261, 319.261, 319.261, 319.261, 319.261, 319.261, 319.261, 319.261, 300, 
319.287, 319.287, 319.287, 319.287, 319.287, 319.287, 319.287, 319.287, 319.287, 319.287, 319.287, 319.287, 319.287, 319.287, 319.287, 319.287, 319.287, 319.287, 319.287, 319.287, 319.287, 319.287, 319.287, 319.287, 319.287, 319.287, 319.287, 319.287, 319.287, 319.287, 319.287, 319.287, 319.287, 319.287, 319.287, 319.287, 319.287, 319.287, 319.287, 319.287, 319.287, 319.287, 319.287, 319.287, 319.287, 319.287, 319.287, 319.287, 319.287, 319.287, 319.287, 319.287, 319.287, 319.287, 319.287, 319.287, 319.287, 319.287, 319.287, 319.287, 319.287, 319.287, 319.287, 319.287, 319.287, 319.287, 319.287, 319.287, 319.287, 319.287, 319.287, 319.287, 319.287, 319.287, 319.287, 319.287, 319.287, 319.287, 319.287, 319.287, 319.287, 319.287, 319.287, 319.287, 319.287, 319.287, 319.287, 319.287, 319.287, 319.287, 319.287, 319.287, 319.287, 319.287, 319.287, 319.287, 319.287, 319.287, 319.286, 300, 
319.312, 319.312, 319.312, 319.312, 319.312, 319.312, 319.312, 319.312, 319.312, 319.312, 319.312, 319.312, 319.312, 319.312, 319.312, 319.312, 319.312, 319.312, 319.312, 319.312, 319.312, 319.312, 319.312, 319.312, 319.312, 319.312, 319.312, 319.312, 319.312, 319.312, 319.312, 319.312, 319.312, 319.312, 319.312, 319.312, 319.312, 319.312, 319.312, 319.312, 319.312, 319.312, 319.312, 319.312, 319.312, 319.312, 319.312, 319.312, 319.312, 319.312, 319.312, 319.312, 319.312, 319.312, 319.312, 319.312, 319.312, 319.312, 319.312, 319.312, 319.312, 319.312, 319.312, 319.312, 319.312, 319.312, 319.312, 319.312, 319.312, 319.312, 319.312, 319.312, 319.312, 319.312, 319.312, 319.312, 319.312, 319.312, 319.312, 319.312, 319.312, 319.312, 319.312, 319.312, 319.312, 319.312, 319.312, 319.312, 319.312, 319.312, 319.312, 319.312, 319.312, 319.312, 319.312, 319.312, 319.312, 319.312, 319.312, 300, 
319.338, 319.338, 319.338, 319.338, 319.338, 319.338, 319.338, 319.338, 319.338, 319.338, 319.338, 319.338, 319.338, 319.338, 319.338, 319.338, 319.338, 319.338, 319.338, 319.338, 319.338, 319.338, 319.338, 319.338, 319.338, 319.338, 319.338, 319.338, 319.338, 319.338, 319.338, 319.338, 319.338, 319.338, 319.338, 319.338, 319.338, 319.338, 319.338, 319.338, 319.338, 319.338, 319.338, 319.338, 319.338, 319.338, 319.338, 319.338, 319.338, 319.338, 319.338, 319.338, 319.338, 319.338, 319.338, 319.338, 319.338, 319.338, 319.338, 319.338, 319.338, 319.338, 319.338, 319.338, 319.338, 319.338, 319.338, 319.338, 319.338, 319.338, 319.338, 319.338, 319.338, 319.338, 319.338, 319.338, 319.338, 319.338, 319.338, 319.338, 319.338, 319.338, 319.338, 319.338, 319.338, 319.338, 319.338, 319.338, 319.338, 319.338, 319.338, 319.338, 319.338, 319.338, 319.338, 319.338, 319.338, 319.338, 319.337, 300, 
319.363, 319.363, 319.363, 319.363, 319.363, 319.363, 319.363, 319.363, 319.363, 319.363, 319.363, 319.363, 319.363, 319.363, 319.363, 319.363, 319.363, 319.363, 319.363, 319.363, 319.363, 319.363, 319.363, 319.363, 319.363, 319.363, 319.363, 319.363, 319.363, 319.363, 319.363, 319.363, 319.363, 319.363, 319.363, 319.363, 319.363, 319.363, 319.363, 319.363, 319.363, 319.363, 319.363, 319.363, 319.363, 319.363, 319.363, 319.363, 319.363, 319.363, 319.363, 319.363, 319.363, 319.363, 319.363, 319.363, 319.363, 319.363, 319.363, 319.363, 319.363, 319.363, 319.363, 319.363, 319.363, 319.363, 319.363, 319.363, 319.363, 319.363, 319.363, 319.363, 319.363, 319.363, 319.363, 319.363, 319.363, 319.363, 319.363, 319.363, 319.363, 319.363, 319.363, 319.363, 319.363, 319.363, 319.363, 319.363, 319.363, 319.363, 319.363, 319.363, 319.363, 319.363, 319.363, 319.363, 319.363, 319.363, 319.363, 300, 
319.389, 319.389, 319.389, 319.389, 319.389, 319.389, 319.389, 319.389, 319.389, 319.389, 319.389, 319.389, 319.389, 319.389, 319.389, 319.389, 319.389, 319.389, 319.389, 319.389, 319.389, 319.389, 319.389, 319.389, 319.389, 319.389, 319.389, 319.389, 319.389, 319.389, 319.389, 319.389, 319.389, 319.389, 319.389, 319.389, 319.389, 319.389, 319.389, 319.389, 319.389, 319.389, 319.389, 319.389, 319.389, 319.389, 319.389, 319.389, 319.389, 319.389, 319.389, 319.389, 319.389, 319.389, 319.389, 319.389, 319.389, 319.389, 319.389, 319.389, 319.389, 319.389, 319.389, 319.389, 319.389, 319.389, 319.389, 319.389, 319.389, 319.389, 319.389, 319.389, 319.389, 319.389, 319.389, 319.389, 319.389, 319.389, 319.389, 319.389, 319.389, 319.389, 319.389, 319.389, 319.389, 319.389, 319.389, 319.389, 319.389, 319.389, 319.389, 319.389, 319.389, 319.389, 319.389, 319.389, 319.389, 319.389, 319.388, 300, 
319.414, 319.414, 319.414, 319.414, 319.414, 319.414, 319.414, 319.414, 319.414, 319.414, 319.414, 319.414, 319.414, 319.414, 319.414, 319.414, 319.414, 319.414, 319.414, 319.414, 319.414, 319.414, 319.414, 319.414, 319.414, 319.414, 319.414, 319.414, 319.414, 319.414, 319.414, 319.414, 319.414, 319.414, 319.414, 319.414, 319.414, 319.414, 319.414, 319.414, 319.414, 319.414, 319.414, 319.414, 319.414, 319.414, 319.414, 319.414, 319.414, 319.414, 319.414, 319.414, 319.414, 319.414, 319.414, 319.414, 319.414, 319.414, 319.414, 319.414, 319.414, 319.414, 319.414, 319.414, 319.414, 319.414, 319.414, 319.414, 319.414, 319.414, 319.414, 319.414, 319.414, 319.414, 319.414, 319.414, 319.414, 319.414, 319.414, 319.414, 319.414, 319.414, 319.414, 319.414, 319.414, 319.414, 319.414, 319.414, 319.414, 319.414, 319.414, 319.414, 319.414, 319.414, 319.414, 319.414, 319.414, 319.414, 319.414, 300, 
319.439, 319.439, 319.439, 319.439, 319.439, 319.439, 319.439, 319.439, 319.439, 319.439, 319.439, 319.439, 319.439, 319.439, 319.439, 319.439, 319.439, 319.439, 319.439, 319.439, 319.439, 319.439, 319.439, 319.439, 319.439, 319.439, 319.439, 319.439, 319.439, 319.439, 319.439, 319.439, 319.439, 319.439, 319.439, 319.439, 319.439, 319.439, 319.439, 319.439, 319.439, 319.439, 319.439, 319.439, 319.439, 319.439, 319.439, 319.439, 319.439, 319.439, 319.439, 319.439, 319.439, 319.439, 319.439, 319.439, 319.439, 319.439, 319.439, 319.439, 319.439, 319.439, 319.439, 319.439, 319.439, 319.439, 319.439, 319.439, 319.439, 319.439, 319.439, 319.439, 319.439, 319.439, 319.439, 319.439, 319.439, 319.439, 319.439, 319.439, 319.439, 319.439, 319.439, 319.439, 319.439, 319.439, 319.439, 319.439, 319.439, 319.44, 319.44, 319.44, 319.44, 319.44, 319.44, 319.44, 319.44, 319.44, 319.439, 300, 
319.465, 319.465, 319.465, 319.465, 319.465, 319.465, 319.465, 319.465, 319.465, 319.465, 319.465, 319.465, 319.465, 319.465, 319.465, 319.465, 319.465, 319.465, 319.465, 319.465, 319.465, 319.465, 319.465, 319.465, 319.465, 319.465, 319.465, 319.465, 319.465, 319.465, 319.465, 319.465, 319.465, 319.465, 319.465, 319.465, 319.465, 319.465, 319.465, 319.465, 319.465, 319.465, 319.465, 319.465, 319.465, 319.465, 319.465, 319.465, 319.465, 319.465, 319.465, 319.465, 319.465, 319.465, 319.465, 319.465, 319.465, 319.465, 319.465, 319.465, 319.465, 319.465, 319.465, 319.465, 319.465, 319.465, 319.465, 319.465, 319.465, 319.465, 319.465, 319.465, 319.465, 319.465, 319.465, 319.465, 319.465, 319.465, 319.465, 319.465, 319.465, 319.465, 319.465, 319.465, 319.465, 319.465, 319.465, 319.465, 319.465, 319.465, 319.465, 319.465, 319.465, 319.465, 319.465, 319.465, 319.465, 319.465, 319.464, 300, 
319.49, 319.49, 319.49, 319.49, 319.49, 319.49, 319.49, 319.49, 319.49, 319.49, 319.49, 319.49, 319.49, 319.49, 319.49, 319.49, 319.49, 319.49, 319.49, 319.49, 319.49, 319.49, 319.49, 319.49, 319.49, 319.49, 319.49, 319.49, 319.49, 319.49, 319.49, 319.49, 319.49, 319.49, 319.49, 319.49, 319.49, 319.49, 319.49, 319.49, 319.49, 319.49, 319.49, 319.49, 319.49, 319.49, 319.49, 319.49, 319.49, 319.49, 319.49, 319.49, 319.49, 319.49, 319.49, 319.49, 319.49, 319.49, 319.49, 319.49, 319.49, 319.49, 319.49, 319.49, 319.49, 319.49, 319.49, 319.49, 319.49, 319.49, 319.49, 319.49, 319.49, 319.49, 319.49, 319.49, 319.49, 319.49, 319.49, 319.49, 319.49, 319.49, 319.49, 319.49, 319.49, 319.49, 319.49, 319.49, 319.49, 319.49, 319.49, 319.49, 319.49, 319.49, 319.491, 319.491, 319.491, 319.491, 319.49, 300, 
319.516, 319.516, 319.516, 319.516, 319.516, 319.516, 319.516, 319.516, 319.516, 319.516, 319.516, 319.516, 319.516, 319.516, 319.516, 319.516, 319.516, 319.516, 319.516, 319.516, 319.516, 319.516, 319.516, 319.516, 319.516, 319.516, 319.516, 319.516, 319.516, 319.516, 319.516, 319.516, 319.516, 319.516, 319.516, 319.516, 319.516, 319.516, 319.516, 319.516, 319.516, 319.516, 319.516, 319.516, 319.516, 319.516, 319.516, 319.516, 319.516, 319.516, 319.516, 319.516, 319.516, 319.516, 319.516, 319.516, 319.516, 319.516, 319.516, 319.516, 319.516, 319.516, 319.516, 319.516, 319.516, 319.516, 319.516, 319.516, 319.516, 319.516, 319.516, 319.516, 319.516, 319.516, 319.516, 319.516, 319.516, 319.516, 319.516, 319.516, 319.516, 319.516, 319.516, 319.516, 319.516, 319.516, 319.516, 319.516, 319.516, 319.516, 319.516, 319.516, 319.516, 319.516, 319.516, 319.516, 319.516, 319.516, 319.515, 300, 
319.541, 319.541, 319.541, 319.541, 319.541, 319.541, 319.541, 319.541, 319.541, 319.541, 319.541, 319.541, 319.541, 319.541, 319.541, 319.541, 319.541, 319.541, 319.541, 319.541, 319.541, 319.541, 319.541, 319.541, 319.541, 319.541, 319.541, 319.541, 319.541, 319.541, 319.541, 319.541, 319.541, 319.541, 319.541, 319.541, 319.541, 319.541, 319.541, 319.541, 319.541, 319.541, 319.541, 319.541, 319.541, 319.541, 319.541, 319.541, 319.541, 319.541, 319.541, 319.541, 319.541, 319.541, 319.541, 319.541, 319.541, 319.541, 319.541, 319.541, 319.541, 319.541, 319.541, 319.541, 319.541, 319.541, 319.541, 319.541, 319.541, 319.541, 319.541, 319.541, 319.541, 319.541, 319.541, 319.541, 319.541, 319.541, 319.541, 319.541, 319.541, 319.541, 319.541, 319.541, 319.541, 319.541, 319.541, 319.541, 319.541, 319.541, 319.541, 319.541, 319.541, 319.541, 319.541, 319.541, 319.542, 319.542, 319.541, 300, 
319.567, 319.567, 319.567, 319.567, 319.567, 319.567, 319.567, 319.567, 319.567, 319.567, 319.567, 319.567, 319.567, 319.567, 319.567, 319.567, 319.567, 319.567, 319.567, 319.567, 319.567, 319.567, 319.567, 319.567, 319.567, 319.567, 319.567, 319.567, 319.567, 319.567, 319.567, 319.567, 319.567, 319.567, 319.567, 319.567, 319.567, 319.567, 319.567, 319.567, 319.567, 319.567, 319.567, 319.567, 319.567, 319.567, 319.567, 319.567, 319.567, 319.567, 319.567, 319.567, 319.567, 319.567, 319.567, 319.567, 319.567, 319.567, 319.567, 319.567, 319.567, 319.567, 319.567, 319.567, 319.567, 319.567, 319.567, 319.567, 319.567, 319.567, 319.567, 319.567, 319.567, 319.567, 319.567, 319.567, 319.567, 319.567, 319.567, 319.567, 319.567, 319.567, 319.567, 319.567, 319.567, 319.567, 319.567, 319.567, 319.567, 319.567, 319.567, 319.567, 319.567, 319.567, 319.567, 319.567, 319.567, 319.567, 319.566, 300, 
319.592, 319.592, 319.592, 319.592, 319.592, 319.592, 319.592, 319.592, 319.592, 319.592, 319.592, 319.592, 319.592, 319.592, 319.592, 319.592, 319.592, 319.592, 319.592, 319.592, 319.592, 319.592, 319.592, 319.592, 319.592, 319.592, 319.592, 319.592, 319.592, 319.592, 319.592, 319.592, 319.592, 319.592, 319.592, 319.592, 319.592, 319.592, 319.592, 319.592, 319.592, 319.592, 319.592, 319.592, 319.592, 319.592, 319.592, 319.592, 319.592, 319.592, 319.592, 319.592, 319.592, 319.592, 319.592, 319.592, 319.592, 319.592, 319.592, 319.592, 319.592, 319.592, 319.592, 319.592, 319.592, 319.592, 319.592, 319.592, 319.592, 319.592, 319.592, 319.592, 319.592, 319.592, 319.592, 319.592, 319.592, 319.592, 319.592, 319.592, 319.592, 319.592, 319.592, 319.592, 319.592, 319.592, 319.592, 319.592, 319.592, 319.592, 319.592, 319.592, 319.592, 319.592, 319.592, 319.592, 319.592, 319.592, 319.592, 300, 
319.618, 319.618, 319.618, 319.618, 319.618, 319.618, 319.618, 319.618, 319.618, 319.618, 319.618, 319.618, 319.618, 319.618, 319.618, 319.618, 319.618, 319.618, 319.618, 319.618, 319.618, 319.618, 319.618, 319.618, 319.618, 319.618, 319.618, 319.618, 319.618, 319.618, 319.618, 319.618, 319.618, 319.618, 319.618, 319.618, 319.618, 319.618, 319.618, 319.618, 319.618, 319.618, 319.618, 319.618, 319.618, 319.618, 319.618, 319.618, 319.618, 319.618, 319.618, 319.618, 319.618, 319.618, 319.618, 319.618, 319.618, 319.618, 319.618, 319.618, 319.618, 319.618, 319.618, 319.618, 319.618, 319.618, 319.618, 319.618, 319.618, 319.618, 319.618, 319.618, 319.618, 319.618, 319.618, 319.618, 319.618, 319.618, 319.618, 319.618, 319.618, 319.618, 319.618, 319.618, 319.618, 319.618, 319.618, 319.618, 319.618, 319.618, 319.618, 319.618, 319.618, 319.618, 319.618, 319.618, 319.618, 319.618, 319.617, 300, 
319.643, 319.643, 319.643, 319.643, 319.643, 319.643, 319.643, 319.643, 319.643, 319.643, 319.643, 319.643, 319.643, 319.643, 319.643, 319.643, 319.643, 319.643, 319.643, 319.643, 319.643, 319.643, 319.643, 319.643, 319.643, 319.643, 319.643, 319.643, 319.643, 319.643, 319.643, 319.643, 319.643, 319.643, 319.643, 319.643, 319.643, 319.643, 319.643, 319.643, 319.643, 319.643, 319.643, 319.643, 319.643, 319.643, 319.643, 319.643, 319.643, 319.643, 319.643, 319.643, 319.643, 319.643, 319.643, 319.643, 319.643, 319.643, 319.643, 319.643, 319.643, 319.643, 319.643, 319.643, 319.643, 319.643, 319.643, 319.643, 319.643, 319.643, 319.643, 319.643, 319.643, 319.643, 319.643, 319.643, 319.643, 319.643, 319.643, 319.643, 319.643, 319.643, 319.643, 319.643, 319.643, 319.643, 319.643, 319.643, 319.643, 319.643, 319.643, 319.643, 319.643, 319.643, 319.643, 319.643, 319.643, 319.643, 319.643, 300, 
319.669, 319.669, 319.669, 319.669, 319.669, 319.669, 319.669, 319.669, 319.669, 319.669, 319.669, 319.669, 319.669, 319.669, 319.669, 319.669, 319.669, 319.669, 319.669, 319.669, 319.669, 319.669, 319.669, 319.669, 319.669, 319.669, 319.669, 319.669, 319.669, 319.669, 319.669, 319.669, 319.669, 319.669, 319.669, 319.669, 319.669, 319.669, 319.669, 319.669, 319.669, 319.669, 319.669, 319.669, 319.669, 319.669, 319.669, 319.669, 319.669, 319.669, 319.669, 319.669, 319.669, 319.669, 319.669, 319.669, 319.669, 319.669, 319.669, 319.669, 319.669, 319.669, 319.669, 319.669, 319.669, 319.669, 319.669, 319.669, 319.669, 319.669, 319.669, 319.669, 319.669, 319.669, 319.669, 319.669, 319.669, 319.669, 319.669, 319.669, 319.669, 319.669, 319.669, 319.669, 319.669, 319.669, 319.669, 319.669, 319.669, 319.669, 319.669, 319.669, 319.669, 319.669, 319.669, 319.669, 319.669, 319.669, 319.668, 300, 
319.694, 319.694, 319.694, 319.694, 319.694, 319.694, 319.694, 319.694, 319.694, 319.694, 319.694, 319.694, 319.694, 319.694, 319.694, 319.694, 319.694, 319.694, 319.694, 319.694, 319.694, 319.694, 319.694, 319.694, 319.694, 319.694, 319.694, 319.694, 319.694, 319.694, 319.694, 319.694, 319.694, 319.694, 319.694, 319.694, 319.694, 319.694, 319.694, 319.694, 319.694, 319.694, 319.694, 319.694, 319.694, 319.694, 319.694, 319.694, 319.694, 319.694, 319.694, 319.694, 319.694, 319.694, 319.694, 319.694, 319.694, 319.694, 319.694, 319.694, 319.694, 319.694, 319.694, 319.694, 319.694, 319.694, 319.694, 319.694, 319.694, 319.694, 319.694, 319.694, 319.694, 319.694, 319.694, 319.694, 319.694, 319.694, 319.694, 319.694, 319.694, 319.694, 319.694, 319.694, 319.694, 319.694, 319.694, 319.694, 319.694, 319.694, 319.694, 319.694, 319.694, 319.694, 319.694, 319.694, 319.694, 319.694, 319.694, 300, 
319.72, 319.72, 319.72, 319.72, 319.72, 319.72, 319.72, 319.72, 319.72, 319.72, 319.72, 319.72, 319.72, 319.72, 319.72, 319.72, 319.72, 319.72, 319.72, 319.72, 319.72, 319.72, 319.72, 319.72, 319.72, 319.72, 319.72, 319.72, 319.72, 319.72, 319.72, 319.72, 319.72, 319.72, 319.72, 319.72, 319.72, 319.72, 319.72, 319.72, 319.72, 319.72, 319.72, 319.72, 319.72, 319.72, 319.72, 319.72, 319.72, 319.72, 319.72, 319.72, 319.72, 319.72, 319.72, 319.72, 319.72, 319.72, 319.72, 319.72, 319.72, 319.72, 319.72, 319.72, 319.72, 319.72, 319.72, 319.72, 319.72, 319.72, 319.72, 319.72, 319.72, 319.72, 319.72, 319.72, 319.72, 319.72, 319.72, 319.72, 319.72, 319.72, 319.72, 319.72, 319.72, 319.72, 319.72, 319.72, 319.72, 319.72, 319.72, 319.72, 319.72, 319.72, 319.72, 319.72, 319.72, 319.72, 319.719, 300, 
319.745, 319.745, 319.745, 319.745, 319.745, 319.745, 319.745, 319.745, 319.745, 319.745, 319.745, 319.745, 319.745, 319.745, 319.745, 319.745, 319.745, 319.745, 319.745, 319.745, 319.745, 319.745, 319.745, 319.745, 319.745, 319.745, 319.745, 319.745, 319.745, 319.745, 319.745, 319.745, 319.745, 319.745, 319.745, 319.745, 319.745, 319.745, 319.745, 319.745, 319.745, 319.745, 319.745, 319.745, 319.745, 319.745, 319.745, 319.745, 319.745, 319.745, 319.745, 319.745, 319.745, 319.745, 319.745, 319.745, 319.745, 319.745, 319.745, 319.745, 319.745, 319.745, 319.745, 319.745, 319.745, 319.745, 319.745, 319.745, 319.745, 319.745, 319.745, 319.745, 319.745, 319.745, 319.745, 319.745, 319.745, 319.745, 319.745, 319.745, 319.745, 319.745, 319.745, 319.745, 319.745, 319.745, 319.745, 319.745, 319.745, 319.745, 319.745, 319.745, 319.745, 319.745, 319.745, 319.745, 319.745, 319.745, 319.745, 300, 
319.771, 319.771, 319.771, 319.771, 319.771, 319.771, 319.771, 319.771, 319.771, 319.771, 319.771, 319.771, 319.771, 319.771, 319.771, 319.771, 319.771, 319.771, 319.771, 319.771, 319.771, 319.771, 319.771, 319.771, 319.771, 319.771, 319.771, 319.771, 319.771, 319.771, 319.771, 319.771, 319.771, 319.771, 319.771, 319.771, 319.771, 319.771, 319.771, 319.771, 319.771, 319.771, 319.771, 319.771, 319.771, 319.771, 319.771, 319.771, 319.771, 319.771, 319.771, 319.771, 319.771, 319.771, 319.771, 319.771, 319.771, 319.771, 319.771, 319.771, 319.771, 319.771, 319.771, 319.771, 319.771, 319.771, 319.771, 319.771, 319.771, 319.771, 319.771, 319.771, 319.771, 319.771, 319.771, 319.771, 319.771, 319.771, 319.771, 319.771, 319.771, 319.771, 319.771, 319.771, 319.771, 319.771, 319.771, 319.771, 319.771, 319.771, 319.771, 319.771, 319.771, 319.771, 319.771, 319.771, 319.771, 319.771, 319.77, 300, 
319.796, 319.796, 319.796, 319.796, 319.796, 319.796, 319.796, 319.796, 319.796, 319.796, 319.796, 319.796, 319.796, 319.796, 319.796, 319.796, 319.796, 319.796, 319.796, 319.796, 319.796, 319.796, 319.796, 319.796, 319.796, 319.796, 319.796, 319.796, 319.796, 319.796, 319.796, 319.796, 319.796, 319.796, 319.796, 319.796, 319.796, 319.796, 319.796, 319.796, 319.796, 319.796, 319.796, 319.796, 319.796, 319.796, 319.796, 319.796, 319.796, 319.796, 319.796, 319.796, 319.796, 319.796, 319.796, 319.796, 319.796, 319.796, 319.796, 319.796, 319.796, 319.796, 319.796, 319.796, 319.796, 319.796, 319.796, 319.796, 319.796, 319.796, 319.796, 319.796, 319.796, 319.796, 319.796, 319.796, 319.796, 319.796, 319.796, 319.796, 319.796, 319.796, 319.796, 319.796, 319.796, 319.796, 319.796, 319.796, 319.796, 319.796, 319.796, 319.796, 319.796, 319.796, 319.796, 319.796, 319.796, 319.796, 319.796, 300, 
319.822, 319.822, 319.822, 319.822, 319.822, 319.822, 319.822, 319.822, 319.822, 319.822, 319.822, 319.822, 319.822, 319.822, 319.822, 319.822, 319.822, 319.822, 319.822, 319.822, 319.822, 319.822, 319.822, 319.822, 319.822, 319.822, 319.822, 319.822, 319.822, 319.822, 319.822, 319.822, 319.822, 319.822, 319.822, 319.822, 319.822, 319.822, 319.822, 319.822, 319.822, 319.822, 319.822, 319.822, 319.822, 319.822, 319.822, 319.822, 319.822, 319.822, 319.822, 319.822, 319.822, 319.822, 319.822, 319.822, 319.822, 319.822, 319.822, 319.822, 319.822, 319.822, 319.822, 319.822, 319.822, 319.822, 319.822, 319.822, 319.822, 319.822, 319.822, 319.822, 319.822, 319.822, 319.822, 319.822, 319.822, 319.822, 319.822, 319.822, 319.822, 319.822, 319.822, 319.822, 319.822, 319.822, 319.822, 319.822, 319.822, 319.822, 319.822, 319.822, 319.822, 319.822, 319.822, 319.822, 319.822, 319.822, 319.821, 300, 
319.847, 319.847, 319.847, 319.847, 319.847, 319.847, 319.847, 319.847, 319.847, 319.847, 319.847, 319.847, 319.847, 319.847, 319.847, 319.847, 319.847, 319.847, 319.847, 319.847, 319.847, 319.847, 319.847, 319.847, 319.847, 319.847, 319.847, 319.847, 319.847, 319.847, 319.847, 319.847, 319.847, 319.847, 319.847, 319.847, 319.847, 319.847, 319.847, 319.847, 319.847, 319.847, 319.847, 319.847, 319.847, 319.847, 319.847, 319.847, 319.847, 319.847, 319.847, 319.847, 319.847, 319.847, 319.847, 319.847, 319.847, 319.847, 319.847, 319.847, 319.847, 319.847, 319.847, 319.847, 319.847, 319.847, 319.847, 319.847, 319.847, 319.847, 319.847, 319.847, 319.847, 319.847, 319.847, 319.847, 319.847, 319.847, 319.847, 319.847, 319.847, 319.847, 319.847, 319.847, 319.847, 319.847, 319.847, 319.847, 319.847, 319.847, 319.847, 319.847, 319.847, 319.847, 319.847, 319.847, 319.847, 319.847, 319.846, 300, 
319.873, 319.873, 319.873, 319.873, 319.873, 319.873, 319.873, 319.873, 319.873, 319.873, 319.873, 319.873, 319.873, 319.873, 319.873, 319.873, 319.873, 319.873, 319.873, 319.873, 319.873, 319.873, 319.873, 319.873, 319.873, 319.873, 319.873, 319.873, 319.873, 319.873, 319.873, 319.873, 319.873, 319.873, 319.873, 319.873, 319.873, 319.873, 319.873, 319.873, 319.873, 319.873, 319.873, 319.873, 319.873, 319.873, 319.873, 319.873, 319.873, 319.873, 319.873, 319.873, 319.873, 319.873, 319.873, 319.873, 319.873, 319.873, 319.873, 319.873, 319.873, 319.873, 319.873, 319.873, 319.873, 319.873, 319.873, 319.873, 319.873, 319.873, 319.873, 319.873, 319.873, 319.873, 319.873, 319.873, 319.873, 319.873, 319.873, 319.873, 319.873, 319.873, 319.873, 319.873, 319.873, 319.873, 319.873, 319.873, 319.873, 319.873, 319.873, 319.873, 319.873, 319.873, 319.873, 319.873, 319.873, 319.873, 319.872, 300, 
319.898, 319.898, 319.898, 319.898, 319.898, 319.898, 319.898, 319.898, 319.898, 319.898, 319.898, 319.898, 319.898, 319.898, 319.898, 319.898, 319.898, 319.898, 319.898, 319.898, 319.898, 319.898, 319.898, 319.898, 319.898, 319.898, 319.898, 319.898, 319.898, 319.898, 319.898, 319.898, 319.898, 319.898, 319.898, 319.898, 319.898, 319.898, 319.898, 319.898, 319.898, 319.898, 319.898, 319.898, 319.898, 319.898, 319.898, 319.898, 319.898, 319.898, 319.898, 319.898, 319.898, 319.898, 319.898, 319.898, 319.898, 319.898, 319.898, 319.898, 319.898, 319.898, 319.898, 319.898, 319.898, 319.898, 319.898, 319.898, 319.898, 319.898, 319.898, 319.898, 319.898, 319.898, 319.898, 319.898, 319.898, 319.898, 319.898, 319.898, 319.898, 319.898, 319.898, 319.898, 319.898, 319.898, 319.898, 319.898, 319.898, 319.898, 319.898, 319.898, 319.898, 319.898, 319.898, 319.898, 319.898, 319.898, 319.897, 300, 
319.924, 319.924, 319.924, 319.924, 319.924, 319.924, 319.924, 319.924, 319.924, 319.924, 319.924, 319.924, 319.924, 319.924, 319.924, 319.924, 319.924, 319.924, 319.924, 319.924, 319.924, 319.924, 319.924, 319.924, 319.924, 319.924, 319.924, 319.924, 319.924, 319.924, 319.924, 319.924, 319.924, 319.924, 319.924, 319.924, 319.924, 319.924, 319.924, 319.924, 319.924, 319.924, 319.924, 319.924, 319.924, 319.924, 319.924, 319.924, 319.924, 319.924, 319.924, 319.924, 319.924, 319.924, 319.924, 319.924, 319.924, 319.924, 319.924, 319.924, 319.924, 319.924, 319.924, 319.924, 319.924, 319.924, 319.924, 319.924, 319.924, 319.924, 319.924, 319.924, 319.924, 319.924, 319.924, 319.924, 319.924, 319.924, 319.924, 319.924, 319.924, 319.924, 319.924, 319.924, 319.924, 319.924, 319.924, 319.924, 319.924, 319.924, 319.924, 319.924, 319.924, 319.924, 319.924, 319.924, 319.924, 319.924, 319.923, 300, 
319.949, 319.949, 319.949, 319.949, 319.949, 319.949, 319.949, 319.949, 319.949, 319.949, 319.949, 319.949, 319.949, 319.949, 319.949, 319.949, 319.949, 319.949, 319.949, 319.949, 319.949, 319.949, 319.949, 319.949, 319.949, 319.949, 319.949, 319.949, 319.949, 319.949, 319.949, 319.949, 319.949, 319.949, 319.949, 319.949, 319.949, 319.949, 319.949, 319.949, 319.949, 319.949, 319.949, 319.949, 319.949, 319.949, 319.949, 319.949, 319.949, 319.949, 319.949, 319.949, 319.949, 319.949, 319.949, 319.949, 319.949, 319.949, 319.949, 319.949, 319.949, 319.949, 319.949, 319.949, 319.949, 319.949, 319.949, 319.949, 319.949, 319.949, 319.949, 319.949, 319.949, 319.949, 319.949, 319.949, 319.949, 319.949, 319.949, 319.949, 319.949, 319.949, 319.949, 319.949, 319.949, 319.949, 319.949, 319.949, 319.949, 319.949, 319.949, 319.949, 319.949, 319.949, 319.949, 319.949, 319.949, 319.949, 319.948, 300, 
319.975, 319.975, 319.975, 319.975, 319.975, 319.975, 319.975, 319.975, 319.975, 319.975, 319.975, 319.975, 319.975, 319.975, 319.975, 319.975, 319.975, 319.975, 319.975, 319.975, 319.975, 319.975, 319.975, 319.975, 319.975, 319.975, 319.975, 319.975, 319.975, 319.975, 319.975, 319.975, 319.975, 319.975, 319.975, 319.975, 319.975, 319.975, 319.975, 319.975, 319.975, 319.975, 319.975, 319.975, 319.975, 319.975, 319.975, 319.975, 319.975, 319.975, 319.975, 319.975, 319.975, 319.975, 319.975, 319.975, 319.975, 319.975, 319.975, 319.975, 319.975, 319.975, 319.975, 319.975, 319.975, 319.975, 319.975, 319.975, 319.975, 319.975, 319.975, 319.975, 319.975, 319.975, 319.975, 319.975, 319.975, 319.975, 319.975, 319.975, 319.975, 319.975, 319.975, 319.975, 319.975, 319.975, 319.975, 319.975, 319.975, 319.975, 319.975, 319.975, 319.975, 319.975, 319.975, 319.975, 319.975, 319.975, 319.974, 300, 
320, 320, 320, 320, 320, 320, 320, 320, 320, 320, 320, 320, 320, 320, 320, 320, 320, 320, 320, 320, 320, 320, 320, 320, 320, 320, 320, 320, 320, 320, 320, 320, 320, 320, 320, 320, 320, 320, 320, 320, 320, 320, 320, 320, 320, 320, 320, 320, 320, 320, 320, 320, 320, 320, 320, 320, 320, 320, 320, 320, 320, 320, 320, 320, 320, 320, 320, 320, 320, 320, 320, 320, 320, 320, 320, 320, 320, 320, 320, 320, 320, 320, 320, 320, 320, 320, 320, 320, 320, 320, 320, 320, 320, 320, 320, 320, 320, 320, 319.999, 300, 
320.025, 320.025, 320.025, 320.025, 320.025, 320.025, 320.025, 320.025, 320.025, 320.025, 320.025, 320.025, 320.025, 320.025, 320.025, 320.025, 320.025, 320.025, 320.025, 320.025, 320.025, 320.025, 320.025, 320.025, 320.025, 320.025, 320.025, 320.025, 320.025, 320.025, 320.025, 320.025, 320.025, 320.025, 320.025, 320.025, 320.025, 320.025, 320.025, 320.025, 320.025, 320.025, 320.025, 320.025, 320.025, 320.025, 320.025, 320.025, 320.025, 320.025, 320.025, 320.025, 320.025, 320.025, 320.025, 320.025, 320.025, 320.025, 320.025, 320.025, 320.025, 320.025, 320.025, 320.025, 320.025, 320.025, 320.025, 320.025, 320.025, 320.025, 320.025, 320.025, 320.025, 320.025, 320.025, 320.025, 320.025, 320.025, 320.025, 320.025, 320.025, 320.025, 320.025, 320.025, 320.025, 320.025, 320.025, 320.025, 320.025, 320.025, 320.025, 320.026, 320.026, 320.026, 320.026, 320.026, 320.026, 320.026, 320.025, 300, 
320.051, 320.051, 320.051, 320.051, 320.051, 320.051, 320.051, 320.051, 320.051, 320.051, 320.051, 320.051, 320.051, 320.051, 320.051, 320.051, 320.051, 320.051, 320.051, 320.051, 320.051, 320.051, 320.051, 320.051, 320.051, 320.051, 320.051, 320.051, 320.051, 320.051, 320.051, 320.051, 320.051, 320.051, 320.051, 320.051, 320.051, 320.051, 320.051, 320.051, 320.051, 320.051, 320.051, 320.051, 320.051, 320.051, 320.051, 320.051, 320.051, 320.051, 320.051, 320.051, 320.051, 320.051, 320.051, 320.051, 320.051, 320.051, 320.051, 320.051, 320.051, 320.051, 320.051, 320.051, 320.051, 320.051, 320.051, 320.051, 320.051, 320.051, 320.051, 320.051, 320.051, 320.051, 320.051, 320.051, 320.051, 320.051, 320.051, 320.051, 320.051, 320.051, 320.051, 320.051, 320.051, 320.051, 320.051, 320.051, 320.051, 320.051, 320.051, 320.051, 320.051, 320.051, 320.051, 320.051, 320.051, 320.051, 320.05, 300, 
320.076, 320.076, 320.076, 320.076, 320.076, 320.076, 320.076, 320.076, 320.076, 320.076, 320.076, 320.076, 320.076, 320.076, 320.076, 320.076, 320.076, 320.076, 320.076, 320.076, 320.076, 320.076, 320.076, 320.076, 320.076, 320.076, 320.076, 320.076, 320.076, 320.076, 320.076, 320.076, 320.076, 320.076, 320.076, 320.076, 320.076, 320.076, 320.076, 320.076, 320.076, 320.076, 320.076, 320.076, 320.076, 320.076, 320.076, 320.076, 320.076, 320.076, 320.076, 320.076, 320.076, 320.076, 320.076, 320.076, 320.076, 320.076, 320.076, 320.076, 320.076, 320.076, 320.076, 320.076, 320.076, 320.076, 320.076, 320.076, 320.076, 320.076, 320.076, 320.076, 320.076, 320.076, 320.076, 320.076, 320.076, 320.076, 320.076, 320.076, 320.076, 320.076, 320.076, 320.076, 320.076, 320.076, 320.076, 320.076, 320.076, 320.076, 320.076, 320.076, 320.076, 320.076, 320.076, 320.076, 320.077, 320.077, 320.076, 300, 
320.102, 320.102, 320.102, 320.102, 320.102, 320.102, 320.102, 320.102, 320.102, 320.102, 320.102, 320.102, 320.102, 320.102, 320.102, 320.102, 320.102, 320.102, 320.102, 320.102, 320.102, 320.102, 320.102, 320.102, 320.102, 320.102, 320.102, 320.102, 320.102, 320.102, 320.102, 320.102, 320.102, 320.102, 320.102, 320.102, 320.102, 320.102, 320.102, 320.102, 320.102, 320.102, 320.102, 320.102, 320.102, 320.102, 320.102, 320.102, 320.102, 320.102, 320.102, 320.102, 320.102, 320.102, 320.102, 320.102, 320.102, 320.102, 320.102, 320.102, 320.102, 320.102, 320.102, 320.102, 320.102, 320.102, 320.102, 320.102, 320.102, 320.102, 320.102, 320.102, 320.102, 320.102, 320.102, 320.102, 320.102, 320.102, 320.102, 320.102, 320.102, 320.102, 320.102, 320.102, 320.102, 320.102, 320.102, 320.102, 320.102, 320.102, 320.102, 320.102, 320.102, 320.102, 320.102, 320.102, 320.102, 320.102, 320.101, 300, 
320.127, 320.127, 320.127, 320.127, 320.127, 320.127, 320.127, 320.127, 320.127, 320.127, 320.127, 320.127, 320.127, 320.127, 320.127, 320.127, 320.127, 320.127, 320.127, 320.127, 320.127, 320.127, 320.127, 320.127, 320.127, 320.127, 320.127, 320.127, 320.127, 320.127, 320.127, 320.127, 320.127, 320.127, 320.127, 320.127, 320.127, 320.127, 320.127, 320.127, 320.127, 320.127, 320.127, 320.127, 320.127, 320.127, 320.127, 320.127, 320.127, 320.127, 320.127, 320.127, 320.127, 320.127, 320.127, 320.127, 320.127, 320.127, 320.127, 320.127, 320.127, 320.127, 320.127, 320.127, 320.127, 320.127, 320.127, 320.127, 320.127, 320.127, 320.127, 320.127, 320.127, 320.127, 320.127, 320.127, 320.127, 320.127, 320.127, 320.127, 320.127, 320.127, 320.127, 320.127, 320.127, 320.127, 320.127, 320.127, 320.127, 320.127, 320.127, 320.127, 320.127, 320.127, 320.127, 320.127, 320.127, 320.128, 320.127, 300, 
320.153, 320.153, 320.153, 320.153, 320.153, 320.153, 320.153, 320.153, 320.153, 320.153, 320.153, 320.153, 320.153, 320.153, 320.153, 320.153, 320.153, 320.153, 320.153, 320.153, 320.153, 320.153, 320.153, 320.153, 320.153, 320.153, 320.153, 320.153, 320.153, 320.153, 320.153, 320.153, 320.153, 320.153, 320.153, 320.153, 320.153, 320.153, 320.153, 320.153, 320.153, 320.153, 320.153, 320.153, 320.153, 320.153, 320.153, 320.153, 320.153, 320.153, 320.153, 320.153, 320.153, 320.153, 320.153, 320.153, 320.153, 320.153, 320.153, 320.153, 320.153, 320.153, 320.153, 320.153, 320.153, 320.153, 320.153, 320.153, 320.153, 320.153, 320.153, 320.153, 320.153, 320.153, 320.153, 320.153, 320.153, 320.153, 320.153, 320.153, 320.153, 320.153, 320.153, 320.153, 320.153, 320.153, 320.153, 320.153, 320.153, 320.153, 320.153, 320.153, 320.153, 320.153, 320.153, 320.153, 320.153, 320.153, 320.152, 300, 
320.178, 320.178, 320.178, 320.178, 320.178, 320.178, 320.178, 320.178, 320.178, 320.178, 320.178, 320.178, 320.178, 320.178, 320.178, 320.178, 320.178, 320.178, 320.178, 320.178, 320.178, 320.178, 320.178, 320.178, 320.178, 320.178, 320.178, 320.178, 320.178, 320.178, 320.178, 320.178, 320.178, 320.178, 320.178, 320.178, 320.178, 320.178, 320.178, 320.178, 320.178, 320.178, 320.178, 320.178, 320.178, 320.178, 320.178, 320.178, 320.178, 320.178, 320.178, 320.178, 320.178, 320.178, 320.178, 320.178, 320.178, 320.178, 320.178, 320.178, 320.178, 320.178, 320.178, 320.178, 320.178, 320.178, 320.178, 320.178, 320.178, 320.178, 320.178, 320.178, 320.178, 320.178, 320.178, 320.178, 320.178, 320.178, 320.178, 320.178, 320.178, 320.178, 320.178, 320.178, 320.178, 320.178, 320.178, 320.178, 320.178, 320.178, 320.178, 320.178, 320.178, 320.178, 320.178, 320.178, 320.178, 320.178, 320.178, 300, 
320.204, 320.204, 320.204, 320.204, 320.204, 320.204, 320.204, 320.204, 320.204, 320.204, 320.204, 320.204, 320.204, 320.204, 320.204, 320.204, 320.204, 320.204, 320.204, 320.204, 320.204, 320.204, 320.204, 320.204, 320.204, 320.204, 320.204, 320.204, 320.204, 320.204, 320.204, 320.204, 320.204, 320.204, 320.204, 320.204, 320.204, 320.204, 320.204, 320.204, 320.204, 320.204, 320.204, 320.204, 320.204, 320.204, 320.204, 320.204, 320.204, 320.204, 320.204, 320.204, 320.204, 320.204, 320.204, 320.204, 320.204, 320.204, 320.204, 320.204, 320.204, 320.204, 320.204, 320.204, 320.204, 320.204, 320.204, 320.204, 320.204, 320.204, 320.204, 320.204, 320.204, 320.204, 320.204, 320.204, 320.204, 320.204, 320.204, 320.204, 320.204, 320.204, 320.204, 320.204, 320.204, 320.204, 320.204, 320.204, 320.204, 320.204, 320.204, 320.204, 320.204, 320.204, 320.204, 320.204, 320.204, 320.204, 320.203, 300, 
320.229, 320.229, 320.229, 320.229, 320.229, 320.229, 320.229, 320.229, 320.229, 320.229, 320.229, 320.229, 320.229, 320.229, 320.229, 320.229, 320.229, 320.229, 320.229, 320.229, 320.229, 320.229, 320.229, 320.229, 320.229, 320.229, 320.229, 320.229, 320.229, 320.229, 320.229, 320.229, 320.229, 320.229, 320.229, 320.229, 320.229, 320.229, 320.229, 320.229, 320.229, 320.229, 320.229, 320.229, 320.229, 320.229, 320.229, 320.229, 320.229, 320.229, 320.229, 320.229, 320.229, 320.229, 320.229, 320.229, 320.229, 320.229, 320.229, 320.229, 320.229, 320.229, 320.229, 320.229, 320.229, 320.229, 320.229, 320.229, 320.229, 320.229, 320.229, 320.229, 320.229, 320.229, 320.229, 320.229, 320.229, 320.229, 320.229, 320.229, 320.229, 320.229, 320.229, 320.229, 320.229, 320.229, 320.229, 320.229, 320.229, 320.229, 320.229, 320.229, 320.229, 320.229, 320.229, 320.229, 320.229, 320.229, 320.229, 300, 
320.255, 320.255, 320.255, 320.255, 320.255, 320.255, 320.255, 320.255, 320.255, 320.255, 320.255, 320.255, 320.255, 320.255, 320.255, 320.255, 320.255, 320.255, 320.255, 320.255, 320.255, 320.255, 320.255, 320.255, 320.255, 320.255, 320.255, 320.255, 320.255, 320.255, 320.255, 320.255, 320.255, 320.255, 320.255, 320.255, 320.255, 320.255, 320.255, 320.255, 320.255, 320.255, 320.255, 320.255, 320.255, 320.255, 320.255, 320.255, 320.255, 320.255, 320.255, 320.255, 320.255, 320.255, 320.255, 320.255, 320.255, 320.255, 320.255, 320.255, 320.255, 320.255, 320.255, 320.255, 320.255, 320.255, 320.255, 320.255, 320.255, 320.255, 320.255, 320.255, 320.255, 320.255, 320.255, 320.255, 320.255, 320.255, 320.255, 320.255, 320.255, 320.255, 320.255, 320.255, 320.255, 320.255, 320.255, 320.255, 320.255, 320.255, 320.255, 320.255, 320.255, 320.255, 320.255, 320.255, 320.255, 320.255, 320.254, 300, 
320.28, 320.28, 320.28, 320.28, 320.28, 320.28, 320.28, 320.28, 320.28, 320.28, 320.28, 320.28, 320.28, 320.28, 320.28, 320.28, 320.28, 320.28, 320.28, 320.28, 320.28, 320.28, 320.28, 320.28, 320.28, 320.28, 320.28, 320.28, 320.28, 320.28, 320.28, 320.28, 320.28, 320.28, 320.28, 320.28, 320.28, 320.28, 320.28, 320.28, 320.28, 320.28, 320.28, 320.28, 320.28, 320.28, 320.28, 320.28, 320.28, 320.28, 320.28, 320.28, 320.28, 320.28, 320.28, 320.28, 320.28, 320.28, 320.28, 320.28, 320.28, 320.28, 320.28, 320.28, 320.28, 320.28, 320.28, 320.28, 320.28, 320.28, 320.28, 320.28, 320.28, 320.28, 320.28, 320.28, 320.28, 320.28, 320.28, 320.28, 320.28, 320.28, 320.28, 320.28, 320.28, 320.28, 320.28, 320.28, 320.28, 320.28, 320.28, 320.28, 320.28, 320.28, 320.28, 320.28, 320.28, 320.28, 320.279, 300, 
320.306, 320.306, 320.306, 320.306, 320.306, 320.306, 320.306, 320.306, 320.306, 320.306, 320.306, 320.306, 320.306, 320.306, 320.306, 320.306, 320.306, 320.306, 320.306, 320.306, 320.306, 320.306, 320.306, 320.306, 320.306, 320.306, 320.306, 320.306, 320.306, 320.306, 320.306, 320.306, 320.306, 320.306, 320.306, 320.306, 320.306, 320.306, 320.306, 320.306, 320.306, 320.306, 320.306, 320.306, 320.306, 320.306, 320.306, 320.306, 320.306, 320.306, 320.306, 320.306, 320.306, 320.306, 320.306, 320.306, 320.306, 320.306, 320.306, 320.306, 320.306, 320.306, 320.306, 320.306, 320.306, 320.306, 320.306, 320.306, 320.306, 320.306, 320.306, 320.306, 320.306, 320.306, 320.306, 320.306, 320.306, 320.306, 320.306, 320.306, 320.306, 320.306, 320.306, 320.306, 320.306, 320.306, 320.306, 320.306, 320.306, 320.306, 320.306, 320.306, 320.306, 320.306, 320.306, 320.306, 320.306, 320.306, 320.305, 300, 
320.331, 320.331, 320.331, 320.331, 320.331, 320.331, 320.331, 320.331, 320.331, 320.331, 320.331, 320.331, 320.331, 320.331, 320.331, 320.331, 320.331, 320.331, 320.331, 320.331, 320.331, 320.331, 320.331, 320.331, 320.331, 320.331, 320.331, 320.331, 320.331, 320.331, 320.331, 320.331, 320.331, 320.331, 320.331, 320.331, 320.331, 320.331, 320.331, 320.331, 320.331, 320.331, 320.331, 320.331, 320.331, 320.331, 320.331, 320.331, 320.331, 320.331, 320.331, 320.331, 320.331, 320.331, 320.331, 320.331, 320.331, 320.331, 320.331, 320.331, 320.331, 320.331, 320.331, 320.331, 320.331, 320.331, 320.331, 320.331, 320.331, 320.331, 320.331, 320.331, 320.331, 320.331, 320.331, 320.331, 320.331, 320.331, 320.331, 320.331, 320.331, 320.331, 320.331, 320.331, 320.331, 320.331, 320.331, 320.331, 320.331, 320.331, 320.331, 320.331, 320.331, 320.331, 320.331, 320.331, 320.331, 320.331, 320.33, 300, 
320.357, 320.357, 320.357, 320.357, 320.357, 320.357, 320.357, 320.357, 320.357, 320.357, 320.357, 320.357, 320.357, 320.357, 320.357, 320.357, 320.357, 320.357, 320.357, 320.357, 320.357, 320.357, 320.357, 320.357, 320.357, 320.357, 320.357, 320.357, 320.357, 320.357, 320.357, 320.357, 320.357, 320.357, 320.357, 320.357, 320.357, 320.357, 320.357, 320.357, 320.357, 320.357, 320.357, 320.357, 320.357, 320.357, 320.357, 320.357, 320.357, 320.357, 320.357, 320.357, 320.357, 320.357, 320.357, 320.357, 320.357, 320.357, 320.357, 320.357, 320.357, 320.357, 320.357, 320.357, 320.357, 320.357, 320.357, 320.357, 320.357, 320.357, 320.357, 320.357, 320.357, 320.357, 320.357, 320.357, 320.357, 320.357, 320.357, 320.357, 320.357, 320.357, 320.357, 320.357, 320.357, 320.357, 320.357, 320.357, 320.357, 320.357, 320.357, 320.357, 320.357, 320.357, 320.357, 320.357, 320.357, 320.357, 320.356, 300, 
320.382, 320.382, 320.382, 320.382, 320.382, 320.382, 320.382, 320.382, 320.382, 320.382, 320.382, 320.382, 320.382, 320.382, 320.382, 320.382, 320.382, 320.382, 320.382, 320.382, 320.382, 320.382, 320.382, 320.382, 320.382, 320.382, 320.382, 320.382, 320.382, 320.382, 320.382, 320.382, 320.382, 320.382, 320.382, 320.382, 320.382, 320.382, 320.382, 320.382, 320.382, 320.382, 320.382, 320.382, 320.382, 320.382, 320.382, 320.382, 320.382, 320.382, 320.382, 320.382, 320.382, 320.382, 320.382, 320.382, 320.382, 320.382, 320.382, 320.382, 320.382, 320.382, 320.382, 320.382, 320.382, 320.382, 320.382, 320.382, 320.382, 320.382, 320.382, 320.382, 320.382, 320.382, 320.382, 320.382, 320.382, 320.382, 320.382, 320.382, 320.382, 320.382, 320.382, 320.382, 320.382, 320.382, 320.382, 320.382, 320.382, 320.382, 320.382, 320.382, 320.382, 320.382, 320.382, 320.382, 320.382, 320.382, 320.381, 300, 
320.408, 320.408, 320.408, 320.408, 320.408, 320.408, 320.408, 320.408, 320.408, 320.408, 320.408, 320.408, 320.408, 320.408, 320.408, 320.408, 320.408, 320.408, 320.408, 320.408, 320.408, 320.408, 320.408, 320.408, 320.408, 320.408, 320.408, 320.408, 320.408, 320.408, 320.408, 320.408, 320.408, 320.408, 320.408, 320.408, 320.408, 320.408, 320.408, 320.408, 320.408, 320.408, 320.408, 320.408, 320.408, 320.408, 320.408, 320.408, 320.408, 320.408, 320.408, 320.408, 320.408, 320.408, 320.408, 320.408, 320.408, 320.408, 320.408, 320.408, 320.408, 320.408, 320.408, 320.408, 320.408, 320.408, 320.408, 320.408, 320.408, 320.408, 320.408, 320.408, 320.408, 320.408, 320.408, 320.408, 320.408, 320.408, 320.408, 320.408, 320.408, 320.408, 320.408, 320.408, 320.408, 320.408, 320.408, 320.408, 320.408, 320.408, 320.408, 320.408, 320.408, 320.408, 320.408, 320.408, 320.408, 320.408, 320.407, 300, 
320.433, 320.433, 320.433, 320.433, 320.433, 320.433, 320.433, 320.433, 320.433, 320.433, 320.433, 320.433, 320.433, 320.433, 320.433, 320.433, 320.433, 320.433, 320.433, 320.433, 320.433, 320.433, 320.433, 320.433, 320.433, 320.433, 320.433, 320.433, 320.433, 320.433, 320.433, 320.433, 320.433, 320.433, 320.433, 320.433, 320.433, 320.433, 320.433, 320.433, 320.433, 320.433, 320.433, 320.433, 320.433, 320.433, 320.433, 320.433, 320.433, 320.433, 320.433, 320.433, 320.433, 320.433, 320.433, 320.433, 320.433, 320.433, 320.433, 320.433, 320.433, 320.433, 320.433, 320.433, 320.433, 320.433, 320.433, 320.433, 320.433, 320.433, 320.433, 320.433, 320.433, 320.433, 320.433, 320.433, 320.433, 320.433, 320.433, 320.433, 320.433, 320.433, 320.433, 320.433, 320.433, 320.433, 320.433, 320.433, 320.433, 320.433, 320.433, 320.433, 320.433, 320.433, 320.433, 320.433, 320.433, 320.433, 320.432, 300, 
320.459, 320.459, 320.459, 320.459, 320.459, 320.459, 320.459, 320.459, 320.459, 320.459, 320.459, 320.459, 320.459, 320.459, 320.459, 320.459, 320.459, 320.459, 320.459, 320.459, 320.459, 320.459, 320.459, 320.459, 320.459, 320.459, 320.459, 320.459, 320.459, 320.459, 320.459, 320.459, 320.459, 320.459, 320.459, 320.459, 320.459, 320.459, 320.459, 320.459, 320.459, 320.459, 320.459, 320.459, 320.459, 320.459, 320.459, 320.459, 320.459, 320.459, 320.459, 320.459, 320.459, 320.459, 320.459, 320.459, 320.459, 320.459, 320.459, 320.459, 320.459, 320.459, 320.459, 320.459, 320.459, 320.459, 320.459, 320.459, 320.459, 320.459, 320.459, 320.459, 320.459, 320.459, 320.459, 320.459, 320.459, 320.459, 320.459, 320.459, 320.459, 320.459, 320.459, 320.459, 320.459, 320.459, 320.459, 320.459, 320.459, 320.459, 320.459, 320.459, 320.459, 320.459, 320.459, 320.459, 320.459, 320.459, 320.458, 300, 
320.484, 320.484, 320.484, 320.484, 320.484, 320.484, 320.484, 320.484, 320.484, 320.484, 320.484, 320.484, 320.484, 320.484, 320.484, 320.484, 320.484, 320.484, 320.484, 320.484, 320.484, 320.484, 320.484, 320.484, 320.484, 320.484, 320.484, 320.484, 320.484, 320.484, 320.484, 320.484, 320.484, 320.484, 320.484, 320.484, 320.484, 320.484, 320.484, 320.484, 320.484, 320.484, 320.484, 320.484, 320.484, 320.484, 320.484, 320.484, 320.484, 320.484, 320.484, 320.484, 320.484, 320.484, 320.484, 320.484, 320.484, 320.484, 320.484, 320.484, 320.484, 320.484, 320.484, 320.484, 320.484, 320.484, 320.484, 320.484, 320.484, 320.484, 320.484, 320.484, 320.484, 320.484, 320.484, 320.484, 320.484, 320.484, 320.484, 320.484, 320.484, 320.484, 320.484, 320.484, 320.484, 320.484, 320.484, 320.484, 320.484, 320.484, 320.484, 320.484, 320.484, 320.484, 320.484, 320.484, 320.484, 320.484, 320.483, 300, 
320.51, 320.51, 320.51, 320.51, 320.51, 320.51, 320.51, 320.51, 320.51, 320.51, 320.51, 320.51, 320.51, 320.51, 320.51, 320.51, 320.51, 320.51, 320.51, 320.51, 320.51, 320.51, 320.51, 320.51, 320.51, 320.51, 320.51, 320.51, 320.51, 320.51, 320.51, 320.51, 320.51, 320.51, 320.51, 320.51, 320.51, 320.51, 320.51, 320.51, 320.51, 320.51, 320.51, 320.51, 320.51, 320.51, 320.51, 320.51, 320.51, 320.51, 320.51, 320.51, 320.51, 320.51, 320.51, 320.51, 320.51, 320.51, 320.51, 320.51, 320.51, 320.51, 320.51, 320.51, 320.51, 320.51, 320.51, 320.51, 320.51, 320.51, 320.51, 320.51, 320.51, 320.51, 320.51, 320.51, 320.51, 320.51, 320.51, 320.51, 320.51, 320.51, 320.51, 320.51, 320.51, 320.51, 320.51, 320.51, 320.51, 320.51, 320.51, 320.51, 320.51, 320.51, 320.51, 320.51, 320.51, 320.51, 320.509, 300, 
320.535, 320.535, 320.535, 320.535, 320.535, 320.535, 320.535, 320.535, 320.535, 320.535, 320.535, 320.535, 320.535, 320.535, 320.535, 320.535, 320.535, 320.535, 320.535, 320.535, 320.535, 320.535, 320.535, 320.535, 320.535, 320.535, 320.535, 320.535, 320.535, 320.535, 320.535, 320.535, 320.535, 320.535, 320.535, 320.535, 320.535, 320.535, 320.535, 320.535, 320.535, 320.535, 320.535, 320.535, 320.535, 320.535, 320.535, 320.535, 320.535, 320.535, 320.535, 320.535, 320.535, 320.535, 320.535, 320.535, 320.535, 320.535, 320.535, 320.535, 320.535, 320.535, 320.535, 320.535, 320.535, 320.535, 320.535, 320.535, 320.535, 320.535, 320.535, 320.535, 320.535, 320.535, 320.535, 320.535, 320.535, 320.535, 320.535, 320.535, 320.535, 320.535, 320.535, 320.535, 320.535, 320.535, 320.535, 320.535, 320.535, 320.535, 320.535, 320.535, 320.535, 320.535, 320.535, 320.535, 320.535, 320.535, 320.534, 300, 
320.561, 320.561, 320.561, 320.561, 320.561, 320.561, 320.561, 320.561, 320.561, 320.561, 320.561, 320.561, 320.561, 320.561, 320.561, 320.561, 320.561, 320.561, 320.561, 320.561, 320.561, 320.561, 320.561, 320.561, 320.561, 320.561, 320.561, 320.561, 320.561, 320.561, 320.561, 320.561, 320.561, 320.561, 320.561, 320.561, 320.561, 320.561, 320.561, 320.561, 320.561, 320.561, 320.561, 320.561, 320.561, 320.561, 320.561, 320.561, 320.561, 320.561, 320.561, 320.561, 320.561, 320.561, 320.561, 320.561, 320.561, 320.561, 320.561, 320.561, 320.561, 320.561, 320.561, 320.561, 320.561, 320.561, 320.561, 320.561, 320.561, 320.561, 320.561, 320.561, 320.561, 320.561, 320.56, 320.56, 320.56, 320.56, 320.56, 320.56, 320.561, 320.561, 320.561, 320.561, 320.561, 320.561, 320.561, 320.561, 320.561, 320.561, 320.561, 320.561, 320.561, 320.561, 320.561, 320.561, 320.561, 320.561, 320.56, 300, 
320.586, 320.586, 320.586, 320.586, 320.586, 320.586, 320.586, 320.586, 320.586, 320.586, 320.586, 320.586, 320.586, 320.586, 320.586, 320.586, 320.586, 320.586, 320.586, 320.586, 320.586, 320.586, 320.586, 320.586, 320.586, 320.586, 320.586, 320.586, 320.586, 320.586, 320.586, 320.586, 320.586, 320.586, 320.586, 320.586, 320.586, 320.586, 320.586, 320.586, 320.586, 320.586, 320.586, 320.586, 320.586, 320.586, 320.586, 320.586, 320.586, 320.586, 320.586, 320.586, 320.586, 320.586, 320.586, 320.586, 320.586, 320.586, 320.586, 320.586, 320.586, 320.586, 320.586, 320.586, 320.586, 320.586, 320.586, 320.586, 320.586, 320.586, 320.586, 320.586, 320.586, 320.586, 320.586, 320.586, 320.586, 320.586, 320.586, 320.586, 320.586, 320.586, 320.586, 320.586, 320.586, 320.586, 320.586, 320.586, 320.586, 320.586, 320.586, 320.586, 320.586, 320.586, 320.586, 320.586, 320.586, 320.586, 320.585, 300, 
320.611, 320.611, 320.611, 320.611, 320.611, 320.611, 320.611, 320.611, 320.611, 320.611, 320.611, 320.611, 320.611, 320.611, 320.611, 320.611, 320.611, 320.611, 320.611, 320.611, 320.611, 320.611, 320.611, 320.611, 320.611, 320.611, 320.611, 320.611, 320.611, 320.611, 320.611, 320.611, 320.611, 320.611, 320.611, 320.611, 320.611, 320.611, 320.611, 320.611, 320.611, 320.611, 320.611, 320.611, 320.611, 320.611, 320.611, 320.611, 320.611, 320.611, 320.611, 320.611, 320.611, 320.611, 320.611, 320.611, 320.611, 320.611, 320.611, 320.611, 320.611, 320.611, 320.611, 320.611, 320.611, 320.611, 320.611, 320.611, 320.611, 320.611, 320.611, 320.611, 320.611, 320.611, 320.611, 320.611, 320.611, 320.611, 320.611, 320.611, 320.611, 320.611, 320.611, 320.611, 320.611, 320.611, 320.611, 320.611, 320.611, 320.611, 320.611, 320.611, 320.611, 320.611, 320.612, 320.612, 320.612, 320.612, 320.61, 300, 
320.637, 320.637, 320.637, 320.637, 320.637, 320.637, 320.637, 320.637, 320.637, 320.637, 320.637, 320.637, 320.637, 320.637, 320.637, 320.637, 320.637, 320.637, 320.637, 320.637, 320.637, 320.637, 320.637, 320.637, 320.637, 320.637, 320.637, 320.637, 320.637, 320.637, 320.637, 320.637, 320.637, 320.637, 320.637, 320.637, 320.637, 320.637, 320.637, 320.637, 320.637, 320.637, 320.637, 320.637, 320.637, 320.637, 320.637, 320.637, 320.637, 320.637, 320.637, 320.637, 320.637, 320.637, 320.637, 320.637, 320.637, 320.637, 320.637, 320.637, 320.637, 320.637, 320.637, 320.637, 320.637, 320.637, 320.637, 320.637, 320.637, 320.637, 320.637, 320.637, 320.637, 320.637, 320.637, 320.637, 320.637, 320.637, 320.637, 320.637, 320.637, 320.637, 320.637, 320.637, 320.637, 320.637, 320.637, 320.637, 320.637, 320.637, 320.637, 320.637, 320.637, 320.637, 320.637, 320.637, 320.637, 320.637, 320.636, 300, 
320.662, 320.662, 320.662, 320.662, 320.662, 320.662, 320.662, 320.662, 320.662, 320.662, 320.662, 320.662, 320.662, 320.662, 320.662, 320.662, 320.662, 320.662, 320.662, 320.662, 320.662, 320.662, 320.662, 320.662, 320.662, 320.662, 320.662, 320.662, 320.662, 320.662, 320.662, 320.662, 320.662, 320.662, 320.662, 320.662, 320.662, 320.662, 320.662, 320.662, 320.662, 320.662, 320.662, 320.662, 320.662, 320.662, 320.662, 320.662, 320.662, 320.662, 320.662, 320.662, 320.662, 320.662, 320.662, 320.662, 320.662, 320.662, 320.662, 320.662, 320.662, 320.662, 320.662, 320.662, 320.662, 320.662, 320.662, 320.662, 320.662, 320.662, 320.662, 320.662, 320.662, 320.662, 320.662, 320.662, 320.662, 320.662, 320.662, 320.662, 320.662, 320.662, 320.662, 320.662, 320.662, 320.662, 320.662, 320.662, 320.662, 320.662, 320.662, 320.662, 320.662, 320.662, 320.662, 320.662, 320.662, 320.663, 320.661, 300, 
320.688, 320.688, 320.688, 320.688, 320.688, 320.688, 320.688, 320.688, 320.688, 320.688, 320.688, 320.688, 320.688, 320.688, 320.688, 320.688, 320.688, 320.688, 320.688, 320.688, 320.688, 320.688, 320.688, 320.688, 320.688, 320.688, 320.688, 320.688, 320.688, 320.688, 320.688, 320.688, 320.688, 320.688, 320.688, 320.688, 320.688, 320.688, 320.688, 320.688, 320.688, 320.688, 320.688, 320.688, 320.688, 320.688, 320.688, 320.688, 320.688, 320.688, 320.688, 320.688, 320.688, 320.688, 320.688, 320.688, 320.688, 320.688, 320.688, 320.688, 320.688, 320.688, 320.688, 320.688, 320.688, 320.688, 320.688, 320.688, 320.688, 320.688, 320.688, 320.688, 320.688, 320.688, 320.688, 320.688, 320.688, 320.688, 320.688, 320.688, 320.688, 320.688, 320.688, 320.688, 320.688, 320.688, 320.688, 320.688, 320.688, 320.688, 320.688, 320.688, 320.688, 320.688, 320.688, 320.688, 320.688, 320.688, 320.687, 300, 
320.713, 320.713, 320.713, 320.713, 320.713, 320.713, 320.713, 320.713, 320.713, 320.713, 320.713, 320.713, 320.713, 320.713, 320.713, 320.713, 320.713, 320.713, 320.713, 320.713, 320.713, 320.713, 320.713, 320.713, 320.713, 320.713, 320.713, 320.713, 320.713, 320.713, 320.713, 320.713, 320.713, 320.713, 320.713, 320.713, 320.713, 320.713, 320.713, 320.713, 320.713, 320.713, 320.713, 320.713, 320.713, 320.713, 320.713, 320.713, 320.713, 320.713, 320.713, 320.713, 320.713, 320.713, 320.713, 320.713, 320.713, 320.713, 320.713, 320.713, 320.713, 320.713, 320.713, 320.713, 320.713, 320.713, 320.713, 320.713, 320.713, 320.713, 320.713, 320.713, 320.713, 320.713, 320.713, 320.713, 320.713, 320.713, 320.713, 320.713, 320.713, 320.713, 320.713, 320.713, 320.713, 320.713, 320.713, 320.713, 320.713, 320.713, 320.713, 320.713, 320.713, 320.713, 320.713, 320.713, 320.713, 320.713, 320.712, 300, 
320.739, 320.739, 320.739, 320.739, 320.739, 320.739, 320.739, 320.739, 320.739, 320.739, 320.739, 320.739, 320.739, 320.739, 320.739, 320.739, 320.739, 320.739, 320.739, 320.739, 320.739, 320.739, 320.739, 320.739, 320.739, 320.739, 320.739, 320.739, 320.739, 320.739, 320.739, 320.739, 320.739, 320.739, 320.739, 320.739, 320.739, 320.739, 320.739, 320.739, 320.739, 320.739, 320.739, 320.739, 320.739, 320.739, 320.739, 320.739, 320.739, 320.739, 320.739, 320.739, 320.739, 320.739, 320.739, 320.739, 320.739, 320.739, 320.739, 320.739, 320.739, 320.739, 320.739, 320.739, 320.739, 320.739, 320.739, 320.739, 320.739, 320.739, 320.739, 320.739, 320.739, 320.739, 320.739, 320.739, 320.739, 320.739, 320.739, 320.739, 320.739, 320.739, 320.739, 320.739, 320.739, 320.739, 320.739, 320.739, 320.739, 320.739, 320.739, 320.739, 320.739, 320.739, 320.739, 320.739, 320.739, 320.739, 320.738, 300, 
320.764, 320.764, 320.764, 320.764, 320.764, 320.764, 320.764, 320.764, 320.764, 320.764, 320.764, 320.764, 320.764, 320.764, 320.764, 320.764, 320.764, 320.764, 320.764, 320.764, 320.764, 320.764, 320.764, 320.764, 320.764, 320.764, 320.764, 320.764, 320.764, 320.764, 320.764, 320.764, 320.764, 320.764, 320.764, 320.764, 320.764, 320.764, 320.764, 320.764, 320.764, 320.764, 320.764, 320.764, 320.764, 320.764, 320.764, 320.764, 320.764, 320.764, 320.764, 320.764, 320.764, 320.764, 320.764, 320.764, 320.764, 320.764, 320.764, 320.764, 320.764, 320.764, 320.764, 320.764, 320.764, 320.764, 320.764, 320.764, 320.764, 320.764, 320.764, 320.764, 320.764, 320.764, 320.764, 320.764, 320.764, 320.764, 320.764, 320.764, 320.764, 320.764, 320.764, 320.764, 320.764, 320.764, 320.764, 320.764, 320.764, 320.764, 320.764, 320.764, 320.764, 320.764, 320.764, 320.764, 320.764, 320.764, 320.763, 300, 
320.79, 320.79, 320.79, 320.79, 320.79, 320.79, 320.79, 320.79, 320.79, 320.79, 320.79, 320.79, 320.79, 320.79, 320.79, 320.79, 320.79, 320.79, 320.79, 320.79, 320.79, 320.79, 320.79, 320.79, 320.79, 320.79, 320.79, 320.79, 320.79, 320.79, 320.79, 320.79, 320.79, 320.79, 320.79, 320.79, 320.79, 320.79, 320.79, 320.79, 320.79, 320.79, 320.79, 320.79, 320.79, 320.79, 320.79, 320.79, 320.79, 320.79, 320.79, 320.79, 320.79, 320.79, 320.79, 320.79, 320.79, 320.79, 320.79, 320.79, 320.79, 320.79, 320.79, 320.79, 320.79, 320.79, 320.79, 320.79, 320.79, 320.79, 320.79, 320.79, 320.79, 320.79, 320.79, 320.79, 320.79, 320.79, 320.79, 320.79, 320.79, 320.79, 320.79, 320.79, 320.79, 320.79, 320.79, 320.79, 320.79, 320.79, 320.79, 320.79, 320.79, 320.79, 320.79, 320.79, 320.79, 320.79, 320.789, 300, 
320.815, 320.815, 320.815, 320.815, 320.815, 320.815, 320.815, 320.815, 320.815, 320.815, 320.815, 320.815, 320.815, 320.815, 320.815, 320.815, 320.815, 320.815, 320.815, 320.815, 320.815, 320.815, 320.815, 320.815, 320.815, 320.815, 320.815, 320.815, 320.815, 320.815, 320.815, 320.815, 320.815, 320.815, 320.815, 320.815, 320.815, 320.815, 320.815, 320.815, 320.815, 320.815, 320.815, 320.815, 320.815, 320.815, 320.815, 320.815, 320.815, 320.815, 320.815, 320.815, 320.815, 320.815, 320.815, 320.815, 320.815, 320.815, 320.815, 320.815, 320.815, 320.815, 320.815, 320.815, 320.815, 320.815, 320.815, 320.815, 320.815, 320.815, 320.815, 320.815, 320.815, 320.815, 320.815, 320.815, 320.815, 320.815, 320.815, 320.815, 320.815, 320.815, 320.815, 320.815, 320.815, 320.815, 320.815, 320.815, 320.815, 320.815, 320.815, 320.815, 320.815, 320.815, 320.815, 320.815, 320.815, 320.815, 320.814, 300, 
320.841, 320.841, 320.841, 320.841, 320.841, 320.841, 320.841, 320.841, 320.841, 320.841, 320.841, 320.841, 320.841, 320.841, 320.841, 320.841, 320.841, 320.841, 320.841, 320.841, 320.841, 320.841, 320.841, 320.841, 320.841, 320.841, 320.841, 320.841, 320.841, 320.841, 320.841, 320.841, 320.841, 320.841, 320.841, 320.841, 320.841, 320.841, 320.841, 320.841, 320.841, 320.841, 320.841, 320.841, 320.841, 320.841, 320.841, 320.841, 320.841, 320.841, 320.841, 320.841, 320.841, 320.841, 320.841, 320.841, 320.841, 320.841, 320.841, 320.841, 320.841, 320.841, 320.841, 320.841, 320.841, 320.841, 320.841, 320.841, 320.841, 320.841, 320.841, 320.841, 320.841, 320.841, 320.841, 320.841, 320.841, 320.841, 320.841, 320.841, 320.841, 320.841, 320.841, 320.841, 320.841, 320.841, 320.841, 320.841, 320.841, 320.841, 320.841, 320.841, 320.841, 320.841, 320.841, 320.841, 320.841, 320.841, 320.84, 300, 
320.866, 320.866, 320.866, 320.866, 320.866, 320.866, 320.866, 320.866, 320.866, 320.866, 320.866, 320.866, 320.866, 320.866, 320.866, 320.866, 320.866, 320.866, 320.866, 320.866, 320.866, 320.866, 320.866, 320.866, 320.866, 320.866, 320.866, 320.866, 320.866, 320.866, 320.866, 320.866, 320.866, 320.866, 320.866, 320.866, 320.866, 320.866, 320.866, 320.866, 320.866, 320.866, 320.866, 320.866, 320.866, 320.866, 320.866, 320.866, 320.866, 320.866, 320.866, 320.866, 320.866, 320.866, 320.866, 320.866, 320.866, 320.866, 320.866, 320.866, 320.866, 320.866, 320.866, 320.866, 320.866, 320.866, 320.866, 320.866, 320.866, 320.866, 320.866, 320.866, 320.866, 320.866, 320.866, 320.866, 320.866, 320.866, 320.866, 320.866, 320.866, 320.866, 320.866, 320.866, 320.866, 320.866, 320.866, 320.866, 320.866, 320.866, 320.866, 320.866, 320.866, 320.866, 320.866, 320.866, 320.866, 320.866, 320.865, 300, 
320.892, 320.892, 320.892, 320.892, 320.892, 320.892, 320.892, 320.892, 320.892, 320.892, 320.892, 320.892, 320.892, 320.892, 320.892, 320.892, 320.892, 320.892, 320.892, 320.892, 320.892, 320.892, 320.892, 320.892, 320.892, 320.892, 320.892, 320.892, 320.892, 320.892, 320.892, 320.892, 320.892, 320.892, 320.892, 320.892, 320.892, 320.892, 320.892, 320.892, 320.892, 320.892, 320.892, 320.892, 320.892, 320.892, 320.892, 320.892, 320.892, 320.892, 320.892, 320.892, 320.892, 320.892, 320.892, 320.892, 320.892, 320.892, 320.892, 320.892, 320.892, 320.892, 320.892, 320.892, 320.892, 320.892, 320.892, 320.892, 320.892, 320.892, 320.892, 320.892, 320.892, 320.892, 320.892, 320.892, 320.892, 320.892, 320.892, 320.892, 320.892, 320.892, 320.892, 320.892, 320.892, 320.892, 320.892, 320.892, 320.892, 320.892, 320.892, 320.892, 320.892, 320.892, 320.892, 320.892, 320.892, 320.892, 320.891, 300, 
320.917, 320.917, 320.917, 320.917, 320.917, 320.917, 320.917, 320.917, 320.917, 320.917, 320.917, 320.917, 320.917, 320.917, 320.917, 320.917, 320.917, 320.917, 320.917, 320.917, 320.917, 320.917, 320.917, 320.917, 320.917, 320.917, 320.917, 320.917, 320.917, 320.917, 320.917, 320.917, 320.917, 320.917, 320.917, 320.917, 320.917, 320.917, 320.917, 320.917, 320.917, 320.917, 320.917, 320.917, 320.917, 320.917, 320.917, 320.917, 320.917, 320.917, 320.917, 320.917, 320.917, 320.917, 320.917, 320.917, 320.917, 320.917, 320.917, 320.917, 320.917, 320.917, 320.917, 320.917, 320.917, 320.917, 320.917, 320.917, 320.917, 320.917, 320.917, 320.917, 320.917, 320.917, 320.917, 320.917, 320.917, 320.917, 320.917, 320.917, 320.917, 320.917, 320.917, 320.917, 320.917, 320.917, 320.917, 320.917, 320.917, 320.917, 320.917, 320.917, 320.917, 320.917, 320.917, 320.917, 320.917, 320.917, 320.916, 300, 
320.943, 320.943, 320.943, 320.943, 320.943, 320.943, 320.943, 320.943, 320.943, 320.943, 320.943, 320.943, 320.943, 320.943, 320.943, 320.943, 320.943, 320.943, 320.943, 320.943, 320.943, 320.943, 320.943, 320.943, 320.943, 320.943, 320.943, 320.943, 320.943, 320.943, 320.943, 320.943, 320.943, 320.943, 320.943, 320.943, 320.943, 320.943, 320.943, 320.943, 320.943, 320.943, 320.943, 320.943, 320.943, 320.943, 320.943, 320.943, 320.943, 320.943, 320.943, 320.943, 320.943, 320.943, 320.943, 320.943, 320.943, 320.943, 320.943, 320.943, 320.943, 320.943, 320.943, 320.943, 320.943, 320.943, 320.943, 320.943, 320.943, 320.943, 320.943, 320.943, 320.943, 320.943, 320.943, 320.943, 320.943, 320.943, 320.943, 320.943, 320.943, 320.943, 320.943, 320.943, 320.943, 320.943, 320.943, 320.943, 320.943, 320.943, 320.943, 320.943, 320.943, 320.943, 320.943, 320.943, 320.943, 320.943, 320.942, 300, 
320.968, 320.968, 320.968, 320.968, 320.968, 320.968, 320.968, 320.968, 320.968, 320.968, 320.968, 320.968, 320.968, 320.968, 320.968, 320.968, 320.968, 320.968, 320.968, 320.968, 320.968, 320.968, 320.968, 320.968, 320.968, 320.968, 320.968, 320.968, 320.968, 320.968, 320.968, 320.968, 320.968, 320.968, 320.968, 320.968, 320.968, 320.968, 320.968, 320.968, 320.968, 320.968, 320.968, 320.968, 320.968, 320.968, 320.968, 320.968, 320.968, 320.968, 320.968, 320.968, 320.968, 320.968, 320.968, 320.968, 320.968, 320.968, 320.968, 320.968, 320.968, 320.968, 320.968, 320.968, 320.968, 320.968, 320.968, 320.968, 320.968, 320.968, 320.968, 320.968, 320.968, 320.968, 320.968, 320.968, 320.968, 320.968, 320.968, 320.968, 320.968, 320.968, 320.968, 320.968, 320.968, 320.968, 320.968, 320.968, 320.968, 320.968, 320.968, 320.968, 320.968, 320.968, 320.968, 320.968, 320.968, 320.968, 320.967, 300, 
320.994, 320.994, 320.994, 320.994, 320.994, 320.994, 320.994, 320.994, 320.994, 320.994, 320.994, 320.994, 320.994, 320.994, 320.994, 320.994, 320.994, 320.994, 320.994, 320.994, 320.994, 320.994, 320.994, 320.994, 320.994, 320.994, 320.994, 320.994, 320.994, 320.994, 320.994, 320.994, 320.994, 320.994, 320.994, 320.994, 320.994, 320.994, 320.994, 320.994, 320.994, 320.994, 320.994, 320.994, 320.994, 320.994, 320.994, 320.994, 320.994, 320.994, 320.994, 320.994, 320.994, 320.994, 320.994, 320.994, 320.994, 320.994, 320.994, 320.994, 320.994, 320.994, 320.994, 320.994, 320.994, 320.994, 320.994, 320.994, 320.994, 320.994, 320.994, 320.994, 320.994, 320.994, 320.994, 320.994, 320.994, 320.994, 320.994, 320.994, 320.994, 320.994, 320.994, 320.994, 320.994, 320.994, 320.994, 320.994, 320.994, 320.994, 320.994, 320.994, 320.994, 320.994, 320.994, 320.994, 320.994, 320.994, 320.992, 300, 
321.019, 321.019, 321.019, 321.019, 321.019, 321.019, 321.019, 321.019, 321.019, 321.019, 321.019, 321.019, 321.019, 321.019, 321.019, 321.019, 321.019, 321.019, 321.019, 321.019, 321.019, 321.019, 321.019, 321.019, 321.019, 321.019, 321.019, 321.019, 321.019, 321.019, 321.019, 321.019, 321.019, 321.019, 321.019, 321.019, 321.019, 321.019, 321.019, 321.019, 321.019, 321.019, 321.019, 321.019, 321.019, 321.019, 321.019, 321.019, 321.019, 321.019, 321.019, 321.019, 321.019, 321.019, 321.019, 321.019, 321.019, 321.019, 321.019, 321.019, 321.019, 321.019, 321.019, 321.019, 321.019, 321.019, 321.019, 321.019, 321.019, 321.019, 321.019, 321.019, 321.019, 321.019, 321.019, 321.019, 321.019, 321.019, 321.019, 321.019, 321.019, 321.019, 321.019, 321.019, 321.019, 321.019, 321.019, 321.019, 321.019, 321.019, 321.019, 321.019, 321.019, 321.019, 321.019, 321.019, 321.019, 321.019, 321.018, 300, 
321.045, 321.045, 321.045, 321.045, 321.045, 321.045, 321.045, 321.045, 321.045, 321.045, 321.045, 321.045, 321.045, 321.045, 321.045, 321.045, 321.045, 321.045, 321.045, 321.045, 321.045, 321.045, 321.045, 321.045, 321.045, 321.045, 321.045, 321.045, 321.045, 321.045, 321.045, 321.045, 321.045, 321.045, 321.045, 321.045, 321.045, 321.045, 321.045, 321.045, 321.045, 321.045, 321.045, 321.045, 321.045, 321.045, 321.045, 321.045, 321.045, 321.045, 321.045, 321.045, 321.045, 321.045, 321.045, 321.045, 321.045, 321.045, 321.045, 321.045, 321.045, 321.045, 321.045, 321.045, 321.045, 321.045, 321.045, 321.045, 321.045, 321.045, 321.045, 321.045, 321.045, 321.045, 321.045, 321.045, 321.045, 321.045, 321.045, 321.045, 321.045, 321.045, 321.045, 321.045, 321.045, 321.045, 321.045, 321.045, 321.045, 321.045, 321.045, 321.045, 321.045, 321.045, 321.045, 321.045, 321.045, 321.045, 321.043, 300, 
321.07, 321.07, 321.07, 321.07, 321.07, 321.07, 321.07, 321.07, 321.07, 321.07, 321.07, 321.07, 321.07, 321.07, 321.07, 321.07, 321.07, 321.07, 321.07, 321.07, 321.07, 321.07, 321.07, 321.07, 321.07, 321.07, 321.07, 321.07, 321.07, 321.07, 321.07, 321.07, 321.07, 321.07, 321.07, 321.07, 321.07, 321.07, 321.07, 321.07, 321.07, 321.07, 321.07, 321.07, 321.07, 321.07, 321.07, 321.07, 321.07, 321.07, 321.07, 321.07, 321.07, 321.07, 321.07, 321.07, 321.07, 321.07, 321.07, 321.07, 321.07, 321.07, 321.07, 321.07, 321.07, 321.07, 321.07, 321.07, 321.07, 321.07, 321.07, 321.07, 321.07, 321.07, 321.07, 321.07, 321.07, 321.07, 321.07, 321.07, 321.07, 321.07, 321.07, 321.07, 321.07, 321.07, 321.07, 321.07, 321.07, 321.07, 321.07, 321.07, 321.07, 321.07, 321.07, 321.07, 321.07, 321.07, 321.069, 300, 
321.096, 321.096, 321.096, 321.096, 321.096, 321.096, 321.096, 321.096, 321.096, 321.096, 321.096, 321.096, 321.096, 321.096, 321.096, 321.096, 321.096, 321.096, 321.096, 321.096, 321.096, 321.096, 321.096, 321.096, 321.096, 321.096, 321.096, 321.096, 321.096, 321.096, 321.096, 321.096, 321.096, 321.096, 321.096, 321.096, 321.096, 321.096, 321.096, 321.096, 321.096, 321.096, 321.096, 321.096, 321.096, 321.096, 321.096, 321.096, 321.096, 321.096, 321.096, 321.096, 321.096, 321.096, 321.096, 321.096, 321.096, 321.096, 321.096, 321.096, 321.096, 321.096, 321.096, 321.096, 321.096, 321.096, 321.096, 321.096, 321.096, 321.096, 321.096, 321.096, 321.096, 321.096, 321.096, 321.096, 321.096, 321.096, 321.096, 321.096, 321.096, 321.096, 321.096, 321.096, 321.096, 321.096, 321.096, 321.096, 321.096, 321.096, 321.096, 321.096, 321.096, 321.096, 321.096, 321.096, 321.096, 321.096, 321.094, 300, 
321.121, 321.121, 321.121, 321.121, 321.121, 321.121, 321.121, 321.121, 321.121, 321.121, 321.121, 321.121, 321.121, 321.121, 321.121, 321.121, 321.121, 321.121, 321.121, 321.121, 321.121, 321.121, 321.121, 321.121, 321.121, 321.121, 321.121, 321.121, 321.121, 321.121, 321.121, 321.121, 321.121, 321.121, 321.121, 321.121, 321.121, 321.121, 321.121, 321.121, 321.121, 321.121, 321.121, 321.121, 321.121, 321.121, 321.121, 321.121, 321.121, 321.121, 321.121, 321.121, 321.121, 321.121, 321.121, 321.121, 321.121, 321.121, 321.121, 321.121, 321.121, 321.121, 321.121, 321.121, 321.121, 321.121, 321.121, 321.121, 321.121, 321.121, 321.121, 321.121, 321.121, 321.121, 321.121, 321.121, 321.121, 321.121, 321.121, 321.121, 321.121, 321.121, 321.121, 321.121, 321.121, 321.121, 321.121, 321.121, 321.121, 321.121, 321.121, 321.121, 321.121, 321.121, 321.121, 321.121, 321.121, 321.121, 321.12, 300, 
321.146, 321.146, 321.146, 321.146, 321.146, 321.146, 321.146, 321.146, 321.146, 321.146, 321.146, 321.146, 321.146, 321.146, 321.146, 321.146, 321.146, 321.146, 321.146, 321.146, 321.146, 321.146, 321.146, 321.146, 321.146, 321.146, 321.146, 321.146, 321.146, 321.146, 321.146, 321.146, 321.146, 321.146, 321.146, 321.146, 321.146, 321.146, 321.146, 321.146, 321.146, 321.146, 321.146, 321.146, 321.147, 321.147, 321.147, 321.147, 321.147, 321.147, 321.147, 321.147, 321.147, 321.147, 321.147, 321.147, 321.147, 321.146, 321.146, 321.146, 321.146, 321.146, 321.146, 321.146, 321.146, 321.146, 321.146, 321.146, 321.146, 321.146, 321.146, 321.146, 321.146, 321.146, 321.146, 321.146, 321.146, 321.146, 321.146, 321.146, 321.146, 321.146, 321.146, 321.146, 321.146, 321.146, 321.146, 321.146, 321.147, 321.147, 321.147, 321.147, 321.147, 321.147, 321.147, 321.147, 321.147, 321.147, 321.145, 300, 
321.172, 321.172, 321.172, 321.172, 321.172, 321.172, 321.172, 321.172, 321.172, 321.172, 321.172, 321.172, 321.172, 321.172, 321.172, 321.172, 321.172, 321.172, 321.172, 321.172, 321.172, 321.172, 321.172, 321.172, 321.172, 321.172, 321.172, 321.172, 321.172, 321.172, 321.172, 321.172, 321.172, 321.172, 321.172, 321.172, 321.172, 321.172, 321.172, 321.172, 321.172, 321.172, 321.172, 321.172, 321.172, 321.172, 321.172, 321.172, 321.172, 321.172, 321.172, 321.172, 321.172, 321.172, 321.172, 321.172, 321.172, 321.172, 321.172, 321.172, 321.172, 321.172, 321.172, 321.172, 321.172, 321.172, 321.172, 321.172, 321.172, 321.172, 321.172, 321.172, 321.172, 321.172, 321.172, 321.172, 321.172, 321.172, 321.172, 321.172, 321.172, 321.172, 321.172, 321.172, 321.172, 321.172, 321.172, 321.172, 321.172, 321.172, 321.172, 321.172, 321.172, 321.172, 321.172, 321.172, 321.172, 321.172, 321.171, 300, 
321.197, 321.197, 321.197, 321.197, 321.197, 321.197, 321.197, 321.197, 321.197, 321.197, 321.197, 321.197, 321.197, 321.197, 321.197, 321.197, 321.197, 321.197, 321.197, 321.197, 321.197, 321.197, 321.197, 321.197, 321.197, 321.197, 321.197, 321.197, 321.197, 321.197, 321.197, 321.197, 321.197, 321.197, 321.197, 321.197, 321.197, 321.197, 321.197, 321.197, 321.197, 321.197, 321.197, 321.197, 321.197, 321.197, 321.197, 321.197, 321.197, 321.197, 321.197, 321.197, 321.197, 321.197, 321.197, 321.197, 321.197, 321.197, 321.197, 321.197, 321.197, 321.197, 321.197, 321.197, 321.197, 321.197, 321.197, 321.197, 321.197, 321.197, 321.197, 321.197, 321.197, 321.197, 321.197, 321.197, 321.197, 321.197, 321.197, 321.197, 321.197, 321.197, 321.197, 321.197, 321.197, 321.197, 321.197, 321.197, 321.197, 321.197, 321.197, 321.197, 321.197, 321.197, 321.197, 321.197, 321.198, 321.198, 321.196, 300, 
321.223, 321.223, 321.223, 321.223, 321.223, 321.223, 321.223, 321.223, 321.223, 321.223, 321.223, 321.223, 321.223, 321.223, 321.223, 321.223, 321.223, 321.223, 321.223, 321.223, 321.223, 321.223, 321.223, 321.223, 321.223, 321.223, 321.223, 321.223, 321.223, 321.223, 321.223, 321.223, 321.223, 321.223, 321.223, 321.223, 321.223, 321.223, 321.223, 321.223, 321.223, 321.223, 321.223, 321.223, 321.223, 321.223, 321.223, 321.223, 321.223, 321.223, 321.223, 321.223, 321.223, 321.223, 321.223, 321.223, 321.223, 321.223, 321.223, 321.223, 321.223, 321.223, 321.223, 321.223, 321.223, 321.223, 321.223, 321.223, 321.223, 321.223, 321.223, 321.223, 321.223, 321.223, 321.223, 321.223, 321.223, 321.223, 321.223, 321.223, 321.223, 321.223, 321.223, 321.223, 321.223, 321.223, 321.223, 321.223, 321.223, 321.223, 321.223, 321.223, 321.223, 321.223, 321.223, 321.223, 321.223, 321.223, 321.222, 300, 
321.248, 321.248, 321.248, 321.248, 321.248, 321.248, 321.248, 321.248, 321.248, 321.248, 321.248, 321.248, 321.248, 321.248, 321.248, 321.248, 321.248, 321.248, 321.248, 321.248, 321.248, 321.248, 321.248, 321.248, 321.248, 321.248, 321.248, 321.248, 321.248, 321.248, 321.248, 321.248, 321.248, 321.248, 321.248, 321.248, 321.248, 321.248, 321.248, 321.248, 321.248, 321.248, 321.248, 321.248, 321.248, 321.248, 321.248, 321.248, 321.248, 321.248, 321.248, 321.248, 321.248, 321.248, 321.248, 321.248, 321.248, 321.248, 321.248, 321.248, 321.248, 321.248, 321.248, 321.248, 321.248, 321.248, 321.248, 321.248, 321.248, 321.248, 321.248, 321.248, 321.248, 321.248, 321.248, 321.248, 321.248, 321.248, 321.248, 321.248, 321.248, 321.248, 321.248, 321.248, 321.248, 321.248, 321.248, 321.248, 321.248, 321.248, 321.248, 321.248, 321.248, 321.248, 321.248, 321.248, 321.248, 321.248, 321.247, 300, 
321.274, 321.274, 321.274, 321.274, 321.274, 321.274, 321.274, 321.274, 321.274, 321.274, 321.274, 321.274, 321.274, 321.274, 321.274, 321.274, 321.274, 321.274, 321.274, 321.274, 321.274, 321.274, 321.274, 321.274, 321.274, 321.274, 321.274, 321.274, 321.274, 321.274, 321.274, 321.274, 321.274, 321.274, 321.274, 321.274, 321.274, 321.274, 321.274, 321.274, 321.274, 321.274, 321.274, 321.274, 321.274, 321.274, 321.274, 321.274, 321.274, 321.274, 321.274, 321.274, 321.274, 321.274, 321.274, 321.274, 321.274, 321.274, 321.274, 321.274, 321.274, 321.274, 321.274, 321.274, 321.274, 321.274, 321.274, 321.274, 321.274, 321.274, 321.274, 321.274, 321.274, 321.274, 321.274, 321.274, 321.274, 321.274, 321.274, 321.274, 321.274, 321.274, 321.274, 321.274, 321.274, 321.274, 321.274, 321.274, 321.274, 321.274, 321.274, 321.274, 321.274, 321.274, 321.274, 321.274, 321.274, 321.274, 321.273, 300, 
321.299, 321.299, 321.299, 321.299, 321.299, 321.299, 321.299, 321.299, 321.299, 321.299, 321.299, 321.299, 321.299, 321.299, 321.299, 321.299, 321.299, 321.299, 321.299, 321.299, 321.299, 321.299, 321.299, 321.299, 321.299, 321.299, 321.299, 321.299, 321.299, 321.299, 321.299, 321.299, 321.299, 321.299, 321.299, 321.299, 321.299, 321.299, 321.299, 321.299, 321.299, 321.299, 321.299, 321.299, 321.299, 321.299, 321.299, 321.299, 321.299, 321.299, 321.299, 321.299, 321.299, 321.299, 321.299, 321.299, 321.299, 321.299, 321.299, 321.299, 321.299, 321.299, 321.299, 321.299, 321.299, 321.299, 321.299, 321.299, 321.299, 321.299, 321.299, 321.299, 321.299, 321.299, 321.299, 321.299, 321.299, 321.299, 321.299, 321.299, 321.299, 321.299, 321.299, 321.299, 321.299, 321.299, 321.299, 321.299, 321.299, 321.299, 321.299, 321.299, 321.299, 321.299, 321.299, 321.299, 321.299, 321.299, 321.298, 300, 
321.325, 321.325, 321.325, 321.325, 321.325, 321.325, 321.325, 321.325, 321.325, 321.325, 321.325, 321.325, 321.325, 321.325, 321.325, 321.325, 321.325, 321.325, 321.325, 321.325, 321.325, 321.325, 321.325, 321.325, 321.325, 321.325, 321.325, 321.325, 321.325, 321.325, 321.325, 321.325, 321.325, 321.325, 321.325, 321.325, 321.325, 321.325, 321.325, 321.325, 321.325, 321.325, 321.325, 321.325, 321.325, 321.325, 321.325, 321.325, 321.325, 321.325, 321.325, 321.325, 321.325, 321.325, 321.325, 321.325, 321.325, 321.325, 321.325, 321.325, 321.325, 321.325, 321.325, 321.325, 321.325, 321.325, 321.325, 321.325, 321.325, 321.325, 321.325, 321.325, 321.325, 321.325, 321.325, 321.325, 321.325, 321.325, 321.325, 321.325, 321.325, 321.325, 321.325, 321.325, 321.325, 321.325, 321.325, 321.325, 321.325, 321.325, 321.325, 321.325, 321.325, 321.325, 321.325, 321.325, 321.325, 321.325, 321.324, 300, 
321.35, 321.35, 321.35, 321.35, 321.35, 321.35, 321.35, 321.35, 321.35, 321.35, 321.35, 321.35, 321.35, 321.35, 321.35, 321.35, 321.35, 321.35, 321.35, 321.35, 321.35, 321.35, 321.35, 321.35, 321.35, 321.35, 321.35, 321.35, 321.35, 321.35, 321.35, 321.35, 321.35, 321.35, 321.35, 321.35, 321.35, 321.35, 321.35, 321.35, 321.35, 321.35, 321.35, 321.35, 321.35, 321.35, 321.35, 321.35, 321.35, 321.35, 321.35, 321.35, 321.35, 321.35, 321.35, 321.35, 321.35, 321.35, 321.35, 321.35, 321.35, 321.35, 321.35, 321.35, 321.35, 321.35, 321.35, 321.35, 321.35, 321.35, 321.35, 321.35, 321.35, 321.35, 321.35, 321.35, 321.35, 321.35, 321.35, 321.35, 321.35, 321.35, 321.35, 321.35, 321.35, 321.35, 321.35, 321.35, 321.35, 321.35, 321.35, 321.35, 321.35, 321.35, 321.35, 321.35, 321.35, 321.35, 321.349, 300, 
321.376, 321.376, 321.376, 321.376, 321.376, 321.376, 321.376, 321.376, 321.376, 321.376, 321.376, 321.376, 321.376, 321.376, 321.376, 321.376, 321.376, 321.376, 321.376, 321.376, 321.376, 321.376, 321.376, 321.376, 321.376, 321.376, 321.376, 321.376, 321.376, 321.376, 321.376, 321.376, 321.376, 321.376, 321.376, 321.376, 321.376, 321.376, 321.376, 321.376, 321.376, 321.376, 321.376, 321.376, 321.376, 321.376, 321.376, 321.376, 321.376, 321.376, 321.376, 321.376, 321.376, 321.376, 321.376, 321.376, 321.376, 321.376, 321.376, 321.376, 321.376, 321.376, 321.376, 321.376, 321.376, 321.376, 321.376, 321.376, 321.376, 321.376, 321.376, 321.376, 321.376, 321.376, 321.376, 321.376, 321.376, 321.376, 321.376, 321.376, 321.376, 321.376, 321.376, 321.376, 321.376, 321.376, 321.376, 321.376, 321.376, 321.376, 321.376, 321.376, 321.376, 321.376, 321.376, 321.376, 321.376, 321.376, 321.374, 300, 
321.401, 321.401, 321.401, 321.401, 321.401, 321.401, 321.401, 321.401, 321.401, 321.401, 321.401, 321.401, 321.401, 321.401, 321.401, 321.401, 321.401, 321.401, 321.401, 321.401, 321.401, 321.401, 321.401, 321.401, 321.401, 321.401, 321.401, 321.401, 321.401, 321.401, 321.401, 321.401, 321.401, 321.401, 321.401, 321.401, 321.401, 321.401, 321.401, 321.401, 321.401, 321.401, 321.401, 321.401, 321.401, 321.401, 321.401, 321.401, 321.401, 321.401, 321.401, 321.401, 321.401, 321.401, 321.401, 321.401, 321.401, 321.401, 321.401, 321.401, 321.401, 321.401, 321.401, 321.401, 321.401, 321.401, 321.401, 321.401, 321.401, 321.401, 321.401, 321.401, 321.401, 321.401, 321.401, 321.401, 321.401, 321.401, 321.401, 321.401, 321.401, 321.401, 321.401, 321.401, 321.401, 321.401, 321.401, 321.401, 321.401, 321.401, 321.401, 321.401, 321.401, 321.401, 321.401, 321.401, 321.401, 321.401, 321.4, 300, 
321.427, 321.427, 321.427, 321.427, 321.427, 321.427, 321.427, 321.427, 321.427, 321.427, 321.427, 321.427, 321.427, 321.427, 321.427, 321.427, 321.427, 321.427, 321.427, 321.427, 321.427, 321.427, 321.427, 321.427, 321.427, 321.427, 321.427, 321.427, 321.427, 321.427, 321.427, 321.427, 321.427, 321.427, 321.427, 321.427, 321.427, 321.427, 321.427, 321.427, 321.427, 321.427, 321.427, 321.427, 321.427, 321.427, 321.427, 321.427, 321.427, 321.427, 321.427, 321.427, 321.427, 321.427, 321.427, 321.427, 321.427, 321.427, 321.427, 321.427, 321.427, 321.427, 321.427, 321.427, 321.427, 321.427, 321.427, 321.427, 321.427, 321.427, 321.427, 321.427, 321.427, 321.427, 321.427, 321.427, 321.427, 321.427, 321.427, 321.427, 321.427, 321.427, 321.427, 321.427, 321.427, 321.427, 321.427, 321.427, 321.427, 321.427, 321.427, 321.427, 321.427, 321.427, 321.427, 321.427, 321.427, 321.427, 321.425, 300, 
321.452, 321.452, 321.452, 321.452, 321.452, 321.452, 321.452, 321.452, 321.452, 321.452, 321.452, 321.452, 321.452, 321.452, 321.452, 321.452, 321.452, 321.452, 321.452, 321.452, 321.452, 321.452, 321.452, 321.452, 321.452, 321.452, 321.452, 321.452, 321.452, 321.452, 321.452, 321.452, 321.452, 321.452, 321.452, 321.452, 321.452, 321.452, 321.452, 321.452, 321.452, 321.452, 321.452, 321.452, 321.452, 321.452, 321.452, 321.452, 321.452, 321.452, 321.452, 321.452, 321.452, 321.452, 321.452, 321.452, 321.452, 321.452, 321.452, 321.452, 321.452, 321.452, 321.452, 321.452, 321.452, 321.452, 321.452, 321.452, 321.452, 321.452, 321.452, 321.452, 321.452, 321.452, 321.452, 321.452, 321.452, 321.452, 321.452, 321.452, 321.452, 321.452, 321.452, 321.452, 321.452, 321.452, 321.452, 321.452, 321.452, 321.452, 321.452, 321.452, 321.452, 321.452, 321.452, 321.452, 321.452, 321.452, 321.451, 300, 
321.478, 321.478, 321.478, 321.478, 321.478, 321.478, 321.478, 321.478, 321.478, 321.478, 321.478, 321.478, 321.478, 321.478, 321.478, 321.478, 321.478, 321.478, 321.478, 321.478, 321.478, 321.478, 321.478, 321.478, 321.478, 321.478, 321.478, 321.478, 321.478, 321.478, 321.478, 321.478, 321.478, 321.478, 321.478, 321.478, 321.478, 321.478, 321.478, 321.478, 321.478, 321.478, 321.478, 321.478, 321.478, 321.478, 321.478, 321.478, 321.478, 321.478, 321.478, 321.478, 321.478, 321.478, 321.478, 321.478, 321.478, 321.478, 321.478, 321.478, 321.478, 321.478, 321.478, 321.478, 321.478, 321.478, 321.478, 321.478, 321.478, 321.478, 321.478, 321.478, 321.478, 321.478, 321.478, 321.478, 321.478, 321.478, 321.478, 321.478, 321.478, 321.478, 321.478, 321.478, 321.478, 321.478, 321.478, 321.478, 321.478, 321.478, 321.478, 321.478, 321.478, 321.478, 321.478, 321.478, 321.478, 321.478, 321.476, 300, 
321.503, 321.503, 321.503, 321.503, 321.503, 321.503, 321.503, 321.503, 321.503, 321.503, 321.503, 321.503, 321.503, 321.503, 321.503, 321.503, 321.503, 321.503, 321.503, 321.503, 321.503, 321.503, 321.503, 321.503, 321.503, 321.503, 321.503, 321.503, 321.503, 321.503, 321.503, 321.503, 321.503, 321.503, 321.503, 321.503, 321.503, 321.503, 321.503, 321.503, 321.503, 321.503, 321.503, 321.503, 321.503, 321.503, 321.503, 321.503, 321.503, 321.503, 321.503, 321.503, 321.503, 321.503, 321.503, 321.503, 321.503, 321.503, 321.503, 321.503, 321.503, 321.503, 321.503, 321.503, 321.503, 321.503, 321.503, 321.503, 321.503, 321.503, 321.503, 321.503, 321.503, 321.503, 321.503, 321.503, 321.503, 321.503, 321.503, 321.503, 321.503, 321.503, 321.503, 321.503, 321.503, 321.503, 321.503, 321.503, 321.503, 321.503, 321.503, 321.503, 321.503, 321.503, 321.503, 321.503, 321.503, 321.503, 321.502, 300, 
321.529, 321.529, 321.529, 321.529, 321.529, 321.529, 321.529, 321.529, 321.529, 321.529, 321.529, 321.529, 321.529, 321.529, 321.529, 321.529, 321.529, 321.529, 321.529, 321.529, 321.529, 321.529, 321.529, 321.529, 321.529, 321.529, 321.529, 321.529, 321.529, 321.529, 321.529, 321.529, 321.529, 321.529, 321.529, 321.529, 321.529, 321.529, 321.529, 321.529, 321.529, 321.529, 321.529, 321.529, 321.529, 321.529, 321.529, 321.529, 321.529, 321.529, 321.529, 321.529, 321.529, 321.529, 321.529, 321.529, 321.529, 321.529, 321.529, 321.529, 321.529, 321.529, 321.529, 321.529, 321.529, 321.529, 321.529, 321.529, 321.529, 321.529, 321.529, 321.529, 321.529, 321.529, 321.529, 321.529, 321.529, 321.529, 321.529, 321.529, 321.529, 321.529, 321.529, 321.529, 321.529, 321.529, 321.529, 321.529, 321.529, 321.529, 321.529, 321.529, 321.529, 321.529, 321.529, 321.529, 321.529, 321.529, 321.527, 300, 
321.554, 321.554, 321.554, 321.554, 321.554, 321.554, 321.554, 321.554, 321.554, 321.554, 321.554, 321.554, 321.554, 321.554, 321.554, 321.554, 321.554, 321.554, 321.554, 321.554, 321.554, 321.554, 321.554, 321.554, 321.554, 321.554, 321.554, 321.554, 321.554, 321.554, 321.554, 321.554, 321.554, 321.554, 321.554, 321.554, 321.554, 321.554, 321.554, 321.554, 321.554, 321.554, 321.554, 321.554, 321.554, 321.554, 321.554, 321.554, 321.554, 321.554, 321.554, 321.554, 321.554, 321.554, 321.554, 321.554, 321.554, 321.554, 321.554, 321.554, 321.554, 321.554, 321.554, 321.554, 321.554, 321.554, 321.554, 321.554, 321.554, 321.554, 321.554, 321.554, 321.554, 321.554, 321.554, 321.554, 321.554, 321.554, 321.554, 321.554, 321.554, 321.554, 321.554, 321.554, 321.554, 321.554, 321.554, 321.554, 321.554, 321.554, 321.554, 321.554, 321.554, 321.554, 321.554, 321.554, 321.554, 321.554, 321.553, 300, 
321.58, 321.58, 321.58, 321.58, 321.58, 321.58, 321.58, 321.58, 321.58, 321.58, 321.58, 321.58, 321.58, 321.58, 321.58, 321.58, 321.58, 321.58, 321.58, 321.58, 321.58, 321.58, 321.58, 321.58, 321.58, 321.58, 321.58, 321.58, 321.58, 321.58, 321.58, 321.58, 321.58, 321.58, 321.58, 321.58, 321.58, 321.58, 321.58, 321.58, 321.58, 321.58, 321.58, 321.58, 321.58, 321.58, 321.58, 321.58, 321.58, 321.58, 321.58, 321.58, 321.58, 321.58, 321.58, 321.58, 321.58, 321.58, 321.58, 321.58, 321.58, 321.58, 321.58, 321.58, 321.58, 321.58, 321.58, 321.58, 321.58, 321.58, 321.58, 321.58, 321.58, 321.58, 321.58, 321.58, 321.58, 321.58, 321.58, 321.58, 321.58, 321.58, 321.58, 321.58, 321.58, 321.58, 321.58, 321.58, 321.58, 321.58, 321.58, 321.58, 321.58, 321.58, 321.58, 321.58, 321.58, 321.58, 321.578, 300, 
321.605, 321.605, 321.605, 321.605, 321.605, 321.605, 321.605, 321.605, 321.605, 321.605, 321.605, 321.605, 321.605, 321.605, 321.605, 321.605, 321.605, 321.605, 321.605, 321.605, 321.605, 321.605, 321.605, 321.605, 321.605, 321.605, 321.605, 321.605, 321.605, 321.605, 321.605, 321.605, 321.605, 321.605, 321.605, 321.605, 321.605, 321.605, 321.605, 321.605, 321.605, 321.605, 321.605, 321.605, 321.605, 321.605, 321.605, 321.605, 321.605, 321.605, 321.605, 321.605, 321.605, 321.605, 321.605, 321.605, 321.605, 321.605, 321.605, 321.605, 321.605, 321.605, 321.605, 321.605, 321.605, 321.605, 321.605, 321.605, 321.605, 321.605, 321.605, 321.605, 321.605, 321.605, 321.605, 321.605, 321.605, 321.605, 321.605, 321.605, 321.605, 321.605, 321.605, 321.605, 321.605, 321.605, 321.605, 321.605, 321.605, 321.605, 321.605, 321.605, 321.605, 321.605, 321.605, 321.605, 321.605, 321.605, 321.604, 300, 
321.631, 321.631, 321.631, 321.631, 321.631, 321.631, 321.631, 321.631, 321.631, 321.631, 321.631, 321.631, 321.631, 321.631, 321.631, 321.631, 321.631, 321.631, 321.631, 321.631, 321.631, 321.631, 321.631, 321.631, 321.631, 321.631, 321.631, 321.631, 321.631, 321.631, 321.631, 321.631, 321.631, 321.631, 321.631, 321.631, 321.631, 321.631, 321.631, 321.631, 321.631, 321.631, 321.631, 321.631, 321.631, 321.631, 321.631, 321.631, 321.631, 321.631, 321.631, 321.631, 321.631, 321.631, 321.631, 321.631, 321.631, 321.631, 321.631, 321.631, 321.631, 321.631, 321.631, 321.631, 321.631, 321.631, 321.631, 321.631, 321.631, 321.631, 321.631, 321.631, 321.631, 321.631, 321.631, 321.631, 321.631, 321.631, 321.631, 321.631, 321.631, 321.631, 321.631, 321.631, 321.631, 321.631, 321.631, 321.631, 321.631, 321.631, 321.631, 321.631, 321.631, 321.631, 321.631, 321.631, 321.631, 321.631, 321.629, 300, 
321.656, 321.656, 321.656, 321.656, 321.656, 321.656, 321.656, 321.656, 321.656, 321.656, 321.656, 321.656, 321.656, 321.656, 321.656, 321.656, 321.656, 321.656, 321.656, 321.656, 321.656, 321.656, 321.656, 321.656, 321.656, 321.656, 321.656, 321.656, 321.656, 321.656, 321.656, 321.656, 321.656, 321.656, 321.656, 321.656, 321.656, 321.656, 321.656, 321.656, 321.656, 321.656, 321.656, 321.656, 321.656, 321.656, 321.656, 321.656, 321.656, 321.656, 321.656, 321.656, 321.656, 321.656, 321.656, 321.656, 321.656, 321.656, 321.656, 321.656, 321.656, 321.656, 321.656, 321.656, 321.656, 321.656, 321.656, 321.656, 321.656, 321.656, 321.656, 321.656, 321.656, 321.656, 321.656, 321.656, 321.656, 321.656, 321.656, 321.656, 321.656, 321.656, 321.656, 321.656, 321.656, 321.656, 321.656, 321.656, 321.656, 321.656, 321.656, 321.656, 321.656, 321.656, 321.656, 321.656, 321.656, 321.656, 321.655, 300, 
321.682, 321.682, 321.682, 321.682, 321.682, 321.682, 321.682, 321.682, 321.682, 321.682, 321.682, 321.682, 321.682, 321.682, 321.682, 321.682, 321.682, 321.682, 321.682, 321.682, 321.682, 321.682, 321.682, 321.682, 321.682, 321.682, 321.682, 321.682, 321.682, 321.682, 321.682, 321.682, 321.682, 321.682, 321.682, 321.682, 321.682, 321.682, 321.682, 321.682, 321.682, 321.682, 321.682, 321.682, 321.682, 321.682, 321.682, 321.682, 321.682, 321.682, 321.682, 321.682, 321.682, 321.682, 321.682, 321.682, 321.682, 321.682, 321.682, 321.682, 321.682, 321.682, 321.682, 321.682, 321.682, 321.682, 321.682, 321.682, 321.682, 321.682, 321.682, 321.682, 321.682, 321.682, 321.682, 321.682, 321.682, 321.682, 321.682, 321.682, 321.682, 321.682, 321.682, 321.682, 321.682, 321.682, 321.682, 321.682, 321.682, 321.682, 321.682, 321.682, 321.682, 321.682, 321.682, 321.682, 321.682, 321.682, 321.68, 300, 
321.707, 321.707, 321.707, 321.707, 321.707, 321.707, 321.707, 321.707, 321.707, 321.707, 321.707, 321.707, 321.707, 321.707, 321.707, 321.707, 321.707, 321.707, 321.707, 321.707, 321.707, 321.707, 321.707, 321.707, 321.707, 321.707, 321.707, 321.707, 321.707, 321.707, 321.707, 321.707, 321.707, 321.707, 321.707, 321.707, 321.707, 321.707, 321.707, 321.707, 321.707, 321.707, 321.707, 321.707, 321.707, 321.707, 321.707, 321.707, 321.707, 321.707, 321.707, 321.707, 321.707, 321.707, 321.707, 321.707, 321.707, 321.707, 321.707, 321.707, 321.707, 321.707, 321.707, 321.707, 321.707, 321.707, 321.707, 321.707, 321.707, 321.707, 321.707, 321.707, 321.707, 321.707, 321.707, 321.707, 321.707, 321.707, 321.707, 321.707, 321.707, 321.707, 321.707, 321.707, 321.707, 321.707, 321.707, 321.707, 321.707, 321.707, 321.707, 321.707, 321.707, 321.707, 321.707, 321.707, 321.707, 321.707, 321.705, 300, 
321.732, 321.732, 321.732, 321.732, 321.732, 321.732, 321.732, 321.732, 321.732, 321.732, 321.732, 321.732, 321.732, 321.732, 321.732, 321.732, 321.732, 321.732, 321.732, 321.732, 321.732, 321.732, 321.732, 321.732, 321.732, 321.732, 321.732, 321.732, 321.732, 321.732, 321.732, 321.732, 321.732, 321.732, 321.732, 321.732, 321.732, 321.732, 321.732, 321.732, 321.732, 321.732, 321.732, 321.732, 321.732, 321.732, 321.732, 321.732, 321.732, 321.732, 321.732, 321.732, 321.732, 321.732, 321.732, 321.732, 321.732, 321.732, 321.732, 321.732, 321.732, 321.732, 321.732, 321.732, 321.732, 321.732, 321.732, 321.732, 321.732, 321.732, 321.732, 321.732, 321.732, 321.732, 321.732, 321.732, 321.732, 321.732, 321.732, 321.732, 321.732, 321.732, 321.732, 321.732, 321.732, 321.732, 321.732, 321.732, 321.732, 321.732, 321.732, 321.732, 321.733, 321.733, 321.733, 321.733, 321.733, 321.733, 321.731, 300, 
321.758, 321.758, 321.758, 321.758, 321.758, 321.758, 321.758, 321.758, 321.758, 321.758, 321.758, 321.758, 321.758, 321.758, 321.758, 321.758, 321.758, 321.758, 321.758, 321.758, 321.758, 321.758, 321.758, 321.758, 321.758, 321.758, 321.758, 321.758, 321.758, 321.758, 321.758, 321.758, 321.758, 321.758, 321.758, 321.758, 321.758, 321.758, 321.758, 321.758, 321.758, 321.758, 321.758, 321.758, 321.758, 321.758, 321.758, 321.758, 321.758, 321.758, 321.758, 321.758, 321.758, 321.758, 321.758, 321.758, 321.758, 321.758, 321.758, 321.758, 321.758, 321.758, 321.758, 321.758, 321.758, 321.758, 321.758, 321.758, 321.758, 321.758, 321.758, 321.758, 321.758, 321.758, 321.758, 321.758, 321.758, 321.758, 321.758, 321.758, 321.758, 321.758, 321.758, 321.758, 321.758, 321.758, 321.758, 321.758, 321.758, 321.758, 321.758, 321.758, 321.758, 321.758, 321.758, 321.758, 321.758, 321.758, 321.756, 300, 
321.783, 321.783, 321.783, 321.783, 321.783, 321.783, 321.783, 321.783, 321.783, 321.783, 321.783, 321.783, 321.783, 321.783, 321.783, 321.783, 321.783, 321.783, 321.783, 321.783, 321.783, 321.783, 321.783, 321.783, 321.783, 321.783, 321.783, 321.783, 321.783, 321.783, 321.783, 321.783, 321.783, 321.783, 321.783, 321.783, 321.783, 321.783, 321.783, 321.783, 321.783, 321.783, 321.783, 321.783, 321.783, 321.783, 321.783, 321.783, 321.783, 321.783, 321.783, 321.783, 321.783, 321.783, 321.783, 321.783, 321.783, 321.783, 321.783, 321.783, 321.783, 321.783, 321.783, 321.783, 321.783, 321.783, 321.783, 321.783, 321.783, 321.783, 321.783, 321.783, 321.783, 321.783, 321.783, 321.783, 321.783, 321.783, 321.783, 321.783, 321.783, 321.783, 321.783, 321.783, 321.783, 321.783, 321.783, 321.783, 321.783, 321.783, 321.783, 321.783, 321.783, 321.783, 321.783, 321.783, 321.783, 321.784, 321.782, 300, 
321.809, 321.809, 321.809, 321.809, 321.809, 321.809, 321.809, 321.809, 321.809, 321.809, 321.809, 321.809, 321.809, 321.809, 321.809, 321.809, 321.809, 321.809, 321.809, 321.809, 321.809, 321.809, 321.809, 321.809, 321.809, 321.809, 321.809, 321.809, 321.809, 321.809, 321.809, 321.809, 321.809, 321.809, 321.809, 321.809, 321.809, 321.809, 321.809, 321.809, 321.809, 321.809, 321.809, 321.809, 321.809, 321.809, 321.809, 321.809, 321.809, 321.809, 321.809, 321.809, 321.809, 321.809, 321.809, 321.809, 321.809, 321.809, 321.809, 321.809, 321.809, 321.809, 321.809, 321.809, 321.809, 321.809, 321.809, 321.809, 321.809, 321.809, 321.809, 321.809, 321.809, 321.809, 321.809, 321.809, 321.809, 321.809, 321.809, 321.809, 321.809, 321.809, 321.809, 321.809, 321.809, 321.809, 321.809, 321.809, 321.809, 321.809, 321.809, 321.809, 321.809, 321.809, 321.809, 321.809, 321.809, 321.809, 321.807, 300, 
321.834, 321.834, 321.834, 321.834, 321.834, 321.834, 321.834, 321.834, 321.834, 321.834, 321.834, 321.834, 321.834, 321.834, 321.834, 321.834, 321.834, 321.834, 321.834, 321.834, 321.834, 321.834, 321.834, 321.834, 321.834, 321.834, 321.834, 321.834, 321.834, 321.834, 321.834, 321.834, 321.834, 321.834, 321.834, 321.834, 321.834, 321.834, 321.834, 321.834, 321.834, 321.834, 321.834, 321.834, 321.834, 321.834, 321.834, 321.834, 321.834, 321.834, 321.834, 321.834, 321.834, 321.834, 321.834, 321.834, 321.834, 321.834, 321.834, 321.834, 321.834, 321.834, 321.834, 321.834, 321.834, 321.834, 321.834, 321.834, 321.834, 321.834, 321.834, 321.834, 321.834, 321.834, 321.834, 321.834, 321.834, 321.834, 321.834, 321.834, 321.834, 321.834, 321.834, 321.834, 321.834, 321.834, 321.834, 321.834, 321.834, 321.834, 321.834, 321.834, 321.834, 321.834, 321.834, 321.834, 321.834, 321.834, 321.833, 300, 
321.86, 321.86, 321.86, 321.86, 321.86, 321.86, 321.86, 321.86, 321.86, 321.86, 321.86, 321.86, 321.86, 321.86, 321.86, 321.86, 321.86, 321.86, 321.86, 321.86, 321.86, 321.86, 321.86, 321.86, 321.86, 321.86, 321.86, 321.86, 321.86, 321.86, 321.86, 321.86, 321.86, 321.86, 321.86, 321.86, 321.86, 321.86, 321.86, 321.86, 321.86, 321.86, 321.86, 321.86, 321.86, 321.86, 321.86, 321.86, 321.86, 321.86, 321.86, 321.86, 321.86, 321.86, 321.86, 321.86, 321.86, 321.86, 321.86, 321.86, 321.86, 321.86, 321.86, 321.86, 321.86, 321.86, 321.86, 321.86, 321.86, 321.86, 321.86, 321.86, 321.86, 321.86, 321.86, 321.86, 321.86, 321.86, 321.86, 321.86, 321.86, 321.86, 321.86, 321.86, 321.86, 321.86, 321.86, 321.86, 321.86, 321.86, 321.86, 321.86, 321.86, 321.86, 321.86, 321.86, 321.86, 321.86, 321.858, 300, 
321.885, 321.885, 321.885, 321.885, 321.885, 321.885, 321.885, 321.885, 321.885, 321.885, 321.885, 321.885, 321.885, 321.885, 321.885, 321.885, 321.885, 321.885, 321.885, 321.885, 321.885, 321.885, 321.885, 321.885, 321.885, 321.885, 321.885, 321.885, 321.885, 321.885, 321.885, 321.885, 321.885, 321.885, 321.885, 321.885, 321.885, 321.885, 321.885, 321.885, 321.885, 321.885, 321.885, 321.885, 321.885, 321.885, 321.885, 321.885, 321.885, 321.885, 321.885, 321.885, 321.885, 321.885, 321.885, 321.885, 321.885, 321.885, 321.885, 321.885, 321.885, 321.885, 321.885, 321.885, 321.885, 321.885, 321.885, 321.885, 321.885, 321.885, 321.885, 321.885, 321.885, 321.885, 321.885, 321.885, 321.885, 321.885, 321.885, 321.885, 321.885, 321.885, 321.885, 321.885, 321.885, 321.885, 321.885, 321.885, 321.885, 321.885, 321.885, 321.885, 321.885, 321.885, 321.885, 321.885, 321.885, 321.885, 321.884, 300, 
321.911, 321.911, 321.911, 321.911, 321.911, 321.911, 321.911, 321.911, 321.911, 321.911, 321.911, 321.911, 321.911, 321.911, 321.911, 321.911, 321.911, 321.911, 321.911, 321.911, 321.911, 321.911, 321.911, 321.911, 321.911, 321.911, 321.911, 321.911, 321.911, 321.911, 321.911, 321.911, 321.911, 321.911, 321.911, 321.911, 321.911, 321.911, 321.911, 321.911, 321.911, 321.911, 321.911, 321.911, 321.911, 321.911, 321.911, 321.911, 321.911, 321.911, 321.911, 321.911, 321.911, 321.911, 321.911, 321.911, 321.911, 321.911, 321.911, 321.911, 321.911, 321.911, 321.911, 321.911, 321.911, 321.911, 321.911, 321.911, 321.911, 321.911, 321.911, 321.911, 321.911, 321.911, 321.911, 321.911, 321.911, 321.911, 321.911, 321.911, 321.911, 321.911, 321.911, 321.911, 321.911, 321.911, 321.911, 321.911, 321.911, 321.911, 321.911, 321.911, 321.911, 321.911, 321.911, 321.911, 321.911, 321.911, 321.909, 300, 
321.936, 321.936, 321.936, 321.936, 321.936, 321.936, 321.936, 321.936, 321.936, 321.936, 321.936, 321.936, 321.936, 321.936, 321.936, 321.936, 321.936, 321.936, 321.936, 321.936, 321.936, 321.936, 321.936, 321.936, 321.936, 321.936, 321.936, 321.936, 321.936, 321.936, 321.936, 321.936, 321.936, 321.936, 321.936, 321.936, 321.936, 321.936, 321.936, 321.936, 321.936, 321.936, 321.936, 321.936, 321.936, 321.936, 321.936, 321.936, 321.936, 321.936, 321.936, 321.936, 321.936, 321.936, 321.936, 321.936, 321.936, 321.936, 321.936, 321.936, 321.936, 321.936, 321.936, 321.936, 321.936, 321.936, 321.936, 321.936, 321.936, 321.936, 321.936, 321.936, 321.936, 321.936, 321.936, 321.936, 321.936, 321.936, 321.936, 321.936, 321.936, 321.936, 321.936, 321.936, 321.936, 321.936, 321.936, 321.936, 321.936, 321.936, 321.936, 321.936, 321.936, 321.936, 321.936, 321.936, 321.936, 321.936, 321.935, 300, 
321.962, 321.962, 321.962, 321.962, 321.962, 321.962, 321.962, 321.962, 321.962, 321.962, 321.962, 321.962, 321.962, 321.962, 321.962, 321.962, 321.962, 321.962, 321.962, 321.962, 321.962, 321.962, 321.962, 321.962, 321.962, 321.962, 321.962, 321.962, 321.962, 321.962, 321.962, 321.962, 321.962, 321.962, 321.962, 321.962, 321.962, 321.962, 321.962, 321.962, 321.962, 321.962, 321.962, 321.962, 321.962, 321.962, 321.962, 321.962, 321.962, 321.962, 321.962, 321.962, 321.962, 321.962, 321.962, 321.962, 321.962, 321.962, 321.962, 321.962, 321.962, 321.962, 321.962, 321.962, 321.962, 321.962, 321.962, 321.962, 321.962, 321.962, 321.962, 321.962, 321.962, 321.962, 321.962, 321.962, 321.962, 321.962, 321.962, 321.962, 321.962, 321.962, 321.962, 321.962, 321.962, 321.962, 321.962, 321.962, 321.962, 321.962, 321.962, 321.962, 321.962, 321.962, 321.962, 321.962, 321.962, 321.962, 321.96, 300, 
321.987, 321.987, 321.987, 321.987, 321.987, 321.987, 321.987, 321.987, 321.987, 321.987, 321.987, 321.987, 321.987, 321.987, 321.987, 321.987, 321.987, 321.987, 321.987, 321.987, 321.987, 321.987, 321.987, 321.987, 321.987, 321.987, 321.987, 321.987, 321.987, 321.987, 321.987, 321.987, 321.987, 321.987, 321.987, 321.987, 321.987, 321.987, 321.987, 321.987, 321.987, 321.987, 321.987, 321.987, 321.987, 321.987, 321.987, 321.987, 321.987, 321.987, 321.987, 321.987, 321.987, 321.987, 321.987, 321.987, 321.987, 321.987, 321.987, 321.987, 321.987, 321.987, 321.987, 321.987, 321.987, 321.987, 321.987, 321.987, 321.987, 321.987, 321.987, 321.987, 321.987, 321.987, 321.987, 321.987, 321.987, 321.987, 321.987, 321.987, 321.987, 321.987, 321.987, 321.987, 321.987, 321.987, 321.987, 321.987, 321.987, 321.987, 321.987, 321.987, 321.987, 321.987, 321.987, 321.987, 321.987, 321.987, 321.986, 300, 
322.013, 322.013, 322.013, 322.013, 322.013, 322.013, 322.013, 322.013, 322.013, 322.013, 322.013, 322.013, 322.013, 322.013, 322.013, 322.013, 322.013, 322.013, 322.013, 322.013, 322.013, 322.013, 322.013, 322.013, 322.013, 322.013, 322.013, 322.013, 322.013, 322.013, 322.013, 322.013, 322.013, 322.013, 322.013, 322.013, 322.013, 322.013, 322.013, 322.013, 322.013, 322.013, 322.013, 322.013, 322.013, 322.013, 322.013, 322.013, 322.013, 322.013, 322.013, 322.013, 322.013, 322.013, 322.013, 322.013, 322.013, 322.013, 322.013, 322.013, 322.013, 322.013, 322.013, 322.013, 322.013, 322.013, 322.013, 322.013, 322.013, 322.013, 322.013, 322.013, 322.013, 322.013, 322.013, 322.013, 322.013, 322.013, 322.013, 322.013, 322.013, 322.013, 322.013, 322.013, 322.013, 322.013, 322.013, 322.013, 322.013, 322.013, 322.013, 322.013, 322.013, 322.013, 322.013, 322.013, 322.013, 322.013, 322.011, 300, 
322.038, 322.038, 322.038, 322.038, 322.038, 322.038, 322.038, 322.038, 322.038, 322.038, 322.038, 322.038, 322.038, 322.038, 322.038, 322.038, 322.038, 322.038, 322.038, 322.038, 322.038, 322.038, 322.038, 322.038, 322.038, 322.038, 322.038, 322.038, 322.038, 322.038, 322.038, 322.038, 322.038, 322.038, 322.038, 322.038, 322.038, 322.038, 322.038, 322.038, 322.038, 322.038, 322.038, 322.038, 322.038, 322.038, 322.038, 322.038, 322.038, 322.038, 322.038, 322.038, 322.038, 322.038, 322.038, 322.038, 322.038, 322.038, 322.038, 322.038, 322.038, 322.038, 322.038, 322.038, 322.038, 322.038, 322.038, 322.038, 322.038, 322.038, 322.038, 322.038, 322.038, 322.038, 322.038, 322.038, 322.038, 322.038, 322.038, 322.038, 322.038, 322.038, 322.038, 322.038, 322.038, 322.038, 322.038, 322.038, 322.038, 322.038, 322.038, 322.038, 322.038, 322.038, 322.038, 322.038, 322.038, 322.038, 322.036, 300, 
322.064, 322.064, 322.064, 322.064, 322.064, 322.064, 322.064, 322.064, 322.064, 322.064, 322.064, 322.064, 322.064, 322.064, 322.064, 322.064, 322.064, 322.064, 322.064, 322.064, 322.064, 322.064, 322.064, 322.064, 322.064, 322.064, 322.064, 322.064, 322.064, 322.064, 322.064, 322.064, 322.064, 322.064, 322.064, 322.064, 322.064, 322.064, 322.064, 322.064, 322.064, 322.064, 322.064, 322.064, 322.064, 322.064, 322.064, 322.064, 322.064, 322.064, 322.064, 322.064, 322.064, 322.064, 322.064, 322.064, 322.064, 322.064, 322.064, 322.064, 322.064, 322.064, 322.064, 322.064, 322.064, 322.064, 322.064, 322.064, 322.064, 322.064, 322.064, 322.064, 322.064, 322.064, 322.064, 322.064, 322.064, 322.064, 322.064, 322.064, 322.064, 322.064, 322.064, 322.064, 322.064, 322.064, 322.064, 322.064, 322.064, 322.064, 322.064, 322.064, 322.064, 322.064, 322.064, 322.064, 322.064, 322.064, 322.062, 300, 
322.089, 322.089, 322.089, 322.089, 322.089, 322.089, 322.089, 322.089, 322.089, 322.089, 322.089, 322.089, 322.089, 322.089, 322.089, 322.089, 322.089, 322.089, 322.089, 322.089, 322.089, 322.089, 322.089, 322.089, 322.089, 322.089, 322.089, 322.089, 322.089, 322.089, 322.089, 322.089, 322.089, 322.089, 322.089, 322.089, 322.089, 322.089, 322.089, 322.089, 322.089, 322.089, 322.089, 322.089, 322.089, 322.089, 322.089, 322.089, 322.089, 322.089, 322.089, 322.089, 322.089, 322.089, 322.089, 322.089, 322.089, 322.089, 322.089, 322.089, 322.089, 322.089, 322.089, 322.089, 322.089, 322.089, 322.089, 322.089, 322.089, 322.089, 322.089, 322.089, 322.089, 322.089, 322.089, 322.089, 322.089, 322.089, 322.089, 322.089, 322.089, 322.089, 322.089, 322.089, 322.089, 322.089, 322.089, 322.089, 322.089, 322.089, 322.089, 322.089, 322.089, 322.089, 322.089, 322.089, 322.089, 322.089, 322.087, 300, 
322.115, 322.115, 322.115, 322.115, 322.115, 322.115, 322.115, 322.115, 322.115, 322.115, 322.115, 322.115, 322.115, 322.115, 322.115, 322.115, 322.115, 322.115, 322.115, 322.115, 322.115, 322.115, 322.115, 322.115, 322.115, 322.115, 322.115, 322.115, 322.115, 322.115, 322.115, 322.115, 322.115, 322.115, 322.115, 322.115, 322.115, 322.115, 322.115, 322.115, 322.115, 322.115, 322.115, 322.115, 322.115, 322.115, 322.115, 322.115, 322.115, 322.115, 322.115, 322.115, 322.115, 322.115, 322.115, 322.115, 322.115, 322.115, 322.115, 322.115, 322.115, 322.115, 322.115, 322.115, 322.115, 322.115, 322.115, 322.115, 322.115, 322.115, 322.115, 322.115, 322.115, 322.115, 322.115, 322.115, 322.115, 322.115, 322.115, 322.115, 322.115, 322.115, 322.115, 322.115, 322.115, 322.115, 322.115, 322.115, 322.115, 322.115, 322.115, 322.115, 322.115, 322.115, 322.115, 322.115, 322.115, 322.115, 322.113, 300, 
322.14, 322.14, 322.14, 322.14, 322.14, 322.14, 322.14, 322.14, 322.14, 322.14, 322.14, 322.14, 322.14, 322.14, 322.14, 322.14, 322.14, 322.14, 322.14, 322.14, 322.14, 322.14, 322.14, 322.14, 322.14, 322.14, 322.14, 322.14, 322.14, 322.14, 322.14, 322.14, 322.14, 322.14, 322.14, 322.14, 322.14, 322.14, 322.14, 322.14, 322.14, 322.14, 322.14, 322.14, 322.14, 322.14, 322.14, 322.14, 322.14, 322.14, 322.14, 322.14, 322.14, 322.14, 322.14, 322.14, 322.14, 322.14, 322.14, 322.14, 322.14, 322.14, 322.14, 322.14, 322.14, 322.14, 322.14, 322.14, 322.14, 322.14, 322.14, 322.14, 322.14, 322.14, 322.14, 322.14, 322.14, 322.14, 322.14, 322.14, 322.14, 322.14, 322.14, 322.14, 322.14, 322.14, 322.14, 322.14, 322.14, 322.14, 322.14, 322.14, 322.14, 322.14, 322.14, 322.14, 322.14, 322.14, 322.138, 300, 
322.166, 322.166, 322.166, 322.166, 322.166, 322.166, 322.166, 322.166, 322.166, 322.166, 322.166, 322.166, 322.166, 322.166, 322.166, 322.166, 322.166, 322.166, 322.166, 322.166, 322.166, 322.166, 322.166, 322.166, 322.166, 322.166, 322.166, 322.166, 322.166, 322.166, 322.166, 322.166, 322.166, 322.166, 322.166, 322.166, 322.166, 322.166, 322.166, 322.166, 322.166, 322.166, 322.166, 322.166, 322.166, 322.166, 322.166, 322.166, 322.166, 322.166, 322.166, 322.166, 322.166, 322.166, 322.166, 322.166, 322.166, 322.166, 322.166, 322.166, 322.166, 322.166, 322.166, 322.166, 322.166, 322.166, 322.166, 322.166, 322.166, 322.166, 322.166, 322.166, 322.166, 322.166, 322.166, 322.166, 322.166, 322.166, 322.166, 322.166, 322.166, 322.166, 322.166, 322.166, 322.166, 322.166, 322.166, 322.166, 322.166, 322.166, 322.166, 322.166, 322.166, 322.166, 322.166, 322.166, 322.166, 322.166, 322.164, 300, 
322.191, 322.191, 322.191, 322.191, 322.191, 322.191, 322.191, 322.191, 322.191, 322.191, 322.191, 322.191, 322.191, 322.191, 322.191, 322.191, 322.191, 322.191, 322.191, 322.191, 322.191, 322.191, 322.191, 322.191, 322.191, 322.191, 322.191, 322.191, 322.191, 322.191, 322.191, 322.191, 322.191, 322.191, 322.191, 322.191, 322.191, 322.191, 322.191, 322.191, 322.191, 322.191, 322.191, 322.191, 322.191, 322.191, 322.191, 322.191, 322.191, 322.191, 322.191, 322.191, 322.191, 322.191, 322.191, 322.191, 322.191, 322.191, 322.191, 322.191, 322.191, 322.191, 322.191, 322.191, 322.191, 322.191, 322.191, 322.191, 322.191, 322.191, 322.191, 322.191, 322.191, 322.191, 322.191, 322.191, 322.191, 322.191, 322.191, 322.191, 322.191, 322.191, 322.191, 322.191, 322.191, 322.191, 322.191, 322.191, 322.191, 322.191, 322.191, 322.191, 322.191, 322.191, 322.191, 322.191, 322.191, 322.191, 322.189, 300, 
322.217, 322.217, 322.217, 322.217, 322.217, 322.217, 322.217, 322.217, 322.217, 322.217, 322.217, 322.217, 322.217, 322.217, 322.217, 322.217, 322.217, 322.217, 322.217, 322.217, 322.217, 322.217, 322.217, 322.217, 322.217, 322.217, 322.217, 322.217, 322.217, 322.217, 322.217, 322.217, 322.217, 322.217, 322.217, 322.217, 322.217, 322.217, 322.217, 322.217, 322.217, 322.217, 322.217, 322.217, 322.217, 322.217, 322.217, 322.217, 322.217, 322.217, 322.217, 322.217, 322.217, 322.217, 322.217, 322.217, 322.217, 322.217, 322.217, 322.217, 322.217, 322.217, 322.217, 322.217, 322.217, 322.217, 322.217, 322.217, 322.217, 322.217, 322.217, 322.217, 322.217, 322.217, 322.217, 322.217, 322.217, 322.217, 322.217, 322.217, 322.217, 322.217, 322.217, 322.217, 322.217, 322.217, 322.217, 322.217, 322.217, 322.217, 322.217, 322.217, 322.217, 322.217, 322.217, 322.217, 322.217, 322.217, 322.215, 300, 
322.242, 322.242, 322.242, 322.242, 322.242, 322.242, 322.242, 322.242, 322.242, 322.242, 322.242, 322.242, 322.242, 322.242, 322.242, 322.242, 322.242, 322.242, 322.242, 322.242, 322.242, 322.242, 322.242, 322.242, 322.242, 322.242, 322.242, 322.242, 322.242, 322.242, 322.242, 322.242, 322.242, 322.242, 322.242, 322.242, 322.242, 322.242, 322.242, 322.242, 322.242, 322.242, 322.242, 322.242, 322.242, 322.242, 322.242, 322.242, 322.242, 322.242, 322.242, 322.242, 322.242, 322.242, 322.242, 322.242, 322.242, 322.242, 322.242, 322.242, 322.242, 322.242, 322.242, 322.242, 322.242, 322.242, 322.242, 322.242, 322.242, 322.242, 322.242, 322.242, 322.242, 322.242, 322.242, 322.242, 322.242, 322.242, 322.242, 322.242, 322.242, 322.242, 322.242, 322.242, 322.242, 322.242, 322.242, 322.242, 322.242, 322.242, 322.242, 322.242, 322.242, 322.242, 322.242, 322.242, 322.242, 322.242, 322.24, 300, 
322.268, 322.268, 322.268, 322.268, 322.268, 322.268, 322.268, 322.268, 322.268, 322.268, 322.268, 322.268, 322.268, 322.268, 322.268, 322.268, 322.268, 322.268, 322.268, 322.268, 322.268, 322.268, 322.268, 322.268, 322.268, 322.268, 322.268, 322.268, 322.268, 322.268, 322.268, 322.268, 322.268, 322.268, 322.268, 322.268, 322.268, 322.268, 322.268, 322.268, 322.268, 322.268, 322.268, 322.268, 322.268, 322.268, 322.268, 322.268, 322.268, 322.268, 322.268, 322.268, 322.268, 322.268, 322.268, 322.268, 322.268, 322.268, 322.268, 322.268, 322.268, 322.268, 322.268, 322.268, 322.268, 322.268, 322.268, 322.268, 322.268, 322.268, 322.268, 322.268, 322.268, 322.268, 322.268, 322.268, 322.268, 322.268, 322.268, 322.268, 322.268, 322.268, 322.268, 322.268, 322.268, 322.268, 322.268, 322.268, 322.268, 322.268, 322.268, 322.268, 322.268, 322.268, 322.268, 322.268, 322.268, 322.268, 322.266, 300, 
322.293, 322.293, 322.293, 322.293, 322.293, 322.293, 322.293, 322.293, 322.293, 322.293, 322.293, 322.293, 322.293, 322.293, 322.293, 322.293, 322.293, 322.293, 322.293, 322.293, 322.293, 322.293, 322.293, 322.293, 322.293, 322.293, 322.293, 322.293, 322.293, 322.293, 322.293, 322.293, 322.293, 322.293, 322.293, 322.293, 322.293, 322.293, 322.293, 322.293, 322.293, 322.293, 322.293, 322.293, 322.293, 322.293, 322.293, 322.293, 322.293, 322.293, 322.293, 322.293, 322.293, 322.293, 322.293, 322.293, 322.293, 322.293, 322.293, 322.293, 322.293, 322.293, 322.293, 322.293, 322.293, 322.293, 322.293, 322.293, 322.293, 322.293, 322.293, 322.293, 322.293, 322.293, 322.293, 322.293, 322.293, 322.293, 322.293, 322.293, 322.293, 322.293, 322.293, 322.293, 322.293, 322.293, 322.293, 322.293, 322.293, 322.293, 322.293, 322.293, 322.293, 322.293, 322.293, 322.293, 322.293, 322.293, 322.291, 300, 
322.318, 322.318, 322.318, 322.318, 322.318, 322.318, 322.318, 322.318, 322.318, 322.318, 322.318, 322.318, 322.318, 322.318, 322.318, 322.318, 322.318, 322.318, 322.318, 322.318, 322.318, 322.318, 322.318, 322.318, 322.318, 322.318, 322.318, 322.318, 322.318, 322.318, 322.318, 322.318, 322.318, 322.318, 322.318, 322.318, 322.318, 322.318, 322.318, 322.318, 322.318, 322.318, 322.318, 322.318, 322.318, 322.318, 322.318, 322.318, 322.318, 322.318, 322.318, 322.318, 322.318, 322.318, 322.318, 322.318, 322.318, 322.318, 322.318, 322.318, 322.318, 322.318, 322.318, 322.318, 322.318, 322.318, 322.318, 322.318, 322.318, 322.318, 322.318, 322.318, 322.318, 322.318, 322.318, 322.318, 322.318, 322.318, 322.318, 322.318, 322.318, 322.318, 322.318, 322.318, 322.318, 322.318, 322.318, 322.318, 322.318, 322.318, 322.318, 322.318, 322.318, 322.318, 322.318, 322.319, 322.319, 322.319, 322.316, 300, 
322.344, 322.344, 322.344, 322.344, 322.344, 322.344, 322.344, 322.344, 322.344, 322.344, 322.344, 322.344, 322.344, 322.344, 322.344, 322.344, 322.344, 322.344, 322.344, 322.344, 322.344, 322.344, 322.344, 322.344, 322.344, 322.344, 322.344, 322.344, 322.344, 322.344, 322.344, 322.344, 322.344, 322.344, 322.344, 322.344, 322.344, 322.344, 322.344, 322.344, 322.344, 322.344, 322.344, 322.344, 322.344, 322.344, 322.344, 322.344, 322.344, 322.344, 322.344, 322.344, 322.344, 322.344, 322.344, 322.344, 322.344, 322.344, 322.344, 322.344, 322.344, 322.344, 322.344, 322.344, 322.344, 322.344, 322.344, 322.344, 322.344, 322.344, 322.344, 322.344, 322.344, 322.344, 322.344, 322.344, 322.344, 322.344, 322.344, 322.344, 322.344, 322.344, 322.344, 322.344, 322.344, 322.344, 322.344, 322.344, 322.344, 322.344, 322.344, 322.344, 322.344, 322.344, 322.344, 322.344, 322.344, 322.344, 322.342, 300, 
322.369, 322.369, 322.369, 322.369, 322.369, 322.369, 322.369, 322.369, 322.369, 322.369, 322.369, 322.369, 322.369, 322.369, 322.369, 322.369, 322.369, 322.369, 322.369, 322.369, 322.369, 322.369, 322.369, 322.369, 322.369, 322.369, 322.369, 322.369, 322.369, 322.369, 322.369, 322.369, 322.369, 322.369, 322.369, 322.369, 322.369, 322.369, 322.369, 322.369, 322.369, 322.369, 322.369, 322.369, 322.369, 322.369, 322.369, 322.369, 322.369, 322.369, 322.369, 322.369, 322.369, 322.369, 322.369, 322.369, 322.369, 322.369, 322.369, 322.369, 322.369, 322.369, 322.369, 322.369, 322.369, 322.369, 322.369, 322.369, 322.369, 322.369, 322.369, 322.369, 322.369, 322.369, 322.369, 322.369, 322.369, 322.369, 322.369, 322.369, 322.369, 322.369, 322.369, 322.369, 322.369, 322.369, 322.369, 322.369, 322.369, 322.369, 322.369, 322.369, 322.369, 322.369, 322.369, 322.369, 322.369, 322.369, 322.367, 300, 
322.395, 322.395, 322.395, 322.395, 322.395, 322.395, 322.395, 322.395, 322.395, 322.395, 322.395, 322.395, 322.395, 322.395, 322.395, 322.395, 322.395, 322.395, 322.395, 322.395, 322.395, 322.395, 322.395, 322.395, 322.395, 322.395, 322.395, 322.395, 322.395, 322.395, 322.395, 322.395, 322.395, 322.395, 322.395, 322.395, 322.395, 322.395, 322.395, 322.395, 322.395, 322.395, 322.395, 322.395, 322.395, 322.395, 322.395, 322.395, 322.395, 322.395, 322.395, 322.395, 322.395, 322.395, 322.395, 322.395, 322.395, 322.395, 322.395, 322.395, 322.395, 322.395, 322.395, 322.395, 322.395, 322.395, 322.395, 322.395, 322.395, 322.395, 322.395, 322.395, 322.395, 322.395, 322.395, 322.395, 322.395, 322.395, 322.395, 322.395, 322.395, 322.395, 322.395, 322.395, 322.395, 322.395, 322.395, 322.395, 322.395, 322.395, 322.395, 322.395, 322.395, 322.395, 322.395, 322.395, 322.395, 322.395, 322.393, 300, 
322.42, 322.42, 322.42, 322.42, 322.42, 322.42, 322.42, 322.42, 322.42, 322.42, 322.42, 322.42, 322.42, 322.42, 322.42, 322.42, 322.42, 322.42, 322.42, 322.42, 322.42, 322.42, 322.42, 322.42, 322.42, 322.42, 322.42, 322.42, 322.42, 322.42, 322.42, 322.42, 322.42, 322.42, 322.42, 322.42, 322.42, 322.42, 322.42, 322.42, 322.42, 322.42, 322.42, 322.42, 322.42, 322.42, 322.42, 322.42, 322.42, 322.42, 322.42, 322.42, 322.42, 322.42, 322.42, 322.42, 322.42, 322.42, 322.42, 322.42, 322.42, 322.42, 322.42, 322.42, 322.42, 322.42, 322.42, 322.42, 322.42, 322.42, 322.42, 322.42, 322.42, 322.42, 322.42, 322.42, 322.42, 322.42, 322.42, 322.42, 322.42, 322.42, 322.42, 322.42, 322.42, 322.42, 322.42, 322.42, 322.42, 322.42, 322.42, 322.42, 322.42, 322.42, 322.42, 322.42, 322.42, 322.42, 322.418, 300, 
322.446, 322.446, 322.446, 322.446, 322.446, 322.446, 322.446, 322.446, 322.446, 322.446, 322.446, 322.446, 322.446, 322.446, 322.446, 322.446, 322.446, 322.446, 322.446, 322.446, 322.446, 322.446, 322.446, 322.446, 322.446, 322.446, 322.446, 322.446, 322.446, 322.446, 322.446, 322.446, 322.446, 322.446, 322.446, 322.446, 322.446, 322.446, 322.446, 322.446, 322.446, 322.446, 322.446, 322.446, 322.446, 322.446, 322.446, 322.446, 322.446, 322.446, 322.446, 322.446, 322.446, 322.446, 322.446, 322.446, 322.446, 322.446, 322.446, 322.446, 322.446, 322.446, 322.446, 322.446, 322.446, 322.446, 322.446, 322.446, 322.446, 322.446, 322.446, 322.446, 322.446, 322.446, 322.446, 322.446, 322.446, 322.446, 322.446, 322.446, 322.446, 322.446, 322.446, 322.446, 322.446, 322.446, 322.446, 322.446, 322.446, 322.446, 322.446, 322.446, 322.446, 322.446, 322.446, 322.446, 322.446, 322.446, 322.444, 300, 
322.471, 322.471, 322.471, 322.471, 322.471, 322.471, 322.471, 322.471, 322.471, 322.471, 322.471, 322.471, 322.471, 322.471, 322.471, 322.471, 322.471, 322.471, 322.471, 322.471, 322.471, 322.471, 322.471, 322.471, 322.471, 322.471, 322.471, 322.471, 322.471, 322.471, 322.471, 322.471, 322.471, 322.471, 322.471, 322.471, 322.471, 322.471, 322.471, 322.471, 322.471, 322.471, 322.471, 322.471, 322.471, 322.471, 322.471, 322.471, 322.471, 322.471, 322.471, 322.471, 322.471, 322.471, 322.471, 322.471, 322.471, 322.471, 322.471, 322.471, 322.471, 322.471, 322.471, 322.471, 322.471, 322.471, 322.471, 322.471, 322.471, 322.471, 322.471, 322.471, 322.471, 322.471, 322.471, 322.471, 322.471, 322.471, 322.471, 322.471, 322.471, 322.471, 322.471, 322.471, 322.471, 322.471, 322.471, 322.471, 322.471, 322.471, 322.471, 322.471, 322.471, 322.471, 322.471, 322.471, 322.471, 322.471, 322.469, 300, 
322.497, 322.497, 322.497, 322.497, 322.497, 322.497, 322.497, 322.497, 322.497, 322.497, 322.497, 322.497, 322.497, 322.497, 322.497, 322.497, 322.497, 322.497, 322.497, 322.497, 322.497, 322.497, 322.497, 322.497, 322.497, 322.497, 322.497, 322.497, 322.497, 322.497, 322.497, 322.497, 322.497, 322.497, 322.497, 322.497, 322.497, 322.497, 322.497, 322.497, 322.497, 322.497, 322.497, 322.497, 322.497, 322.497, 322.497, 322.497, 322.497, 322.497, 322.497, 322.497, 322.497, 322.497, 322.497, 322.497, 322.497, 322.497, 322.497, 322.497, 322.497, 322.497, 322.497, 322.497, 322.497, 322.497, 322.497, 322.497, 322.497, 322.497, 322.497, 322.497, 322.497, 322.497, 322.497, 322.497, 322.497, 322.497, 322.497, 322.497, 322.497, 322.497, 322.497, 322.497, 322.497, 322.497, 322.497, 322.497, 322.497, 322.497, 322.497, 322.497, 322.497, 322.497, 322.497, 322.497, 322.497, 322.497, 322.495, 300, 
322.522, 322.522, 322.522, 322.522, 322.522, 322.522, 322.522, 322.522, 322.522, 322.522, 322.522, 322.522, 322.522, 322.522, 322.522, 322.522, 322.522, 322.522, 322.522, 322.522, 322.522, 322.522, 322.522, 322.522, 322.522, 322.522, 322.522, 322.522, 322.522, 322.522, 322.522, 322.522, 322.522, 322.522, 322.522, 322.522, 322.522, 322.522, 322.522, 322.522, 322.522, 322.522, 322.522, 322.522, 322.522, 322.522, 322.522, 322.522, 322.522, 322.522, 322.522, 322.522, 322.522, 322.522, 322.522, 322.522, 322.522, 322.522, 322.522, 322.522, 322.522, 322.522, 322.522, 322.522, 322.522, 322.522, 322.522, 322.522, 322.522, 322.522, 322.522, 322.522, 322.522, 322.522, 322.522, 322.522, 322.522, 322.522, 322.522, 322.522, 322.522, 322.522, 322.522, 322.522, 322.522, 322.522, 322.522, 322.522, 322.522, 322.522, 322.522, 322.522, 322.522, 322.522, 322.522, 322.522, 322.522, 322.522, 322.52, 300, 
322.548, 322.548, 322.548, 322.548, 322.548, 322.548, 322.548, 322.548, 322.548, 322.548, 322.548, 322.548, 322.548, 322.548, 322.548, 322.548, 322.548, 322.548, 322.548, 322.548, 322.548, 322.548, 322.548, 322.548, 322.548, 322.548, 322.548, 322.548, 322.548, 322.548, 322.548, 322.548, 322.548, 322.548, 322.548, 322.548, 322.548, 322.548, 322.548, 322.548, 322.548, 322.548, 322.548, 322.548, 322.548, 322.548, 322.548, 322.548, 322.548, 322.548, 322.548, 322.548, 322.548, 322.548, 322.548, 322.548, 322.548, 322.548, 322.548, 322.548, 322.548, 322.548, 322.548, 322.548, 322.548, 322.548, 322.548, 322.548, 322.548, 322.548, 322.548, 322.548, 322.548, 322.548, 322.548, 322.548, 322.548, 322.548, 322.548, 322.548, 322.548, 322.548, 322.548, 322.548, 322.548, 322.548, 322.548, 322.548, 322.548, 322.548, 322.548, 322.548, 322.548, 322.548, 322.548, 322.548, 322.548, 322.548, 322.546, 300, 
322.573, 322.573, 322.573, 322.573, 322.573, 322.573, 322.573, 322.573, 322.573, 322.573, 322.573, 322.573, 322.573, 322.573, 322.573, 322.573, 322.573, 322.573, 322.573, 322.573, 322.573, 322.573, 322.573, 322.573, 322.573, 322.573, 322.573, 322.573, 322.573, 322.573, 322.573, 322.573, 322.573, 322.573, 322.573, 322.573, 322.573, 322.573, 322.573, 322.573, 322.573, 322.573, 322.573, 322.573, 322.573, 322.573, 322.573, 322.573, 322.573, 322.573, 322.573, 322.573, 322.573, 322.573, 322.573, 322.573, 322.573, 322.573, 322.573, 322.573, 322.573, 322.573, 322.573, 322.573, 322.573, 322.573, 322.573, 322.573, 322.573, 322.573, 322.573, 322.573, 322.573, 322.573, 322.573, 322.573, 322.573, 322.573, 322.573, 322.573, 322.573, 322.573, 322.573, 322.573, 322.573, 322.573, 322.573, 322.573, 322.573, 322.573, 322.573, 322.573, 322.573, 322.573, 322.573, 322.573, 322.573, 322.573, 322.571, 300, 
322.599, 322.599, 322.599, 322.599, 322.599, 322.599, 322.599, 322.599, 322.599, 322.599, 322.599, 322.599, 322.599, 322.599, 322.599, 322.599, 322.599, 322.599, 322.599, 322.599, 322.599, 322.599, 322.599, 322.599, 322.599, 322.599, 322.599, 322.599, 322.599, 322.599, 322.599, 322.599, 322.599, 322.599, 322.599, 322.599, 322.599, 322.599, 322.599, 322.599, 322.599, 322.599, 322.599, 322.599, 322.599, 322.599, 322.599, 322.599, 322.599, 322.599, 322.599, 322.599, 322.599, 322.599, 322.599, 322.599, 322.599, 322.599, 322.599, 322.599, 322.599, 322.599, 322.599, 322.599, 322.599, 322.599, 322.599, 322.599, 322.599, 322.599, 322.599, 322.599, 322.599, 322.599, 322.599, 322.599, 322.599, 322.599, 322.599, 322.599, 322.599, 322.599, 322.599, 322.599, 322.599, 322.599, 322.599, 322.599, 322.599, 322.599, 322.599, 322.599, 322.599, 322.599, 322.599, 322.599, 322.599, 322.599, 322.597, 300, 
322.624, 322.624, 322.624, 322.624, 322.624, 322.624, 322.624, 322.624, 322.624, 322.624, 322.624, 322.624, 322.624, 322.624, 322.624, 322.624, 322.624, 322.624, 322.624, 322.624, 322.624, 322.624, 322.624, 322.624, 322.624, 322.624, 322.624, 322.624, 322.624, 322.624, 322.624, 322.624, 322.624, 322.624, 322.624, 322.624, 322.624, 322.624, 322.624, 322.624, 322.624, 322.624, 322.624, 322.624, 322.624, 322.624, 322.624, 322.624, 322.624, 322.624, 322.624, 322.624, 322.624, 322.624, 322.624, 322.624, 322.624, 322.624, 322.624, 322.624, 322.624, 322.624, 322.624, 322.624, 322.624, 322.624, 322.624, 322.624, 322.624, 322.624, 322.624, 322.624, 322.624, 322.624, 322.624, 322.624, 322.624, 322.624, 322.624, 322.624, 322.624, 322.624, 322.624, 322.624, 322.624, 322.624, 322.624, 322.624, 322.624, 322.624, 322.624, 322.624, 322.624, 322.624, 322.624, 322.624, 322.624, 322.624, 322.622, 300, 
322.65, 322.65, 322.65, 322.65, 322.65, 322.65, 322.65, 322.65, 322.65, 322.65, 322.65, 322.65, 322.65, 322.65, 322.65, 322.65, 322.65, 322.65, 322.65, 322.65, 322.65, 322.65, 322.65, 322.65, 322.65, 322.65, 322.65, 322.65, 322.65, 322.65, 322.65, 322.65, 322.65, 322.65, 322.65, 322.65, 322.65, 322.65, 322.65, 322.65, 322.65, 322.65, 322.65, 322.65, 322.65, 322.65, 322.65, 322.65, 322.65, 322.65, 322.65, 322.65, 322.65, 322.65, 322.65, 322.65, 322.65, 322.65, 322.65, 322.65, 322.65, 322.65, 322.65, 322.65, 322.65, 322.65, 322.65, 322.65, 322.65, 322.65, 322.65, 322.65, 322.65, 322.65, 322.65, 322.65, 322.65, 322.65, 322.65, 322.65, 322.65, 322.65, 322.65, 322.65, 322.65, 322.65, 322.65, 322.65, 322.65, 322.65, 322.65, 322.65, 322.65, 322.65, 322.65, 322.65, 322.65, 322.65, 322.647, 300, 
322.675, 322.675, 322.675, 322.675, 322.675, 322.675, 322.675, 322.675, 322.675, 322.675, 322.675, 322.675, 322.675, 322.675, 322.675, 322.675, 322.675, 322.675, 322.675, 322.675, 322.675, 322.675, 322.675, 322.675, 322.675, 322.675, 322.675, 322.675, 322.675, 322.675, 322.675, 322.675, 322.675, 322.675, 322.675, 322.675, 322.675, 322.675, 322.675, 322.675, 322.675, 322.675, 322.675, 322.675, 322.675, 322.675, 322.675, 322.675, 322.675, 322.675, 322.675, 322.675, 322.675, 322.675, 322.675, 322.675, 322.675, 322.675, 322.675, 322.675, 322.675, 322.675, 322.675, 322.675, 322.675, 322.675, 322.675, 322.675, 322.675, 322.675, 322.675, 322.675, 322.675, 322.675, 322.675, 322.675, 322.675, 322.675, 322.675, 322.675, 322.675, 322.675, 322.675, 322.675, 322.675, 322.675, 322.675, 322.675, 322.675, 322.675, 322.675, 322.675, 322.675, 322.675, 322.675, 322.675, 322.675, 322.675, 322.673, 300, 
322.701, 322.701, 322.701, 322.701, 322.701, 322.701, 322.701, 322.701, 322.701, 322.701, 322.701, 322.701, 322.701, 322.701, 322.701, 322.701, 322.701, 322.701, 322.701, 322.701, 322.701, 322.701, 322.701, 322.701, 322.701, 322.701, 322.701, 322.701, 322.701, 322.701, 322.701, 322.701, 322.701, 322.701, 322.701, 322.701, 322.701, 322.701, 322.701, 322.701, 322.701, 322.701, 322.701, 322.701, 322.701, 322.701, 322.701, 322.701, 322.701, 322.701, 322.701, 322.701, 322.701, 322.701, 322.701, 322.701, 322.701, 322.701, 322.701, 322.701, 322.701, 322.701, 322.701, 322.701, 322.701, 322.701, 322.701, 322.701, 322.701, 322.701, 322.701, 322.701, 322.701, 322.701, 322.701, 322.701, 322.701, 322.701, 322.701, 322.701, 322.701, 322.701, 322.701, 322.701, 322.701, 322.701, 322.701, 322.701, 322.701, 322.701, 322.701, 322.701, 322.701, 322.701, 322.701, 322.701, 322.701, 322.701, 322.698, 300, 
322.726, 322.726, 322.726, 322.726, 322.726, 322.726, 322.726, 322.726, 322.726, 322.726, 322.726, 322.726, 322.726, 322.726, 322.726, 322.726, 322.726, 322.726, 322.726, 322.726, 322.726, 322.726, 322.726, 322.726, 322.726, 322.726, 322.726, 322.726, 322.726, 322.726, 322.726, 322.726, 322.726, 322.726, 322.726, 322.726, 322.726, 322.726, 322.726, 322.726, 322.726, 322.726, 322.726, 322.726, 322.726, 322.726, 322.726, 322.726, 322.726, 322.726, 322.726, 322.726, 322.726, 322.726, 322.726, 322.726, 322.726, 322.726, 322.726, 322.726, 322.726, 322.726, 322.726, 322.726, 322.726, 322.726, 322.726, 322.726, 322.726, 322.726, 322.726, 322.726, 322.726, 322.726, 322.726, 322.726, 322.726, 322.726, 322.726, 322.726, 322.726, 322.726, 322.726, 322.726, 322.726, 322.726, 322.726, 322.726, 322.726, 322.726, 322.726, 322.726, 322.726, 322.726, 322.726, 322.726, 322.726, 322.726, 322.724, 300, 
322.752, 322.752, 322.752, 322.752, 322.752, 322.752, 322.752, 322.752, 322.752, 322.752, 322.752, 322.752, 322.752, 322.752, 322.752, 322.752, 322.752, 322.752, 322.752, 322.752, 322.752, 322.752, 322.752, 322.752, 322.752, 322.752, 322.752, 322.752, 322.752, 322.752, 322.752, 322.752, 322.752, 322.752, 322.752, 322.752, 322.752, 322.752, 322.752, 322.752, 322.752, 322.752, 322.752, 322.752, 322.752, 322.752, 322.752, 322.752, 322.752, 322.752, 322.752, 322.752, 322.752, 322.752, 322.752, 322.752, 322.752, 322.752, 322.752, 322.752, 322.752, 322.752, 322.752, 322.752, 322.752, 322.752, 322.752, 322.752, 322.752, 322.752, 322.752, 322.752, 322.752, 322.752, 322.752, 322.752, 322.752, 322.752, 322.752, 322.752, 322.752, 322.752, 322.752, 322.752, 322.752, 322.752, 322.752, 322.752, 322.752, 322.752, 322.752, 322.752, 322.752, 322.752, 322.752, 322.752, 322.752, 322.752, 322.749, 300, 
322.777, 322.777, 322.777, 322.777, 322.777, 322.777, 322.777, 322.777, 322.777, 322.777, 322.777, 322.777, 322.777, 322.777, 322.777, 322.777, 322.777, 322.777, 322.777, 322.777, 322.777, 322.777, 322.777, 322.777, 322.777, 322.777, 322.777, 322.777, 322.777, 322.777, 322.777, 322.777, 322.777, 322.777, 322.777, 322.777, 322.777, 322.777, 322.777, 322.777, 322.777, 322.777, 322.777, 322.777, 322.777, 322.777, 322.777, 322.777, 322.777, 322.777, 322.777, 322.777, 322.777, 322.777, 322.777, 322.777, 322.777, 322.777, 322.777, 322.777, 322.777, 322.777, 322.777, 322.777, 322.777, 322.777, 322.777, 322.777, 322.777, 322.777, 322.777, 322.777, 322.777, 322.777, 322.777, 322.777, 322.777, 322.777, 322.777, 322.777, 322.777, 322.777, 322.777, 322.777, 322.777, 322.777, 322.777, 322.777, 322.777, 322.777, 322.777, 322.777, 322.777, 322.777, 322.777, 322.777, 322.777, 322.777, 322.775, 300, 
322.803, 322.803, 322.803, 322.803, 322.803, 322.803, 322.803, 322.803, 322.803, 322.803, 322.803, 322.803, 322.803, 322.803, 322.803, 322.803, 322.803, 322.803, 322.803, 322.803, 322.803, 322.803, 322.803, 322.803, 322.803, 322.803, 322.803, 322.803, 322.803, 322.803, 322.803, 322.803, 322.803, 322.803, 322.803, 322.803, 322.803, 322.803, 322.803, 322.803, 322.803, 322.803, 322.803, 322.803, 322.803, 322.803, 322.803, 322.803, 322.803, 322.803, 322.803, 322.803, 322.803, 322.803, 322.803, 322.803, 322.803, 322.803, 322.803, 322.803, 322.803, 322.803, 322.803, 322.803, 322.803, 322.803, 322.803, 322.803, 322.803, 322.803, 322.803, 322.803, 322.803, 322.803, 322.803, 322.803, 322.803, 322.803, 322.803, 322.803, 322.803, 322.803, 322.803, 322.803, 322.803, 322.803, 322.803, 322.803, 322.803, 322.803, 322.803, 322.803, 322.803, 322.803, 322.803, 322.803, 322.803, 322.803, 322.8, 300, 
322.828, 322.828, 322.828, 322.828, 322.828, 322.828, 322.828, 322.828, 322.828, 322.828, 322.828, 322.828, 322.828, 322.828, 322.828, 322.828, 322.828, 322.828, 322.828, 322.828, 322.828, 322.828, 322.828, 322.828, 322.828, 322.828, 322.828, 322.828, 322.828, 322.828, 322.828, 322.828, 322.828, 322.828, 322.828, 322.828, 322.828, 322.828, 322.828, 322.828, 322.828, 322.828, 322.828, 322.828, 322.828, 322.828, 322.828, 322.828, 322.828, 322.828, 322.828, 322.828, 322.828, 322.828, 322.828, 322.828, 322.828, 322.828, 322.828, 322.828, 322.828, 322.828, 322.828, 322.828, 322.828, 322.828, 322.828, 322.828, 322.828, 322.828, 322.828, 322.828, 322.828, 322.828, 322.828, 322.828, 322.828, 322.828, 322.828, 322.828, 322.828, 322.828, 322.828, 322.828, 322.828, 322.828, 322.828, 322.828, 322.828, 322.828, 322.828, 322.828, 322.828, 322.828, 322.828, 322.828, 322.828, 322.828, 322.826, 300, 
322.854, 322.854, 322.854, 322.854, 322.854, 322.854, 322.854, 322.854, 322.854, 322.854, 322.854, 322.854, 322.854, 322.854, 322.854, 322.854, 322.854, 322.854, 322.854, 322.854, 322.854, 322.854, 322.854, 322.854, 322.854, 322.854, 322.854, 322.854, 322.854, 322.854, 322.854, 322.854, 322.854, 322.854, 322.854, 322.854, 322.854, 322.854, 322.854, 322.854, 322.854, 322.854, 322.854, 322.854, 322.854, 322.854, 322.854, 322.854, 322.854, 322.854, 322.854, 322.854, 322.854, 322.854, 322.854, 322.854, 322.854, 322.854, 322.854, 322.854, 322.854, 322.854, 322.854, 322.854, 322.854, 322.854, 322.854, 322.854, 322.854, 322.853, 322.853, 322.853, 322.853, 322.853, 322.853, 322.853, 322.853, 322.853, 322.853, 322.853, 322.853, 322.853, 322.853, 322.854, 322.854, 322.854, 322.854, 322.854, 322.854, 322.854, 322.854, 322.854, 322.854, 322.854, 322.854, 322.854, 322.854, 322.854, 322.851, 300, 
322.879, 322.879, 322.879, 322.879, 322.879, 322.879, 322.879, 322.879, 322.879, 322.879, 322.879, 322.879, 322.879, 322.879, 322.879, 322.879, 322.879, 322.879, 322.879, 322.879, 322.879, 322.879, 322.879, 322.879, 322.879, 322.879, 322.879, 322.879, 322.879, 322.879, 322.879, 322.879, 322.879, 322.879, 322.879, 322.879, 322.879, 322.879, 322.879, 322.879, 322.879, 322.879, 322.879, 322.879, 322.879, 322.879, 322.879, 322.879, 322.879, 322.879, 322.879, 322.879, 322.879, 322.879, 322.879, 322.879, 322.879, 322.879, 322.879, 322.879, 322.879, 322.879, 322.879, 322.879, 322.879, 322.879, 322.879, 322.879, 322.879, 322.879, 322.879, 322.879, 322.879, 322.879, 322.879, 322.879, 322.879, 322.879, 322.879, 322.879, 322.879, 322.879, 322.879, 322.879, 322.879, 322.879, 322.879, 322.879, 322.879, 322.879, 322.879, 322.879, 322.879, 322.879, 322.879, 322.879, 322.879, 322.879, 322.877, 300, 
322.904, 322.904, 322.904, 322.904, 322.904, 322.904, 322.904, 322.904, 322.904, 322.904, 322.904, 322.904, 322.904, 322.904, 322.904, 322.904, 322.904, 322.904, 322.904, 322.904, 322.904, 322.904, 322.904, 322.904, 322.904, 322.904, 322.904, 322.904, 322.904, 322.904, 322.904, 322.904, 322.904, 322.904, 322.904, 322.904, 322.904, 322.904, 322.904, 322.904, 322.904, 322.904, 322.904, 322.904, 322.904, 322.904, 322.904, 322.904, 322.904, 322.904, 322.904, 322.904, 322.904, 322.904, 322.904, 322.904, 322.904, 322.904, 322.904, 322.904, 322.904, 322.904, 322.904, 322.904, 322.904, 322.904, 322.904, 322.904, 322.904, 322.904, 322.904, 322.904, 322.904, 322.904, 322.904, 322.904, 322.904, 322.904, 322.904, 322.904, 322.904, 322.904, 322.904, 322.904, 322.904, 322.904, 322.904, 322.904, 322.904, 322.904, 322.904, 322.904, 322.904, 322.904, 322.904, 322.904, 322.904, 322.905, 322.902, 300, 
322.93, 322.93, 322.93, 322.93, 322.93, 322.93, 322.93, 322.93, 322.93, 322.93, 322.93, 322.93, 322.93, 322.93, 322.93, 322.93, 322.93, 322.93, 322.93, 322.93, 322.93, 322.93, 322.93, 322.93, 322.93, 322.93, 322.93, 322.93, 322.93, 322.93, 322.93, 322.93, 322.93, 322.93, 322.93, 322.93, 322.93, 322.93, 322.93, 322.93, 322.93, 322.93, 322.93, 322.93, 322.93, 322.93, 322.93, 322.93, 322.93, 322.93, 322.93, 322.93, 322.93, 322.93, 322.93, 322.93, 322.93, 322.93, 322.93, 322.93, 322.93, 322.93, 322.93, 322.93, 322.93, 322.93, 322.93, 322.93, 322.93, 322.93, 322.93, 322.93, 322.93, 322.93, 322.93, 322.93, 322.93, 322.93, 322.93, 322.93, 322.93, 322.93, 322.93, 322.93, 322.93, 322.93, 322.93, 322.93, 322.93, 322.93, 322.93, 322.93, 322.93, 322.93, 322.93, 322.93, 322.93, 322.93, 322.927, 300, 
322.955, 322.955, 322.955, 322.955, 322.955, 322.955, 322.955, 322.955, 322.955, 322.955, 322.955, 322.955, 322.955, 322.955, 322.955, 322.955, 322.955, 322.955, 322.955, 322.955, 322.955, 322.955, 322.955, 322.955, 322.955, 322.955, 322.955, 322.955, 322.955, 322.955, 322.955, 322.955, 322.955, 322.955, 322.955, 322.955, 322.955, 322.955, 322.955, 322.955, 322.955, 322.955, 322.955, 322.955, 322.955, 322.955, 322.955, 322.955, 322.955, 322.955, 322.955, 322.955, 322.955, 322.955, 322.955, 322.955, 322.955, 322.955, 322.955, 322.955, 322.955, 322.955, 322.955, 322.955, 322.955, 322.955, 322.955, 322.955, 322.955, 322.955, 322.955, 322.955, 322.955, 322.955, 322.955, 322.955, 322.955, 322.955, 322.955, 322.955, 322.955, 322.955, 322.955, 322.955, 322.955, 322.955, 322.955, 322.955, 322.955, 322.955, 322.955, 322.955, 322.955, 322.955, 322.955, 322.955, 322.955, 322.955, 322.953, 300, 
322.981, 322.981, 322.981, 322.981, 322.981, 322.981, 322.981, 322.981, 322.981, 322.981, 322.981, 322.981, 322.981, 322.981, 322.981, 322.981, 322.981, 322.981, 322.981, 322.981, 322.981, 322.981, 322.981, 322.981, 322.981, 322.981, 322.981, 322.981, 322.981, 322.981, 322.981, 322.981, 322.981, 322.981, 322.981, 322.981, 322.981, 322.981, 322.981, 322.981, 322.981, 322.981, 322.981, 322.981, 322.981, 322.981, 322.981, 322.981, 322.981, 322.981, 322.981, 322.981, 322.981, 322.981, 322.981, 322.981, 322.981, 322.981, 322.981, 322.981, 322.981, 322.981, 322.981, 322.981, 322.981, 322.981, 322.981, 322.981, 322.981, 322.981, 322.981, 322.981, 322.981, 322.981, 322.981, 322.981, 322.981, 322.981, 322.981, 322.981, 322.981, 322.981, 322.981, 322.981, 322.981, 322.981, 322.981, 322.981, 322.981, 322.981, 322.981, 322.981, 322.981, 322.981, 322.981, 322.981, 322.981, 322.981, 322.978, 300, 
323.006, 323.006, 323.006, 323.006, 323.006, 323.006, 323.006, 323.006, 323.006, 323.006, 323.006, 323.006, 323.006, 323.006, 323.006, 323.006, 323.006, 323.006, 323.006, 323.006, 323.006, 323.006, 323.006, 323.006, 323.006, 323.006, 323.006, 323.006, 323.006, 323.006, 323.006, 323.006, 323.006, 323.006, 323.006, 323.006, 323.006, 323.006, 323.006, 323.006, 323.006, 323.006, 323.006, 323.006, 323.006, 323.006, 323.006, 323.006, 323.006, 323.006, 323.006, 323.006, 323.006, 323.006, 323.006, 323.006, 323.006, 323.006, 323.006, 323.006, 323.006, 323.006, 323.006, 323.006, 323.006, 323.006, 323.006, 323.006, 323.006, 323.006, 323.006, 323.006, 323.006, 323.006, 323.006, 323.006, 323.006, 323.006, 323.006, 323.006, 323.006, 323.006, 323.006, 323.006, 323.006, 323.006, 323.006, 323.006, 323.006, 323.006, 323.006, 323.006, 323.006, 323.006, 323.006, 323.006, 323.006, 323.006, 323.004, 300, 
323.032, 323.032, 323.032, 323.032, 323.032, 323.032, 323.032, 323.032, 323.032, 323.032, 323.032, 323.032, 323.032, 323.032, 323.032, 323.032, 323.032, 323.032, 323.032, 323.032, 323.032, 323.032, 323.032, 323.032, 323.032, 323.032, 323.032, 323.032, 323.032, 323.032, 323.032, 323.032, 323.032, 323.032, 323.032, 323.032, 323.032, 323.032, 323.032, 323.032, 323.032, 323.032, 323.032, 323.032, 323.032, 323.032, 323.032, 323.032, 323.032, 323.032, 323.032, 323.032, 323.032, 323.032, 323.032, 323.032, 323.032, 323.032, 323.032, 323.032, 323.032, 323.032, 323.032, 323.032, 323.032, 323.032, 323.032, 323.032, 323.032, 323.032, 323.032, 323.032, 323.032, 323.032, 323.032, 323.032, 323.032, 323.032, 323.032, 323.032, 323.032, 323.032, 323.032, 323.032, 323.032, 323.032, 323.032, 323.032, 323.032, 323.032, 323.032, 323.032, 323.032, 323.032, 323.032, 323.032, 323.032, 323.032, 323.029, 300, 
323.057, 323.057, 323.057, 323.057, 323.057, 323.057, 323.057, 323.057, 323.057, 323.057, 323.057, 323.057, 323.057, 323.057, 323.057, 323.057, 323.057, 323.057, 323.057, 323.057, 323.057, 323.057, 323.057, 323.057, 323.057, 323.057, 323.057, 323.057, 323.057, 323.057, 323.057, 323.057, 323.057, 323.057, 323.057, 323.057, 323.057, 323.057, 323.057, 323.057, 323.057, 323.057, 323.057, 323.057, 323.057, 323.057, 323.057, 323.057, 323.057, 323.057, 323.057, 323.057, 323.057, 323.057, 323.057, 323.057, 323.057, 323.057, 323.057, 323.057, 323.057, 323.057, 323.057, 323.057, 323.057, 323.057, 323.057, 323.057, 323.057, 323.057, 323.057, 323.057, 323.057, 323.057, 323.057, 323.057, 323.057, 323.057, 323.057, 323.057, 323.057, 323.057, 323.057, 323.057, 323.057, 323.057, 323.057, 323.057, 323.057, 323.057, 323.057, 323.057, 323.057, 323.057, 323.057, 323.057, 323.057, 323.057, 323.055, 300, 
323.083, 323.083, 323.083, 323.083, 323.083, 323.083, 323.083, 323.083, 323.083, 323.083, 323.083, 323.083, 323.083, 323.083, 323.083, 323.083, 323.083, 323.083, 323.083, 323.083, 323.083, 323.083, 323.083, 323.083, 323.083, 323.083, 323.083, 323.083, 323.083, 323.083, 323.083, 323.083, 323.083, 323.083, 323.083, 323.083, 323.083, 323.083, 323.083, 323.083, 323.083, 323.083, 323.083, 323.083, 323.083, 323.083, 323.083, 323.083, 323.083, 323.083, 323.083, 323.083, 323.083, 323.083, 323.083, 323.083, 323.083, 323.083, 323.083, 323.083, 323.083, 323.083, 323.083, 323.083, 323.083, 323.083, 323.083, 323.083, 323.083, 323.083, 323.083, 323.083, 323.083, 323.083, 323.083, 323.083, 323.083, 323.083, 323.083, 323.083, 323.083, 323.083, 323.083, 323.083, 323.083, 323.083, 323.083, 323.083, 323.083, 323.083, 323.083, 323.083, 323.083, 323.083, 323.083, 323.083, 323.083, 323.083, 323.08, 300, 
323.108, 323.108, 323.108, 323.108, 323.108, 323.108, 323.108, 323.108, 323.108, 323.108, 323.108, 323.108, 323.108, 323.108, 323.108, 323.108, 323.108, 323.108, 323.108, 323.108, 323.108, 323.108, 323.108, 323.108, 323.108, 323.108, 323.108, 323.108, 323.108, 323.108, 323.108, 323.108, 323.108, 323.108, 323.108, 323.108, 323.108, 323.108, 323.108, 323.108, 323.108, 323.108, 323.108, 323.108, 323.108, 323.108, 323.108, 323.108, 323.108, 323.108, 323.108, 323.108, 323.108, 323.108, 323.108, 323.108, 323.108, 323.108, 323.108, 323.108, 323.108, 323.108, 323.108, 323.108, 323.108, 323.108, 323.108, 323.108, 323.108, 323.108, 323.108, 323.108, 323.108, 323.108, 323.108, 323.108, 323.108, 323.108, 323.108, 323.108, 323.108, 323.108, 323.108, 323.108, 323.108, 323.108, 323.108, 323.108, 323.108, 323.108, 323.108, 323.108, 323.108, 323.108, 323.108, 323.108, 323.108, 323.108, 323.106, 300, 
323.134, 323.134, 323.134, 323.134, 323.134, 323.134, 323.134, 323.134, 323.134, 323.134, 323.134, 323.134, 323.134, 323.134, 323.134, 323.134, 323.134, 323.134, 323.134, 323.134, 323.134, 323.134, 323.134, 323.134, 323.134, 323.134, 323.134, 323.134, 323.134, 323.134, 323.134, 323.134, 323.134, 323.134, 323.134, 323.134, 323.134, 323.134, 323.134, 323.134, 323.134, 323.134, 323.134, 323.134, 323.134, 323.134, 323.134, 323.134, 323.134, 323.134, 323.134, 323.134, 323.134, 323.134, 323.134, 323.134, 323.134, 323.134, 323.134, 323.134, 323.134, 323.134, 323.134, 323.134, 323.134, 323.134, 323.134, 323.134, 323.134, 323.134, 323.134, 323.134, 323.134, 323.134, 323.134, 323.134, 323.134, 323.134, 323.134, 323.134, 323.134, 323.134, 323.134, 323.134, 323.134, 323.134, 323.134, 323.134, 323.134, 323.134, 323.134, 323.134, 323.134, 323.134, 323.134, 323.134, 323.134, 323.134, 323.131, 300, 
323.159, 323.159, 323.159, 323.159, 323.159, 323.159, 323.159, 323.159, 323.159, 323.159, 323.159, 323.159, 323.159, 323.159, 323.159, 323.159, 323.159, 323.159, 323.159, 323.159, 323.159, 323.159, 323.159, 323.159, 323.159, 323.159, 323.159, 323.159, 323.159, 323.159, 323.159, 323.159, 323.159, 323.159, 323.159, 323.159, 323.159, 323.159, 323.159, 323.159, 323.159, 323.159, 323.159, 323.159, 323.159, 323.159, 323.159, 323.159, 323.159, 323.159, 323.159, 323.159, 323.159, 323.159, 323.159, 323.159, 323.159, 323.159, 323.159, 323.159, 323.159, 323.159, 323.159, 323.159, 323.159, 323.159, 323.159, 323.159, 323.159, 323.159, 323.159, 323.159, 323.159, 323.159, 323.159, 323.159, 323.159, 323.159, 323.159, 323.159, 323.159, 323.159, 323.159, 323.159, 323.159, 323.159, 323.159, 323.159, 323.159, 323.159, 323.159, 323.159, 323.159, 323.159, 323.159, 323.159, 323.159, 323.159, 323.157, 300, 
323.185, 323.185, 323.185, 323.185, 323.185, 323.185, 323.185, 323.185, 323.185, 323.185, 323.185, 323.185, 323.185, 323.185, 323.185, 323.185, 323.185, 323.185, 323.185, 323.185, 323.185, 323.185, 323.185, 323.185, 323.185, 323.185, 323.185, 323.185, 323.185, 323.185, 323.185, 323.185, 323.185, 323.185, 323.185, 323.185, 323.185, 323.185, 323.185, 323.185, 323.185, 323.185, 323.185, 323.185, 323.185, 323.185, 323.185, 323.185, 323.185, 323.185, 323.185, 323.185, 323.185, 323.185, 323.185, 323.185, 323.185, 323.185, 323.185, 323.185, 323.185, 323.185, 323.185, 323.185, 323.185, 323.185, 323.185, 323.185, 323.185, 323.185, 323.185, 323.185, 323.185, 323.185, 323.185, 323.185, 323.185, 323.185, 323.185, 323.185, 323.185, 323.185, 323.185, 323.185, 323.185, 323.185, 323.185, 323.185, 323.185, 323.185, 323.185, 323.185, 323.185, 323.185, 323.185, 323.185, 323.185, 323.185, 323.182, 300, 
323.21, 323.21, 323.21, 323.21, 323.21, 323.21, 323.21, 323.21, 323.21, 323.21, 323.21, 323.21, 323.21, 323.21, 323.21, 323.21, 323.21, 323.21, 323.21, 323.21, 323.21, 323.21, 323.21, 323.21, 323.21, 323.21, 323.21, 323.21, 323.21, 323.21, 323.21, 323.21, 323.21, 323.21, 323.21, 323.21, 323.21, 323.21, 323.21, 323.21, 323.21, 323.21, 323.21, 323.21, 323.21, 323.21, 323.21, 323.21, 323.21, 323.21, 323.21, 323.21, 323.21, 323.21, 323.21, 323.21, 323.21, 323.21, 323.21, 323.21, 323.21, 323.21, 323.21, 323.21, 323.21, 323.21, 323.21, 323.21, 323.21, 323.21, 323.21, 323.21, 323.21, 323.21, 323.21, 323.21, 323.21, 323.21, 323.21, 323.21, 323.21, 323.21, 323.21, 323.21, 323.21, 323.21, 323.21, 323.21, 323.21, 323.21, 323.21, 323.21, 323.21, 323.21, 323.21, 323.21, 323.21, 323.21, 323.207, 300, 
323.236, 323.236, 323.236, 323.236, 323.236, 323.236, 323.236, 323.236, 323.236, 323.236, 323.236, 323.236, 323.236, 323.236, 323.236, 323.236, 323.236, 323.236, 323.236, 323.236, 323.236, 323.236, 323.236, 323.236, 323.236, 323.236, 323.236, 323.236, 323.236, 323.236, 323.236, 323.236, 323.236, 323.236, 323.236, 323.236, 323.236, 323.236, 323.236, 323.236, 323.236, 323.236, 323.236, 323.236, 323.236, 323.236, 323.236, 323.236, 323.236, 323.236, 323.236, 323.236, 323.236, 323.236, 323.236, 323.236, 323.236, 323.236, 323.236, 323.236, 323.236, 323.236, 323.236, 323.236, 323.236, 323.236, 323.236, 323.236, 323.236, 323.236, 323.236, 323.236, 323.236, 323.236, 323.236, 323.236, 323.236, 323.236, 323.236, 323.236, 323.236, 323.236, 323.236, 323.236, 323.236, 323.236, 323.236, 323.236, 323.236, 323.236, 323.236, 323.236, 323.236, 323.236, 323.236, 323.236, 323.236, 323.236, 323.233, 300, 
323.261, 323.261, 323.261, 323.261, 323.261, 323.261, 323.261, 323.261, 323.261, 323.261, 323.261, 323.261, 323.261, 323.261, 323.261, 323.261, 323.261, 323.261, 323.261, 323.261, 323.261, 323.261, 323.261, 323.261, 323.261, 323.261, 323.261, 323.261, 323.261, 323.261, 323.261, 323.261, 323.261, 323.261, 323.261, 323.261, 323.261, 323.261, 323.261, 323.261, 323.261, 323.261, 323.261, 323.261, 323.261, 323.261, 323.261, 323.261, 323.261, 323.261, 323.261, 323.261, 323.261, 323.261, 323.261, 323.261, 323.261, 323.261, 323.261, 323.261, 323.261, 323.261, 323.261, 323.261, 323.261, 323.261, 323.261, 323.261, 323.261, 323.261, 323.261, 323.261, 323.261, 323.261, 323.261, 323.261, 323.261, 323.261, 323.261, 323.261, 323.261, 323.261, 323.261, 323.261, 323.261, 323.261, 323.261, 323.261, 323.261, 323.261, 323.261, 323.261, 323.261, 323.261, 323.261, 323.261, 323.261, 323.261, 323.258, 300, 
323.287, 323.287, 323.287, 323.287, 323.287, 323.287, 323.287, 323.287, 323.287, 323.287, 323.287, 323.287, 323.287, 323.287, 323.287, 323.287, 323.287, 323.287, 323.287, 323.287, 323.287, 323.287, 323.287, 323.287, 323.287, 323.287, 323.287, 323.287, 323.287, 323.287, 323.287, 323.287, 323.287, 323.287, 323.287, 323.287, 323.287, 323.287, 323.287, 323.287, 323.287, 323.287, 323.287, 323.287, 323.287, 323.287, 323.287, 323.287, 323.287, 323.287, 323.287, 323.287, 323.287, 323.287, 323.287, 323.287, 323.287, 323.287, 323.287, 323.287, 323.287, 323.287, 323.287, 323.287, 323.287, 323.287, 323.287, 323.287, 323.287, 323.287, 323.287, 323.287, 323.287, 323.287, 323.287, 323.287, 323.287, 323.287, 323.287, 323.287, 323.287, 323.287, 323.287, 323.287, 323.287, 323.287, 323.287, 323.287, 323.287, 323.287, 323.287, 323.287, 323.287, 323.287, 323.287, 323.287, 323.287, 323.287, 323.284, 300, 
323.312, 323.312, 323.312, 323.312, 323.312, 323.312, 323.312, 323.312, 323.312, 323.312, 323.312, 323.312, 323.312, 323.312, 323.312, 323.312, 323.312, 323.312, 323.312, 323.312, 323.312, 323.312, 323.312, 323.312, 323.312, 323.312, 323.312, 323.312, 323.312, 323.312, 323.312, 323.312, 323.312, 323.312, 323.312, 323.312, 323.312, 323.312, 323.312, 323.312, 323.312, 323.312, 323.312, 323.312, 323.312, 323.312, 323.312, 323.312, 323.312, 323.312, 323.312, 323.312, 323.312, 323.312, 323.312, 323.312, 323.312, 323.312, 323.312, 323.312, 323.312, 323.312, 323.312, 323.312, 323.312, 323.312, 323.312, 323.312, 323.312, 323.312, 323.312, 323.312, 323.312, 323.312, 323.312, 323.312, 323.312, 323.312, 323.312, 323.312, 323.312, 323.312, 323.312, 323.312, 323.312, 323.312, 323.312, 323.312, 323.312, 323.312, 323.312, 323.312, 323.312, 323.312, 323.312, 323.312, 323.312, 323.312, 323.309, 300, 
323.338, 323.338, 323.338, 323.338, 323.338, 323.338, 323.338, 323.338, 323.338, 323.338, 323.338, 323.338, 323.338, 323.338, 323.338, 323.338, 323.338, 323.338, 323.338, 323.338, 323.338, 323.338, 323.338, 323.338, 323.338, 323.338, 323.338, 323.338, 323.338, 323.338, 323.338, 323.338, 323.338, 323.338, 323.338, 323.338, 323.338, 323.338, 323.338, 323.338, 323.338, 323.338, 323.338, 323.338, 323.338, 323.338, 323.338, 323.338, 323.338, 323.338, 323.338, 323.338, 323.338, 323.338, 323.338, 323.338, 323.338, 323.338, 323.338, 323.338, 323.338, 323.338, 323.338, 323.338, 323.338, 323.338, 323.338, 323.338, 323.338, 323.338, 323.338, 323.338, 323.338, 323.338, 323.338, 323.338, 323.338, 323.338, 323.338, 323.338, 323.338, 323.338, 323.338, 323.338, 323.338, 323.338, 323.338, 323.338, 323.338, 323.338, 323.338, 323.338, 323.338, 323.338, 323.338, 323.338, 323.338, 323.338, 323.335, 300, 
323.363, 323.363, 323.363, 323.363, 323.363, 323.363, 323.363, 323.363, 323.363, 323.363, 323.363, 323.363, 323.363, 323.363, 323.363, 323.363, 323.363, 323.363, 323.363, 323.363, 323.363, 323.363, 323.363, 323.363, 323.363, 323.363, 323.363, 323.363, 323.363, 323.363, 323.363, 323.363, 323.363, 323.363, 323.363, 323.363, 323.363, 323.363, 323.363, 323.363, 323.363, 323.363, 323.363, 323.363, 323.363, 323.363, 323.363, 323.363, 323.363, 323.363, 323.363, 323.363, 323.363, 323.363, 323.363, 323.363, 323.363, 323.363, 323.363, 323.363, 323.363, 323.363, 323.363, 323.363, 323.363, 323.363, 323.363, 323.363, 323.363, 323.363, 323.363, 323.363, 323.363, 323.363, 323.363, 323.363, 323.363, 323.363, 323.363, 323.363, 323.363, 323.363, 323.363, 323.363, 323.363, 323.363, 323.363, 323.363, 323.363, 323.363, 323.363, 323.363, 323.363, 323.363, 323.363, 323.363, 323.363, 323.363, 323.36, 300, 
323.389, 323.389, 323.389, 323.389, 323.389, 323.389, 323.389, 323.389, 323.389, 323.389, 323.389, 323.389, 323.389, 323.389, 323.389, 323.389, 323.389, 323.389, 323.389, 323.389, 323.389, 323.389, 323.389, 323.389, 323.389, 323.389, 323.389, 323.389, 323.389, 323.389, 323.389, 323.389, 323.389, 323.389, 323.389, 323.389, 323.389, 323.389, 323.389, 323.389, 323.389, 323.389, 323.389, 323.389, 323.389, 323.389, 323.389, 323.389, 323.389, 323.389, 323.389, 323.389, 323.389, 323.389, 323.389, 323.389, 323.389, 323.389, 323.389, 323.389, 323.389, 323.389, 323.389, 323.389, 323.389, 323.389, 323.389, 323.389, 323.389, 323.389, 323.389, 323.389, 323.389, 323.389, 323.389, 323.389, 323.389, 323.389, 323.389, 323.389, 323.389, 323.389, 323.389, 323.389, 323.389, 323.389, 323.389, 323.389, 323.389, 323.389, 323.389, 323.389, 323.389, 323.389, 323.389, 323.389, 323.389, 323.389, 323.386, 300, 
323.414, 323.414, 323.414, 323.414, 323.414, 323.414, 323.414, 323.414, 323.414, 323.414, 323.414, 323.414, 323.414, 323.414, 323.414, 323.414, 323.414, 323.414, 323.414, 323.414, 323.414, 323.414, 323.414, 323.414, 323.414, 323.414, 323.414, 323.414, 323.414, 323.414, 323.414, 323.414, 323.414, 323.414, 323.414, 323.414, 323.414, 323.414, 323.414, 323.414, 323.414, 323.414, 323.414, 323.414, 323.414, 323.414, 323.414, 323.414, 323.414, 323.414, 323.414, 323.414, 323.414, 323.414, 323.414, 323.414, 323.414, 323.414, 323.414, 323.414, 323.414, 323.414, 323.414, 323.414, 323.414, 323.414, 323.414, 323.414, 323.414, 323.414, 323.414, 323.414, 323.414, 323.414, 323.414, 323.414, 323.414, 323.414, 323.414, 323.414, 323.414, 323.414, 323.414, 323.414, 323.414, 323.414, 323.414, 323.414, 323.414, 323.414, 323.414, 323.414, 323.414, 323.414, 323.414, 323.414, 323.414, 323.414, 323.411, 300, 
323.439, 323.439, 323.439, 323.439, 323.439, 323.439, 323.439, 323.439, 323.439, 323.439, 323.439, 323.439, 323.439, 323.439, 323.439, 323.439, 323.439, 323.439, 323.439, 323.439, 323.439, 323.439, 323.439, 323.439, 323.439, 323.439, 323.439, 323.439, 323.439, 323.439, 323.439, 323.439, 323.439, 323.439, 323.439, 323.439, 323.439, 323.439, 323.439, 323.439, 323.439, 323.439, 323.439, 323.439, 323.439, 323.439, 323.439, 323.439, 323.439, 323.439, 323.439, 323.439, 323.439, 323.439, 323.439, 323.439, 323.439, 323.439, 323.439, 323.439, 323.439, 323.439, 323.439, 323.439, 323.439, 323.439, 323.439, 323.439, 323.439, 323.439, 323.439, 323.439, 323.439, 323.439, 323.439, 323.439, 323.439, 323.439, 323.439, 323.439, 323.439, 323.439, 323.439, 323.439, 323.439, 323.439, 323.439, 323.439, 323.439, 323.439, 323.439, 323.439, 323.44, 323.44, 323.44, 323.44, 323.44, 323.44, 323.437, 300, 
323.465, 323.465, 323.465, 323.465, 323.465, 323.465, 323.465, 323.465, 323.465, 323.465, 323.465, 323.465, 323.465, 323.465, 323.465, 323.465, 323.465, 323.465, 323.465, 323.465, 323.465, 323.465, 323.465, 323.465, 323.465, 323.465, 323.465, 323.465, 323.465, 323.465, 323.465, 323.465, 323.465, 323.465, 323.465, 323.465, 323.465, 323.465, 323.465, 323.465, 323.465, 323.465, 323.465, 323.465, 323.465, 323.465, 323.465, 323.465, 323.465, 323.465, 323.465, 323.465, 323.465, 323.465, 323.465, 323.465, 323.465, 323.465, 323.465, 323.465, 323.465, 323.465, 323.465, 323.465, 323.465, 323.465, 323.465, 323.465, 323.465, 323.465, 323.465, 323.465, 323.465, 323.465, 323.465, 323.465, 323.465, 323.465, 323.465, 323.465, 323.465, 323.465, 323.465, 323.465, 323.465, 323.465, 323.465, 323.465, 323.465, 323.465, 323.465, 323.465, 323.465, 323.465, 323.465, 323.465, 323.465, 323.465, 323.462, 300, 
323.49, 323.49, 323.49, 323.49, 323.49, 323.49, 323.49, 323.49, 323.49, 323.49, 323.49, 323.49, 323.49, 323.49, 323.49, 323.49, 323.49, 323.49, 323.49, 323.49, 323.49, 323.49, 323.49, 323.49, 323.49, 323.49, 323.49, 323.49, 323.49, 323.49, 323.49, 323.49, 323.49, 323.49, 323.49, 323.49, 323.49, 323.49, 323.49, 323.49, 323.49, 323.49, 323.49, 323.49, 323.49, 323.49, 323.49, 323.49, 323.49, 323.49, 323.49, 323.49, 323.49, 323.49, 323.49, 323.49, 323.49, 323.49, 323.49, 323.49, 323.49, 323.49, 323.49, 323.49, 323.49, 323.49, 323.49, 323.49, 323.49, 323.49, 323.49, 323.49, 323.49, 323.49, 323.49, 323.49, 323.49, 323.49, 323.49, 323.49, 323.49, 323.49, 323.49, 323.49, 323.49, 323.49, 323.49, 323.49, 323.49, 323.49, 323.49, 323.49, 323.49, 323.49, 323.49, 323.49, 323.49, 323.49, 323.487, 300, 
323.516, 323.516, 323.516, 323.516, 323.516, 323.516, 323.516, 323.516, 323.516, 323.516, 323.516, 323.516, 323.516, 323.516, 323.516, 323.516, 323.516, 323.516, 323.516, 323.516, 323.516, 323.516, 323.516, 323.516, 323.516, 323.516, 323.516, 323.516, 323.516, 323.516, 323.516, 323.516, 323.516, 323.516, 323.516, 323.516, 323.516, 323.516, 323.516, 323.516, 323.516, 323.516, 323.516, 323.516, 323.516, 323.516, 323.516, 323.516, 323.516, 323.516, 323.516, 323.516, 323.516, 323.516, 323.516, 323.516, 323.516, 323.516, 323.516, 323.516, 323.516, 323.516, 323.516, 323.516, 323.516, 323.516, 323.516, 323.516, 323.516, 323.516, 323.516, 323.516, 323.516, 323.516, 323.516, 323.516, 323.516, 323.516, 323.516, 323.516, 323.516, 323.516, 323.516, 323.516, 323.516, 323.516, 323.516, 323.516, 323.516, 323.516, 323.516, 323.516, 323.516, 323.516, 323.516, 323.516, 323.516, 323.516, 323.513, 300, 
323.541, 323.541, 323.541, 323.541, 323.541, 323.541, 323.541, 323.541, 323.541, 323.541, 323.541, 323.541, 323.541, 323.541, 323.541, 323.541, 323.541, 323.541, 323.541, 323.541, 323.541, 323.541, 323.541, 323.541, 323.541, 323.541, 323.541, 323.541, 323.541, 323.541, 323.541, 323.541, 323.541, 323.541, 323.541, 323.541, 323.541, 323.541, 323.541, 323.541, 323.541, 323.541, 323.541, 323.541, 323.541, 323.541, 323.541, 323.541, 323.541, 323.541, 323.541, 323.541, 323.541, 323.541, 323.541, 323.541, 323.541, 323.541, 323.541, 323.541, 323.541, 323.541, 323.541, 323.541, 323.541, 323.541, 323.541, 323.541, 323.541, 323.541, 323.541, 323.541, 323.541, 323.541, 323.541, 323.541, 323.541, 323.541, 323.541, 323.541, 323.541, 323.541, 323.541, 323.541, 323.541, 323.541, 323.541, 323.541, 323.541, 323.541, 323.541, 323.541, 323.541, 323.541, 323.541, 323.541, 323.541, 323.541, 323.538, 300, 
323.567, 323.567, 323.567, 323.567, 323.567, 323.567, 323.567, 323.567, 323.567, 323.567, 323.567, 323.567, 323.567, 323.567, 323.567, 323.567, 323.567, 323.567, 323.567, 323.567, 323.567, 323.567, 323.567, 323.567, 323.567, 323.567, 323.567, 323.567, 323.567, 323.567, 323.567, 323.567, 323.567, 323.567, 323.567, 323.567, 323.567, 323.567, 323.567, 323.567, 323.567, 323.567, 323.567, 323.567, 323.567, 323.567, 323.567, 323.567, 323.567, 323.567, 323.567, 323.567, 323.567, 323.567, 323.567, 323.567, 323.567, 323.567, 323.567, 323.567, 323.567, 323.567, 323.567, 323.567, 323.567, 323.567, 323.567, 323.567, 323.567, 323.567, 323.567, 323.567, 323.567, 323.567, 323.567, 323.567, 323.567, 323.567, 323.567, 323.567, 323.567, 323.567, 323.567, 323.567, 323.567, 323.567, 323.567, 323.567, 323.567, 323.567, 323.567, 323.567, 323.567, 323.567, 323.567, 323.567, 323.567, 323.567, 323.564, 300, 
323.592, 323.592, 323.592, 323.592, 323.592, 323.592, 323.592, 323.592, 323.592, 323.592, 323.592, 323.592, 323.592, 323.592, 323.592, 323.592, 323.592, 323.592, 323.592, 323.592, 323.592, 323.592, 323.592, 323.592, 323.592, 323.592, 323.592, 323.592, 323.592, 323.592, 323.592, 323.592, 323.592, 323.592, 323.592, 323.592, 323.592, 323.592, 323.592, 323.592, 323.592, 323.592, 323.592, 323.592, 323.592, 323.592, 323.592, 323.592, 323.592, 323.592, 323.592, 323.592, 323.592, 323.592, 323.592, 323.592, 323.592, 323.592, 323.592, 323.592, 323.592, 323.592, 323.592, 323.592, 323.592, 323.592, 323.592, 323.592, 323.592, 323.592, 323.592, 323.592, 323.592, 323.592, 323.592, 323.592, 323.592, 323.592, 323.592, 323.592, 323.592, 323.592, 323.592, 323.592, 323.592, 323.592, 323.592, 323.592, 323.592, 323.592, 323.592, 323.592, 323.592, 323.592, 323.592, 323.592, 323.592, 323.592, 323.589, 300, 
323.618, 323.618, 323.618, 323.618, 323.618, 323.618, 323.618, 323.618, 323.618, 323.618, 323.618, 323.618, 323.618, 323.618, 323.618, 323.618, 323.618, 323.618, 323.618, 323.618, 323.618, 323.618, 323.618, 323.618, 323.618, 323.618, 323.618, 323.618, 323.618, 323.618, 323.618, 323.618, 323.618, 323.618, 323.618, 323.618, 323.618, 323.618, 323.618, 323.618, 323.618, 323.618, 323.618, 323.618, 323.618, 323.618, 323.618, 323.618, 323.618, 323.618, 323.618, 323.618, 323.618, 323.618, 323.618, 323.618, 323.618, 323.618, 323.618, 323.618, 323.618, 323.618, 323.618, 323.618, 323.618, 323.618, 323.618, 323.618, 323.618, 323.618, 323.618, 323.618, 323.618, 323.618, 323.618, 323.618, 323.618, 323.618, 323.618, 323.618, 323.618, 323.618, 323.618, 323.618, 323.618, 323.618, 323.618, 323.618, 323.618, 323.618, 323.618, 323.618, 323.618, 323.618, 323.618, 323.618, 323.618, 323.618, 323.615, 300, 
323.643, 323.643, 323.643, 323.643, 323.643, 323.643, 323.643, 323.643, 323.643, 323.643, 323.643, 323.643, 323.643, 323.643, 323.643, 323.643, 323.643, 323.643, 323.643, 323.643, 323.643, 323.643, 323.643, 323.643, 323.643, 323.643, 323.643, 323.643, 323.643, 323.643, 323.643, 323.643, 323.643, 323.643, 323.643, 323.643, 323.643, 323.643, 323.643, 323.643, 323.643, 323.643, 323.643, 323.643, 323.643, 323.643, 323.643, 323.643, 323.643, 323.643, 323.643, 323.643, 323.643, 323.643, 323.643, 323.643, 323.643, 323.643, 323.643, 323.643, 323.643, 323.643, 323.643, 323.643, 323.643, 323.643, 323.643, 323.643, 323.643, 323.643, 323.643, 323.643, 323.643, 323.643, 323.643, 323.643, 323.643, 323.643, 323.643, 323.643, 323.643, 323.643, 323.643, 323.643, 323.643, 323.643, 323.643, 323.643, 323.643, 323.643, 323.643, 323.643, 323.643, 323.643, 323.643, 323.643, 323.643, 323.643, 323.64, 300, 
323.669, 323.669, 323.669, 323.669, 323.669, 323.669, 323.669, 323.669, 323.669, 323.669, 323.669, 323.669, 323.669, 323.669, 323.669, 323.669, 323.669, 323.669, 323.669, 323.669, 323.669, 323.669, 323.669, 323.669, 323.669, 323.669, 323.669, 323.669, 323.669, 323.669, 323.669, 323.669, 323.669, 323.669, 323.669, 323.669, 323.669, 323.669, 323.669, 323.669, 323.669, 323.669, 323.669, 323.669, 323.669, 323.669, 323.669, 323.669, 323.669, 323.669, 323.669, 323.669, 323.669, 323.669, 323.669, 323.669, 323.669, 323.669, 323.669, 323.669, 323.669, 323.669, 323.669, 323.669, 323.669, 323.669, 323.669, 323.669, 323.669, 323.669, 323.669, 323.669, 323.669, 323.669, 323.669, 323.669, 323.669, 323.669, 323.669, 323.669, 323.669, 323.669, 323.669, 323.669, 323.669, 323.669, 323.669, 323.669, 323.669, 323.669, 323.669, 323.669, 323.669, 323.669, 323.669, 323.669, 323.669, 323.669, 323.666, 300, 
323.694, 323.694, 323.694, 323.694, 323.694, 323.694, 323.694, 323.694, 323.694, 323.694, 323.694, 323.694, 323.694, 323.694, 323.694, 323.694, 323.694, 323.694, 323.694, 323.694, 323.694, 323.694, 323.694, 323.694, 323.694, 323.694, 323.694, 323.694, 323.694, 323.694, 323.694, 323.694, 323.694, 323.694, 323.694, 323.694, 323.694, 323.694, 323.694, 323.694, 323.694, 323.694, 323.694, 323.694, 323.694, 323.694, 323.694, 323.694, 323.694, 323.694, 323.694, 323.694, 323.694, 323.694, 323.694, 323.694, 323.694, 323.694, 323.694, 323.694, 323.694, 323.694, 323.694, 323.694, 323.694, 323.694, 323.694, 323.694, 323.694, 323.694, 323.694, 323.694, 323.694, 323.694, 323.694, 323.694, 323.694, 323.694, 323.694, 323.694, 323.694, 323.694, 323.694, 323.694, 323.694, 323.694, 323.694, 323.694, 323.694, 323.694, 323.694, 323.694, 323.694, 323.694, 323.694, 323.694, 323.694, 323.694, 323.691, 300, 
323.72, 323.72, 323.72, 323.72, 323.72, 323.72, 323.72, 323.72, 323.72, 323.72, 323.72, 323.72, 323.72, 323.72, 323.72, 323.72, 323.72, 323.72, 323.72, 323.72, 323.72, 323.72, 323.72, 323.72, 323.72, 323.72, 323.72, 323.72, 323.72, 323.72, 323.72, 323.72, 323.72, 323.72, 323.72, 323.72, 323.72, 323.72, 323.72, 323.72, 323.72, 323.72, 323.72, 323.72, 323.72, 323.72, 323.72, 323.72, 323.72, 323.72, 323.72, 323.72, 323.72, 323.72, 323.72, 323.72, 323.72, 323.72, 323.72, 323.72, 323.72, 323.72, 323.72, 323.72, 323.72, 323.72, 323.72, 323.72, 323.72, 323.72, 323.72, 323.72, 323.72, 323.72, 323.72, 323.72, 323.72, 323.72, 323.72, 323.72, 323.72, 323.72, 323.72, 323.72, 323.72, 323.72, 323.72, 323.72, 323.72, 323.72, 323.72, 323.72, 323.72, 323.72, 323.72, 323.72, 323.72, 323.72, 323.717, 300, 
323.745, 323.745, 323.745, 323.745, 323.745, 323.745, 323.745, 323.745, 323.745, 323.745, 323.745, 323.745, 323.745, 323.745, 323.745, 323.745, 323.745, 323.745, 323.745, 323.745, 323.745, 323.745, 323.745, 323.745, 323.745, 323.745, 323.745, 323.745, 323.745, 323.745, 323.745, 323.745, 323.745, 323.745, 323.745, 323.745, 323.745, 323.745, 323.745, 323.745, 323.745, 323.745, 323.745, 323.745, 323.745, 323.745, 323.745, 323.745, 323.745, 323.745, 323.745, 323.745, 323.745, 323.745, 323.745, 323.745, 323.745, 323.745, 323.745, 323.745, 323.745, 323.745, 323.745, 323.745, 323.745, 323.745, 323.745, 323.745, 323.745, 323.745, 323.745, 323.745, 323.745, 323.745, 323.745, 323.745, 323.745, 323.745, 323.745, 323.745, 323.745, 323.745, 323.745, 323.745, 323.745, 323.745, 323.745, 323.745, 323.745, 323.745, 323.745, 323.745, 323.745, 323.745, 323.745, 323.745, 323.745, 323.745, 323.742, 300, 
323.771, 323.771, 323.771, 323.771, 323.771, 323.771, 323.771, 323.771, 323.771, 323.771, 323.771, 323.771, 323.771, 323.771, 323.771, 323.771, 323.771, 323.771, 323.771, 323.771, 323.771, 323.771, 323.771, 323.771, 323.771, 323.771, 323.771, 323.771, 323.771, 323.771, 323.771, 323.771, 323.771, 323.771, 323.771, 323.771, 323.771, 323.771, 323.771, 323.771, 323.771, 323.771, 323.771, 323.771, 323.771, 323.771, 323.771, 323.771, 323.771, 323.771, 323.771, 323.771, 323.771, 323.771, 323.771, 323.771, 323.771, 323.771, 323.771, 323.771, 323.771, 323.771, 323.771, 323.771, 323.771, 323.771, 323.771, 323.771, 323.771, 323.771, 323.771, 323.771, 323.771, 323.771, 323.771, 323.771, 323.771, 323.771, 323.771, 323.771, 323.771, 323.771, 323.771, 323.771, 323.771, 323.771, 323.771, 323.771, 323.771, 323.771, 323.771, 323.771, 323.771, 323.771, 323.771, 323.771, 323.771, 323.771, 323.767, 300, 
323.796, 323.796, 323.796, 323.796, 323.796, 323.796, 323.796, 323.796, 323.796, 323.796, 323.796, 323.796, 323.796, 323.796, 323.796, 323.796, 323.796, 323.796, 323.796, 323.796, 323.796, 323.796, 323.796, 323.796, 323.796, 323.796, 323.796, 323.796, 323.796, 323.796, 323.796, 323.796, 323.796, 323.796, 323.796, 323.796, 323.796, 323.796, 323.796, 323.796, 323.796, 323.796, 323.796, 323.796, 323.796, 323.796, 323.796, 323.796, 323.796, 323.796, 323.796, 323.796, 323.796, 323.796, 323.796, 323.796, 323.796, 323.796, 323.796, 323.796, 323.796, 323.796, 323.796, 323.796, 323.796, 323.796, 323.796, 323.796, 323.796, 323.796, 323.796, 323.796, 323.796, 323.796, 323.796, 323.796, 323.796, 323.796, 323.796, 323.796, 323.796, 323.796, 323.796, 323.796, 323.796, 323.796, 323.796, 323.796, 323.796, 323.796, 323.796, 323.796, 323.796, 323.796, 323.796, 323.796, 323.796, 323.796, 323.793, 300, 
323.822, 323.822, 323.822, 323.822, 323.822, 323.822, 323.822, 323.822, 323.822, 323.822, 323.822, 323.822, 323.822, 323.822, 323.822, 323.822, 323.822, 323.822, 323.822, 323.822, 323.822, 323.822, 323.822, 323.822, 323.822, 323.822, 323.822, 323.822, 323.822, 323.822, 323.822, 323.822, 323.822, 323.822, 323.822, 323.822, 323.822, 323.822, 323.822, 323.822, 323.822, 323.822, 323.822, 323.822, 323.822, 323.822, 323.822, 323.822, 323.822, 323.822, 323.822, 323.822, 323.822, 323.822, 323.822, 323.822, 323.822, 323.822, 323.822, 323.822, 323.822, 323.822, 323.822, 323.822, 323.822, 323.822, 323.822, 323.822, 323.822, 323.822, 323.822, 323.822, 323.822, 323.822, 323.822, 323.822, 323.822, 323.822, 323.822, 323.822, 323.822, 323.822, 323.822, 323.822, 323.822, 323.822, 323.822, 323.822, 323.822, 323.822, 323.822, 323.822, 323.822, 323.822, 323.822, 323.822, 323.822, 323.822, 323.818, 300, 
323.847, 323.847, 323.847, 323.847, 323.847, 323.847, 323.847, 323.847, 323.847, 323.847, 323.847, 323.847, 323.847, 323.847, 323.847, 323.847, 323.847, 323.847, 323.847, 323.847, 323.847, 323.847, 323.847, 323.847, 323.847, 323.847, 323.847, 323.847, 323.847, 323.847, 323.847, 323.847, 323.847, 323.847, 323.847, 323.847, 323.847, 323.847, 323.847, 323.847, 323.847, 323.847, 323.847, 323.847, 323.847, 323.847, 323.847, 323.847, 323.847, 323.847, 323.847, 323.847, 323.847, 323.847, 323.847, 323.847, 323.847, 323.847, 323.847, 323.847, 323.847, 323.847, 323.847, 323.847, 323.847, 323.847, 323.847, 323.847, 323.847, 323.847, 323.847, 323.847, 323.847, 323.847, 323.847, 323.847, 323.847, 323.847, 323.847, 323.847, 323.847, 323.847, 323.847, 323.847, 323.847, 323.847, 323.847, 323.847, 323.847, 323.847, 323.847, 323.847, 323.847, 323.847, 323.847, 323.847, 323.847, 323.847, 323.844, 300, 
323.873, 323.873, 323.873, 323.873, 323.873, 323.873, 323.873, 323.873, 323.873, 323.873, 323.873, 323.873, 323.873, 323.873, 323.873, 323.873, 323.873, 323.873, 323.873, 323.873, 323.873, 323.873, 323.873, 323.873, 323.873, 323.873, 323.873, 323.873, 323.873, 323.873, 323.873, 323.873, 323.873, 323.873, 323.873, 323.873, 323.873, 323.873, 323.873, 323.873, 323.873, 323.873, 323.873, 323.873, 323.873, 323.873, 323.873, 323.873, 323.873, 323.873, 323.873, 323.873, 323.873, 323.873, 323.873, 323.873, 323.873, 323.873, 323.873, 323.873, 323.873, 323.873, 323.873, 323.873, 323.873, 323.873, 323.873, 323.873, 323.873, 323.873, 323.873, 323.873, 323.873, 323.873, 323.873, 323.873, 323.873, 323.873, 323.873, 323.873, 323.873, 323.873, 323.873, 323.873, 323.873, 323.873, 323.873, 323.873, 323.873, 323.873, 323.873, 323.873, 323.873, 323.873, 323.873, 323.873, 323.873, 323.873, 323.869, 300, 
323.898, 323.898, 323.898, 323.898, 323.898, 323.898, 323.898, 323.898, 323.898, 323.898, 323.898, 323.898, 323.898, 323.898, 323.898, 323.898, 323.898, 323.898, 323.898, 323.898, 323.898, 323.898, 323.898, 323.898, 323.898, 323.898, 323.898, 323.898, 323.898, 323.898, 323.898, 323.898, 323.898, 323.898, 323.898, 323.898, 323.898, 323.898, 323.898, 323.898, 323.898, 323.898, 323.898, 323.898, 323.898, 323.898, 323.898, 323.898, 323.898, 323.898, 323.898, 323.898, 323.898, 323.898, 323.898, 323.898, 323.898, 323.898, 323.898, 323.898, 323.898, 323.898, 323.898, 323.898, 323.898, 323.898, 323.898, 323.898, 323.898, 323.898, 323.898, 323.898, 323.898, 323.898, 323.898, 323.898, 323.898, 323.898, 323.898, 323.898, 323.898, 323.898, 323.898, 323.898, 323.898, 323.898, 323.898, 323.898, 323.898, 323.898, 323.898, 323.898, 323.898, 323.898, 323.898, 323.898, 323.898, 323.898, 323.895, 300, 
323.924, 323.924, 323.924, 323.924, 323.924, 323.924, 323.924, 323.924, 323.924, 323.924, 323.924, 323.924, 323.924, 323.924, 323.924, 323.924, 323.924, 323.924, 323.924, 323.924, 323.924, 323.924, 323.924, 323.924, 323.924, 323.924, 323.924, 323.924, 323.924, 323.924, 323.924, 323.924, 323.924, 323.924, 323.924, 323.924, 323.924, 323.924, 323.924, 323.924, 323.924, 323.924, 323.924, 323.924, 323.924, 323.924, 323.924, 323.924, 323.924, 323.924, 323.924, 323.924, 323.924, 323.924, 323.924, 323.924, 323.924, 323.924, 323.924, 323.924, 323.924, 323.924, 323.924, 323.924, 323.924, 323.924, 323.924, 323.924, 323.924, 323.924, 323.924, 323.924, 323.924, 323.924, 323.924, 323.924, 323.924, 323.924, 323.924, 323.924, 323.924, 323.924, 323.924, 323.924, 323.924, 323.924, 323.924, 323.924, 323.924, 323.924, 323.924, 323.924, 323.924, 323.924, 323.924, 323.924, 323.924, 323.924, 323.92, 300, 
323.949, 323.949, 323.949, 323.949, 323.949, 323.949, 323.949, 323.949, 323.949, 323.949, 323.949, 323.949, 323.949, 323.949, 323.949, 323.949, 323.949, 323.949, 323.949, 323.949, 323.949, 323.949, 323.949, 323.949, 323.949, 323.949, 323.949, 323.949, 323.949, 323.949, 323.949, 323.949, 323.949, 323.949, 323.949, 323.949, 323.949, 323.949, 323.949, 323.949, 323.949, 323.949, 323.949, 323.949, 323.949, 323.949, 323.949, 323.949, 323.949, 323.949, 323.949, 323.949, 323.949, 323.949, 323.949, 323.949, 323.949, 323.949, 323.949, 323.949, 323.949, 323.949, 323.949, 323.949, 323.949, 323.949, 323.949, 323.949, 323.949, 323.949, 323.949, 323.949, 323.949, 323.949, 323.949, 323.949, 323.949, 323.949, 323.949, 323.949, 323.949, 323.949, 323.949, 323.949, 323.949, 323.949, 323.949, 323.949, 323.949, 323.949, 323.949, 323.949, 323.949, 323.949, 323.949, 323.949, 323.949, 323.949, 323.946, 300, 
323.975, 323.975, 323.975, 323.975, 323.975, 323.975, 323.975, 323.975, 323.975, 323.975, 323.975, 323.975, 323.975, 323.975, 323.975, 323.975, 323.975, 323.975, 323.975, 323.975, 323.975, 323.975, 323.975, 323.975, 323.975, 323.975, 323.975, 323.975, 323.975, 323.975, 323.975, 323.975, 323.975, 323.975, 323.975, 323.975, 323.975, 323.975, 323.975, 323.975, 323.975, 323.975, 323.975, 323.975, 323.975, 323.975, 323.975, 323.975, 323.975, 323.975, 323.975, 323.975, 323.975, 323.975, 323.975, 323.975, 323.975, 323.975, 323.975, 323.975, 323.975, 323.975, 323.975, 323.975, 323.975, 323.975, 323.975, 323.975, 323.975, 323.975, 323.975, 323.975, 323.975, 323.975, 323.975, 323.975, 323.975, 323.975, 323.975, 323.975, 323.975, 323.975, 323.975, 323.975, 323.975, 323.975, 323.975, 323.975, 323.975, 323.975, 323.975, 323.975, 323.975, 323.975, 323.975, 323.975, 323.975, 323.975, 323.971, 300, 
324, 324, 324, 324, 324, 324, 324, 324, 324, 324, 324, 324, 324, 324, 324, 324, 324, 324, 324, 324, 324, 324, 324, 324, 324, 324, 324, 324, 324, 324, 324, 324, 324, 324, 324, 324, 324, 324, 324, 324, 324, 324, 324, 324, 324, 324, 324, 324, 324, 324, 324, 324, 324, 324, 324, 324, 324, 324, 324, 324, 324, 324, 324, 324, 324, 324, 324, 324, 324, 324, 324, 324, 324, 324, 324, 324, 324, 324, 324, 324, 324, 324, 324, 324, 324, 324, 324, 324, 324, 324, 324, 324, 324, 324, 324, 324, 324, 324, 323.996, 300, 
324.025, 324.025, 324.025, 324.025, 324.025, 324.025, 324.025, 324.025, 324.025, 324.025, 324.025, 324.025, 324.025, 324.025, 324.025, 324.025, 324.025, 324.025, 324.025, 324.025, 324.025, 324.025, 324.025, 324.025, 324.025, 324.025, 324.025, 324.025, 324.025, 324.025, 324.025, 324.025, 324.025, 324.025, 324.025, 324.025, 324.025, 324.025, 324.025, 324.025, 324.025, 324.025, 324.025, 324.025, 324.025, 324.025, 324.025, 324.025, 324.025, 324.025, 324.025, 324.025, 324.025, 324.025, 324.025, 324.025, 324.025, 324.025, 324.025, 324.025, 324.025, 324.025, 324.025, 324.025, 324.025, 324.025, 324.025, 324.025, 324.025, 324.025, 324.025, 324.025, 324.025, 324.025, 324.025, 324.025, 324.025, 324.025, 324.025, 324.025, 324.025, 324.025, 324.025, 324.025, 324.025, 324.025, 324.025, 324.025, 324.025, 324.025, 324.025, 324.025, 324.025, 324.025, 324.025, 324.025, 324.026, 324.026, 324.022, 300, 
324.051, 324.051, 324.051, 324.051, 324.051, 324.051, 324.051, 324.051, 324.051, 324.051, 324.051, 324.051, 324.051, 324.051, 324.051, 324.051, 324.051, 324.051, 324.051, 324.051, 324.051, 324.051, 324.051, 324.051, 324.051, 324.051, 324.051, 324.051, 324.051, 324.051, 324.051, 324.051, 324.051, 324.051, 324.051, 324.051, 324.051, 324.051, 324.051, 324.051, 324.051, 324.051, 324.051, 324.051, 324.051, 324.051, 324.051, 324.051, 324.051, 324.051, 324.051, 324.051, 324.051, 324.051, 324.051, 324.051, 324.051, 324.051, 324.051, 324.051, 324.051, 324.051, 324.051, 324.051, 324.051, 324.051, 324.051, 324.051, 324.051, 324.051, 324.051, 324.051, 324.051, 324.051, 324.051, 324.051, 324.051, 324.051, 324.051, 324.051, 324.051, 324.051, 324.051, 324.051, 324.051, 324.051, 324.051, 324.051, 324.051, 324.051, 324.051, 324.051, 324.051, 324.051, 324.051, 324.051, 324.051, 324.051, 324.047, 300, 
324.076, 324.076, 324.076, 324.076, 324.076, 324.076, 324.076, 324.076, 324.076, 324.076, 324.076, 324.076, 324.076, 324.076, 324.076, 324.076, 324.076, 324.076, 324.076, 324.076, 324.076, 324.076, 324.076, 324.076, 324.076, 324.076, 324.076, 324.076, 324.076, 324.076, 324.076, 324.076, 324.076, 324.076, 324.076, 324.076, 324.076, 324.076, 324.076, 324.076, 324.076, 324.076, 324.076, 324.076, 324.076, 324.076, 324.076, 324.076, 324.076, 324.076, 324.076, 324.076, 324.076, 324.076, 324.076, 324.076, 324.076, 324.076, 324.076, 324.076, 324.076, 324.076, 324.076, 324.076, 324.076, 324.076, 324.076, 324.076, 324.076, 324.076, 324.076, 324.076, 324.076, 324.076, 324.076, 324.076, 324.076, 324.076, 324.076, 324.076, 324.076, 324.076, 324.076, 324.076, 324.076, 324.076, 324.076, 324.076, 324.076, 324.076, 324.076, 324.076, 324.076, 324.076, 324.076, 324.076, 324.076, 324.076, 324.073, 300, 
324.102, 324.102, 324.102, 324.102, 324.102, 324.102, 324.102, 324.102, 324.102, 324.102, 324.102, 324.102, 324.102, 324.102, 324.102, 324.102, 324.102, 324.102, 324.102, 324.102, 324.102, 324.102, 324.102, 324.102, 324.102, 324.102, 324.102, 324.102, 324.102, 324.102, 324.102, 324.102, 324.102, 324.102, 324.102, 324.102, 324.102, 324.102, 324.102, 324.102, 324.102, 324.102, 324.102, 324.102, 324.102, 324.102, 324.102, 324.102, 324.102, 324.102, 324.102, 324.102, 324.102, 324.102, 324.102, 324.102, 324.102, 324.102, 324.102, 324.102, 324.102, 324.102, 324.102, 324.102, 324.102, 324.102, 324.102, 324.102, 324.102, 324.102, 324.102, 324.102, 324.102, 324.102, 324.102, 324.102, 324.102, 324.102, 324.102, 324.102, 324.102, 324.102, 324.102, 324.102, 324.102, 324.102, 324.102, 324.102, 324.102, 324.102, 324.102, 324.102, 324.102, 324.102, 324.102, 324.102, 324.102, 324.102, 324.098, 300, 
324.127, 324.127, 324.127, 324.127, 324.127, 324.127, 324.127, 324.127, 324.127, 324.127, 324.127, 324.127, 324.127, 324.127, 324.127, 324.127, 324.127, 324.127, 324.127, 324.127, 324.127, 324.127, 324.127, 324.127, 324.127, 324.127, 324.127, 324.127, 324.127, 324.127, 324.127, 324.127, 324.127, 324.127, 324.127, 324.127, 324.127, 324.127, 324.127, 324.127, 324.127, 324.127, 324.127, 324.127, 324.127, 324.127, 324.127, 324.127, 324.127, 324.127, 324.127, 324.127, 324.127, 324.127, 324.127, 324.127, 324.127, 324.127, 324.127, 324.127, 324.127, 324.127, 324.127, 324.127, 324.127, 324.127, 324.127, 324.127, 324.127, 324.127, 324.127, 324.127, 324.127, 324.127, 324.127, 324.127, 324.127, 324.127, 324.127, 324.127, 324.127, 324.127, 324.127, 324.127, 324.127, 324.127, 324.127, 324.127, 324.127, 324.127, 324.127, 324.127, 324.127, 324.127, 324.127, 324.127, 324.127, 324.127, 324.124, 300, 
324.153, 324.153, 324.153, 324.153, 324.153, 324.153, 324.153, 324.153, 324.153, 324.153, 324.153, 324.153, 324.153, 324.153, 324.153, 324.153, 324.153, 324.153, 324.153, 324.153, 324.153, 324.153, 324.153, 324.153, 324.153, 324.153, 324.153, 324.153, 324.153, 324.153, 324.153, 324.153, 324.153, 324.153, 324.153, 324.153, 324.153, 324.153, 324.153, 324.153, 324.153, 324.153, 324.153, 324.153, 324.153, 324.153, 324.153, 324.153, 324.153, 324.153, 324.153, 324.153, 324.153, 324.153, 324.153, 324.153, 324.153, 324.153, 324.153, 324.153, 324.153, 324.153, 324.153, 324.153, 324.153, 324.153, 324.153, 324.153, 324.153, 324.153, 324.153, 324.153, 324.153, 324.153, 324.153, 324.153, 324.153, 324.153, 324.153, 324.153, 324.153, 324.153, 324.153, 324.153, 324.153, 324.153, 324.153, 324.153, 324.153, 324.153, 324.153, 324.153, 324.153, 324.153, 324.153, 324.153, 324.153, 324.153, 324.149, 300, 
324.178, 324.178, 324.178, 324.178, 324.178, 324.178, 324.178, 324.178, 324.178, 324.178, 324.178, 324.178, 324.178, 324.178, 324.178, 324.178, 324.178, 324.178, 324.178, 324.178, 324.178, 324.178, 324.178, 324.178, 324.178, 324.178, 324.178, 324.178, 324.178, 324.178, 324.178, 324.178, 324.178, 324.178, 324.178, 324.178, 324.178, 324.178, 324.178, 324.178, 324.178, 324.178, 324.178, 324.178, 324.178, 324.178, 324.178, 324.178, 324.178, 324.178, 324.178, 324.178, 324.178, 324.178, 324.178, 324.178, 324.178, 324.178, 324.178, 324.178, 324.178, 324.178, 324.178, 324.178, 324.178, 324.178, 324.178, 324.178, 324.178, 324.178, 324.178, 324.178, 324.178, 324.178, 324.178, 324.178, 324.178, 324.178, 324.178, 324.178, 324.178, 324.178, 324.178, 324.178, 324.178, 324.178, 324.178, 324.178, 324.178, 324.178, 324.178, 324.178, 324.178, 324.178, 324.178, 324.178, 324.178, 324.178, 324.175, 300, 
324.204, 324.204, 324.204, 324.204, 324.204, 324.204, 324.204, 324.204, 324.204, 324.204, 324.204, 324.204, 324.204, 324.204, 324.204, 324.204, 324.204, 324.204, 324.204, 324.204, 324.204, 324.204, 324.204, 324.204, 324.204, 324.204, 324.204, 324.204, 324.204, 324.204, 324.204, 324.204, 324.204, 324.204, 324.204, 324.204, 324.204, 324.204, 324.204, 324.204, 324.204, 324.204, 324.204, 324.204, 324.204, 324.204, 324.204, 324.204, 324.204, 324.204, 324.204, 324.204, 324.204, 324.204, 324.204, 324.204, 324.204, 324.204, 324.204, 324.204, 324.204, 324.204, 324.204, 324.204, 324.204, 324.204, 324.204, 324.204, 324.204, 324.204, 324.204, 324.204, 324.204, 324.204, 324.204, 324.204, 324.204, 324.204, 324.204, 324.204, 324.204, 324.204, 324.204, 324.204, 324.204, 324.204, 324.204, 324.204, 324.204, 324.204, 324.204, 324.204, 324.204, 324.204, 324.204, 324.204, 324.204, 324.204, 324.2, 300, 
324.229, 324.229, 324.229, 324.229, 324.229, 324.229, 324.229, 324.229, 324.229, 324.229, 324.229, 324.229, 324.229, 324.229, 324.229, 324.229, 324.229, 324.229, 324.229, 324.229, 324.229, 324.229, 324.229, 324.229, 324.229, 324.229, 324.229, 324.229, 324.229, 324.229, 324.229, 324.229, 324.229, 324.229, 324.229, 324.229, 324.229, 324.229, 324.229, 324.229, 324.229, 324.229, 324.229, 324.229, 324.229, 324.229, 324.229, 324.229, 324.229, 324.229, 324.229, 324.229, 324.229, 324.229, 324.229, 324.229, 324.229, 324.229, 324.229, 324.229, 324.229, 324.229, 324.229, 324.229, 324.229, 324.229, 324.229, 324.229, 324.229, 324.229, 324.229, 324.229, 324.229, 324.229, 324.229, 324.229, 324.229, 324.229, 324.229, 324.229, 324.229, 324.229, 324.229, 324.229, 324.229, 324.229, 324.229, 324.229, 324.229, 324.229, 324.229, 324.229, 324.229, 324.229, 324.229, 324.229, 324.229, 324.229, 324.225, 300, 
324.255, 324.255, 324.255, 324.255, 324.255, 324.255, 324.255, 324.255, 324.255, 324.255, 324.255, 324.255, 324.255, 324.255, 324.255, 324.255, 324.255, 324.255, 324.255, 324.255, 324.255, 324.255, 324.255, 324.255, 324.255, 324.255, 324.255, 324.255, 324.255, 324.255, 324.255, 324.255, 324.255, 324.255, 324.255, 324.255, 324.255, 324.255, 324.255, 324.255, 324.255, 324.255, 324.255, 324.255, 324.255, 324.255, 324.255, 324.255, 324.255, 324.255, 324.255, 324.255, 324.255, 324.255, 324.255, 324.255, 324.255, 324.255, 324.255, 324.255, 324.255, 324.255, 324.255, 324.255, 324.255, 324.255, 324.255, 324.255, 324.255, 324.255, 324.255, 324.255, 324.255, 324.255, 324.255, 324.255, 324.255, 324.255, 324.255, 324.255, 324.255, 324.255, 324.255, 324.255, 324.255, 324.255, 324.255, 324.255, 324.255, 324.255, 324.255, 324.255, 324.255, 324.255, 324.255, 324.255, 324.255, 324.255, 324.251, 300, 
324.28, 324.28, 324.28, 324.28, 324.28, 324.28, 324.28, 324.28, 324.28, 324.28, 324.28, 324.28, 324.28, 324.28, 324.28, 324.28, 324.28, 324.28, 324.28, 324.28, 324.28, 324.28, 324.28, 324.28, 324.28, 324.28, 324.28, 324.28, 324.28, 324.28, 324.28, 324.28, 324.28, 324.28, 324.28, 324.28, 324.28, 324.28, 324.28, 324.28, 324.28, 324.28, 324.28, 324.28, 324.28, 324.28, 324.28, 324.28, 324.28, 324.28, 324.28, 324.28, 324.28, 324.28, 324.28, 324.28, 324.28, 324.28, 324.28, 324.28, 324.28, 324.28, 324.28, 324.28, 324.28, 324.28, 324.28, 324.28, 324.28, 324.28, 324.28, 324.28, 324.28, 324.28, 324.28, 324.28, 324.28, 324.28, 324.28, 324.28, 324.28, 324.28, 324.28, 324.28, 324.28, 324.28, 324.28, 324.28, 324.28, 324.28, 324.28, 324.28, 324.28, 324.28, 324.28, 324.28, 324.28, 324.28, 324.276, 300, 
324.306, 324.306, 324.306, 324.306, 324.306, 324.306, 324.306, 324.306, 324.306, 324.306, 324.306, 324.306, 324.306, 324.306, 324.306, 324.306, 324.306, 324.306, 324.306, 324.306, 324.306, 324.306, 324.306, 324.306, 324.306, 324.306, 324.306, 324.306, 324.306, 324.306, 324.306, 324.306, 324.306, 324.306, 324.306, 324.306, 324.306, 324.306, 324.306, 324.306, 324.306, 324.306, 324.306, 324.306, 324.306, 324.306, 324.306, 324.306, 324.306, 324.306, 324.306, 324.306, 324.306, 324.306, 324.306, 324.306, 324.306, 324.306, 324.306, 324.306, 324.306, 324.306, 324.306, 324.306, 324.306, 324.306, 324.306, 324.306, 324.306, 324.306, 324.306, 324.306, 324.306, 324.306, 324.306, 324.306, 324.306, 324.306, 324.306, 324.306, 324.306, 324.306, 324.306, 324.306, 324.306, 324.306, 324.306, 324.306, 324.306, 324.306, 324.306, 324.306, 324.306, 324.306, 324.306, 324.306, 324.306, 324.306, 324.302, 300, 
324.331, 324.331, 324.331, 324.331, 324.331, 324.331, 324.331, 324.331, 324.331, 324.331, 324.331, 324.331, 324.331, 324.331, 324.331, 324.331, 324.331, 324.331, 324.331, 324.331, 324.331, 324.331, 324.331, 324.331, 324.331, 324.331, 324.331, 324.331, 324.331, 324.331, 324.331, 324.331, 324.331, 324.331, 324.331, 324.331, 324.331, 324.331, 324.331, 324.331, 324.331, 324.331, 324.331, 324.331, 324.331, 324.331, 324.331, 324.331, 324.331, 324.331, 324.331, 324.331, 324.331, 324.331, 324.331, 324.331, 324.331, 324.331, 324.331, 324.331, 324.331, 324.331, 324.331, 324.331, 324.331, 324.331, 324.331, 324.331, 324.331, 324.331, 324.331, 324.331, 324.331, 324.331, 324.331, 324.331, 324.331, 324.331, 324.331, 324.331, 324.331, 324.331, 324.331, 324.331, 324.331, 324.331, 324.331, 324.331, 324.331, 324.331, 324.331, 324.331, 324.331, 324.331, 324.331, 324.331, 324.331, 324.331, 324.327, 300, 
324.357, 324.357, 324.357, 324.357, 324.357, 324.357, 324.357, 324.357, 324.357, 324.357, 324.357, 324.357, 324.357, 324.357, 324.357, 324.357, 324.357, 324.357, 324.357, 324.357, 324.357, 324.357, 324.357, 324.357, 324.357, 324.357, 324.357, 324.357, 324.357, 324.357, 324.357, 324.357, 324.357, 324.357, 324.357, 324.357, 324.357, 324.357, 324.357, 324.357, 324.357, 324.357, 324.357, 324.357, 324.357, 324.357, 324.357, 324.357, 324.357, 324.357, 324.357, 324.357, 324.357, 324.357, 324.357, 324.357, 324.357, 324.357, 324.357, 324.357, 324.357, 324.357, 324.357, 324.357, 324.357, 324.357, 324.357, 324.357, 324.357, 324.357, 324.357, 324.357, 324.357, 324.357, 324.357, 324.357, 324.357, 324.357, 324.357, 324.357, 324.357, 324.357, 324.357, 324.357, 324.357, 324.357, 324.357, 324.357, 324.357, 324.357, 324.357, 324.357, 324.357, 324.357, 324.357, 324.357, 324.357, 324.357, 324.353, 300, 
324.382, 324.382, 324.382, 324.382, 324.382, 324.382, 324.382, 324.382, 324.382, 324.382, 324.382, 324.382, 324.382, 324.382, 324.382, 324.382, 324.382, 324.382, 324.382, 324.382, 324.382, 324.382, 324.382, 324.382, 324.382, 324.382, 324.382, 324.382, 324.382, 324.382, 324.382, 324.382, 324.382, 324.382, 324.382, 324.382, 324.382, 324.382, 324.382, 324.382, 324.382, 324.382, 324.382, 324.382, 324.382, 324.382, 324.382, 324.382, 324.382, 324.382, 324.382, 324.382, 324.382, 324.382, 324.382, 324.382, 324.382, 324.382, 324.382, 324.382, 324.382, 324.382, 324.382, 324.382, 324.382, 324.382, 324.382, 324.382, 324.382, 324.382, 324.382, 324.382, 324.382, 324.382, 324.382, 324.382, 324.382, 324.382, 324.382, 324.382, 324.382, 324.382, 324.382, 324.382, 324.382, 324.382, 324.382, 324.382, 324.382, 324.382, 324.382, 324.382, 324.382, 324.382, 324.382, 324.382, 324.382, 324.382, 324.378, 300, 
324.408, 324.408, 324.408, 324.408, 324.408, 324.408, 324.408, 324.408, 324.408, 324.408, 324.408, 324.408, 324.408, 324.408, 324.408, 324.408, 324.408, 324.408, 324.408, 324.408, 324.408, 324.408, 324.408, 324.408, 324.408, 324.408, 324.408, 324.408, 324.408, 324.408, 324.408, 324.408, 324.408, 324.408, 324.408, 324.408, 324.408, 324.408, 324.408, 324.408, 324.408, 324.408, 324.408, 324.408, 324.408, 324.408, 324.408, 324.408, 324.408, 324.408, 324.408, 324.408, 324.408, 324.408, 324.408, 324.408, 324.408, 324.408, 324.408, 324.408, 324.408, 324.408, 324.408, 324.408, 324.408, 324.408, 324.408, 324.408, 324.408, 324.408, 324.408, 324.408, 324.408, 324.408, 324.408, 324.408, 324.408, 324.408, 324.408, 324.408, 324.408, 324.408, 324.408, 324.408, 324.408, 324.408, 324.408, 324.408, 324.408, 324.408, 324.408, 324.408, 324.408, 324.408, 324.408, 324.408, 324.408, 324.408, 324.404, 300, 
324.433, 324.433, 324.433, 324.433, 324.433, 324.433, 324.433, 324.433, 324.433, 324.433, 324.433, 324.433, 324.433, 324.433, 324.433, 324.433, 324.433, 324.433, 324.433, 324.433, 324.433, 324.433, 324.433, 324.433, 324.433, 324.433, 324.433, 324.433, 324.433, 324.433, 324.433, 324.433, 324.433, 324.433, 324.433, 324.433, 324.433, 324.433, 324.433, 324.433, 324.433, 324.433, 324.433, 324.433, 324.433, 324.433, 324.433, 324.433, 324.433, 324.433, 324.433, 324.433, 324.433, 324.433, 324.433, 324.433, 324.433, 324.433, 324.433, 324.433, 324.433, 324.433, 324.433, 324.433, 324.433, 324.433, 324.433, 324.433, 324.433, 324.433, 324.433, 324.433, 324.433, 324.433, 324.433, 324.433, 324.433, 324.433, 324.433, 324.433, 324.433, 324.433, 324.433, 324.433, 324.433, 324.433, 324.433, 324.433, 324.433, 324.433, 324.433, 324.433, 324.433, 324.433, 324.433, 324.433, 324.433, 324.433, 324.429, 300, 
324.459, 324.459, 324.459, 324.459, 324.459, 324.459, 324.459, 324.459, 324.459, 324.459, 324.459, 324.459, 324.459, 324.459, 324.459, 324.459, 324.459, 324.459, 324.459, 324.459, 324.459, 324.459, 324.459, 324.459, 324.459, 324.459, 324.459, 324.459, 324.459, 324.459, 324.459, 324.459, 324.459, 324.459, 324.459, 324.459, 324.459, 324.459, 324.459, 324.459, 324.459, 324.459, 324.459, 324.459, 324.459, 324.459, 324.459, 324.459, 324.459, 324.459, 324.459, 324.459, 324.459, 324.459, 324.459, 324.459, 324.459, 324.459, 324.459, 324.459, 324.459, 324.459, 324.459, 324.459, 324.459, 324.459, 324.459, 324.459, 324.459, 324.459, 324.459, 324.459, 324.459, 324.459, 324.459, 324.459, 324.459, 324.459, 324.459, 324.459, 324.459, 324.459, 324.459, 324.459, 324.459, 324.459, 324.459, 324.459, 324.459, 324.459, 324.459, 324.459, 324.459, 324.459, 324.459, 324.459, 324.459, 324.459, 324.455, 300, 
324.484, 324.484, 324.484, 324.484, 324.484, 324.484, 324.484, 324.484, 324.484, 324.484, 324.484, 324.484, 324.484, 324.484, 324.484, 324.484, 324.484, 324.484, 324.484, 324.484, 324.484, 324.484, 324.484, 324.484, 324.484, 324.484, 324.484, 324.484, 324.484, 324.484, 324.484, 324.484, 324.484, 324.484, 324.484, 324.484, 324.484, 324.484, 324.484, 324.484, 324.484, 324.484, 324.484, 324.484, 324.484, 324.484, 324.484, 324.484, 324.484, 324.484, 324.484, 324.484, 324.484, 324.484, 324.484, 324.484, 324.484, 324.484, 324.484, 324.484, 324.484, 324.484, 324.484, 324.484, 324.484, 324.484, 324.484, 324.484, 324.484, 324.484, 324.484, 324.484, 324.484, 324.484, 324.484, 324.484, 324.484, 324.484, 324.484, 324.484, 324.484, 324.484, 324.484, 324.484, 324.484, 324.484, 324.484, 324.484, 324.484, 324.484, 324.484, 324.484, 324.484, 324.484, 324.484, 324.484, 324.484, 324.484, 324.48, 300, 
324.51, 324.51, 324.51, 324.51, 324.51, 324.51, 324.51, 324.51, 324.51, 324.51, 324.51, 324.51, 324.51, 324.51, 324.51, 324.51, 324.51, 324.51, 324.51, 324.51, 324.51, 324.51, 324.51, 324.51, 324.51, 324.51, 324.51, 324.51, 324.51, 324.51, 324.51, 324.51, 324.51, 324.51, 324.51, 324.51, 324.51, 324.51, 324.51, 324.51, 324.51, 324.51, 324.51, 324.51, 324.51, 324.51, 324.51, 324.51, 324.51, 324.51, 324.51, 324.51, 324.51, 324.51, 324.51, 324.51, 324.51, 324.51, 324.51, 324.51, 324.51, 324.51, 324.51, 324.51, 324.51, 324.51, 324.51, 324.51, 324.51, 324.51, 324.51, 324.51, 324.51, 324.51, 324.51, 324.51, 324.51, 324.51, 324.51, 324.51, 324.51, 324.51, 324.51, 324.51, 324.51, 324.51, 324.51, 324.51, 324.51, 324.51, 324.51, 324.51, 324.51, 324.51, 324.51, 324.51, 324.51, 324.51, 324.505, 300, 
324.535, 324.535, 324.535, 324.535, 324.535, 324.535, 324.535, 324.535, 324.535, 324.535, 324.535, 324.535, 324.535, 324.535, 324.535, 324.535, 324.535, 324.535, 324.535, 324.535, 324.535, 324.535, 324.535, 324.535, 324.535, 324.535, 324.535, 324.535, 324.535, 324.535, 324.535, 324.535, 324.535, 324.535, 324.535, 324.535, 324.535, 324.535, 324.535, 324.535, 324.535, 324.535, 324.535, 324.535, 324.535, 324.535, 324.535, 324.535, 324.535, 324.535, 324.535, 324.535, 324.535, 324.535, 324.535, 324.535, 324.535, 324.535, 324.535, 324.535, 324.535, 324.535, 324.535, 324.535, 324.535, 324.535, 324.535, 324.535, 324.535, 324.535, 324.535, 324.535, 324.535, 324.535, 324.535, 324.535, 324.535, 324.535, 324.535, 324.535, 324.535, 324.535, 324.535, 324.535, 324.535, 324.535, 324.535, 324.535, 324.535, 324.535, 324.535, 324.535, 324.535, 324.535, 324.535, 324.535, 324.535, 324.535, 324.531, 300, 
324.561, 324.561, 324.561, 324.561, 324.561, 324.561, 324.561, 324.561, 324.561, 324.561, 324.561, 324.561, 324.561, 324.561, 324.561, 324.561, 324.561, 324.561, 324.561, 324.561, 324.561, 324.561, 324.561, 324.561, 324.561, 324.561, 324.561, 324.561, 324.561, 324.561, 324.561, 324.561, 324.561, 324.561, 324.561, 324.561, 324.561, 324.561, 324.561, 324.561, 324.561, 324.561, 324.561, 324.561, 324.561, 324.561, 324.561, 324.561, 324.561, 324.561, 324.561, 324.561, 324.561, 324.561, 324.561, 324.561, 324.561, 324.561, 324.561, 324.561, 324.561, 324.561, 324.561, 324.561, 324.561, 324.561, 324.561, 324.561, 324.561, 324.561, 324.561, 324.561, 324.561, 324.561, 324.561, 324.561, 324.561, 324.561, 324.561, 324.561, 324.561, 324.561, 324.561, 324.561, 324.561, 324.561, 324.561, 324.561, 324.561, 324.561, 324.561, 324.561, 324.561, 324.561, 324.561, 324.561, 324.561, 324.561, 324.556, 300, 
324.586, 324.586, 324.586, 324.586, 324.586, 324.586, 324.586, 324.586, 324.586, 324.586, 324.586, 324.586, 324.586, 324.586, 324.586, 324.586, 324.586, 324.586, 324.586, 324.586, 324.586, 324.586, 324.586, 324.586, 324.586, 324.586, 324.586, 324.586, 324.586, 324.586, 324.586, 324.586, 324.586, 324.586, 324.586, 324.586, 324.586, 324.586, 324.586, 324.586, 324.586, 324.586, 324.586, 324.586, 324.586, 324.586, 324.586, 324.586, 324.586, 324.586, 324.586, 324.586, 324.586, 324.586, 324.586, 324.586, 324.586, 324.586, 324.586, 324.586, 324.586, 324.586, 324.586, 324.586, 324.586, 324.586, 324.586, 324.586, 324.586, 324.586, 324.586, 324.586, 324.586, 324.586, 324.586, 324.586, 324.586, 324.586, 324.586, 324.586, 324.586, 324.586, 324.586, 324.586, 324.586, 324.586, 324.586, 324.586, 324.586, 324.586, 324.586, 324.586, 324.586, 324.586, 324.586, 324.586, 324.586, 324.586, 324.582, 300, 
324.611, 324.611, 324.611, 324.611, 324.611, 324.611, 324.611, 324.611, 324.611, 324.611, 324.611, 324.611, 324.611, 324.611, 324.611, 324.611, 324.611, 324.611, 324.611, 324.611, 324.611, 324.611, 324.611, 324.611, 324.611, 324.611, 324.611, 324.611, 324.611, 324.611, 324.611, 324.611, 324.611, 324.611, 324.611, 324.611, 324.611, 324.611, 324.611, 324.611, 324.611, 324.611, 324.611, 324.611, 324.611, 324.611, 324.611, 324.611, 324.611, 324.611, 324.611, 324.611, 324.611, 324.611, 324.611, 324.611, 324.611, 324.611, 324.611, 324.611, 324.611, 324.611, 324.611, 324.611, 324.611, 324.611, 324.611, 324.611, 324.611, 324.611, 324.611, 324.611, 324.611, 324.611, 324.611, 324.611, 324.611, 324.611, 324.611, 324.611, 324.611, 324.611, 324.611, 324.611, 324.611, 324.611, 324.611, 324.611, 324.611, 324.611, 324.611, 324.611, 324.611, 324.611, 324.611, 324.611, 324.611, 324.611, 324.607, 300, 
324.637, 324.637, 324.637, 324.637, 324.637, 324.637, 324.637, 324.637, 324.637, 324.637, 324.637, 324.637, 324.637, 324.637, 324.637, 324.637, 324.637, 324.637, 324.637, 324.637, 324.637, 324.637, 324.637, 324.637, 324.637, 324.637, 324.637, 324.637, 324.637, 324.637, 324.637, 324.637, 324.637, 324.637, 324.637, 324.637, 324.637, 324.637, 324.637, 324.637, 324.637, 324.637, 324.637, 324.637, 324.637, 324.637, 324.637, 324.637, 324.637, 324.637, 324.637, 324.637, 324.637, 324.637, 324.637, 324.637, 324.637, 324.637, 324.637, 324.637, 324.637, 324.637, 324.637, 324.637, 324.637, 324.637, 324.637, 324.637, 324.637, 324.637, 324.637, 324.637, 324.637, 324.637, 324.637, 324.637, 324.637, 324.637, 324.637, 324.637, 324.637, 324.637, 324.637, 324.637, 324.637, 324.637, 324.637, 324.637, 324.637, 324.637, 324.637, 324.637, 324.637, 324.637, 324.637, 324.637, 324.637, 324.637, 324.633, 300, 
324.662, 324.662, 324.662, 324.662, 324.662, 324.662, 324.662, 324.662, 324.662, 324.662, 324.662, 324.662, 324.662, 324.662, 324.662, 324.662, 324.662, 324.662, 324.662, 324.662, 324.662, 324.662, 324.662, 324.662, 324.662, 324.662, 324.662, 324.662, 324.662, 324.662, 324.662, 324.662, 324.662, 324.662, 324.662, 324.662, 324.662, 324.662, 324.662, 324.662, 324.662, 324.662, 324.662, 324.662, 324.662, 324.662, 324.662, 324.662, 324.662, 324.662, 324.662, 324.662, 324.662, 324.662, 324.662, 324.662, 324.662, 324.662, 324.662, 324.662, 324.662, 324.662, 324.662, 324.662, 324.662, 324.662, 324.662, 324.662, 324.662, 324.662, 324.662, 324.662, 324.662, 324.662, 324.662, 324.662, 324.662, 324.662, 324.662, 324.662, 324.662, 324.662, 324.662, 324.662, 324.662, 324.662, 324.662, 324.662, 324.662, 324.662, 324.662, 324.662, 324.662, 324.662, 324.662, 324.662, 324.662, 324.662, 324.658, 300, 
324.688, 324.688, 324.688, 324.688, 324.688, 324.688, 324.688, 324.688, 324.688, 324.688, 324.688, 324.688, 324.688, 324.688, 324.688, 324.688, 324.688, 324.688, 324.688, 324.688, 324.688, 324.688, 324.688, 324.688, 324.688, 324.688, 324.688, 324.688, 324.688, 324.688, 324.688, 324.688, 324.688, 324.688, 324.688, 324.688, 324.688, 324.688, 324.688, 324.688, 324.688, 324.688, 324.688, 324.688, 324.688, 324.688, 324.688, 324.688, 324.688, 324.688, 324.688, 324.688, 324.688, 324.688, 324.688, 324.688, 324.688, 324.688, 324.688, 324.688, 324.688, 324.688, 324.688, 324.688, 324.688, 324.688, 324.688, 324.688, 324.688, 324.688, 324.688, 324.688, 324.688, 324.688, 324.688, 324.688, 324.688, 324.688, 324.688, 324.688, 324.688, 324.688, 324.688, 324.688, 324.688, 324.688, 324.688, 324.688, 324.688, 324.688, 324.688, 324.688, 324.688, 324.688, 324.688, 324.688, 324.688, 324.688, 324.684, 300, 
324.713, 324.713, 324.713, 324.713, 324.713, 324.713, 324.713, 324.713, 324.713, 324.713, 324.713, 324.713, 324.713, 324.713, 324.713, 324.713, 324.713, 324.713, 324.713, 324.713, 324.713, 324.713, 324.713, 324.713, 324.713, 324.713, 324.713, 324.713, 324.713, 324.713, 324.713, 324.713, 324.713, 324.713, 324.713, 324.713, 324.713, 324.713, 324.713, 324.713, 324.713, 324.713, 324.713, 324.713, 324.713, 324.713, 324.713, 324.713, 324.713, 324.713, 324.713, 324.713, 324.713, 324.713, 324.713, 324.713, 324.713, 324.713, 324.713, 324.713, 324.713, 324.713, 324.713, 324.713, 324.713, 324.713, 324.713, 324.713, 324.713, 324.713, 324.713, 324.713, 324.713, 324.713, 324.713, 324.713, 324.713, 324.713, 324.713, 324.713, 324.713, 324.713, 324.713, 324.713, 324.713, 324.713, 324.713, 324.713, 324.713, 324.713, 324.713, 324.713, 324.713, 324.713, 324.713, 324.713, 324.713, 324.713, 324.709, 300, 
324.739, 324.739, 324.739, 324.739, 324.739, 324.739, 324.739, 324.739, 324.739, 324.739, 324.739, 324.739, 324.739, 324.739, 324.739, 324.739, 324.739, 324.739, 324.739, 324.739, 324.739, 324.739, 324.739, 324.739, 324.739, 324.739, 324.739, 324.739, 324.739, 324.739, 324.739, 324.739, 324.739, 324.739, 324.739, 324.739, 324.739, 324.739, 324.739, 324.739, 324.739, 324.739, 324.739, 324.739, 324.739, 324.739, 324.739, 324.739, 324.739, 324.739, 324.739, 324.739, 324.739, 324.739, 324.739, 324.739, 324.739, 324.739, 324.739, 324.739, 324.739, 324.739, 324.739, 324.739, 324.739, 324.739, 324.739, 324.739, 324.739, 324.739, 324.739, 324.739, 324.739, 324.739, 324.739, 324.739, 324.739, 324.739, 324.739, 324.739, 324.739, 324.739, 324.739, 324.739, 324.739, 324.739, 324.739, 324.739, 324.739, 324.739, 324.739, 324.739, 324.739, 324.739, 324.739, 324.739, 324.739, 324.739, 324.734, 300, 
324.764, 324.764, 324.764, 324.764, 324.764, 324.764, 324.764, 324.764, 324.764, 324.764, 324.764, 324.764, 324.764, 324.764, 324.764, 324.764, 324.764, 324.764, 324.764, 324.764, 324.764, 324.764, 324.764, 324.764, 324.764, 324.764, 324.764, 324.764, 324.764, 324.764, 324.764, 324.764, 324.764, 324.764, 324.764, 324.764, 324.764, 324.764, 324.764, 324.764, 324.764, 324.764, 324.764, 324.764, 324.764, 324.764, 324.764, 324.764, 324.764, 324.764, 324.764, 324.764, 324.764, 324.764, 324.764, 324.764, 324.764, 324.764, 324.764, 324.764, 324.764, 324.764, 324.764, 324.764, 324.764, 324.764, 324.764, 324.764, 324.764, 324.764, 324.764, 324.764, 324.764, 324.764, 324.764, 324.764, 324.764, 324.764, 324.764, 324.764, 324.764, 324.764, 324.764, 324.764, 324.764, 324.764, 324.764, 324.764, 324.764, 324.764, 324.764, 324.764, 324.764, 324.764, 324.764, 324.764, 324.764, 324.764, 324.76, 300, 
324.79, 324.79, 324.79, 324.79, 324.79, 324.79, 324.79, 324.79, 324.79, 324.79, 324.79, 324.79, 324.79, 324.79, 324.79, 324.79, 324.79, 324.79, 324.79, 324.79, 324.79, 324.79, 324.79, 324.79, 324.79, 324.79, 324.79, 324.79, 324.79, 324.79, 324.79, 324.79, 324.79, 324.79, 324.79, 324.79, 324.79, 324.79, 324.79, 324.79, 324.79, 324.79, 324.79, 324.79, 324.79, 324.79, 324.79, 324.79, 324.79, 324.79, 324.79, 324.79, 324.79, 324.79, 324.79, 324.79, 324.79, 324.79, 324.79, 324.79, 324.79, 324.79, 324.79, 324.79, 324.79, 324.79, 324.79, 324.79, 324.79, 324.79, 324.79, 324.79, 324.79, 324.79, 324.79, 324.79, 324.79, 324.79, 324.79, 324.79, 324.79, 324.79, 324.79, 324.79, 324.79, 324.79, 324.79, 324.79, 324.79, 324.79, 324.79, 324.79, 324.79, 324.79, 324.79, 324.79, 324.79, 324.79, 324.785, 300, 
324.815, 324.815, 324.815, 324.815, 324.815, 324.815, 324.815, 324.815, 324.815, 324.815, 324.815, 324.815, 324.815, 324.815, 324.815, 324.815, 324.815, 324.815, 324.815, 324.815, 324.815, 324.815, 324.815, 324.815, 324.815, 324.815, 324.815, 324.815, 324.815, 324.815, 324.815, 324.815, 324.815, 324.815, 324.815, 324.815, 324.815, 324.815, 324.815, 324.815, 324.815, 324.815, 324.815, 324.815, 324.815, 324.815, 324.815, 324.815, 324.815, 324.815, 324.815, 324.815, 324.815, 324.815, 324.815, 324.815, 324.815, 324.815, 324.815, 324.815, 324.815, 324.815, 324.815, 324.815, 324.815, 324.815, 324.815, 324.815, 324.815, 324.815, 324.815, 324.815, 324.815, 324.815, 324.815, 324.815, 324.815, 324.815, 324.815, 324.815, 324.815, 324.815, 324.815, 324.815, 324.815, 324.815, 324.815, 324.815, 324.815, 324.815, 324.815, 324.815, 324.815, 324.815, 324.815, 324.815, 324.815, 324.815, 324.811, 300, 
324.841, 324.841, 324.841, 324.841, 324.841, 324.841, 324.841, 324.841, 324.841, 324.841, 324.841, 324.841, 324.841, 324.841, 324.841, 324.841, 324.841, 324.841, 324.841, 324.841, 324.841, 324.841, 324.841, 324.841, 324.841, 324.841, 324.841, 324.841, 324.841, 324.841, 324.841, 324.841, 324.841, 324.841, 324.841, 324.841, 324.841, 324.841, 324.841, 324.841, 324.841, 324.841, 324.841, 324.841, 324.841, 324.841, 324.841, 324.841, 324.841, 324.841, 324.841, 324.841, 324.841, 324.841, 324.841, 324.841, 324.841, 324.841, 324.841, 324.841, 324.841, 324.841, 324.841, 324.841, 324.841, 324.841, 324.841, 324.841, 324.841, 324.841, 324.841, 324.841, 324.841, 324.841, 324.841, 324.841, 324.841, 324.841, 324.841, 324.841, 324.841, 324.841, 324.841, 324.841, 324.841, 324.841, 324.841, 324.841, 324.841, 324.841, 324.841, 324.841, 324.841, 324.841, 324.841, 324.841, 324.841, 324.841, 324.836, 300, 
324.866, 324.866, 324.866, 324.866, 324.866, 324.866, 324.866, 324.866, 324.866, 324.866, 324.866, 324.866, 324.866, 324.866, 324.866, 324.866, 324.866, 324.866, 324.866, 324.866, 324.866, 324.866, 324.866, 324.866, 324.866, 324.866, 324.866, 324.866, 324.866, 324.866, 324.866, 324.866, 324.866, 324.866, 324.866, 324.866, 324.866, 324.866, 324.866, 324.866, 324.866, 324.866, 324.866, 324.866, 324.866, 324.866, 324.866, 324.866, 324.866, 324.866, 324.866, 324.866, 324.866, 324.866, 324.866, 324.866, 324.866, 324.866, 324.866, 324.866, 324.866, 324.866, 324.866, 324.866, 324.866, 324.866, 324.866, 324.866, 324.866, 324.866, 324.866, 324.866, 324.866, 324.866, 324.866, 324.866, 324.866, 324.866, 324.866, 324.866, 324.866, 324.866, 324.866, 324.866, 324.866, 324.866, 324.866, 324.866, 324.866, 324.866, 324.866, 324.866, 324.866, 324.866, 324.866, 324.866, 324.866, 324.866, 324.862, 300, 
324.892, 324.892, 324.892, 324.892, 324.892, 324.892, 324.892, 324.892, 324.892, 324.892, 324.892, 324.892, 324.892, 324.892, 324.892, 324.892, 324.892, 324.892, 324.892, 324.892, 324.892, 324.892, 324.892, 324.892, 324.892, 324.892, 324.892, 324.892, 324.892, 324.892, 324.892, 324.892, 324.892, 324.892, 324.892, 324.892, 324.892, 324.892, 324.892, 324.892, 324.892, 324.892, 324.892, 324.892, 324.892, 324.892, 324.892, 324.892, 324.892, 324.892, 324.892, 324.892, 324.892, 324.892, 324.892, 324.892, 324.892, 324.892, 324.892, 324.892, 324.892, 324.892, 324.892, 324.892, 324.892, 324.892, 324.892, 324.892, 324.892, 324.892, 324.892, 324.892, 324.892, 324.892, 324.892, 324.892, 324.892, 324.892, 324.892, 324.892, 324.892, 324.892, 324.892, 324.892, 324.892, 324.892, 324.892, 324.892, 324.892, 324.892, 324.892, 324.892, 324.892, 324.892, 324.892, 324.892, 324.892, 324.892, 324.887, 300, 
324.917, 324.917, 324.917, 324.917, 324.917, 324.917, 324.917, 324.917, 324.917, 324.917, 324.917, 324.917, 324.917, 324.917, 324.917, 324.917, 324.917, 324.917, 324.917, 324.917, 324.917, 324.917, 324.917, 324.917, 324.917, 324.917, 324.917, 324.917, 324.917, 324.917, 324.917, 324.917, 324.917, 324.917, 324.917, 324.917, 324.917, 324.917, 324.917, 324.917, 324.917, 324.917, 324.917, 324.917, 324.917, 324.917, 324.917, 324.917, 324.917, 324.917, 324.917, 324.917, 324.917, 324.917, 324.917, 324.917, 324.917, 324.917, 324.917, 324.917, 324.917, 324.917, 324.917, 324.917, 324.917, 324.917, 324.917, 324.917, 324.917, 324.917, 324.917, 324.917, 324.917, 324.917, 324.917, 324.917, 324.917, 324.917, 324.917, 324.917, 324.917, 324.917, 324.917, 324.917, 324.917, 324.917, 324.917, 324.917, 324.917, 324.917, 324.917, 324.917, 324.917, 324.917, 324.917, 324.917, 324.917, 324.917, 324.913, 300, 
324.943, 324.943, 324.943, 324.943, 324.943, 324.943, 324.943, 324.943, 324.943, 324.943, 324.943, 324.943, 324.943, 324.943, 324.943, 324.943, 324.943, 324.943, 324.943, 324.943, 324.943, 324.943, 324.943, 324.943, 324.943, 324.943, 324.943, 324.943, 324.943, 324.943, 324.943, 324.943, 324.943, 324.943, 324.943, 324.943, 324.943, 324.943, 324.943, 324.943, 324.943, 324.943, 324.943, 324.943, 324.943, 324.943, 324.943, 324.943, 324.943, 324.943, 324.943, 324.943, 324.943, 324.943, 324.943, 324.943, 324.943, 324.943, 324.943, 324.943, 324.943, 324.943, 324.943, 324.943, 324.943, 324.943, 324.943, 324.943, 324.943, 324.943, 324.943, 324.943, 324.943, 324.943, 324.943, 324.943, 324.943, 324.943, 324.943, 324.943, 324.943, 324.943, 324.943, 324.943, 324.943, 324.943, 324.943, 324.943, 324.943, 324.943, 324.943, 324.943, 324.943, 324.943, 324.943, 324.943, 324.943, 324.943, 324.938, 300, 
324.968, 324.968, 324.968, 324.968, 324.968, 324.968, 324.968, 324.968, 324.968, 324.968, 324.968, 324.968, 324.968, 324.968, 324.968, 324.968, 324.968, 324.968, 324.968, 324.968, 324.968, 324.968, 324.968, 324.968, 324.968, 324.968, 324.968, 324.968, 324.968, 324.968, 324.968, 324.968, 324.968, 324.968, 324.968, 324.968, 324.968, 324.968, 324.968, 324.968, 324.968, 324.968, 324.968, 324.968, 324.968, 324.968, 324.968, 324.968, 324.968, 324.968, 324.968, 324.968, 324.968, 324.968, 324.968, 324.968, 324.968, 324.968, 324.968, 324.968, 324.968, 324.968, 324.968, 324.968, 324.968, 324.968, 324.968, 324.968, 324.968, 324.968, 324.968, 324.968, 324.968, 324.968, 324.968, 324.968, 324.968, 324.968, 324.968, 324.968, 324.968, 324.968, 324.968, 324.968, 324.968, 324.968, 324.968, 324.968, 324.968, 324.968, 324.968, 324.968, 324.968, 324.968, 324.968, 324.968, 324.968, 324.968, 324.963, 300, 
324.994, 324.994, 324.994, 324.994, 324.994, 324.994, 324.994, 324.994, 324.994, 324.994, 324.994, 324.994, 324.994, 324.994, 324.994, 324.994, 324.994, 324.994, 324.994, 324.994, 324.994, 324.994, 324.994, 324.994, 324.994, 324.994, 324.994, 324.994, 324.994, 324.994, 324.994, 324.994, 324.994, 324.994, 324.994, 324.994, 324.994, 324.994, 324.994, 324.994, 324.994, 324.994, 324.994, 324.994, 324.994, 324.994, 324.994, 324.994, 324.994, 324.994, 324.994, 324.994, 324.994, 324.994, 324.994, 324.994, 324.994, 324.994, 324.994, 324.994, 324.994, 324.994, 324.994, 324.994, 324.994, 324.994, 324.994, 324.994, 324.994, 324.994, 324.994, 324.994, 324.994, 324.994, 324.994, 324.994, 324.994, 324.994, 324.994, 324.994, 324.994, 324.994, 324.994, 324.994, 324.994, 324.994, 324.994, 324.994, 324.994, 324.994, 324.994, 324.994, 324.994, 324.994, 324.994, 324.994, 324.994, 324.994, 324.989, 300, 
325.019, 325.019, 325.019, 325.019, 325.019, 325.019, 325.019, 325.019, 325.019, 325.019, 325.019, 325.019, 325.019, 325.019, 325.019, 325.019, 325.019, 325.019, 325.019, 325.019, 325.019, 325.019, 325.019, 325.019, 325.019, 325.019, 325.019, 325.019, 325.019, 325.019, 325.019, 325.019, 325.019, 325.019, 325.019, 325.019, 325.019, 325.019, 325.019, 325.019, 325.019, 325.019, 325.019, 325.019, 325.019, 325.019, 325.019, 325.019, 325.019, 325.019, 325.019, 325.019, 325.019, 325.019, 325.019, 325.019, 325.019, 325.019, 325.019, 325.019, 325.019, 325.019, 325.019, 325.019, 325.019, 325.019, 325.019, 325.019, 325.019, 325.019, 325.019, 325.019, 325.019, 325.019, 325.019, 325.019, 325.019, 325.019, 325.019, 325.019, 325.019, 325.019, 325.019, 325.019, 325.019, 325.019, 325.019, 325.019, 325.019, 325.019, 325.019, 325.019, 325.019, 325.019, 325.019, 325.019, 325.019, 325.019, 325.014, 300, 
325.045, 325.045, 325.045, 325.045, 325.045, 325.045, 325.045, 325.045, 325.045, 325.045, 325.045, 325.045, 325.045, 325.045, 325.045, 325.045, 325.045, 325.045, 325.045, 325.045, 325.045, 325.045, 325.045, 325.045, 325.045, 325.045, 325.045, 325.045, 325.045, 325.045, 325.045, 325.045, 325.045, 325.045, 325.045, 325.045, 325.045, 325.045, 325.045, 325.045, 325.045, 325.045, 325.045, 325.045, 325.045, 325.045, 325.045, 325.045, 325.045, 325.045, 325.045, 325.045, 325.045, 325.045, 325.045, 325.045, 325.045, 325.045, 325.045, 325.045, 325.045, 325.045, 325.045, 325.045, 325.045, 325.045, 325.045, 325.045, 325.045, 325.045, 325.045, 325.045, 325.045, 325.045, 325.045, 325.045, 325.045, 325.045, 325.045, 325.045, 325.045, 325.045, 325.045, 325.045, 325.045, 325.045, 325.045, 325.045, 325.045, 325.045, 325.045, 325.045, 325.045, 325.045, 325.045, 325.045, 325.045, 325.045, 325.04, 300, 
325.07, 325.07, 325.07, 325.07, 325.07, 325.07, 325.07, 325.07, 325.07, 325.07, 325.07, 325.07, 325.07, 325.07, 325.07, 325.07, 325.07, 325.07, 325.07, 325.07, 325.07, 325.07, 325.07, 325.07, 325.07, 325.07, 325.07, 325.07, 325.07, 325.07, 325.07, 325.07, 325.07, 325.07, 325.07, 325.07, 325.07, 325.07, 325.07, 325.07, 325.07, 325.07, 325.07, 325.07, 325.07, 325.07, 325.07, 325.07, 325.07, 325.07, 325.07, 325.07, 325.07, 325.07, 325.07, 325.07, 325.07, 325.07, 325.07, 325.07, 325.07, 325.07, 325.07, 325.07, 325.07, 325.07, 325.07, 325.07, 325.07, 325.07, 325.07, 325.07, 325.07, 325.07, 325.07, 325.07, 325.07, 325.07, 325.07, 325.07, 325.07, 325.07, 325.07, 325.07, 325.07, 325.07, 325.07, 325.07, 325.07, 325.07, 325.07, 325.07, 325.07, 325.07, 325.07, 325.07, 325.07, 325.07, 325.065, 300, 
325.096, 325.096, 325.096, 325.096, 325.096, 325.096, 325.096, 325.096, 325.096, 325.096, 325.096, 325.096, 325.096, 325.096, 325.096, 325.096, 325.096, 325.096, 325.096, 325.096, 325.096, 325.096, 325.096, 325.096, 325.096, 325.096, 325.096, 325.096, 325.096, 325.096, 325.096, 325.096, 325.096, 325.096, 325.096, 325.096, 325.096, 325.096, 325.096, 325.096, 325.096, 325.096, 325.096, 325.096, 325.096, 325.096, 325.096, 325.096, 325.096, 325.096, 325.096, 325.096, 325.096, 325.096, 325.096, 325.096, 325.096, 325.096, 325.096, 325.096, 325.096, 325.096, 325.096, 325.096, 325.096, 325.096, 325.096, 325.096, 325.096, 325.096, 325.096, 325.096, 325.096, 325.096, 325.096, 325.096, 325.096, 325.096, 325.096, 325.096, 325.096, 325.096, 325.096, 325.096, 325.096, 325.096, 325.096, 325.096, 325.096, 325.096, 325.096, 325.096, 325.096, 325.096, 325.096, 325.096, 325.096, 325.096, 325.091, 300, 
325.121, 325.121, 325.121, 325.121, 325.121, 325.121, 325.121, 325.121, 325.121, 325.121, 325.121, 325.121, 325.121, 325.121, 325.121, 325.121, 325.121, 325.121, 325.121, 325.121, 325.121, 325.121, 325.121, 325.121, 325.121, 325.121, 325.121, 325.121, 325.121, 325.121, 325.121, 325.121, 325.121, 325.121, 325.121, 325.121, 325.121, 325.121, 325.121, 325.121, 325.121, 325.121, 325.121, 325.121, 325.121, 325.121, 325.121, 325.121, 325.121, 325.121, 325.121, 325.121, 325.121, 325.121, 325.121, 325.121, 325.121, 325.121, 325.121, 325.121, 325.121, 325.121, 325.121, 325.121, 325.121, 325.121, 325.121, 325.121, 325.121, 325.121, 325.121, 325.121, 325.121, 325.121, 325.121, 325.121, 325.121, 325.121, 325.121, 325.121, 325.121, 325.121, 325.121, 325.121, 325.121, 325.121, 325.121, 325.121, 325.121, 325.121, 325.121, 325.121, 325.121, 325.121, 325.121, 325.121, 325.121, 325.121, 325.116, 300, 
325.146, 325.146, 325.146, 325.146, 325.146, 325.146, 325.146, 325.146, 325.146, 325.146, 325.146, 325.146, 325.146, 325.146, 325.146, 325.146, 325.146, 325.146, 325.146, 325.146, 325.146, 325.146, 325.146, 325.146, 325.146, 325.146, 325.146, 325.146, 325.146, 325.146, 325.146, 325.146, 325.146, 325.146, 325.146, 325.146, 325.146, 325.146, 325.146, 325.146, 325.146, 325.146, 325.146, 325.146, 325.146, 325.146, 325.146, 325.146, 325.146, 325.146, 325.146, 325.146, 325.146, 325.146, 325.146, 325.146, 325.146, 325.146, 325.146, 325.146, 325.146, 325.146, 325.146, 325.146, 325.146, 325.146, 325.146, 325.146, 325.146, 325.146, 325.146, 325.146, 325.146, 325.146, 325.146, 325.146, 325.146, 325.146, 325.146, 325.146, 325.146, 325.146, 325.146, 325.146, 325.146, 325.146, 325.146, 325.146, 325.146, 325.146, 325.147, 325.147, 325.147, 325.147, 325.147, 325.147, 325.147, 325.147, 325.141, 300, 
325.172, 325.172, 325.172, 325.172, 325.172, 325.172, 325.172, 325.172, 325.172, 325.172, 325.172, 325.172, 325.172, 325.172, 325.172, 325.172, 325.172, 325.172, 325.172, 325.172, 325.172, 325.172, 325.172, 325.172, 325.172, 325.172, 325.172, 325.172, 325.172, 325.172, 325.172, 325.172, 325.172, 325.172, 325.172, 325.172, 325.172, 325.172, 325.172, 325.172, 325.172, 325.172, 325.172, 325.172, 325.172, 325.172, 325.172, 325.172, 325.172, 325.172, 325.172, 325.172, 325.172, 325.172, 325.172, 325.172, 325.172, 325.172, 325.172, 325.172, 325.172, 325.172, 325.172, 325.172, 325.172, 325.172, 325.172, 325.172, 325.172, 325.172, 325.172, 325.172, 325.172, 325.172, 325.172, 325.172, 325.172, 325.172, 325.172, 325.172, 325.172, 325.172, 325.172, 325.172, 325.172, 325.172, 325.172, 325.172, 325.172, 325.172, 325.172, 325.172, 325.172, 325.172, 325.172, 325.172, 325.172, 325.172, 325.167, 300, 
325.197, 325.197, 325.197, 325.197, 325.197, 325.197, 325.197, 325.197, 325.197, 325.197, 325.197, 325.197, 325.197, 325.197, 325.197, 325.197, 325.197, 325.197, 325.197, 325.197, 325.197, 325.197, 325.197, 325.197, 325.197, 325.197, 325.197, 325.197, 325.197, 325.197, 325.197, 325.197, 325.197, 325.197, 325.197, 325.197, 325.197, 325.197, 325.197, 325.197, 325.197, 325.197, 325.197, 325.197, 325.197, 325.197, 325.197, 325.197, 325.197, 325.197, 325.197, 325.197, 325.197, 325.197, 325.197, 325.197, 325.197, 325.197, 325.197, 325.197, 325.197, 325.197, 325.197, 325.197, 325.197, 325.197, 325.197, 325.197, 325.197, 325.197, 325.197, 325.197, 325.197, 325.197, 325.197, 325.197, 325.197, 325.197, 325.197, 325.197, 325.197, 325.197, 325.197, 325.197, 325.197, 325.197, 325.197, 325.197, 325.197, 325.197, 325.197, 325.197, 325.197, 325.197, 325.197, 325.197, 325.197, 325.197, 325.192, 300, 
325.223, 325.223, 325.223, 325.223, 325.223, 325.223, 325.223, 325.223, 325.223, 325.223, 325.223, 325.223, 325.223, 325.223, 325.223, 325.223, 325.223, 325.223, 325.223, 325.223, 325.223, 325.223, 325.223, 325.223, 325.223, 325.223, 325.223, 325.223, 325.223, 325.223, 325.223, 325.223, 325.223, 325.223, 325.223, 325.223, 325.223, 325.223, 325.223, 325.223, 325.223, 325.223, 325.223, 325.223, 325.223, 325.223, 325.223, 325.223, 325.223, 325.223, 325.223, 325.223, 325.223, 325.223, 325.223, 325.223, 325.223, 325.223, 325.223, 325.223, 325.223, 325.223, 325.223, 325.223, 325.223, 325.223, 325.223, 325.223, 325.223, 325.223, 325.223, 325.223, 325.223, 325.223, 325.223, 325.223, 325.223, 325.223, 325.223, 325.223, 325.223, 325.223, 325.223, 325.223, 325.223, 325.223, 325.223, 325.223, 325.223, 325.223, 325.223, 325.223, 325.223, 325.223, 325.223, 325.223, 325.223, 325.223, 325.218, 300, 
325.248, 325.248, 325.248, 325.248, 325.248, 325.248, 325.248, 325.248, 325.248, 325.248, 325.248, 325.248, 325.248, 325.248, 325.248, 325.248, 325.248, 325.248, 325.248, 325.248, 325.248, 325.248, 325.248, 325.248, 325.248, 325.248, 325.248, 325.248, 325.248, 325.248, 325.248, 325.248, 325.248, 325.248, 325.248, 325.248, 325.248, 325.248, 325.248, 325.248, 325.248, 325.248, 325.248, 325.248, 325.248, 325.248, 325.248, 325.248, 325.248, 325.248, 325.248, 325.248, 325.248, 325.248, 325.248, 325.248, 325.248, 325.248, 325.248, 325.248, 325.248, 325.248, 325.248, 325.248, 325.248, 325.248, 325.248, 325.248, 325.248, 325.248, 325.248, 325.248, 325.248, 325.248, 325.248, 325.248, 325.248, 325.248, 325.248, 325.248, 325.248, 325.248, 325.248, 325.248, 325.248, 325.248, 325.248, 325.248, 325.248, 325.248, 325.248, 325.248, 325.248, 325.248, 325.248, 325.248, 325.248, 325.248, 325.243, 300, 
325.274, 325.274, 325.274, 325.274, 325.274, 325.274, 325.274, 325.274, 325.274, 325.274, 325.274, 325.274, 325.274, 325.274, 325.274, 325.274, 325.274, 325.274, 325.274, 325.274, 325.274, 325.274, 325.274, 325.274, 325.274, 325.274, 325.274, 325.274, 325.274, 325.274, 325.274, 325.274, 325.274, 325.274, 325.274, 325.274, 325.274, 325.274, 325.274, 325.274, 325.274, 325.274, 325.274, 325.274, 325.274, 325.274, 325.274, 325.274, 325.274, 325.274, 325.274, 325.274, 325.274, 325.274, 325.274, 325.274, 325.274, 325.274, 325.274, 325.274, 325.274, 325.274, 325.274, 325.274, 325.274, 325.274, 325.274, 325.274, 325.274, 325.274, 325.274, 325.274, 325.274, 325.274, 325.274, 325.274, 325.274, 325.274, 325.274, 325.274, 325.274, 325.274, 325.274, 325.274, 325.274, 325.274, 325.274, 325.274, 325.274, 325.274, 325.274, 325.274, 325.274, 325.274, 325.274, 325.274, 325.274, 325.274, 325.269, 300, 
325.299, 325.299, 325.299, 325.299, 325.299, 325.299, 325.299, 325.299, 325.299, 325.299, 325.299, 325.299, 325.299, 325.299, 325.299, 325.299, 325.299, 325.299, 325.299, 325.299, 325.299, 325.299, 325.299, 325.299, 325.299, 325.299, 325.299, 325.299, 325.299, 325.299, 325.299, 325.299, 325.299, 325.299, 325.299, 325.299, 325.299, 325.299, 325.299, 325.299, 325.299, 325.299, 325.299, 325.299, 325.299, 325.299, 325.299, 325.299, 325.299, 325.299, 325.299, 325.299, 325.299, 325.299, 325.299, 325.299, 325.299, 325.299, 325.299, 325.299, 325.299, 325.299, 325.299, 325.299, 325.299, 325.299, 325.299, 325.299, 325.299, 325.299, 325.299, 325.299, 325.299, 325.299, 325.299, 325.299, 325.299, 325.299, 325.299, 325.299, 325.299, 325.299, 325.299, 325.299, 325.299, 325.299, 325.299, 325.299, 325.299, 325.299, 325.299, 325.299, 325.299, 325.299, 325.299, 325.299, 325.299, 325.299, 325.294, 300, 
325.325, 325.325, 325.325, 325.325, 325.325, 325.325, 325.325, 325.325, 325.325, 325.325, 325.325, 325.325, 325.325, 325.325, 325.325, 325.325, 325.325, 325.325, 325.325, 325.325, 325.325, 325.325, 325.325, 325.325, 325.325, 325.325, 325.325, 325.325, 325.325, 325.325, 325.325, 325.325, 325.325, 325.325, 325.325, 325.325, 325.325, 325.325, 325.325, 325.325, 325.325, 325.325, 325.325, 325.325, 325.325, 325.325, 325.325, 325.325, 325.325, 325.325, 325.325, 325.325, 325.325, 325.325, 325.325, 325.325, 325.325, 325.325, 325.325, 325.325, 325.325, 325.325, 325.325, 325.325, 325.325, 325.325, 325.325, 325.325, 325.325, 325.325, 325.325, 325.325, 325.325, 325.325, 325.325, 325.325, 325.325, 325.325, 325.325, 325.325, 325.325, 325.325, 325.325, 325.325, 325.325, 325.325, 325.325, 325.325, 325.325, 325.325, 325.325, 325.325, 325.325, 325.325, 325.325, 325.325, 325.325, 325.325, 325.32, 300, 
325.35, 325.35, 325.35, 325.35, 325.35, 325.35, 325.35, 325.35, 325.35, 325.35, 325.35, 325.35, 325.35, 325.35, 325.35, 325.35, 325.35, 325.35, 325.35, 325.35, 325.35, 325.35, 325.35, 325.35, 325.35, 325.35, 325.35, 325.35, 325.35, 325.35, 325.35, 325.35, 325.35, 325.35, 325.35, 325.35, 325.35, 325.35, 325.35, 325.35, 325.35, 325.35, 325.35, 325.35, 325.35, 325.35, 325.35, 325.35, 325.35, 325.35, 325.35, 325.35, 325.35, 325.35, 325.35, 325.35, 325.35, 325.35, 325.35, 325.35, 325.35, 325.35, 325.35, 325.35, 325.35, 325.35, 325.35, 325.35, 325.35, 325.35, 325.35, 325.35, 325.35, 325.35, 325.35, 325.35, 325.35, 325.35, 325.35, 325.35, 325.35, 325.35, 325.35, 325.35, 325.35, 325.35, 325.35, 325.35, 325.35, 325.35, 325.35, 325.35, 325.35, 325.35, 325.35, 325.35, 325.35, 325.35, 325.345, 300, 
325.376, 325.376, 325.376, 325.376, 325.376, 325.376, 325.376, 325.376, 325.376, 325.376, 325.376, 325.376, 325.376, 325.376, 325.376, 325.376, 325.376, 325.376, 325.376, 325.376, 325.376, 325.376, 325.376, 325.376, 325.376, 325.376, 325.376, 325.376, 325.376, 325.376, 325.376, 325.376, 325.376, 325.376, 325.376, 325.376, 325.376, 325.376, 325.376, 325.376, 325.376, 325.376, 325.376, 325.376, 325.376, 325.376, 325.376, 325.376, 325.376, 325.376, 325.376, 325.376, 325.376, 325.376, 325.376, 325.376, 325.376, 325.376, 325.376, 325.376, 325.376, 325.376, 325.376, 325.376, 325.376, 325.376, 325.376, 325.376, 325.376, 325.376, 325.376, 325.376, 325.376, 325.376, 325.376, 325.376, 325.376, 325.376, 325.376, 325.376, 325.376, 325.376, 325.376, 325.376, 325.376, 325.376, 325.376, 325.376, 325.376, 325.376, 325.376, 325.376, 325.376, 325.376, 325.376, 325.376, 325.376, 325.376, 325.37, 300, 
325.401, 325.401, 325.401, 325.401, 325.401, 325.401, 325.401, 325.401, 325.401, 325.401, 325.401, 325.401, 325.401, 325.401, 325.401, 325.401, 325.401, 325.401, 325.401, 325.401, 325.401, 325.401, 325.401, 325.401, 325.401, 325.401, 325.401, 325.401, 325.401, 325.401, 325.401, 325.401, 325.401, 325.401, 325.401, 325.401, 325.401, 325.401, 325.401, 325.401, 325.401, 325.401, 325.401, 325.401, 325.401, 325.401, 325.401, 325.401, 325.401, 325.401, 325.401, 325.401, 325.401, 325.401, 325.401, 325.401, 325.401, 325.401, 325.401, 325.401, 325.401, 325.401, 325.401, 325.401, 325.401, 325.401, 325.401, 325.401, 325.401, 325.401, 325.401, 325.401, 325.401, 325.401, 325.401, 325.401, 325.401, 325.401, 325.401, 325.401, 325.401, 325.401, 325.401, 325.401, 325.401, 325.401, 325.401, 325.401, 325.401, 325.401, 325.401, 325.401, 325.401, 325.401, 325.401, 325.401, 325.401, 325.401, 325.396, 300, 
325.427, 325.427, 325.427, 325.427, 325.427, 325.427, 325.427, 325.427, 325.427, 325.427, 325.427, 325.427, 325.427, 325.427, 325.427, 325.427, 325.427, 325.427, 325.427, 325.427, 325.427, 325.427, 325.427, 325.427, 325.427, 325.427, 325.427, 325.427, 325.427, 325.427, 325.427, 325.427, 325.427, 325.427, 325.427, 325.427, 325.427, 325.427, 325.427, 325.427, 325.427, 325.427, 325.427, 325.427, 325.427, 325.427, 325.427, 325.427, 325.427, 325.427, 325.427, 325.427, 325.427, 325.427, 325.427, 325.427, 325.427, 325.427, 325.427, 325.427, 325.427, 325.427, 325.427, 325.427, 325.427, 325.427, 325.427, 325.427, 325.427, 325.427, 325.427, 325.427, 325.427, 325.427, 325.427, 325.427, 325.427, 325.427, 325.427, 325.427, 325.427, 325.427, 325.427, 325.427, 325.427, 325.427, 325.427, 325.427, 325.427, 325.427, 325.427, 325.427, 325.427, 325.427, 325.427, 325.427, 325.427, 325.427, 325.421, 300, 
325.452, 325.452, 325.452, 325.452, 325.452, 325.452, 325.452, 325.452, 325.452, 325.452, 325.452, 325.452, 325.452, 325.452, 325.452, 325.452, 325.452, 325.452, 325.452, 325.452, 325.452, 325.452, 325.452, 325.452, 325.452, 325.452, 325.452, 325.452, 325.452, 325.452, 325.452, 325.452, 325.452, 325.452, 325.452, 325.452, 325.452, 325.452, 325.452, 325.452, 325.452, 325.452, 325.452, 325.452, 325.452, 325.452, 325.452, 325.452, 325.452, 325.452, 325.452, 325.452, 325.452, 325.452, 325.452, 325.452, 325.452, 325.452, 325.452, 325.452, 325.452, 325.452, 325.452, 325.452, 325.452, 325.452, 325.452, 325.452, 325.452, 325.452, 325.452, 325.452, 325.452, 325.452, 325.452, 325.452, 325.452, 325.452, 325.452, 325.452, 325.452, 325.452, 325.452, 325.452, 325.452, 325.452, 325.452, 325.452, 325.452, 325.452, 325.452, 325.452, 325.452, 325.452, 325.452, 325.452, 325.452, 325.452, 325.447, 300, 
